id,log10beta_SAEM,log10pi_SAEM,log10rho_SAEM,log10phi_SAEM,delta_SAEM,m_SAEM,tau_SAEM,tzero_SAEM,Vzero_SAEM,IC50_SAEM,log10beta_mean,log10pi_mean,log10rho_mean,log10phi_mean,delta_mean,m_mean,tau_mean,tzero_mean,Vzero_mean,IC50_mean,log10beta_mode,log10pi_mode,log10rho_mode,log10phi_mode,delta_mode,m_mode,tau_mode,tzero_mode,Vzero_mode,IC50_mode,log10beta_sd,log10pi_sd,log10rho_sd,log10phi_sd,delta_sd,m_sd,tau_sd,tzero_sd,Vzero_sd,IC50_sd,Study,cat_AgeGroup,cat_LineageBroad,cat_VaccStatus,cat_VaccStatus_0,treatment_cov,tStudy,tTreatment_cov
460_2,-6.7437,2.34592,-3.44226,-4.83929,1.33285,1.88693,9.98917,1.40327,97,0.256969,-6.75162,2.25645,-3.37156,-4.98697,1.20356,2.56311,8.78059,1.44002,97,0.254584,-6.73563,2.39318,-3.45899,-4.10446,1.02191,2.26669,7.56212,1.41863,97,0.132941,0.147201,0.187829,0.296374,0.967102,0.623482,2.05158,5.72495,0.0944224,0,0.492733,NBA,1,Omicron,3,Boosted,0,G_NBA,G_0
407_1,-6.60445,2.30467,-3.51187,-5.26836,0.680467,3.5824,7.32577,1.40844,97,0.218206,-6.64782,2.35972,-3.45608,-5.22063,0.663758,3.87216,7.06619,1.43744,97,0.188511,-6.65101,2.34194,-3.44683,-4.98319,0.604059,3.38095,7.00366,1.42585,97,0.136067,0.17375,0.221905,0.259854,0.781323,0.233785,2.15133,0.637689,0.0982021,0,0.185396,NBA,3,Omicron,3,Boosted,0,G_NBA,G_0
1053_1,-6.72984,2.2336,-3.38088,-6.28997,0.815519,2.71376,14.7125,1.37883,97,0.275964,-6.69314,2.181,-3.39063,-6.33536,0.77206,2.41848,13.843,1.4123,97,0.312475,-6.73562,2.24405,-3.38667,-5.95812,0.77274,2.22482,10.6571,1.39206,97,0.152977,0.160061,0.19542,0.266799,0.670519,0.173129,1.5087,5.40341,0.0951276,0,0.398364,NBA,1,Omicron,2,Second dose,0,G_NBA,G_0
2969_1,-6.75098,2.23133,-3.48734,-4.24998,0.816656,2.59229,7.63869,1.39673,97,0.224704,-6.72657,2.09148,-3.52723,-4.30392,0.574448,3.23028,6.16768,1.44783,97,0.248627,-6.74613,2.19378,-3.45611,-3.96007,0.496141,3.05106,6.18204,1.41189,97,0.146012,0.188155,0.207759,0.271717,0.540763,0.282921,1.6296,1.54099,0.0851573,0,0.305938,NBA,2,Omicron,2,Second dose,0,G_NBA,G_0
352_1,-6.76261,1.78133,-3.36731,-6.32569,0.844859,2.63253,7.95028,1.42854,97,0.322835,-6.93551,1.99037,-3.42892,-5.91405,0.924894,2.42814,8.68097,1.40166,97,0.285022,-6.85992,1.85837,-3.42263,-5.78756,0.771347,2.50747,8.00216,1.41437,97,0.164377,0.215322,0.24949,0.269712,0.69106,0.532065,1.16865,3.17601,0.0987085,0,0.358455,NBA,2,Omicron,2,Second dose,0,G_NBA,G_0
2558_2,-6.59581,2.57221,-3.50398,-5.23343,1.24465,3.02844,5.35849,1.45943,97,0.170699,-6.64004,2.64976,-3.47387,-5.60932,1.57378,2.68105,7.1347,1.4294,97,0.228603,-6.62578,2.58725,-3.49081,-5.46602,1.51383,2.5181,4.38972,1.42847,97,0.146583,0.167703,0.179521,0.292153,0.879213,0.547366,1.24137,4.81924,0.108106,0,0.199358,NBA,1,Omicron,2,Second dose,0,G_NBA,G_0
960_1,-6.67068,2.56842,-3.36093,-5.85058,1.13237,2.05349,14.914,1.38388,97,0.240825,-6.64279,2.52076,-3.38884,-5.89814,1.11783,2.27551,15.0788,1.42596,97,0.303722,-6.69224,2.41117,-3.41251,-5.86639,1.12607,2.09576,11.0108,1.41184,97,0.189299,0.174618,0.205091,0.25797,0.644874,0.161231,1.30108,6.03502,0.0919744,0,0.549877,NBA,1,Delta,2,Second dose,0,G_NBA,G_0
2299_1,-6.83145,1.975,-3.39031,-4.11221,0.362464,2.4706,15.9756,1.41612,97,0.287802,-6.80904,1.97993,-3.35682,-4.09834,0.369495,2.26267,16.1998,1.42914,97,0.277345,-6.79822,1.97722,-3.37809,-4.06383,0.337142,2.17684,11.5303,1.41031,97,0.150253,0.186784,0.20533,0.25852,0.447695,0.138166,1.2772,4.33345,0.0944923,0,0.328403,NBA,2,Omicron,3,Boosted,0,G_NBA,G_0
1956_1,-6.71532,2.33714,-3.46496,-3.28946,0.629702,2.38869,12.0133,1.39984,97,0.236827,-6.74224,2.31838,-3.356,-3.48613,0.674519,2.27331,12.6363,1.40807,97,0.222464,-6.75389,2.3062,-3.40899,-3.46495,0.63757,2.25222,10.3513,1.40372,97,0.145639,0.16358,0.215291,0.307979,0.789104,0.301159,1.20631,4.66724,0.0901217,0,0.275356,NBA,2,Omicron,2,Second dose,0,G_NBA,G_0
30_2,-6.69054,2.34447,-3.51452,-4.73959,1.40573,3.04207,6.01229,1.417,97,0.234171,-6.68248,2.38826,-3.51208,-4.6447,1.30705,3.19404,6.02672,1.44683,97,0.374542,-6.72039,2.33941,-3.51581,-4.46195,0.930197,3.10201,3.29397,1.42823,97,0.199622,0.178219,0.274635,0.29385,1.25122,1.06648,1.40096,5.63065,0.103181,0,0.642415,NBA,1,Omicron,2,Second dose,0,G_NBA,G_0
398_2,-6.59046,2.53619,-3.40138,-4.99052,0.907318,2.61285,8.49592,1.4296,97,0.228549,-6.57761,2.44731,-3.46857,-5.34256,0.966555,2.38218,8.14886,1.42577,97,0.238582,-6.63162,2.49164,-3.43809,-4.94919,0.908556,2.23692,7.46451,1.42782,97,0.150185,0.139501,0.203057,0.274339,0.85853,0.312119,1.09913,3.91473,0.102354,0,0.246667,NBA,1,Omicron,3,Boosted,0,G_NBA,G_0
2618_1,-6.78263,2.03159,-3.39327,-6.02016,0.789659,2.77466,7.58189,1.43936,97,0.290081,-6.79731,2.10455,-3.44266,-5.83612,0.807826,3.14788,7.97111,1.4405,97,0.301987,-6.79176,2.00192,-3.42717,-5.75577,0.705921,2.89508,7.83962,1.44685,97,0.166028,0.164184,0.183659,0.248341,0.960399,0.419537,1.67192,1.4645,0.101213,0,0.353359,NBA,2,Delta,2,Second dose,0,G_NBA,G_0
951_1,-6.67903,2.10953,-3.35278,-5.37527,0.392614,2.84148,16.5642,1.3896,97,0.27439,-6.64314,2.03841,-3.32993,-5.52,0.416897,2.13894,15.6348,1.4055,97,0.257003,-6.6992,2.09917,-3.3908,-5.20645,0.364516,2.08256,11.1266,1.41011,97,0.122121,0.154002,0.181564,0.315844,0.699386,0.141883,1.14289,6.4193,0.100324,0,0.31761,NBA,2,Omicron,3,Boosted,0,G_NBA,G_0
1058_1,-6.78518,1.99224,-3.415,-5.4923,0.587988,2.21474,16.0261,1.3907,97,0.224623,-6.82754,2.01728,-3.31996,-5.27021,0.541359,2.53738,16.1684,1.40025,97,0.31779,-6.7852,1.9726,-3.39727,-5.20211,0.504679,2.10425,10.18,1.40187,97,0.168401,0.188291,0.19181,0.257324,0.488046,0.161151,2.13883,7.33229,0.102549,0,0.392609,NBA,3,Omicron,3,Boosted,0,G_NBA,G_0
2872_1,-6.69611,2.36169,-3.37756,-4.85192,0.578507,2.19473,9.56271,1.41201,97,0.25404,-6.62662,2.26383,-3.35332,-4.86825,0.541587,2.38322,9.13094,1.43428,97,0.242929,-6.6562,2.28155,-3.41742,-4.74076,0.487385,2.25624,8.14849,1.4216,97,0.159843,0.169074,0.210752,0.250285,0.715984,0.233915,1.29022,2.30796,0.108428,0,0.289249,NBA,3,Omicron,3,Boosted,0,G_NBA,G_0
1335_1,-6.65445,2.36405,-3.40614,-5.38485,1.42321,2.4253,12.3823,1.38827,97,0.208711,-6.69829,2.37378,-3.44931,-5.1696,1.32932,2.63745,10.7719,1.39635,97,0.284402,-6.70946,2.41195,-3.43432,-4.85567,1.28975,2.36738,7.59428,1.40409,97,0.157563,0.162837,0.196058,0.258633,1.10452,0.38468,1.47642,5.72708,0.0939289,0,0.31997,NBA,2,Omicron,2,Second dose,0,G_NBA,G_0
2634_1,-6.78302,1.85255,-3.35717,-6.76886,0.848738,2.18344,9.61295,1.4136,97,0.500726,-6.74376,1.82005,-3.364,-6.7137,0.914107,2.01935,9.34447,1.4288,97,0.221128,-6.83953,1.90115,-3.43259,-6.38304,0.772239,2.07005,7.3338,1.42166,97,0.140712,0.18324,0.202549,0.296818,0.646377,0.514269,1.33498,5.80005,0.0911019,0,0.24223,NBA,1,Omicron,2,Second dose,0,G_NBA,G_0
828_2,-6.73377,2.18337,-3.45525,-3.79553,0.685337,3.01457,7.73141,1.40329,97,0.422909,-6.7446,2.17856,-3.47959,-4.00865,0.640167,2.92548,6.82981,1.39338,97,0.221669,-6.77129,2.18404,-3.45884,-3.7888,0.535417,2.87509,6.45844,1.40732,97,0.150736,0.145072,0.157699,0.283879,0.517422,0.30256,1.30454,2.72418,0.0967809,0,0.272325,NBA,1,Omicron,2,Second dose,0,G_NBA,G_0
427_1,-6.77,2.49386,-3.45317,-2.9694,0.76157,2.80007,7.51104,1.43927,97,0.299278,-6.64743,2.5094,-3.41411,-2.59444,0.586524,2.81512,5.94682,1.43574,97,0.290695,-6.74156,2.33353,-3.47895,-2.85309,0.489445,2.61716,5.03334,1.42054,97,0.148689,0.187632,0.281254,0.288718,0.571313,0.315754,1.12722,2.73739,0.116405,0,0.499118,NBA,2,Omicron,2,Second dose,0,G_NBA,G_0
1050_1,-6.68805,2.2614,-3.43,-5.24653,0.752743,2.26323,7.66004,1.39777,97,0.273983,-6.70721,2.2333,-3.45911,-5.6991,0.933391,2.15229,8.8985,1.42798,97,0.22827,-6.72281,2.24564,-3.42775,-5.39317,0.950515,2.65122,8.15402,1.42186,97,0.149977,0.174455,0.193915,0.301993,0.867765,0.326886,0.91467,3.94486,0.102645,0,0.258308,NBA,1,Delta,0,Unvaccinated,0,G_NBA,G_0
1050_2,-6.7161,2.16077,-3.49738,-5.3391,1.03107,3.10306,5.0947,1.41215,97,0.289441,-6.75865,2.19984,-3.4731,-5.50978,1.44331,2.88824,8.07425,1.4298,97,0.307163,-6.77203,2.2471,-3.46643,-5.04075,1.24802,2.91039,5.60045,1.4064,97,0.167733,0.161199,0.208469,0.242048,0.872306,0.777002,1.25086,5.68169,0.0953021,0,0.33533,NBA,1,Omicron,1,First dose,0,G_NBA,G_0
2678_1,-6.67137,2.12242,-3.38565,-4.90545,0.72407,2.25639,13.7923,1.4026,97,0.268005,-6.71396,2.16312,-3.35307,-4.60161,0.69081,2.12824,13.2125,1.41257,97,0.28879,-6.75068,2.18217,-3.40487,-4.36193,0.617962,1.9739,9.44254,1.40851,97,0.142414,0.168329,0.21167,0.280215,0.939402,0.306329,1.16401,5.04916,0.100286,0,0.523776,NBA,2,Omicron,3,Boosted,0,G_NBA,G_0
388_1,-6.59434,2.5402,-3.47388,-4.97746,0.863016,2.87768,8.02781,1.40194,97,0.302262,-6.62428,2.51893,-3.42666,-4.6155,0.804788,2.38415,8.02535,1.4312,97,0.234049,-6.63452,2.47018,-3.47588,-4.61608,0.734372,2.40592,7.24676,1.43064,97,0.142458,0.153393,0.20904,0.240065,0.859315,0.303793,0.958274,2.41804,0.11918,0,0.475482,NBA,3,Omicron,2,Second dose,0,G_NBA,G_0
871_1,-6.72145,2.00951,-3.46997,-6.18545,0.44707,2.10864,7.45041,1.41712,97,0.261149,-6.75196,2.04173,-3.40609,-6.25103,0.481806,2.23761,7.61424,1.44958,97,0.254423,-6.76058,2.01491,-3.43191,-6.16006,0.462815,2.26248,7.44629,1.42546,97,0.157379,0.15702,0.154115,0.310504,0.692606,0.195605,0.697375,1.14867,0.0966742,0,0.241271,NBA,2,Delta,2,Second dose,0,G_NBA,G_0
2889_1,-6.63927,2.29808,-3.32983,-4.87573,0.731793,2.18599,14.7739,1.38284,97,0.238665,-6.68014,2.35446,-3.3736,-4.74637,0.681756,2.48058,14.5229,1.40677,97,0.318737,-6.68758,2.30429,-3.40352,-4.69093,0.642987,2.11394,9.11635,1.4076,97,0.15439,0.177652,0.218812,0.298244,0.752165,0.226944,1.83203,6.61491,0.109891,0,0.456443,NBA,2,Omicron,3,Boosted,0,G_NBA,G_0
1993_1,-6.65113,2.40872,-3.2939,-4.23092,0.644071,2.82649,15.6103,1.39842,97,0.184097,-6.62401,2.42154,-3.29758,-3.97465,0.591559,2.39159,16.6331,1.40055,97,0.20288,-6.67471,2.38395,-3.36398,-4.04908,0.582189,2.24711,12.003,1.41546,97,0.145957,0.167922,0.230198,0.316289,0.548858,0.13786,1.37805,4.24269,0.103595,0,0.240138,NBA,3,Omicron,3,Boosted,0,G_NBA,G_0
51_1,-6.61988,2.4154,-3.36168,-3.81116,0.615551,2.18788,12.669,1.43812,97,0.229653,-6.65579,2.45314,-3.37841,-3.6845,0.566685,2.45827,14.1025,1.42518,97,0.323224,-6.67807,2.40885,-3.39664,-3.81012,0.598023,2.16086,10.3302,1.42733,97,0.141111,0.180629,0.205167,0.22924,0.51367,0.181197,1.50461,5.55058,0.0839119,0,0.48275,NBA,2,Omicron,3,Boosted,0,G_NBA,G_0
361_1,-6.65357,1.91093,-3.35752,-6.60615,0.61634,2.01619,14.0206,1.39093,97,0.294611,-6.75444,2.01621,-3.41945,-6.05256,0.510835,1.8496,10.5722,1.39285,97,0.249498,-6.76747,2.02094,-3.3986,-6.1334,0.581717,1.8357,10.0093,1.40353,97,0.159469,0.15773,0.179594,0.28555,0.572006,0.145019,0.895819,2.79567,0.0900703,0,0.28858,NBA,2,Omicron,3,Boosted,0,G_NBA,G_0
3070_2,-6.69091,2.24611,-3.53063,-5.34028,0.823871,2.06285,8.32591,1.41689,97,0.167711,-6.7455,2.28139,-3.41378,-5.22043,0.867023,2.28542,9.55189,1.41195,97,0.200295,-6.71932,2.24145,-3.42118,-4.98674,0.78679,2.10877,8.47301,1.42153,97,0.140458,0.14628,0.173984,0.265211,0.817956,0.345392,1.08634,3.5436,0.0847361,0,0.204448,NBA,1,Omicron,2,Second dose,0,G_NBA,G_0
2244_2,-6.67449,2.12059,-3.56247,-4.53497,0.640858,2.94888,4.83176,1.44592,97,0.315514,-6.73773,2.27484,-3.40326,-4.15863,0.556665,3.05222,4.8367,1.43151,97,0.278344,-6.71021,2.25528,-3.47187,-4.12714,0.50837,3.37569,4.99895,1.41865,97,0.154782,0.183071,0.234928,0.256715,0.780666,0.250117,0.973486,0.504898,0.0961947,0,0.475523,NBA,1,Omicron,2,Second dose,0,G_NBA,G_0
1029_1,-6.65576,2.82879,-3.43603,-4.41447,1.56909,2.24774,9.1226,1.42468,97,0.467861,-6.56284,2.69354,-3.47451,-4.25729,1.34823,2.67615,10.3771,1.45534,97,0.258944,-6.62887,2.68322,-3.41729,-4.47482,1.56915,2.0908,10.1189,1.43584,97,0.155242,0.15847,0.226996,0.252096,0.683735,0.378658,1.42922,5.4963,0.106538,0,0.418783,NBA,1,Omicron,3,Boosted,0,G_NBA,G_0
1603_1,-6.63624,2.24367,-3.29388,-5.2407,0.528465,2.13225,13.5506,1.4364,97,0.256785,-6.62221,2.255,-3.39338,-5.26077,0.529676,2.23906,14.9541,1.44002,97,0.205825,-6.6808,2.22495,-3.39791,-5.12266,0.503104,2.22158,10.353,1.41951,97,0.150113,0.169584,0.223274,0.241665,0.728594,0.165609,1.08897,7.77087,0.10307,0,0.261362,NBA,2,Omicron,3,Boosted,0,G_NBA,G_0
841_1,-6.60948,2.13694,-3.36662,-5.82842,0.60936,2.01313,15.0252,1.39637,97,0.172765,-6.60046,2.11284,-3.37265,-5.78073,0.564332,2.50502,14.2301,1.40165,97,0.306818,-6.69332,2.19944,-3.38763,-5.58981,0.600467,2.18874,10.5366,1.40238,97,0.12515,0.146457,0.163592,0.265965,0.695583,0.13942,1.58555,4.99351,0.0985535,0,0.423379,NBA,1,Omicron,3,Boosted,0,G_NBA,G_0
2459_1,-6.54928,2.56132,-3.29638,-5.26984,0.727552,1.99323,16.558,1.44512,97,0.299814,-6.55937,2.62447,-3.37519,-4.92465,0.710204,2.19286,14.9439,1.4499,97,0.29973,-6.58092,2.56734,-3.37218,-4.96281,0.726766,2.15376,11.6665,1.43613,97,0.145149,0.14382,0.193106,0.306828,0.652537,0.169364,1.23451,5.41538,0.099266,0,0.350033,NBA,2,Omicron,3,Boosted,0,G_NBA,G_0
1701_1,-6.69323,2.14779,-3.33592,-5.20393,0.931255,2.28878,10.9424,1.41268,97,0.201566,-6.68736,2.16494,-3.35492,-4.91168,0.786956,2.45382,10.2798,1.40584,97,0.239821,-6.76456,2.18622,-3.40455,-4.8173,0.811219,2.13492,9.9725,1.40509,97,0.164097,0.18222,0.202833,0.298133,0.759853,0.270636,1.50152,2.33303,0.0945923,0,0.304901,NBA,1,Omicron,3,Boosted,0,G_NBA,G_0
2508_1,-6.85116,2.02718,-3.42245,-4.95443,0.617728,1.84393,7.5559,1.44184,97,0.217677,-6.75952,2.05208,-3.44738,-4.95445,0.734234,2.12355,7.81607,1.39774,97,0.319014,-6.8274,1.9408,-3.43506,-5.04844,0.577564,1.86786,7.32594,1.43281,97,0.166541,0.200478,0.266157,0.231075,1.15229,0.617462,1.00809,3.86849,0.103734,0,0.432082,NBA,2,Omicron,2,Second dose,0,G_NBA,G_0
2817_2,-6.84692,1.94898,-3.31196,-4.45663,0.390508,2.16693,16.0103,1.40755,97,0.20339,-6.8437,1.94576,-3.34934,-4.666,0.454395,2.42037,13.9613,1.40654,97,0.225125,-6.82403,1.91418,-3.39704,-4.57262,0.414882,2.13459,10.2381,1.41515,97,0.155852,0.144514,0.159968,0.292067,0.511848,0.159199,1.34418,5.4567,0.099068,0,0.261247,NBA,1,Omicron,3,Boosted,0,G_NBA,G_0
392_1,-6.86878,1.90733,-3.38902,-4.87489,0.445079,2.40806,13.3665,1.40774,97,0.251107,-6.83373,1.69948,-3.38997,-5.78691,0.766529,2.25935,12.2713,1.42668,97,0.239314,-6.94275,1.66327,-3.40776,-5.4666,0.567109,2.1398,10.3214,1.4392,97,0.154701,0.14556,0.214663,0.263682,1.1522,0.667734,0.956148,5.6617,0.0840388,0,0.234597,NBA,3,Omicron,3,Boosted,0,G_NBA,G_0
76_1,-6.74483,2.30924,-3.40686,-6.06837,1.09962,2.72921,9.29749,1.42754,97,0.358006,-6.70434,2.28668,-3.43392,-6.18673,1.16272,2.85622,10.0905,1.42102,97,0.277433,-6.7163,2.25879,-3.41491,-5.94146,1.14296,2.61915,8.69349,1.41323,97,0.166172,0.158616,0.1731,0.246014,0.692266,0.234102,1.54425,3.61081,0.080718,0,0.313402,NBA,1,Omicron,2,Second dose,0,G_NBA,G_0
1688_1,-6.74662,2.11765,-3.40434,-5.62232,0.813321,2.32428,12.6217,1.42954,97,0.215096,-6.70685,2.10134,-3.41243,-5.36644,0.707278,2.58644,11.3906,1.41017,97,0.279039,-6.7215,2.19401,-3.39758,-4.85812,0.598365,2.1343,10.2281,1.41558,97,0.155376,0.180473,0.213428,0.276089,1.07008,0.378861,1.57523,4.9507,0.0816915,0,0.291341,NBA,3,Omicron,3,Boosted,0,G_NBA,G_0
628_1,-6.60467,2.43667,-3.33029,-4.66984,0.580666,2.36637,14.3762,1.44039,97,0.190847,-6.5973,2.48921,-3.36614,-4.67475,0.549441,1.96611,13.2681,1.41719,97,0.306552,-6.62899,2.4183,-3.39304,-4.98473,0.678838,2.23494,10.7356,1.42892,97,0.154189,0.156657,0.254862,0.292559,1.13067,0.188302,1.03791,4.4028,0.103729,0,0.550853,NBA,3,Omicron,3,Boosted,0,G_NBA,G_0
1905_1,-6.72976,1.96689,-3.45156,-6.28197,1.00925,2.15043,7.29224,1.41352,97,0.281007,-6.72196,1.97253,-3.47691,-6.6121,1.11774,2.02055,8.04149,1.42026,97,0.216753,-6.81477,2.05819,-3.43458,-5.70341,1.03238,2.26174,7.89874,1.40498,97,0.159206,0.180564,0.195902,0.261078,0.816327,0.417639,1.1207,3.92688,0.108893,0,0.221505,NBA,2,Delta,2,Second dose,0,G_NBA,G_0
650_2,-6.85172,1.71434,-3.39382,-6.66184,0.982129,3.49873,7.71678,1.44265,97,0.232273,-6.83461,1.70902,-3.41254,-6.6852,0.955953,2.91969,7.52912,1.42478,97,0.236043,-6.86569,1.70529,-3.42932,-6.54484,0.839457,2.96277,7.24809,1.43062,97,0.168125,0.117426,0.134835,0.257472,1.00976,0.463329,1.07735,0.61221,0.111802,0,0.26598,NBA,1,Omicron,2,Second dose,0,G_NBA,G_0
563_1,-6.62762,2.52759,-3.3196,-4.65455,0.785821,2.17904,13.751,1.41444,97,0.373904,-6.61926,2.53486,-3.37901,-4.70386,0.790435,2.73574,13.5498,1.40272,97,0.219486,-6.61603,2.5149,-3.43333,-4.4811,0.759907,2.42108,9.64135,1.4016,97,0.125194,0.169855,0.186969,0.289084,0.842146,0.224328,1.62966,6.72961,0.0814783,0,0.289446,NBA,2,Omicron,3,Boosted,0,G_NBA,G_0
2224_1,-6.58392,2.68152,-3.21108,-3.77666,1.11769,2.76465,17.405,1.46203,97,0.260171,-6.64138,2.75795,-3.20296,-3.59606,1.11079,2.85634,16.3519,1.46129,97,0.25846,-6.62158,2.77286,-3.13037,-3.65209,1.07877,2.4893,10.9724,1.45459,97,0.148603,0.188001,0.269384,0.30708,0.503139,0.272187,1.62944,5.74943,0.0818065,0,0.295122,NBA,1,Omicron,3,Boosted,0,G_NBA,G_0
1293_1,-6.74996,2.22285,-3.47397,-4.47974,0.545944,2.29837,9.84955,1.40953,97,0.399182,-6.65878,2.07946,-3.42298,-4.6275,0.514291,2.45829,9.13995,1.3907,97,0.230987,-6.7382,2.19309,-3.41396,-4.32359,0.515634,2.32372,9.44388,1.40461,97,0.143679,0.173497,0.211816,0.270468,0.811608,0.231734,1.1047,1.10104,0.080633,0,0.240057,NBA,2,Omicron,3,Boosted,0,G_NBA,G_0
571_1,-6.67903,2.33116,-3.34355,-5.64527,0.878323,2.14571,10.371,1.40561,97,0.343408,-6.6258,2.29272,-3.41456,-5.40832,0.814464,2.15457,10.6247,1.40074,97,0.293677,-6.6962,2.33666,-3.4069,-5.52633,1.01822,2.31364,9.82192,1.41453,97,0.142702,0.159762,0.207913,0.255979,0.946759,0.259405,1.3367,4.53805,0.0947314,0,0.352196,NBA,2,Delta,2,Second dose,0,G_NBA,G_0
1129_1,-6.66321,2.43722,-3.39041,-3.88956,0.490237,3.10469,10.7032,1.39759,97,0.216764,-6.69551,2.4546,-3.45341,-3.92431,0.480077,3.4591,10.5689,1.39532,97,0.27251,-6.6859,2.41936,-3.39015,-4.00151,0.520806,3.22007,10.9573,1.40966,97,0.147716,0.139071,0.195033,0.266297,0.46556,0.157628,2.0892,1.16601,0.0932016,0,0.371193,NBA,3,Omicron,3,Boosted,0,G_NBA,G_0
3056_2,-6.70573,2.70948,-3.37929,-3.45616,2.12903,2.18535,11.9582,1.42507,97,0.201648,-6.75752,2.82642,-3.40828,-2.95314,1.68201,2.50005,10.2475,1.44672,97,0.21898,-6.71175,2.67813,-3.41754,-3.09879,1.66683,2.06826,10.048,1.42518,97,0.174792,0.175415,0.267477,0.226891,0.692886,0.589895,1.3252,6.02731,0.113578,0,0.177766,NBA,2,Omicron,2,Second dose,0,G_NBA,G_0
556_1,-6.61454,2.29426,-3.35957,-5.13676,0.424028,1.98287,12.1697,1.42658,97,0.32194,-6.64211,2.34186,-3.38568,-5.20118,0.412013,2.23457,12.8542,1.43156,97,0.264438,-6.60988,2.32394,-3.41328,-4.92629,0.369108,2.06993,8.80728,1.42974,97,0.153315,0.160663,0.260393,0.278806,1.01102,0.131852,1.13722,6.06038,0.0942852,0,0.308157,NBA,2,Omicron,3,Boosted,0,G_NBA,G_0
2910_1,-6.54675,2.80464,-3.34729,-4.59088,1.15692,2.13376,10.077,1.43898,97,0.210001,-6.53618,2.6716,-3.4476,-5.00927,1.25917,2.38445,13.3361,1.44663,97,0.215389,-6.60221,2.68026,-3.4098,-4.83577,1.26926,2.18656,9.97757,1.44442,97,0.137005,0.1684,0.207224,0.266444,0.796608,0.1433,1.27184,5.04997,0.11312,0,0.207948,NBA,1,Omicron,2,Second dose,0,G_NBA,G_0
1234_2,-6.56264,2.60646,-3.51476,-4.79411,1.23792,2.68627,8.71549,1.44187,97,0.260586,-6.58016,2.64983,-3.44973,-4.70333,1.18521,2.68898,7.01461,1.43947,97,0.255868,-6.62262,2.59408,-3.47482,-4.58165,1.1221,2.48198,5.95819,1.43511,97,0.142593,0.148031,0.223012,0.244088,0.899726,0.3675,1.50064,2.70995,0.106799,0,0.394121,NBA,2,Omicron,3,Boosted,0,G_NBA,G_0
530_1,-6.71415,2.58361,-3.46015,-2.4366,1.04991,2.41728,7.80794,1.41353,97,0.177278,-6.74212,2.61525,-3.41116,-2.41486,1.05432,2.47242,8.26662,1.44362,97,0.255992,-6.72078,2.60657,-3.45104,-2.11012,0.917181,2.28554,6.46303,1.42952,97,0.145119,0.177059,0.310848,0.275649,0.646766,0.492854,1.27802,6.74966,0.0965344,0,0.32866,NBA,1,Omicron,2,Second dose,0,G_NBA,G_0
531_1,-6.75351,2.11046,-3.35997,-4.78674,0.635867,2.27377,14.3573,1.39999,97,0.363025,-6.75382,2.06603,-3.35681,-4.62742,0.567301,2.21044,14.1371,1.41198,97,0.293838,-6.77777,2.11497,-3.3971,-4.65875,0.637269,2.13403,10.2188,1.40111,97,0.155472,0.139268,0.163907,0.269998,0.526983,0.197421,1.36576,5.11721,0.0868899,0,0.49895,NBA,3,Omicron,3,Boosted,0,G_NBA,G_0
2810_1,-6.70391,2.43812,-3.38432,-3.1228,0.391333,2.51727,15.6612,1.42792,97,0.238257,-6.69049,2.31291,-3.27926,-3.31187,0.368465,2.16443,13.7859,1.42186,97,0.319644,-6.7111,2.27854,-3.39506,-3.48049,0.417939,2.13576,10.2483,1.42047,97,0.155899,0.1722,0.201366,0.258656,0.527983,0.149183,1.25005,4.91627,0.0890708,0,0.628204,NBA,2,Omicron,3,Boosted,0,G_NBA,G_0
625_1,-6.74184,2.12327,-3.32674,-5.31894,0.458356,2.33456,16.0665,1.4165,97,0.197423,-6.65923,2.10207,-3.31581,-5.33137,0.442511,2.92363,16.701,1.39723,97,0.244777,-6.72836,2.07602,-3.38667,-5.35687,0.462341,2.44012,11.6463,1.42227,97,0.129142,0.180045,0.235291,0.290941,0.780902,0.13157,1.89647,6.41112,0.10402,0,0.323122,NBA,2,Omicron,3,Boosted,0,G_NBA,G_0
621_1,-6.58597,2.59153,-3.40943,-5.28741,1.1994,2.31243,14.9473,1.46679,97,0.290269,-6.62137,2.65553,-3.39091,-4.76388,1.14659,2.60729,15.0482,1.44846,97,0.246644,-6.62658,2.57853,-3.39715,-4.92759,1.20475,2.09277,10.143,1.43165,97,0.162439,0.172691,0.220349,0.28713,0.744827,0.236197,1.34164,7.39082,0.103082,0,0.253083,NBA,2,Omicron,2,Second dose,0,G_NBA,G_0
289_1,-6.63393,2.67848,-3.44016,-2.7978,0.772941,2.73071,13.3497,1.43021,97,0.214872,-6.64589,2.58754,-3.45087,-2.9854,0.770559,2.88908,14.0559,1.41933,97,0.278465,-6.65891,2.56932,-3.35827,-2.99442,0.740755,2.4853,10.0049,1.42088,97,0.153276,0.167009,0.22499,0.253686,0.431777,0.193545,1.67458,6.53553,0.104316,0,0.355276,NBA,1,Omicron,2,Second dose,0,G_NBA,G_0
2175_1,-6.63467,2.50161,-3.44831,-3.63888,0.738874,1.88334,5.8525,1.43342,97,0.242617,-6.65323,2.45539,-3.41617,-3.77115,0.758697,2.31442,6.95724,1.41895,97,0.194021,-6.67864,2.42913,-3.44632,-3.59629,0.616004,2.19036,5.97876,1.42491,97,0.122506,0.16027,0.207344,0.291636,0.666695,0.41974,0.87039,2.53225,0.11197,0,0.223502,NBA,1,Omicron,3,Boosted,0,G_NBA,G_0
890_1,-6.68158,2.55598,-3.36627,-4.32981,1.07218,2.42764,10.9834,1.41588,97,0.281192,-6.68774,2.49901,-3.43274,-4.45716,1.05042,2.76826,8.92144,1.40706,97,0.336056,-6.70381,2.42941,-3.44019,-4.43611,1.00731,2.56698,7.96485,1.42592,97,0.175562,0.160811,0.208739,0.305205,0.804644,0.288948,1.68407,2.54838,0.0902325,0,0.403455,NBA,2,Omicron,3,Boosted,0,G_NBA,G_0
423_1,-6.80958,2.19424,-3.43756,-6.37363,0.820644,2.07382,6.76513,1.40661,97,0.255222,-6.79074,2.18929,-3.41202,-6.30234,0.75746,2.06474,6.54063,1.42317,97,0.300682,-6.76288,2.10701,-3.44427,-6.22149,0.683029,1.97104,6.32386,1.40644,97,0.175502,0.145841,0.175756,0.243826,0.763711,0.312234,0.781232,1.42445,0.085982,0,0.302539,NBA,2,Omicron,3,Boosted,0,G_NBA,G_0
1662_1,-6.63791,2.67552,-3.37065,-2.84195,0.607987,2.34881,17.1845,1.42846,97,0.209264,-6.63811,2.54125,-3.33941,-3.4196,0.684593,2.1707,18.4262,1.43546,97,0.317256,-6.66931,2.50107,-3.33229,-3.48522,0.668525,1.92257,14.0102,1.42731,97,0.178353,0.190211,0.247042,0.245603,0.713735,0.153094,1.44882,4.8981,0.101113,0,0.449259,NBA,1,Omicron,2,Second dose,0,G_NBA,G_0
1386_1,-6.74457,2.21589,-3.33165,-5.82744,0.635735,2.06813,16.6853,1.4176,97,0.246638,-6.67615,2.17219,-3.29867,-5.65955,0.618933,2.47179,17.0213,1.41786,97,0.278348,-6.71314,2.1851,-3.40207,-5.90263,0.613635,2.13664,8.89839,1.40247,97,0.155894,0.147455,0.178138,0.268983,0.650613,0.196306,1.52989,9.49859,0.0957565,0,0.284781,NBA,3,Delta,2,Second dose,0,G_NBA,G_0
589_2,-6.62606,2.30097,-3.46829,-4.17882,0.815684,3.04088,5.25479,1.44489,97,0.283482,-6.68959,2.31959,-3.46424,-3.68055,0.562125,3.37617,5.55163,1.41217,97,0.274487,-6.71522,2.30461,-3.47774,-3.76445,0.505076,3.05733,5.19227,1.41883,97,0.158001,0.172162,0.212031,0.280157,0.595231,0.297102,1.92795,1.69327,0.0950564,0,0.314716,NBA,2,Omicron,3,Boosted,0,G_NBA,G_0
36_1,-6.51382,2.42908,-3.38375,-5.51165,0.916581,3.66198,7.64803,1.45918,97,0.234456,-6.57848,2.48467,-3.42355,-5.333,0.956826,2.97042,7.7578,1.42949,97,0.218319,-6.62504,2.50306,-3.45128,-5.10358,0.918958,3.33018,7.75551,1.43057,97,0.154167,0.169759,0.178612,0.214787,0.691607,0.249739,1.54945,1.97195,0.108985,0,0.244321,NBA,1,Omicron,2,Second dose,0,G_NBA,G_0
2673_1,-6.66324,2.4853,-3.3298,-2.66384,0.319577,2.40758,15.3754,1.44838,97,0.192139,-6.64947,2.33348,-3.29743,-3.14905,0.413697,2.12205,16.3712,1.42703,97,0.279661,-6.70246,2.30788,-3.34876,-3.0903,0.356413,1.82609,15.3566,1.41991,97,0.156489,0.154576,0.199855,0.329691,0.441156,0.117741,1.32179,4.68946,0.110014,0,0.312518,NBA,1,Delta,2,Second dose,0,G_NBA,G_0
2649_2,-6.66502,2.58259,-3.37886,-3.73715,1.53596,2.47849,12.7012,1.43972,97,0.343171,-6.65906,2.67949,-3.37382,-3.33939,1.32686,2.67112,13.3193,1.43833,97,0.284918,-6.68696,2.61327,-3.33994,-3.34278,1.18567,2.34512,10.8425,1.43479,97,0.184976,0.188442,0.27476,0.312518,0.867444,0.563697,1.50872,7.26723,0.106949,0,0.495887,NBA,2,Omicron,2,Second dose,0,G_NBA,G_0
623_1,-6.6944,2.20283,-3.3718,-5.73631,0.699954,1.71599,8.31709,1.41978,97,0.184097,-6.73195,2.22714,-3.47184,-5.71066,0.714634,2.0241,8.45959,1.4074,97,0.220691,-6.71247,2.20949,-3.41928,-5.42545,0.739242,2.29126,9.28543,1.41913,97,0.148283,0.170644,0.185038,0.302063,0.675706,0.165591,0.931993,1.60648,0.119716,0,0.311314,NBA,1,Omicron,2,Second dose,0,G_NBA,G_0
268_1,-6.70959,2.09155,-3.32311,-5.79401,0.609506,2.46044,18.5265,1.39034,97,0.224383,-6.66543,2.04849,-3.31864,-5.71179,0.578489,2.62893,19.2043,1.3926,97,0.315602,-6.73771,2.12313,-3.36559,-5.46608,0.593549,2.27686,14.9275,1.41455,97,0.170083,0.164738,0.224602,0.261044,0.681941,0.11113,1.28385,5.24568,0.103529,0,0.464384,NBA,3,Omicron,3,Boosted,0,G_NBA,G_0
2537_1,-6.62658,2.56286,-3.3935,-5.3062,1.13591,2.07418,11.75,1.44115,97,0.181504,-6.58412,2.48472,-3.37517,-5.40576,1.14203,2.99661,12.7637,1.44614,97,0.214307,-6.64086,2.53499,-3.39379,-5.03321,1.13478,2.49854,9.53266,1.42731,97,0.121907,0.180084,0.226161,0.27693,0.879334,0.166348,1.93749,5.08307,0.0846547,0,0.204399,NBA,1,Omicron,2,Second dose,0,G_NBA,G_0
2498_1,-6.68017,2.50948,-3.47323,-3.04154,1.13489,3.69598,8.20244,1.40621,97,0.359306,-6.70366,2.55918,-3.55239,-3.20431,1.29089,3.17789,5.40452,1.38875,97,0.242619,-6.73564,2.58592,-3.46038,-2.88301,1.0863,2.77001,3.20992,1.42332,97,0.114475,0.17095,0.243355,0.310596,0.521356,0.736053,1.39754,4.29538,0.0894191,0,0.240034,NBA,1,Omicron,2,Second dose,0,G_NBA,G_0
747_1,-6.55721,2.6475,-3.46088,-5.38684,1.4954,2.26174,10.7012,1.45402,97,0.314713,-6.58653,2.7391,-3.45942,-5.28479,1.54103,2.38058,12.8301,1.42443,97,0.20351,-6.60066,2.66085,-3.40858,-5.30056,1.60382,2.20944,10.2769,1.43425,97,0.15564,0.144967,0.186342,0.259213,0.928794,0.256931,1.06531,5.85763,0.119557,0,0.250181,NBA,2,Delta,3,Boosted,0,G_NBA,G_0
2219_1,-6.71257,2.39661,-3.33642,-5.39317,0.745697,2.06141,15.2671,1.38719,97,0.246606,-6.6604,2.30481,-3.41995,-5.52146,0.710001,2.31927,16.1275,1.3934,97,0.291993,-6.66784,2.32474,-3.40128,-5.41306,0.726961,2.21935,10.4002,1.40326,97,0.155459,0.157046,0.188689,0.303462,0.669009,0.162394,1.45287,7.09266,0.0894445,0,0.504477,NBA,2,Omicron,3,Boosted,0,G_NBA,G_0
123_1,-6.56478,2.70096,-3.39056,-4.64325,0.644903,2.08847,15.9975,1.46275,97,0.283639,-6.48105,2.54503,-3.3207,-4.44788,0.537441,2.22898,14.8024,1.45598,97,0.242618,-6.55286,2.58401,-3.38891,-4.32714,0.516632,2.10869,11.806,1.44999,97,0.135233,0.14967,0.17041,0.241356,0.567736,0.160482,1.00756,5.23347,0.0924312,0,0.319835,NBA,2,Delta,2,Second dose,0,G_NBA,G_0
2325_1,-6.67835,2.13083,-3.33328,-5.38927,0.57157,2.17758,14.6513,1.42923,97,0.344024,-6.71188,2.1727,-3.38405,-5.10791,0.542915,2.03773,14.2972,1.4271,97,0.221665,-6.72826,2.1416,-3.39056,-5.19128,0.590337,2.149,10.9749,1.4205,97,0.152204,0.142157,0.165754,0.2866,0.734359,0.176681,1.12256,5.16244,0.101839,0,0.199565,NBA,3,Omicron,2,Second dose,0,G_NBA,G_0
322_2,-6.79858,2.08728,-3.39588,-3.90043,0.563042,2.15252,8.79669,1.41002,97,0.31209,-6.83386,2.13625,-3.43344,-4.12073,0.666754,2.05113,8.56816,1.41462,97,0.285409,-6.80462,2.10636,-3.44041,-3.98813,0.550192,1.70959,6.97572,1.40086,97,0.166497,0.136827,0.196262,0.223249,0.492575,0.278486,1.04104,4.52739,0.10288,0,0.359726,NBA,1,Omicron,2,Second dose,0,G_NBA,G_0
539_2,-6.80772,1.91499,-3.36124,-5.9237,0.508161,2.20908,13.7049,1.42541,97,0.248029,-6.77239,1.88469,-3.35943,-6.1541,0.536334,2.13357,15.9405,1.41701,97,0.285665,-6.81271,1.90294,-3.38822,-6.18049,0.616728,1.99504,10.5074,1.41824,97,0.15075,0.183196,0.198829,0.270025,0.681093,0.184963,1.28665,8.18395,0.0962425,0,0.377117,NBA,2,Omicron,3,Boosted,0,G_NBA,G_0
1807_1,-6.70069,2.36857,-3.41132,-5.57888,1.09803,2.38166,13.0301,1.40254,97,0.25128,-6.69434,2.35178,-3.38406,-5.19586,0.990315,2.1647,14.7067,1.40803,97,0.285983,-6.70617,2.33736,-3.40254,-4.96299,0.95389,2.01831,10.2791,1.41539,97,0.155798,0.165992,0.208095,0.244019,0.931352,0.255764,1.16663,7.14958,0.103932,0,0.352235,NBA,2,Omicron,2,Second dose,0,G_NBA,G_0
3058_2,-6.62943,2.4892,-3.40072,-3.44324,0.57188,2.50167,11.6334,1.43919,97,0.297677,-6.59248,2.49993,-3.36681,-3.46027,0.571408,2.56058,12.4624,1.43595,97,0.225619,-6.66199,2.42321,-3.39811,-3.54254,0.517177,2.24407,10.4643,1.42852,97,0.132982,0.200331,0.224769,0.326535,0.509831,0.270504,1.43556,6.73304,0.099258,0,0.289595,NBA,1,Omicron,3,Boosted,0,G_NBA,G_0
2626_1,-6.79634,2.236,-3.40776,-6.24409,0.473949,2.53086,16.9797,1.39807,97,0.337832,-6.73128,2.16096,-3.45257,-6.3139,0.430502,2.21743,14.6541,1.40368,97,0.304177,-6.76946,2.16988,-3.3758,-6.25337,0.456372,2.09733,11.9518,1.41754,97,0.169083,0.181398,0.191925,0.271349,0.606564,0.100433,1.30235,4.55368,0.0856856,0,0.315248,NBA,2,Omicron,3,Boosted,0,G_NBA,G_0
2378_1,-6.69206,2.22316,-3.43459,-5.9034,0.66437,1.98841,12.1903,1.40185,97,0.23318,-6.72632,2.21368,-3.35348,-5.97131,0.688921,2.40793,13.1059,1.40927,97,0.348545,-6.71115,2.20899,-3.40564,-5.85095,0.66969,2.12266,9.20148,1.41316,97,0.173064,0.144325,0.195304,0.2436,0.672392,0.155079,1.61049,4.78583,0.0994094,0,0.544319,NBA,2,Omicron,3,Boosted,0,G_NBA,G_0
403_1,-6.82562,1.97777,-3.37132,-4.72945,0.459501,2.68036,15.1667,1.37488,97,0.219953,-6.90038,2.0483,-3.37047,-4.59828,0.470905,2.55396,14.9202,1.40422,97,0.242889,-6.80884,1.94822,-3.39987,-4.70955,0.453397,2.14193,10.308,1.40637,97,0.146606,0.15822,0.176641,0.291853,0.363056,0.177258,1.39966,5.49377,0.0948493,0,0.373604,NBA,2,Omicron,3,Boosted,0,G_NBA,G_0
882_1,-6.62685,2.58581,-3.39424,-2.83254,0.655278,2.34836,12.7951,1.48422,97,0.227558,-6.60707,2.72007,-3.40086,-2.8176,0.798432,2.34312,11.3251,1.43352,97,0.289321,-6.65786,2.6075,-3.39633,-2.99727,0.76403,2.15538,10.3809,1.4347,97,0.156131,0.160998,0.303353,0.271874,0.722461,0.289397,1.39475,5.26792,0.0991074,0,0.393938,NBA,2,Delta,2,Second dose,0,G_NBA,G_0
1313_1,-6.81232,1.89948,-3.35525,-5.62083,0.727187,2.28575,14.2589,1.42057,97,0.332255,-6.75488,1.82773,-3.35735,-5.66665,0.692112,2.77152,15.1937,1.41714,97,0.295779,-6.84468,1.89601,-3.4076,-5.30979,0.612427,2.29875,9.82216,1.41549,97,0.159065,0.118627,0.132629,0.297786,0.825067,0.340275,1.49204,7.07708,0.094026,0,0.34928,NBA,2,Omicron,3,Boosted,0,G_NBA,G_0
1967_1,-6.64951,2.48638,-3.42317,-3.2311,0.729539,2.38827,8.7535,1.44286,97,0.246786,-6.6445,2.5311,-3.41305,-3.11865,0.701288,3.05773,8.71694,1.41704,97,0.27188,-6.68062,2.50269,-3.43674,-3.10317,0.656584,2.71828,7.93304,1.42616,97,0.151374,0.178145,0.241406,0.233803,0.524082,0.258132,2.00313,2.5205,0.0869621,0,0.279758,NBA,2,Omicron,3,Boosted,0,G_NBA,G_0
401_2,-6.65146,2.57805,-3.42619,-5.70368,2.80544,2.48234,12.791,1.43174,97,0.304601,-6.67529,2.61663,-3.4265,-5.36835,2.4898,2.5737,10.1835,1.4194,97,0.261347,-6.68227,2.58298,-3.41162,-5.25321,2.69302,2.15256,10.1986,1.42105,97,0.155297,0.159897,0.224214,0.269482,1.1964,0.775886,1.3778,6.50932,0.0923833,0,0.375032,NBA,1,Omicron,2,Second dose,0,G_NBA,G_0
2273_2,-6.63144,1.92679,-3.48385,-6.57277,1.24902,2.11868,6.98266,1.41928,97,0.309349,-6.77686,2.11027,-3.40265,-6.16007,1.52345,1.85742,8.37062,1.42785,97,0.242296,-6.78222,2.076,-3.53627,-5.90376,1.33825,1.7484,4.60218,1.43382,97,0.125669,0.12626,0.178854,0.245083,0.894921,0.749442,0.812517,7.4692,0.0958909,0,0.253565,NBA,1,Omicron,3,Boosted,0,G_NBA,G_0
2105_1,-6.88171,1.75899,-3.4426,-6.25786,0.468349,1.79599,15.8675,1.4434,97,0.296326,-6.80762,1.68608,-3.3078,-6.45066,0.461327,2.04791,15.2455,1.4271,97,0.207508,-6.84276,1.71976,-3.37913,-6.10432,0.41879,2.00884,12.5765,1.41786,97,0.162398,0.159433,0.170937,0.248509,0.794366,0.162107,1.03735,4.57257,0.0895005,0,0.223881,NBA,1,Delta,2,Second dose,0,G_NBA,G_0
2736_1,-6.60245,2.51309,-3.39372,-5.05953,1.18656,2.57569,14.1723,1.44824,97,0.196633,-6.57747,2.54873,-3.38791,-4.90078,1.19088,2.44643,14.7591,1.43747,97,0.294065,-6.6446,2.54206,-3.38858,-4.79651,1.19379,2.11883,10.2431,1.42673,97,0.154903,0.161905,0.210734,0.243723,0.732339,0.161115,1.33614,6.34918,0.0949034,0,0.348115,NBA,1,Delta,2,Second dose,0,G_NBA,G_0
1570_1,-6.6634,2.46465,-3.43378,-5.85449,0.928965,2.20268,7.92243,1.41533,97,0.220759,-6.60967,2.39966,-3.43084,-5.93831,0.830534,2.64996,7.38053,1.41458,97,0.3626,-6.69042,2.29939,-3.44225,-5.85259,0.77671,2.52791,6.6684,1.41747,97,0.209913,0.168263,0.262993,0.300764,0.822904,0.306446,1.01525,2.36574,0.113604,0,0.47548,NBA,3,Delta,2,Second dose,0,G_NBA,G_0
1008_2,-6.71036,2.15213,-3.41496,-5.11817,0.514258,3.64811,7.26781,1.40498,97,0.326764,-6.71332,2.12427,-3.40335,-5.51471,0.602853,3.98762,7.24061,1.43654,97,0.244664,-6.72555,2.11228,-3.44626,-5.34537,0.605424,4.29929,7.59924,1.41857,97,0.14656,0.185601,0.198758,0.282082,0.818901,0.214119,2.01009,0.680923,0.0899049,0,0.291798,NBA,2,Omicron,3,Boosted,0,G_NBA,G_0
1119_1,-6.65062,2.11595,-3.36503,-6.22151,0.50506,2.348,12.2842,1.41999,97,0.296488,-6.65841,2.1546,-3.43364,-5.94412,0.500747,2.29706,12.0613,1.39908,97,0.309686,-6.68539,2.14472,-3.41181,-5.77798,0.437812,2.0997,8.36903,1.41508,97,0.175795,0.180766,0.199168,0.248237,0.670791,0.147799,1.1793,5.10849,0.101202,0,0.398349,NBA,2,Omicron,3,Boosted,0,G_NBA,G_0
795_1,-6.73207,2.08296,-3.37235,-5.49924,0.756819,2.14337,16.7361,1.44054,97,0.197628,-6.73604,2.10626,-3.3667,-5.19026,0.690161,2.50489,16.3613,1.41382,97,0.289232,-6.77441,2.10197,-3.37991,-5.01691,0.65226,2.07785,12.3538,1.42731,97,0.174189,0.148439,0.174568,0.296782,0.912601,0.2351,1.50816,5.23509,0.0868072,0,0.272559,NBA,1,Omicron,0,Unvaccinated,0,G_NBA,G_0
454_1,-6.51194,2.56873,-3.44314,-4.90102,0.883714,2.54727,10.6689,1.47003,97,0.207843,-6.53037,2.62284,-3.3958,-4.35606,0.76283,2.58637,10.5962,1.4627,97,0.303424,-6.58443,2.6136,-3.39132,-4.32209,0.764748,2.2851,10.5769,1.44152,97,0.133441,0.170042,0.196077,0.275394,0.621767,0.231419,1.371,3.05272,0.102532,0,0.354199,NBA,1,Omicron,3,Boosted,0,G_NBA,G_0
608_1,-6.8061,2.15959,-3.42103,-6.16069,0.495628,2.27444,9.00403,1.41462,97,0.283525,-6.73184,2.07578,-3.43669,-6.31271,0.424475,2.07828,8.25846,1.42747,97,0.240095,-6.76417,2.07314,-3.43206,-6.25505,0.433347,2.10569,7.71792,1.41586,97,0.176381,0.155731,0.177162,0.290253,0.702755,0.126113,0.923596,2.36184,0.0779205,0,0.243469,NBA,1,Omicron,3,Boosted,0,G_NBA,G_0
2504_1,-6.68882,2.43385,-3.32627,-4.19007,0.498963,2.22058,16.9341,1.41432,97,0.250167,-6.66577,2.3693,-3.29022,-4.28342,0.501298,2.36672,14.8683,1.42223,97,0.239618,-6.65812,2.3248,-3.38319,-4.33106,0.492603,2.07665,11.0414,1.42483,97,0.142348,0.170414,0.177568,0.309915,0.513125,0.163367,1.36384,4.84305,0.0997388,0,0.346252,NBA,1,Omicron,3,Boosted,0,G_NBA,G_0
456_1,-6.66113,2.17743,-3.43466,-4.37115,0.451838,2.23619,15.1255,1.41657,97,0.238047,-6.72599,2.24211,-3.31722,-4.22517,0.439486,2.36554,15.6371,1.42558,97,0.274617,-6.713,2.20797,-3.39635,-4.34787,0.474734,2.10814,10.2235,1.41928,97,0.15438,0.175271,0.268793,0.236885,0.62594,0.14277,1.53368,6.88472,0.0922341,0,0.314801,NBA,2,Omicron,2,Second dose,0,G_NBA,G_0
545_1,-6.55983,2.48992,-3.3973,-4.84551,0.736016,2.67736,9.09895,1.42209,97,0.363765,-6.58641,2.57612,-3.37456,-4.27163,0.643671,2.62077,9.19227,1.46192,97,0.233684,-6.60976,2.49516,-3.41656,-4.3765,0.629486,2.71636,9.23221,1.43263,97,0.164329,0.156494,0.21087,0.274168,0.580948,0.180777,1.28995,1.27462,0.103981,0,0.258595,NBA,2,Omicron,3,Boosted,0,G_NBA,G_0
904_1,-6.81988,1.96062,-3.39843,-6.08459,0.759247,2.19975,10.5863,1.39678,97,0.291933,-6.8019,1.97531,-3.38163,-6.20337,0.84312,2.10332,12.0877,1.41929,97,0.244034,-6.80182,1.9498,-3.41848,-6.11425,0.791981,1.87182,8.26348,1.43123,97,0.153853,0.174371,0.185719,0.27902,0.842357,0.326363,1.30467,5.38322,0.0926702,0,0.27831,NBA,2,Omicron,3,Boosted,0,G_NBA,G_0
2871_1,-6.57645,2.2896,-3.4616,-4.3368,0.420512,2.48055,7.53955,1.45744,97,0.286239,-6.63295,2.40492,-3.39079,-4.18178,0.455423,1.85975,7.04578,1.43511,97,0.260118,-6.62464,2.39548,-3.42527,-4.14037,0.446696,2.0274,7.6043,1.42346,97,0.192739,0.151915,0.221127,0.274638,0.646903,0.178895,0.772784,1.41985,0.0934198,0,0.410543,NBA,1,Omicron,2,Second dose,0,G_NBA,G_0
2371_1,-6.67577,2.23274,-3.35466,-5.04488,0.433768,2.19942,14.2471,1.4086,97,0.298354,-6.65574,2.20761,-3.38704,-4.96003,0.409733,2.21989,14.0957,1.41904,97,0.307495,-6.66701,2.20756,-3.39367,-5.01246,0.428135,2.10165,9.96149,1.40891,97,0.151795,0.152402,0.183398,0.280772,0.604736,0.130873,1.17474,5.10633,0.101123,0,0.379202,NBA,1,Delta,-1,No record,0,G_NBA,G_0
2040_2,-6.88612,1.84792,-3.3962,-5.48788,0.524157,2.40668,11.9274,1.43136,97,0.21353,-6.82109,1.80368,-3.38738,-5.3165,0.450442,2.38202,13.2055,1.3983,97,0.212418,-6.84215,1.80118,-3.39906,-5.19607,0.444984,2.17994,10.2185,1.4245,97,0.156132,0.151374,0.160867,0.291987,0.715207,0.174374,1.23824,4.85605,0.0960704,0,0.23546,NBA,2,Omicron,3,Boosted,0,G_NBA,G_0
631_2,-6.76192,2.19394,-3.3925,-3.53464,0.392125,2.24833,15.5146,1.40018,97,0.271172,-6.77064,2.18958,-3.4005,-3.66978,0.446293,2.54071,12.7012,1.42978,97,0.323407,-6.77408,2.10291,-3.39693,-3.72412,0.389715,2.13006,10.2558,1.41514,97,0.153422,0.148929,0.265652,0.334142,0.698732,0.184648,1.45406,5.65301,0.105334,0,0.512168,NBA,2,Omicron,3,Boosted,0,G_NBA,G_0
2056_1,-6.66178,2.36743,-3.32464,-4.64286,0.770803,2.47741,13.7084,1.43636,97,0.365795,-6.66041,2.42264,-3.36907,-4.43498,0.745889,2.26645,12.7275,1.4282,97,0.306513,-6.67877,2.40248,-3.39338,-4.47791,0.773775,2.1932,10.3415,1.42462,97,0.147431,0.155474,0.190714,0.245866,0.832117,0.254921,1.19064,4.70554,0.108153,0,0.305344,NBA,2,Omicron,3,Boosted,0,G_NBA,G_0
2439_1,-6.89335,1.91354,-3.42336,-3.57061,0.419749,2.72799,9.06309,1.38008,97,0.294479,-6.83184,1.91403,-3.42782,-3.39553,0.361431,2.6237,8.64468,1.39587,97,0.25968,-6.90293,1.86515,-3.41102,-3.71108,0.448097,2.47064,8.81767,1.41024,97,0.154767,0.157143,0.237845,0.258905,0.57142,0.153011,1.76841,1.01116,0.0955271,0,0.296442,NBA,1,Omicron,2,Second dose,0,G_NBA,G_0
305_1,-6.60057,2.40604,-3.42817,-4.76691,0.607471,2.25916,8.97476,1.42993,97,0.286562,-6.59976,2.34809,-3.44432,-5.10624,0.690782,2.32551,9.43853,1.45243,97,0.246686,-6.66463,2.33841,-3.4122,-4.79342,0.636069,2.32289,9.43282,1.42094,97,0.160049,0.159841,0.241598,0.249899,0.739054,0.236053,1.02756,2.2195,0.0926862,0,0.357834,NBA,3,Omicron,3,Boosted,0,G_NBA,G_0
1368_1,-6.73598,2.01706,-3.36264,-5.06029,0.752486,2.20966,11.2129,1.40148,97,0.25659,-6.75261,2.04695,-3.36674,-4.55323,0.54271,2.57701,11.0521,1.4245,97,0.246732,-6.83106,1.91717,-3.42697,-4.90258,0.511691,2.30209,8.32822,1.41692,97,0.141937,0.174069,0.274942,0.282972,0.762589,0.203251,1.52063,3.85834,0.0947788,0,0.299427,NBA,2,Omicron,3,Boosted,0,G_NBA,G_0
1886_1,-6.70861,2.48285,-3.40529,-5.92218,0.658676,2.41136,15.9533,1.4328,97,0.303328,-6.64192,2.4083,-3.38058,-6.07759,0.597556,1.93378,12.2911,1.41638,97,0.280228,-6.68158,2.43214,-3.40546,-5.9405,0.621077,1.81029,9.51631,1.41758,97,0.160619,0.142976,0.164593,0.24896,0.540781,0.162306,1.0826,5.04004,0.0980731,0,0.380332,NBA,2,Omicron,3,Boosted,0,G_NBA,G_0
906_1,-6.58634,2.55847,-3.47734,-2.99276,0.730814,1.92137,9.27668,1.43352,97,0.262445,-6.64531,2.61574,-3.41491,-2.99879,0.770989,2.17259,11.3526,1.45002,97,0.223873,-6.6614,2.59072,-3.43073,-3.12186,0.824462,2.15606,8.87162,1.42904,97,0.144926,0.136722,0.248716,0.273864,0.446746,0.220229,1.47098,6.27208,0.100497,0,0.209864,NBA,2,Omicron,3,Boosted,0,G_NBA,G_0
2920_2,-6.77247,2.09674,-3.39939,-6.12662,0.912218,2.16862,16.3749,1.40439,97,0.320368,-6.71976,2.04404,-3.34106,-6.03703,0.826738,2.34932,16.2983,1.41732,97,0.254198,-6.75384,2.0904,-3.39257,-5.54938,0.796076,2.28134,11.9858,1.40027,97,0.159175,0.165862,0.175241,0.301954,0.84408,0.165082,1.1493,4.61137,0.0970404,0,0.306341,NBA,1,Omicron,2,Second dose,0,G_NBA,G_0
3020_1,-6.94403,1.87547,-3.37031,-6.46719,0.616663,2.28667,14.9734,1.42952,97,0.2361,-6.85803,1.78649,-3.3995,-6.64444,0.581449,2.29208,13.5352,1.40844,97,0.341378,-6.8507,1.77063,-3.39025,-6.39586,0.533546,2.13142,10.7944,1.42606,97,0.170224,0.149183,0.164811,0.260471,0.746793,0.212162,1.05204,4.0756,0.0810263,0,0.690372,NBA,2,Omicron,3,Boosted,0,G_NBA,G_0
1705_1,-6.62139,2.71303,-3.38265,-5.47207,1.02797,1.97551,14.5039,1.41161,97,0.273993,-6.58653,2.659,-3.39078,-5.55675,0.979102,2.35608,13.9781,1.45351,97,0.26277,-6.59909,2.58455,-3.41451,-5.46149,0.968139,2.22629,10.3143,1.42998,97,0.137184,0.157989,0.220936,0.274629,0.699411,0.162129,1.30246,5.72361,0.111781,0,0.310614,NBA,2,Delta,2,Second dose,0,G_NBA,G_0
312_1,-6.75798,2.04791,-3.365,-6.4687,0.843191,2.27878,13.7922,1.38677,97,0.311691,-6.74755,2.06246,-3.39876,-6.40835,0.715132,2.18044,11.5717,1.40228,97,0.234077,-6.78084,2.09026,-3.41445,-6.17107,0.810472,2.17104,8.68887,1.40181,97,0.133758,0.175531,0.184562,0.273274,0.620613,0.229438,1.44005,5.76932,0.0931847,0,0.195096,NBA,3,Omicron,3,Boosted,0,G_NBA,G_0
2468_1,-6.55088,2.3336,-3.36182,-5.02035,0.54778,2.23664,12.421,1.44739,97,0.216473,-6.58848,2.3988,-3.40666,-4.93836,0.59578,2.05933,13.4196,1.45598,97,0.249325,-6.62969,2.39976,-3.40209,-4.96484,0.657437,2.09646,10.1289,1.42778,97,0.147042,0.180258,0.221405,0.240336,0.619658,0.173653,1.19152,4.68771,0.0992074,0,0.343494,NBA,1,Omicron,3,Boosted,0,G_NBA,G_0
2406_1,-6.68567,2.50947,-3.42558,-1.87668,0.639422,2.80656,7.7283,1.40996,97,0.256346,-6.70256,2.58515,-3.53694,-1.63371,0.562328,2.82023,6.50285,1.45448,97,0.254703,-6.732,2.46457,-3.50097,-1.91299,0.459577,2.74145,4.00487,1.42191,97,0.187685,0.169856,0.294163,0.275553,0.611381,0.266761,1.40368,5.03876,0.0875524,0,0.292312,NBA,2,Omicron,2,Second dose,0,G_NBA,G_0
2765_2,-6.75476,2.20417,-3.38894,-4.89908,1.02259,2.73355,12.1023,1.43405,97,0.365058,-6.70867,2.11438,-3.41174,-4.89098,0.887354,2.22421,10.554,1.4053,97,0.214821,-6.77479,2.21675,-3.4171,-4.48048,0.914038,2.62875,10.2739,1.4151,97,0.16781,0.155529,0.178326,0.305384,0.974579,0.454774,1.01868,5.18123,0.0968897,0,0.177744,NBA,2,Omicron,2,Second dose,0,G_NBA,G_0
169_2,-6.74196,2.03916,-3.50663,-5.47443,0.838014,2.80939,6.42791,1.41618,97,0.318611,-6.72541,2.01177,-3.47277,-5.5886,0.86916,2.43656,6.53888,1.4132,97,0.262114,-6.7938,2.05479,-3.45145,-5.15056,0.718373,2.40117,6.24448,1.4206,97,0.156938,0.166435,0.206454,0.300446,0.967746,0.542019,1.08204,3.27692,0.0902778,0,0.273065,NBA,1,Omicron,0,Unvaccinated,0,G_NBA,G_0
1902_1,-6.65071,2.3711,-3.37319,-5.16881,0.853704,2.39986,14.5719,1.42192,97,0.302227,-6.68892,2.40798,-3.39763,-4.917,0.846011,2.66754,14.2925,1.4211,97,0.249437,-6.67479,2.382,-3.39969,-5.21152,0.978244,2.13465,10.2291,1.42108,97,0.155892,0.193701,0.25274,0.257758,0.918341,0.276267,1.57237,5.28896,0.0766452,0,0.331916,NBA,2,Omicron,3,Boosted,0,G_NBA,G_0
1044_1,-6.63792,2.48383,-3.42783,-3.79683,0.981533,2.10413,7.54762,1.40998,97,0.268705,-6.67464,2.58724,-3.48884,-3.96663,1.23173,2.50708,9.33816,1.41573,97,0.246754,-6.6916,2.54798,-3.4501,-3.90801,1.15926,2.3396,6.95316,1.43054,97,0.155225,0.170891,0.302796,0.273669,0.796681,0.43038,1.26023,4.20416,0.105166,0,0.251507,NBA,1,Omicron,2,Second dose,0,G_NBA,G_0
781_1,-6.65084,2.61934,-3.43482,-3.10141,0.851258,2.47249,12.903,1.43681,97,0.29849,-6.653,2.61882,-3.43662,-2.90921,0.750341,2.08217,12.4701,1.43552,97,0.255497,-6.67309,2.55278,-3.3961,-3.02962,0.737251,1.92543,9.97955,1.43028,97,0.146241,0.163843,0.27817,0.251411,0.544276,0.163413,1.02776,4.35886,0.0856138,0,0.329881,NBA,1,Omicron,3,Boosted,0,G_NBA,G_0
1401_1,-6.63312,2.56618,-3.23487,-2.86403,0.535711,2.28551,18.6735,1.42362,97,0.263455,-6.63252,2.47032,-3.33112,-3.12625,0.550265,2.4621,21.4635,1.44776,97,0.270771,-6.68563,2.41686,-3.33976,-3.28088,0.540545,2.32212,14.9898,1.42648,97,0.139278,0.172493,0.268596,0.256267,0.661817,0.138362,1.40732,6.99602,0.101285,0,0.438147,NBA,1,Delta,2,Second dose,0,G_NBA,G_0
2479_1,-6.67752,2.37965,-3.43693,-3.31599,0.686152,2.66211,9.69284,1.42632,97,0.216031,-6.73175,2.31489,-3.39842,-3.44702,0.601724,2.81771,7.98845,1.41343,97,0.314376,-6.73812,2.29678,-3.41822,-3.3634,0.56353,2.47361,7.74319,1.41239,97,0.166654,0.165454,0.229402,0.295556,0.510522,0.233442,2.05841,1.89832,0.0974803,0,0.431198,NBA,2,Omicron,3,Boosted,0,G_NBA,G_0
3054_1,-6.7145,2.33966,-3.27707,-3.89104,0.560025,2.60915,14.4414,1.41442,97,0.294256,-6.68598,2.32443,-3.36688,-3.94735,0.600404,2.46763,13.7341,1.38553,97,0.320131,-6.71886,2.30717,-3.39676,-4.03398,0.63319,2.13462,10.2397,1.40491,97,0.155897,0.173888,0.172843,0.282657,0.530244,0.211909,1.40151,5.79985,0.0989992,0,0.558644,NBA,2,Omicron,2,Second dose,0,G_NBA,G_0
432_1,-6.67441,2.33824,-3.54102,-4.80167,1.00346,2.9117,8.44023,1.42767,97,0.198774,-6.71636,2.35926,-3.43472,-4.94509,1.19284,2.57639,8.15222,1.42379,97,0.290373,-6.72459,2.36845,-3.44784,-4.61768,1.08047,2.49486,6.38671,1.42261,97,0.144435,0.170785,0.20599,0.265432,1.0376,0.495123,1.2255,3.86602,0.0889094,0,0.387061,NBA,1,Omicron,2,Second dose,0,G_NBA,G_0
342_1,-6.59455,2.77176,-3.36263,-4.04799,1.59373,2.69359,14.6125,1.4418,97,0.292155,-6.6072,2.71341,-3.47781,-3.92642,1.32546,2.21484,9.82949,1.44039,97,0.39602,-6.62766,2.65416,-3.44126,-3.68742,1.21412,2.00271,6.98924,1.42094,97,0.171776,0.16234,0.186644,0.303929,0.736796,0.517338,1.56171,6.09832,0.101317,0,0.738831,NBA,2,Omicron,3,Boosted,0,G_NBA,G_0
2257_1,-6.67477,2.35172,-3.28663,-4.94052,0.621112,2.51501,13.2331,1.4164,97,0.242252,-6.64106,2.31552,-3.36454,-5.19441,0.705218,2.62675,15.2266,1.38723,97,0.194589,-6.66852,2.31111,-3.4005,-4.95387,0.662673,2.22845,9.65988,1.40051,97,0.159525,0.158026,0.169011,0.254656,0.739744,0.15413,1.51995,5.25817,0.0931701,0,0.208418,NBA,2,Omicron,3,Boosted,0,G_NBA,G_0
984_2,-6.59147,2.62074,-3.48536,-3.53119,0.886546,2.53613,7.59472,1.44162,97,0.176331,-6.66068,2.69608,-3.47923,-3.66627,1.03426,2.86693,8.33562,1.43278,97,0.272045,-6.65048,2.60485,-3.45152,-3.73747,0.983332,2.53207,6.94198,1.4331,97,0.164677,0.148257,0.220903,0.286566,0.627745,0.301848,1.58802,3.166,0.110841,0,0.241751,NBA,2,Omicron,2,Second dose,0,G_NBA,G_0
759_1,-6.77667,1.98995,-3.57136,-4.17764,0.488352,3.14656,5.24787,1.44704,97,0.333797,-6.79297,2.10595,-3.51473,-3.91953,0.604559,3.03521,5.9434,1.40433,97,0.253867,-6.80233,2.03763,-3.47399,-3.987,0.415732,3.0999,5.23985,1.41859,97,0.162769,0.152938,0.174583,0.239694,0.780848,0.406331,1.70073,3.65162,0.0877508,0,0.322208,NBA,1,Omicron,3,Boosted,0,G_NBA,G_0
2494_1,-6.62954,2.50412,-3.50151,-4.26797,1.11103,2.39929,9.23653,1.42735,97,0.29693,-6.67726,2.59476,-3.45607,-3.86339,1.02383,2.6095,9.07536,1.40535,97,0.261191,-6.67424,2.51191,-3.41534,-3.85022,0.908942,2.15415,9.42815,1.42764,97,0.151229,0.166842,0.23451,0.226826,0.878916,0.464515,1.52494,4.39482,0.0999248,0,0.281186,NBA,1,Delta,2,Second dose,0,G_NBA,G_0
2165_1,-6.6266,2.8675,-3.35338,-4.79201,1.42031,2.31446,13.2121,1.41898,97,0.301669,-6.5512,2.74483,-3.35037,-5.22249,1.42059,2.83211,12.3327,1.43388,97,0.234119,-6.59025,2.68954,-3.37976,-5.05832,1.41011,2.14362,10.3657,1.43418,97,0.153028,0.176636,0.237781,0.273854,0.807674,0.225243,1.77471,4.23792,0.0934876,0,0.277698,NBA,1,Omicron,2,Second dose,0,G_NBA,G_0
2476_1,-6.60612,1.99717,-3.31356,-5.29099,0.382507,2.1386,15.9962,1.41784,97,0.256196,-6.67483,2.08366,-3.31982,-5.06368,0.336769,2.37861,15.7106,1.42846,97,0.241359,-6.69266,2.06429,-3.38635,-5.06788,0.339606,2.10278,11.1733,1.42073,97,0.130942,0.139635,0.199372,0.276486,0.683477,0.109629,1.57837,6.16292,0.0938381,0,0.236607,NBA,1,Omicron,3,Boosted,0,G_NBA,G_0
2610_1,-6.69771,2.26976,-3.38542,-4.15741,0.527156,2.33754,14.5442,1.39078,97,0.378115,-6.69302,2.2336,-3.36479,-4.39056,0.602846,2.48014,13.6006,1.42711,97,0.208213,-6.71616,2.24753,-3.39509,-4.23124,0.537078,2.133,10.2133,1.408,97,0.15136,0.187103,0.223008,0.229022,0.663951,0.243961,1.30922,5.50025,0.104567,0,0.215451,NBA,2,Omicron,3,Boosted,0,G_NBA,G_0
230_1,-6.69155,2.14715,-3.38808,-5.57503,0.949159,2.22464,9.83109,1.42546,97,0.334081,-6.71014,2.20799,-3.44382,-4.88817,0.8621,2.35273,10.4432,1.40151,97,0.249658,-6.76715,2.18165,-3.41872,-4.74526,0.793666,2.1017,8.44845,1.42207,97,0.164517,0.154145,0.187976,0.2579,1.08745,0.331466,1.31456,4.25876,0.0841814,0,0.183035,NBA,3,Delta,2,Second dose,0,G_NBA,G_0
779_1,-6.67481,2.23194,-3.30006,-4.54305,0.292581,2.59657,17.5562,1.39855,97,0.261041,-6.66031,2.13266,-3.38438,-4.82497,0.325117,2.72463,17.9205,1.41679,97,0.196576,-6.64642,2.14635,-3.37435,-4.58863,0.28446,2.43389,12.6856,1.42134,97,0.120828,0.169551,0.217932,0.259142,0.614581,0.0938371,1.56292,5.41815,0.0890348,0,0.190648,NBA,3,Omicron,3,Boosted,0,G_NBA,G_0
1265_1,-6.69781,2.15396,-3.46058,-2.84651,0.304025,2.86748,9.07986,1.42068,97,0.196461,-6.74173,2.24276,-3.38387,-2.96878,0.389211,3.09824,9.4228,1.40881,97,0.306933,-6.76825,2.18452,-3.40965,-3.04103,0.357181,2.77242,8.97381,1.40212,97,0.162114,0.163697,0.226412,0.237586,0.501022,0.141329,1.65568,1.3259,0.108771,0,0.433247,NBA,1,Omicron,3,Boosted,0,G_NBA,G_0
2667_1,-6.62459,2.08822,-3.44738,-5.20169,0.58857,1.80147,6.63642,1.42572,97,0.229913,-6.68571,2.20254,-3.37133,-5.42737,0.831184,2.199,8.69208,1.4154,97,0.238794,-6.71498,2.2283,-3.39618,-5.01875,0.734837,1.75749,7.26731,1.38649,97,0.160733,0.157653,0.185572,0.298156,0.775352,0.333977,1.32854,4.09498,0.0904453,0,0.239989,NBA,2,Omicron,2,Second dose,0,G_NBA,G_0
2281_1,-6.56101,2.60835,-3.4167,-5.22547,1.67519,2.23503,12.5272,1.42963,97,0.385486,-6.59228,2.62918,-3.49714,-5.37099,1.62237,2.513,11.2563,1.45004,97,0.251053,-6.63245,2.62556,-3.40539,-5.12431,1.78278,2.1353,10.2152,1.42948,97,0.155986,0.15624,0.198101,0.23434,1.04592,0.331177,1.78305,6.8934,0.100163,0,0.241541,NBA,2,Omicron,3,Boosted,0,G_NBA,G_0
2082_1,-6.6366,2.36537,-3.32169,-4.90059,0.452571,2.40351,14.7728,1.44017,97,0.295422,-6.60762,2.33044,-3.31392,-5.04465,0.500172,2.13398,15.6109,1.42725,97,0.33568,-6.62639,2.32069,-3.36504,-4.87167,0.465978,2.00681,11.4719,1.41678,97,0.171569,0.169003,0.211497,0.242551,0.586032,0.119632,0.989299,5.02526,0.096258,0,0.368782,NBA,1,Omicron,3,Boosted,0,G_NBA,G_0
1917_1,-6.78318,2.11508,-3.3403,-5.22761,0.532205,2.701,15.669,1.39923,97,0.261821,-6.72804,2.0987,-3.35432,-5.09714,0.474603,2.59265,16.4048,1.40532,97,0.226436,-6.76844,2.00501,-3.38414,-5.20423,0.48041,2.35706,11.8061,1.42662,97,0.12096,0.17096,0.25318,0.328233,0.672807,0.133601,1.4513,4.70347,0.101852,0,0.306376,NBA,1,Omicron,3,Boosted,0,G_NBA,G_0
790_1,-6.73993,2.21553,-3.40249,-3.76644,0.670234,2.3384,9.48775,1.4002,97,0.245591,-6.72948,2.25854,-3.45197,-3.6085,0.559324,1.82065,7.50329,1.38825,97,0.256556,-6.74426,2.22218,-3.44498,-3.65885,0.486008,1.72729,6.30473,1.4031,97,0.160813,0.152493,0.190932,0.257934,0.479623,0.254117,0.750402,3.84379,0.094008,0,0.343079,NBA,1,Omicron,3,Boosted,0,G_NBA,G_0
2164_2,-6.77906,2.24213,-3.46179,-6.05773,1.92705,2.01354,9.65167,1.40077,97,0.303543,-6.76039,2.23313,-3.38262,-6.15975,1.81297,2.58111,9.73043,1.39737,97,0.24433,-6.77639,2.21176,-3.43207,-5.48776,1.67046,2.64807,6.28631,1.4031,97,0.137273,0.162397,0.194191,0.246139,1.14007,0.790131,1.4453,6.31412,0.0940854,0,0.320115,NBA,1,Omicron,2,Second dose,0,G_NBA,G_0
269_1,-6.6884,2.01672,-3.38113,-5.68699,0.583102,2.35328,13.6333,1.42481,97,0.293057,-6.73909,2.08973,-3.30284,-6.02918,0.714258,2.4041,15.3519,1.43101,97,0.245352,-6.7596,2.09165,-3.38786,-5.71609,0.702376,2.2581,10.9955,1.41749,97,0.142009,0.164177,0.184352,0.286084,0.7862,0.161847,1.41759,5.80829,0.110088,0,0.428465,NBA,3,Omicron,3,Boosted,0,G_NBA,G_0
2866_1,-6.96831,1.89215,-3.37541,-5.06636,0.570954,2.32546,13.8097,1.43186,97,0.326331,-6.83223,1.74716,-3.35458,-5.28098,0.529463,2.19656,13.3803,1.42631,97,0.232505,-6.88723,1.79418,-3.41439,-5.08254,0.500923,2.12812,9.73565,1.43127,97,0.141963,0.158731,0.175898,0.286136,0.656131,0.255605,1.22278,5.77078,0.116613,0,0.257318,NBA,1,Omicron,3,Boosted,0,G_NBA,G_0
463_1,-6.68835,2.18791,-3.40364,-3.54574,0.326028,2.26227,13.5699,1.40708,97,0.353892,-6.72955,2.18066,-3.39071,-3.80512,0.392378,2.41852,14.2542,1.4156,97,0.275221,-6.72069,2.19191,-3.39286,-3.67314,0.357423,2.14673,10.241,1.40907,97,0.156835,0.153616,0.209064,0.281651,0.451249,0.109981,1.46335,4.24838,0.0963206,0,0.368916,NBA,2,Omicron,3,Boosted,0,G_NBA,G_0
97_1,-6.72322,2.20146,-3.42362,-4.68415,0.860815,2.67764,7.32481,1.4111,97,0.206577,-6.69965,2.16847,-3.46629,-4.62799,0.762072,3.32259,7.33811,1.41766,97,0.237987,-6.75868,2.21225,-3.44081,-4.36316,0.690683,2.73862,7.26241,1.40499,97,0.140084,0.155688,0.198738,0.290521,0.870872,0.29018,2.43902,1.56109,0.0919909,0,0.259755,NBA,1,Omicron,2,Second dose,0,G_NBA,G_0
2449_2,-6.76603,2.11367,-3.45505,-3.86942,0.800465,2.8427,7.24196,1.41168,97,0.295368,-6.81692,2.15798,-3.4192,-3.85426,0.726831,2.45678,5.98604,1.39798,97,0.265925,-6.84944,2.00544,-3.47071,-3.91316,0.588517,2.2984,5.42796,1.40164,97,0.163166,0.162543,0.286846,0.266519,0.613354,0.439923,1.21989,2.66956,0.10403,0,0.386324,NBA,2,Omicron,2,Second dose,0,G_NBA,G_0
872_1,-6.6161,2.34429,-3.46967,-5.44737,0.759535,2.49879,4.85811,1.42679,97,0.349955,-6.70681,2.43932,-3.44488,-5.61698,1.05107,2.55987,6.47578,1.44076,97,0.247465,-6.6645,2.40303,-3.45965,-5.47113,0.971323,2.55188,5.51816,1.4189,97,0.156265,0.136388,0.179573,0.248467,0.625788,0.386981,1.25934,4.25203,0.0979121,0,0.338149,NBA,1,Omicron,2,Second dose,0,G_NBA,G_0
2383_2,-6.71818,2.36789,-3.4705,-4.93103,1.02166,2.94581,5.79808,1.43796,97,0.30697,-6.64575,2.31517,-3.49169,-5.29831,1.18948,2.71981,6.00311,1.38241,97,0.195574,-6.71858,2.3768,-3.4856,-4.85866,1.04581,2.64862,4.89387,1.4064,97,0.1223,0.153016,0.18762,0.241897,0.993908,0.558872,1.314,3.13606,0.0917649,0,0.190855,NBA,1,Omicron,2,Second dose,0,G_NBA,G_0
1597_1,-6.68843,2.33096,-3.41803,-3.74444,0.509934,1.82851,11.6348,1.38383,97,0.282821,-6.71694,2.21517,-3.46714,-4.31687,0.588153,2.13527,11.0868,1.42219,97,0.242843,-6.7254,2.20516,-3.40685,-4.00141,0.436402,1.68461,9.31111,1.4159,97,0.154829,0.212016,0.228015,0.258412,0.896945,0.271999,1.16483,3.8695,0.0942294,0,0.257934,NBA,2,Omicron,3,Boosted,0,G_NBA,G_0
1652_1,-6.74112,2.13171,-3.35362,-5.57668,0.629046,2.14464,14.4698,1.39092,97,0.34989,-6.69899,2.08925,-3.38977,-5.55231,0.561663,2.30278,13.387,1.39621,97,0.278069,-6.73914,2.11623,-3.39306,-5.57687,0.660221,2.16485,10.247,1.41082,97,0.15453,0.169134,0.186035,0.30605,0.744503,0.196426,1.31683,4.55313,0.0938636,0,0.398597,NBA,2,Omicron,3,Boosted,0,G_NBA,G_0
1613_1,-6.82647,2.03897,-3.41589,-4.68863,0.729679,2.24063,5.98384,1.39604,97,0.306646,-6.75164,1.97488,-3.43406,-4.98623,0.963406,2.45799,7.83134,1.40152,97,0.287294,-6.83738,2.0542,-3.44162,-4.57873,0.81867,2.26164,6.57402,1.40442,97,0.185473,0.137167,0.176444,0.268109,0.695288,0.529893,1.17178,4.56834,0.0830247,0,0.320705,NBA,2,Omicron,2,Second dose,0,G_NBA,G_0
1304_1,-6.67659,2.27034,-3.39035,-5.94672,0.901393,2.92783,14.0259,1.43933,97,0.319493,-6.74844,2.36865,-3.34088,-5.99983,0.957666,2.04123,13.905,1.43913,97,0.213504,-6.72559,2.30825,-3.38964,-6.00873,1.01776,2.10719,10.4324,1.42731,97,0.151969,0.149633,0.175586,0.299733,0.660942,0.220867,1.58428,6.02179,0.107828,0,0.271304,NBA,3,Omicron,3,Boosted,0,G_NBA,G_0
2945_1,-6.65021,2.40772,-3.40959,-5.49973,0.88781,2.08442,10.3852,1.44211,97,0.282772,-6.58437,2.40323,-3.4646,-5.19872,0.79533,2.1961,9.03157,1.41955,97,0.298403,-6.65513,2.40062,-3.42262,-5.32305,0.927792,2.41172,9.79735,1.42678,97,0.143178,0.143667,0.203386,0.288318,0.636005,0.213476,1.11797,2.72762,0.0950153,0,0.23393,NBA,2,Omicron,2,Second dose,0,G_NBA,G_0
917_1,-6.75505,2.08524,-3.43966,-6.00434,0.810157,2.67422,13.2257,1.43273,97,0.295899,-6.74381,2.10654,-3.43243,-6.05785,0.766514,2.18003,12.4227,1.43493,97,0.289002,-6.76916,2.10075,-3.39884,-6.10139,0.875952,2.14718,10.2831,1.42311,97,0.156063,0.170475,0.170549,0.290708,0.796013,0.242492,1.44965,5.45868,0.100672,0,0.412451,NBA,1,Omicron,3,Boosted,0,G_NBA,G_0
920_2,-6.67974,2.25526,-3.45949,-5.67112,0.950388,2.53747,7.10735,1.41598,97,0.234822,-6.68659,2.29245,-3.49679,-5.87974,1.18392,2.44642,8.42539,1.38554,97,0.261549,-6.72718,2.30206,-3.4455,-5.35062,1.1057,2.34638,7.11258,1.41259,97,0.156619,0.161975,0.156883,0.304054,0.905217,0.372953,1.26482,4.8488,0.0966924,0,0.256044,NBA,1,Omicron,2,Second dose,0,G_NBA,G_0
783_1,-6.65666,2.27886,-3.34821,-5.77783,0.481325,2.51935,11.8685,1.40505,97,0.197522,-6.6155,2.34324,-3.38244,-5.69652,0.467458,2.33291,12.5465,1.41493,97,0.312139,-6.70502,2.19997,-3.41353,-5.95609,0.489762,2.07481,8.93802,1.41441,97,0.150708,0.168575,0.257932,0.291133,0.756541,0.108686,1.31591,4.63977,0.0885509,0,0.313673,NBA,2,Omicron,3,Boosted,0,G_NBA,G_0
1964_1,-6.57039,2.44499,-3.27728,-4.06614,0.570322,2.70207,15.1332,1.43079,97,0.445994,-6.599,2.52389,-3.34466,-4.47751,0.650364,2.3526,13.9595,1.42542,97,0.209221,-6.63932,2.44158,-3.3874,-4.28409,0.616189,2.17113,10.2771,1.42896,97,0.153496,0.148707,0.231052,0.257546,1.23974,0.22014,1.4669,5.03018,0.092025,0,0.199155,NBA,1,Omicron,3,Boosted,0,G_NBA,G_0
2538_1,-6.71627,2.4426,-3.29362,-5.73277,0.868742,2.57441,15.1044,1.43286,97,0.227316,-6.676,2.36699,-3.31604,-5.87075,0.852835,2.32435,16.2367,1.42885,97,0.256013,-6.71043,2.24133,-3.37105,-5.86032,0.845329,2.14727,11.0149,1.4201,97,0.125083,0.153635,0.189317,0.274074,0.793581,0.137244,1.27176,4.53266,0.102588,0,0.341662,NBA,1,Omicron,2,Second dose,0,G_NBA,G_0
745_1,-6.88453,1.82965,-3.40446,-3.95661,0.356431,2.37935,13.1545,1.40516,97,0.217244,-6.86689,1.83625,-3.40097,-4.10414,0.457854,2.31155,12.8467,1.40062,97,0.196143,-6.88975,1.83163,-3.39726,-4.08513,0.404067,2.16071,10.3046,1.40959,97,0.155802,0.153438,0.143633,0.279142,0.458616,0.226451,1.18108,5.00069,0.102329,0,0.195585,NBA,1,Omicron,3,Boosted,0,G_NBA,G_0
221_1,-6.72641,2.15816,-3.39531,-3.7732,0.398618,1.92005,12.9933,1.42126,97,0.252286,-6.69337,2.10122,-3.40378,-3.86972,0.389839,2.39784,14.0552,1.4079,97,0.274818,-6.756,2.11716,-3.39726,-3.8141,0.372435,2.13516,10.2345,1.41844,97,0.157899,0.184511,0.23534,0.30517,0.601563,0.155709,1.34498,5.90005,0.0940793,0,0.285879,NBA,1,Omicron,3,Boosted,0,G_NBA,G_0
855_1,-6.78381,2.05148,-3.41193,-5.8321,0.659671,2.43216,12.0327,1.44625,97,0.190149,-6.71548,1.97139,-3.39531,-5.88533,0.645665,2.07582,13.0315,1.43201,97,0.219852,-6.78524,2.0015,-3.40794,-5.88503,0.715181,1.9481,9.24287,1.43541,97,0.166084,0.14244,0.197069,0.237861,0.689467,0.232281,1.24394,5.69087,0.0997499,0,0.232969,NBA,2,Omicron,3,Boosted,0,G_NBA,G_0
2200_2,-6.75472,2.06468,-3.30604,-5.57312,1.12842,2.25673,11.2398,1.42985,97,0.214017,-6.7873,2.09362,-3.41606,-5.52604,1.20071,2.29412,12.2032,1.42921,97,0.360217,-6.81931,2.13154,-3.36323,-5.01207,1.18246,2.22663,11.8038,1.38741,97,0.144785,0.1873,0.184713,0.278847,1.04863,0.546695,1.38843,5.93052,0.090945,0,0.626461,NBA,2,Omicron,3,Boosted,0,G_NBA,G_0
1723_1,-6.71939,2.60531,-3.47878,-4.23247,1.94125,2.64365,9.37251,1.42062,97,0.219553,-6.65375,2.51485,-3.38383,-4.29822,1.80872,2.5025,9.16604,1.40852,97,0.239263,-6.7437,2.51218,-3.40498,-4.30065,2.00343,2.2169,10.2923,1.41749,97,0.173622,0.181163,0.209426,0.313569,1.05981,0.846866,1.51064,5.75001,0.0990268,0,0.292088,NBA,1,Omicron,2,Second dose,0,G_NBA,G_0
1984_1,-6.5529,2.5836,-3.33384,-4.9962,0.604193,2.52215,14.6587,1.43427,97,0.299185,-6.53861,2.54598,-3.4544,-5.20984,0.611426,2.34685,10.6622,1.44273,97,0.284356,-6.57185,2.52608,-3.39218,-5.08739,0.62888,2.25971,10.382,1.43669,97,0.145878,0.176092,0.242584,0.276089,0.896532,0.21835,1.17132,4.37601,0.0934628,0,0.361101,NBA,3,Omicron,-1,No record,0,G_NBA,G_0
211_2,-6.7263,2.0474,-3.42891,-5.88986,1.15677,2.23443,9.11938,1.39585,97,0.254169,-6.7774,2.08433,-3.45188,-5.73453,0.964726,2.32374,8.48582,1.43472,97,0.277966,-6.77544,2.04954,-3.45927,-5.30866,0.655949,1.69751,6,1.42583,97,0.135424,0.149183,0.200937,0.26356,1.20904,0.581632,1.10415,4.02807,0.0868553,0,0.391102,NBA,1,Omicron,2,Second dose,0,G_NBA,G_0
1702_1,-6.7268,2.16488,-3.35207,-6.03826,0.749599,2.09387,11.4019,1.42379,97,0.247959,-6.70005,2.15041,-3.39176,-6.15366,0.806824,2.31978,11.5318,1.40324,97,0.243861,-6.73463,2.14538,-3.39479,-5.91416,0.706857,2.07198,10.1022,1.41388,97,0.159228,0.167444,0.193341,0.278692,0.83506,0.451848,1.25898,5.79223,0.0984838,0,0.252375,NBA,1,Delta,2,Second dose,0,G_NBA,G_0
854_1,-6.62759,2.51976,-3.36573,-4.97736,0.680463,2.1133,15.8428,1.44729,97,0.166045,-6.56456,2.46378,-3.32239,-5.15355,0.710187,2.46098,17.2938,1.43893,97,0.282582,-6.61426,2.46119,-3.37735,-5.08354,0.730372,2.24072,12.9885,1.43137,97,0.131914,0.158951,0.205495,0.275754,0.756912,0.120526,1.30564,3.86219,0.107162,0,0.323452,NBA,2,Omicron,3,Boosted,0,G_NBA,G_0
2894_1,-6.57039,2.39437,-3.39534,-4.96038,0.663184,2.20901,9.33122,1.46278,97,0.329018,-6.60691,2.42641,-3.38607,-5.3291,0.738346,2.65257,9.74133,1.44886,97,0.390891,-6.63216,2.43088,-3.42876,-4.96422,0.741466,2.83592,9.57276,1.42552,97,0.151803,0.15338,0.213577,0.27095,0.98759,0.19024,1.37052,2.53502,0.0973222,0,0.525883,NBA,2,Omicron,2,Second dose,0,G_NBA,G_0
1788_1,-6.68286,2.42139,-3.34949,-4.06372,0.625054,1.86945,14.5941,1.37272,97,0.229565,-6.61601,2.31372,-3.34721,-4.50594,0.706353,2.02663,16.3324,1.39302,97,0.325296,-6.68395,2.38519,-3.36841,-4.28144,0.688286,2.00455,11.9838,1.40128,97,0.175859,0.166299,0.215653,0.296604,0.766113,0.159852,1.13318,6.66332,0.0951604,0,0.444719,NBA,2,Delta,2,Second dose,0,G_NBA,G_0
2841_1,-6.64667,2.41499,-3.32936,-5.25722,0.695693,1.9599,14.9455,1.4115,97,0.278801,-6.60608,2.33965,-3.33314,-5.26754,0.634265,2.27258,13.4268,1.41603,97,0.220393,-6.65229,2.34819,-3.39274,-5.23153,0.69208,2.18502,10.2987,1.42431,97,0.150727,0.147811,0.182566,0.248854,0.684917,0.144598,1.34668,4.38761,0.0855168,0,0.255567,NBA,2,Omicron,3,Boosted,0,G_NBA,G_0
220_1,-6.80979,1.99205,-3.36544,-4.5231,0.495926,2.35905,12.4596,1.40104,97,0.198431,-6.849,2.04368,-3.42852,-4.50597,0.555705,2.32307,14.3929,1.39297,97,0.268593,-6.82011,1.97351,-3.414,-4.58088,0.49587,2.14777,9.22699,1.40811,97,0.147793,0.159687,0.183084,0.31706,0.505634,0.211499,1.26676,6.03411,0.09627,0,0.318529,NBA,3,Omicron,3,Boosted,0,G_NBA,G_0
3025_1,-6.96761,1.95593,-3.3454,-6.80037,0.496717,2.23279,14.253,1.41947,97,0.23456,-6.88763,1.86909,-3.36101,-6.79343,0.462612,2.56511,14.1463,1.42028,97,0.283686,-6.8712,1.84797,-3.39072,-6.6729,0.437097,2.21786,10.8194,1.41949,97,0.160226,0.133675,0.136962,0.260368,0.626667,0.130345,1.73875,4.3962,0.091814,0,0.340964,NBA,1,Omicron,3,Boosted,0,G_NBA,G_0
133_2,-6.64678,2.67012,-3.20506,-4.14596,1.37962,2.32705,15.7537,1.46397,97,0.295452,-6.6336,2.61958,-3.33081,-3.76678,1.1629,2.44242,16.344,1.41092,97,0.237316,-6.66542,2.63212,-3.35197,-3.6761,1.12392,2.17462,10.3743,1.42737,97,0.13548,0.16764,0.215246,0.234888,0.627275,0.2417,1.1993,6.57397,0.0998197,0,0.263047,NBA,1,Omicron,2,Second dose,0,G_NBA,G_0
1144_1,-6.64041,2.50418,-3.3748,-4.45747,0.626829,2.56024,14.8485,1.45965,97,0.252423,-6.58911,2.55998,-3.3893,-4.17691,0.589066,2.62285,13.7496,1.42556,97,0.341541,-6.62277,2.47086,-3.4001,-4.50723,0.673721,2.18231,10.2603,1.43324,97,0.1325,0.178118,0.237749,0.289064,0.662485,0.203913,1.74,5.5992,0.116958,0,0.439217,NBA,2,Omicron,3,Boosted,0,G_NBA,G_0
1066_2,-6.77984,2.26411,-3.41778,-2.46178,0.329527,2.86174,12.7558,1.41165,97,0.169231,-6.75154,2.27005,-3.37597,-2.61274,0.374147,2.068,13.8378,1.39336,97,0.283797,-6.75507,2.22801,-3.3956,-2.51518,0.321767,2.13481,10.244,1.40856,97,0.156043,0.15642,0.241369,0.252997,0.571286,0.125478,1.17096,6.03509,0.104105,0,0.362533,NBA,1,Omicron,3,Boosted,0,G_NBA,G_0
615_1,-6.64282,2.61243,-3.32373,-2.96924,0.787415,2.33458,13.1526,1.4471,97,0.290498,-6.66553,2.53543,-3.4351,-3.2307,0.842502,2.2836,14.5737,1.421,97,0.334034,-6.6926,2.52617,-3.39547,-3.28833,0.85167,2.2066,10.4634,1.42603,97,0.140533,0.161395,0.226259,0.249854,0.643436,0.217096,1.47573,6.13528,0.103246,0,0.363115,NBA,2,Delta,2,Second dose,0,G_NBA,G_0
2397_2,-6.71284,2.08184,-3.35479,-5.40959,0.998397,2.24409,9.09528,1.43416,97,0.258632,-6.82387,2.13939,-3.46622,-5.17592,0.819911,2.16279,5.79286,1.42042,97,0.274287,-6.75393,2.06161,-3.47628,-4.83544,0.638207,1.83398,5.10777,1.41054,97,0.178458,0.181138,0.2253,0.281757,0.999307,0.41277,1.08449,3.20584,0.103367,0,0.264997,NBA,1,Omicron,3,Boosted,0,G_NBA,G_0
2977_1,-6.7037,1.89687,-3.29253,-5.43596,0.584364,1.68548,12.6475,1.43117,97,0.234475,-6.77846,2.00908,-3.41042,-5.24969,0.568509,2.57071,12.7671,1.4103,97,0.307361,-6.79333,1.9888,-3.373,-5.06634,0.528977,2.23196,12.5621,1.41682,97,0.161274,0.123709,0.150861,0.264711,0.788274,0.198002,1.53848,1.97473,0.0995983,0,0.400542,NBA,2,Omicron,3,Boosted,0,G_NBA,G_0
1735_1,-6.64524,2.68972,-3.43617,-3.101,1.22068,2.84684,8.96132,1.43554,97,0.369897,-6.64377,2.63135,-3.42756,-3.2815,1.25148,2.35681,9.76919,1.43157,97,0.416303,-6.70771,2.59463,-3.4211,-3.12898,1.18571,2.08454,10.3286,1.42518,97,0.195215,0.16819,0.229238,0.294135,0.584183,0.409102,1.18998,5.48394,0.0850312,0,0.565622,NBA,1,Omicron,2,Second dose,0,G_NBA,G_0
147_1,-6.7076,2.26922,-3.44437,-5.78439,1.19602,2.36789,4.91202,1.39455,97,0.205275,-6.73441,2.3095,-3.50707,-5.94858,1.2661,2.77598,5.49764,1.38903,97,0.289616,-6.75691,2.19916,-3.49809,-5.96938,1.06692,2.46521,4.01056,1.41147,97,0.148881,0.161495,0.200547,0.232038,1.01192,0.690237,1.57991,3.00853,0.0897191,0,0.315672,NBA,2,Omicron,3,Boosted,0,G_NBA,G_0
1986_1,-6.73177,2.21338,-3.40792,-3.71046,0.546732,3.05987,9.36998,1.45686,97,0.272424,-6.80706,2.2085,-3.37862,-4.06235,0.721012,2.86575,10.9287,1.41609,97,0.300545,-6.76446,2.16708,-3.40979,-3.74761,0.501756,2.67206,8.92049,1.40798,97,0.166711,0.162626,0.240436,0.263426,0.991283,0.440026,1.90323,5.18967,0.0959746,0,0.326764,NBA,1,Omicron,2,Second dose,0,G_NBA,G_0
1359_1,-6.68708,2.14946,-3.35493,-5.49496,0.977181,2.27119,16.1694,1.40881,97,0.242563,-6.72582,2.21764,-3.37091,-5.4027,0.929339,2.42373,16.6664,1.39525,97,0.23756,-6.75949,2.25551,-3.40427,-4.99223,0.927209,2.12688,10.9577,1.39843,97,0.15946,0.19938,0.21628,0.308014,1.10356,0.264068,1.28509,7.09717,0.0895345,0,0.301302,NBA,2,Omicron,3,Boosted,0,G_NBA,G_0
1865_2,-6.73058,2.44758,-3.37329,-2.8233,0.483609,3.38555,6.24413,1.42525,97,0.225531,-6.75369,2.37933,-3.40425,-2.9458,0.46363,3.7381,6.31584,1.42643,97,0.240664,-6.7412,2.25678,-3.46577,-3.11873,0.425287,2.70161,5.99355,1.42014,97,0.1341,0.191999,0.260964,0.248937,0.54801,0.183452,1.9005,1.24614,0.089479,0,0.213392,NBA,1,Omicron,3,Boosted,0,G_NBA,G_0
1064_1,-6.77196,2.16442,-3.40913,-6.58618,1.01318,2.42743,16.1212,1.39693,97,0.226514,-6.77661,2.15857,-3.32552,-6.54647,0.985293,2.19885,14.371,1.40694,97,0.204469,-6.77433,2.15385,-3.37572,-6.23038,0.981953,2.2708,12.1153,1.40958,97,0.156518,0.14069,0.134746,0.257414,0.662788,0.159005,1.33089,4.27562,0.0967654,0,0.176957,NBA,2,Delta,2,Second dose,0,G_NBA,G_0
1064_2,-6.62599,2.39149,-3.44159,-5.09768,0.759128,2.30796,6.86439,1.43107,97,0.256844,-6.57508,2.4204,-3.43584,-4.73404,0.707603,2.87033,6.99171,1.42496,97,0.269054,-6.6464,2.40476,-3.45007,-4.68782,0.662807,2.66821,6.70651,1.42376,97,0.152495,0.162063,0.207061,0.249362,0.799498,0.255583,1.28374,2.131,0.100871,0,0.318797,NBA,2,Omicron,3,Boosted,0,G_NBA,G_0
1795_2,-6.86281,2.05322,-3.41497,-4.24063,0.57004,2.15429,11.2901,1.41776,97,0.280484,-6.75964,1.97508,-3.40541,-4.14501,0.442491,2.33344,11.2186,1.37361,97,0.193315,-6.80853,1.96593,-3.43434,-4.25691,0.434703,2.16053,8.4862,1.41591,97,0.136174,0.162131,0.176696,0.291668,0.516607,0.17899,1.15101,4.17805,0.100625,0,0.167172,NBA,1,Omicron,3,Boosted,0,G_NBA,G_0
787_2,-6.80706,2.1402,-3.52823,-3.04973,0.704453,2.23037,10.259,1.39991,97,0.409627,-6.83281,2.20614,-3.43158,-2.67225,0.491885,2.55011,8.65571,1.39118,97,0.217027,-6.84047,2.13006,-3.44426,-2.99291,0.553138,2.47634,7.55555,1.40361,97,0.153337,0.180737,0.263551,0.274834,0.641011,0.231084,1.24388,3.77733,0.108254,0,0.207532,NBA,2,Omicron,3,Boosted,0,G_NBA,G_0
2319_1,-6.63903,2.44525,-3.47313,-3.04625,0.545771,2.60034,8.32436,1.42595,97,0.159123,-6.6413,2.40682,-3.39529,-2.98881,0.499305,2.54459,7.78669,1.43813,97,0.271278,-6.71935,2.37777,-3.42798,-3.08376,0.485925,2.70972,7.73033,1.41954,97,0.171081,0.179471,0.24927,0.223832,0.538467,0.208185,1.35354,1.2757,0.104074,0,0.281317,NBA,1,Omicron,0,Unvaccinated,0,G_NBA,G_0
3007_1,-6.66764,2.31309,-3.46083,-6.08504,0.841091,2.70989,7.7616,1.39783,97,0.358187,-6.65769,2.34375,-3.44312,-6.14139,0.897743,2.96884,8.16908,1.41665,97,0.264406,-6.71618,2.26998,-3.42493,-6.06559,0.89306,3.41942,8.48437,1.42544,97,0.148212,0.188859,0.217462,0.265484,0.673473,0.249108,1.38476,1.17885,0.109148,0,0.317451,NBA,1,Omicron,3,Boosted,0,G_NBA,G_0
2590_1,-6.69107,2.17548,-3.46488,-6.28869,0.649129,1.60057,8.8694,1.42133,97,0.238355,-6.69555,2.17201,-3.41287,-6.18785,0.652432,1.96224,8.16807,1.43433,97,0.220703,-6.71016,2.176,-3.41766,-6.00186,0.678207,2.18808,8.66484,1.42331,97,0.158183,0.139999,0.156584,0.30737,0.631481,0.18474,0.992185,1.47868,0.105454,0,0.288662,NBA,1,Delta,1,First dose,0,G_NBA,G_0
2832_1,-6.67083,2.34186,-3.21773,-4.2268,0.591824,2.21321,18.3117,1.38412,97,0.406842,-6.6829,2.38077,-3.30374,-4.22118,0.612404,2.29174,18.2912,1.3923,97,0.245501,-6.69301,2.31415,-3.34186,-4.32185,0.603673,2.08815,13.9719,1.40519,97,0.148725,0.15099,0.191595,0.30974,0.540624,0.143961,1.26009,6.10154,0.11022,0,0.367946,NBA,2,Omicron,3,Boosted,0,G_NBA,G_0
1523_1,-6.69377,2.31203,-3.39802,-5.94754,0.752409,2.70292,9.09676,1.43588,97,0.268401,-6.62972,2.2521,-3.43273,-6.09054,0.78403,2.84713,9.01523,1.45024,97,0.251147,-6.68779,2.30798,-3.40709,-5.83133,0.823421,3.06781,9.47595,1.42738,97,0.143798,0.147265,0.181137,0.302161,0.57759,0.150966,1.62671,1.10375,0.100628,0,0.282446,NBA,2,Omicron,3,Boosted,0,G_NBA,G_0
2955_1,-6.65,2.51385,-3.40098,-2.79753,0.896314,2.65893,12.7765,1.45323,97,0.219248,-6.70021,2.51763,-3.50328,-2.76696,0.812035,2.44169,10.3564,1.45236,97,0.308667,-6.70964,2.51465,-3.41564,-2.68144,0.764883,2.18253,7.97489,1.42801,97,0.155648,0.150109,0.264474,0.27479,0.548554,0.25118,1.38129,4.44758,0.102344,0,0.426072,NBA,1,Omicron,3,Boosted,0,G_NBA,G_0
2427_2,-6.71425,2.21584,-3.42064,-5.52753,0.980129,3.24722,6.50183,1.40907,97,0.314948,-6.68059,2.16237,-3.41067,-5.03471,0.622656,3.98927,5.97629,1.41519,97,0.267905,-6.70997,2.17942,-3.45367,-4.80566,0.578359,3.48266,5.95139,1.41081,97,0.151631,0.168565,0.178126,0.27149,0.6384,0.234031,1.56792,0.499768,0.0967684,0,0.300013,NBA,1,Omicron,2,Second dose,0,G_NBA,G_0
340_1,-6.67516,2.37019,-3.3699,-3.53375,0.412433,2.22185,12.8661,1.42987,97,0.339554,-6.67517,2.37625,-3.31868,-3.50385,0.40232,2.41242,16.3362,1.41778,97,0.306507,-6.69159,2.29014,-3.39169,-3.65228,0.39495,2.21003,10.3325,1.4243,97,0.153253,0.178113,0.232516,0.283979,0.608215,0.134078,1.40137,6.71682,0.101177,0,0.449155,NBA,3,Omicron,3,Boosted,0,G_NBA,G_0
1558_1,-6.72303,2.4452,-3.46329,-4.52934,1.40735,2.52895,13.716,1.4151,97,0.226568,-6.67777,2.38867,-3.43874,-4.81285,1.48576,2.25183,12.4317,1.41077,97,0.26141,-6.74963,2.42439,-3.40163,-4.61655,1.53275,2.04272,9.78294,1.41221,97,0.154069,0.153425,0.192461,0.285131,1.10426,0.336755,1.06061,4.54788,0.0944859,0,0.252527,NBA,1,Omicron,2,Second dose,0,G_NBA,G_0
751_2,-6.60969,2.59194,-3.4763,-3.72365,1.30626,2.83987,7.88452,1.44582,97,0.23399,-6.57952,2.60738,-3.47312,-3.47457,1.00042,2.93119,6.2071,1.43462,97,0.210199,-6.65326,2.60101,-3.49177,-3.29733,0.85704,2.68169,4.77505,1.43111,97,0.134571,0.173905,0.224769,0.276498,0.915638,0.558124,1.65956,4.1979,0.102345,0,0.221242,NBA,1,Omicron,3,Boosted,0,G_NBA,G_0
1979_1,-6.7438,2.08351,-3.34263,-5.96684,1.10384,1.77795,15.2219,1.43054,97,0.400408,-6.73406,2.03606,-3.34948,-5.98739,1.048,2.09069,13.8123,1.44407,97,0.341056,-6.78393,2.11019,-3.40622,-5.33853,0.984631,1.731,11.9757,1.42546,97,0.158469,0.133349,0.158174,0.265832,0.682975,0.29613,1.44509,6.0505,0.0990248,0,0.554475,NBA,2,Delta,3,Boosted,0,G_NBA,G_0
1979_2,-6.7819,1.9545,-3.40673,-4.82126,0.779723,2.59625,7.41984,1.41518,97,0.263203,-6.78667,1.93139,-3.39315,-4.98837,0.696867,2.384,6.47118,1.40657,97,0.311963,-6.82617,1.94788,-3.43772,-4.7364,0.581868,2.23903,6.55415,1.40917,97,0.169583,0.174809,0.192958,0.28115,0.855017,0.44106,1.17784,1.69113,0.0830616,0,0.52696,NBA,2,Omicron,3,Boosted,0,G_NBA,G_0
85_1,-6.63631,2.34851,-3.40623,-5.35215,0.574353,1.98404,12.0162,1.43385,97,0.223955,-6.63492,2.24263,-3.3676,-5.63693,0.618748,2.52788,12.1515,1.42445,97,0.321317,-6.70076,2.19093,-3.39966,-5.51083,0.591312,2.13437,10.0971,1.41685,97,0.159038,0.171628,0.257429,0.326832,0.830044,0.178994,1.43641,5.96233,0.0992991,0,0.386885,NBA,2,Omicron,3,Boosted,0,G_NBA,G_0
1243_1,-6.55538,2.5803,-3.38301,-5.3332,0.939221,1.87729,10.1447,1.45107,97,0.299193,-6.62282,2.65976,-3.41941,-5.71694,1.10314,2.47625,13.4631,1.43351,97,0.249685,-6.62755,2.59116,-3.39859,-5.65914,1.16583,2.13104,10.2335,1.42581,97,0.15613,0.158545,0.204746,0.251693,0.717643,0.205494,1.58351,6.31712,0.0842599,0,0.32526,NBA,2,Delta,2,Second dose,0,G_NBA,G_0
395_2,-6.81302,2.04638,-3.41478,-4.06146,0.532262,2.66437,8.0573,1.40774,97,0.53267,-6.78721,1.9887,-3.44126,-4.64369,0.673752,2.12889,7.35844,1.39151,97,0.265728,-6.82025,1.9842,-3.43794,-4.36746,0.580953,1.97453,7.28347,1.40695,97,0.180056,0.169859,0.204312,0.263552,0.993336,0.421616,1.00096,2.36873,0.0961909,0,0.239911,NBA,1,Omicron,2,Second dose,0,G_NBA,G_0
1819_1,-6.87769,2.14245,-3.39591,-6.58197,0.604256,2.25141,11.9739,1.4205,97,0.272143,-6.77988,2.06761,-3.36718,-6.50475,0.53549,2.01496,10.9642,1.39535,97,0.211911,-6.78885,2.0429,-3.43153,-6.38705,0.48702,1.84342,8.57325,1.4115,97,0.169889,0.118615,0.139701,0.261019,0.589076,0.16442,0.972314,4.8806,0.0981608,0,0.179438,NBA,2,Omicron,3,Boosted,0,G_NBA,G_0
1918_1,-6.59879,2.44897,-3.41635,-3.43126,0.534026,2.39379,13.6433,1.42438,97,0.253683,-6.62841,2.43531,-3.43153,-3.66604,0.595219,2.10674,12.1839,1.42398,97,0.303803,-6.66936,2.44571,-3.39759,-3.52018,0.55438,1.91325,10.3615,1.42704,97,0.147875,0.20008,0.251272,0.285417,0.581184,0.229662,1.26453,5.8732,0.101769,0,0.469169,NBA,2,Omicron,3,Boosted,0,G_NBA,G_0
560_1,-6.7113,2.13867,-3.3307,-4.78525,0.695536,2.05053,13.8505,1.3955,97,0.248434,-6.7278,2.12982,-3.36693,-4.90439,0.656049,2.08095,13.0519,1.41277,97,0.292479,-6.73674,2.21448,-3.39432,-4.42728,0.605688,1.95053,10.2689,1.40161,97,0.152426,0.190534,0.249951,0.280302,0.934638,0.301878,1.00982,7.71435,0.0865302,0,0.329666,NBA,1,Omicron,2,Second dose,0,G_NBA,G_0
2879_2,-6.84449,1.77249,-3.54304,-6.14935,0.73195,5.1455,5.89271,1.40004,97,0.297825,-6.82594,1.76559,-3.47879,-6.57371,0.806041,5.24231,5.8279,1.39937,97,0.316598,-6.8766,1.77989,-3.45407,-5.78428,0.65051,4.36167,5.919,1.40555,97,0.161601,0.160907,0.163367,0.305366,0.970109,0.474765,1.92653,0.478368,0.0943264,0,0.388358,NBA,1,Omicron,2,Second dose,0,G_NBA,G_0
627_1,-6.79016,1.93252,-3.43221,-6.43298,0.74737,2.25803,11.47,1.4169,97,0.250312,-6.76151,1.88384,-3.33373,-6.23531,0.552974,2.42385,10.2574,1.4041,97,0.292685,-6.80093,1.93536,-3.42227,-6.27405,0.55123,2.26929,8.28975,1.41739,97,0.162774,0.15685,0.174366,0.253182,0.844643,0.242832,1.52582,4.62816,0.0792193,0,0.338939,NBA,2,Delta,2,Second dose,0,G_NBA,G_0
3008_1,-6.6653,2.5166,-3.41447,-2.58076,0.633709,2.52576,5.93615,1.42051,97,0.347184,-6.67844,2.48644,-3.41334,-2.76738,0.794273,3.13461,8.35745,1.40725,97,0.260323,-6.70424,2.485,-3.45418,-2.77223,0.677244,2.62797,5.34561,1.42388,97,0.150115,0.202682,0.335467,0.246914,0.739816,0.413772,2.64237,6.21655,0.0930793,0,0.34569,NBA,2,Omicron,3,Boosted,0,G_NBA,G_0
3013_1,-6.76664,2.08664,-3.40906,-6.30268,1.03754,1.80693,10.6337,1.39518,97,0.264789,-6.80007,2.11916,-3.42364,-6.14182,1.04412,2.05651,11.4569,1.40371,97,0.341732,-6.78832,2.10027,-3.40857,-5.74243,0.984252,1.88532,10.3672,1.41558,97,0.144316,0.176858,0.190037,0.263045,0.815484,0.335134,1.18118,4.92792,0.0849703,0,0.600878,NBA,1,Omicron,3,Boosted,0,G_NBA,G_0
919_1,-6.66083,2.10418,-3.41859,-6.04721,0.497107,1.59702,9.29116,1.47085,97,0.27634,-6.66092,2.19698,-3.34698,-5.52557,0.47009,1.96088,10.357,1.41181,97,0.294143,-6.71057,2.14524,-3.38582,-5.70294,0.556054,2.18016,10.9494,1.43957,97,0.147787,0.185179,0.206792,0.29443,0.856232,0.183519,0.774978,1.58526,0.120521,0,0.379337,NBA,3,Omicron,3,Boosted,0,G_NBA,G_0
981_1,-6.69748,2.12343,-3.37296,-6.14422,0.426282,2.35103,10.7585,1.40047,97,0.203473,-6.74018,2.14191,-3.37177,-6.01843,0.428461,2.53054,10.52,1.40546,97,0.340399,-6.70409,2.09597,-3.417,-6.00325,0.383611,2.87612,8.62155,1.42748,97,0.126843,0.176118,0.170212,0.280813,0.582042,0.155835,1.32504,4.16754,0.08253,0,0.410167,NBA,1,Omicron,3,Boosted,0,G_NBA,G_0
1047_1,-6.65339,2.24492,-3.36533,-5.84936,0.903774,2.00539,14.2645,1.4355,97,0.321932,-6.6567,2.26818,-3.38949,-5.48673,0.841909,2.42495,13.7129,1.43136,97,0.243902,-6.69267,2.28867,-3.39938,-5.29638,0.841055,2.32468,10.3937,1.41711,97,0.138313,0.149584,0.160317,0.312487,0.763472,0.203366,1.29519,5.54289,0.103156,0,0.263235,NBA,1,Delta,2,Second dose,0,G_NBA,G_0
1512_2,-6.7071,2.26319,-3.30955,-3.55318,0.701454,2.75433,15.2754,1.42999,97,0.259072,-6.75628,2.33863,-3.36762,-3.35186,0.653248,2.5055,14.184,1.4055,97,0.244831,-6.77852,2.25201,-3.3958,-3.51129,0.660268,2.1343,10.2437,1.41374,97,0.155889,0.16672,0.237736,0.243221,0.738503,0.268357,1.28537,5.25068,0.0986608,0,0.297633,NBA,2,Omicron,3,Boosted,0,G_NBA,G_0
1936_1,-6.85103,1.92897,-3.38264,-5.00104,0.568941,2.38748,12.096,1.39696,97,0.230025,-6.82671,1.88897,-3.35051,-5.58873,0.733096,2.03825,9.31144,1.41653,97,0.32871,-6.84848,1.89042,-3.41203,-5.18019,0.632724,1.77552,8.1683,1.41827,97,0.166904,0.137187,0.141107,0.293833,0.980796,0.396063,1.13185,4.15597,0.10651,0,0.523815,NBA,3,Omicron,3,Boosted,0,G_NBA,G_0
1685_1,-6.69017,1.95752,-3.36264,-6.69997,0.544838,2.26014,13.2952,1.41368,97,0.230078,-6.83354,2.11794,-3.30428,-6.6028,0.646606,2.20411,15.1214,1.40189,97,0.354772,-6.82202,2.08499,-3.39427,-6.46346,0.641832,1.92404,10.6301,1.41447,97,0.152339,0.159664,0.167387,0.32154,0.629773,0.142036,1.30812,5.81662,0.0844562,0,0.565665,NBA,3,Omicron,3,Boosted,0,G_NBA,G_0
105_1,-6.65067,2.38585,-3.43857,-4.68378,1.15513,2.24706,9.93132,1.40595,97,0.285978,-6.69516,2.46671,-3.41049,-4.74039,1.1534,2.0128,10.3055,1.42475,97,0.332817,-6.71405,2.40972,-3.43384,-4.36992,1.03294,2.25697,8.41258,1.41675,97,0.143061,0.186958,0.229149,0.286911,1.03797,0.465711,0.911392,5.15697,0.102643,0,0.516646,NBA,2,Omicron,3,Boosted,0,G_NBA,G_0
936_1,-6.74988,2.1367,-3.43186,-4.68612,0.81146,2.12136,9.47925,1.42395,97,0.302215,-6.76826,2.18671,-3.43308,-4.95443,0.813287,2.17976,8.80149,1.41439,97,0.267988,-6.79379,2.08422,-3.42123,-4.85598,0.710749,1.98734,7.88843,1.41904,97,0.152702,0.197538,0.304784,0.265871,1.33998,0.395009,1.00247,2.95364,0.109912,0,0.249675,NBA,2,Omicron,3,Boosted,0,G_NBA,G_0
794_1,-6.75589,2.17208,-3.45557,-5.91777,0.62375,1.99399,12.1148,1.42166,97,0.324683,-6.73854,2.11667,-3.34505,-6.19414,0.654216,2.17793,12.9391,1.42577,97,0.221165,-6.73865,2.12535,-3.41111,-6.00731,0.675439,2.23003,9.56034,1.42057,97,0.148891,0.166152,0.197741,0.267961,0.749501,0.242478,1.38288,5.03126,0.0895433,0,0.262141,NBA,2,Omicron,3,Boosted,0,G_NBA,G_0
155_1,-6.72442,2.35638,-3.50184,-3.52608,0.83874,4.26299,3.64827,1.40368,97,0.274533,-6.75967,2.40502,-3.56372,-3.61667,1.031,3.04156,4.01328,1.39921,97,0.267431,-6.75499,2.35656,-3.54238,-3.5567,0.828021,3.13786,2.99173,1.40303,97,0.148334,0.190866,0.251373,0.341322,0.750503,0.767494,1.17489,3.20597,0.0822818,0,0.32274,NBA,1,Delta,0,Unvaccinated,0,G_NBA,G_0
2703_1,-6.57894,2.47168,-3.52788,-4.71839,0.868176,3.71068,6.33259,1.42608,97,0.271616,-6.61459,2.42611,-3.50307,-4.67655,0.787571,3.69015,6.10524,1.43763,97,0.203227,-6.65762,2.34793,-3.46175,-4.58175,0.71022,3.72992,5.97194,1.42088,97,0.14923,0.154304,0.231792,0.286163,0.842594,0.306625,1.45566,0.579649,0.0920011,0,0.184892,NBA,1,Omicron,2,Second dose,0,G_NBA,G_0
1028_1,-6.66454,2.54636,-3.51947,-4.06214,0.982234,2.74287,7.2033,1.43668,97,0.222613,-6.65281,2.60275,-3.48403,-3.81174,0.84868,3.11862,6.26519,1.4238,97,0.218187,-6.64505,2.48576,-3.46156,-3.82744,0.788663,3.3609,5.90714,1.41256,97,0.175794,0.197037,0.250692,0.266159,0.743403,0.335731,2.0172,3.45821,0.0997266,0,0.249242,NBA,1,Omicron,2,Second dose,0,G_NBA,G_0
836_1,-6.68617,2.16389,-3.40765,-6.33563,0.739254,1.92095,13.1099,1.41359,97,0.303643,-6.764,2.24935,-3.33426,-6.22234,0.768543,2.40277,13.643,1.40129,97,0.201856,-6.75363,2.22133,-3.40543,-6.18251,0.815531,2.19202,9.57388,1.40311,97,0.151833,0.145455,0.153396,0.234448,0.691514,0.167251,1.49032,6.60982,0.0869285,0,0.252905,NBA,1,Omicron,0,Unvaccinated,0,G_NBA,G_0
2213_2,-6.67148,2.21306,-3.34693,-5.35765,0.911732,2.17298,11.8242,1.41216,97,0.268252,-6.71826,2.30948,-3.3742,-5.07619,0.903767,2.19735,12.5398,1.42124,97,0.198915,-6.71153,2.26219,-3.38793,-4.8914,0.798965,2.11422,10.039,1.41764,97,0.152968,0.173147,0.208621,0.301083,0.99844,0.408519,1.29115,7.6098,0.0990933,0,0.203774,NBA,1,Omicron,3,Boosted,0,G_NBA,G_0
2461_1,-6.71029,2.30582,-3.49113,-6.36177,0.69083,2.03062,6.9555,1.42789,97,0.269921,-6.68341,2.27488,-3.50047,-6.01929,0.610271,2.27942,7.07098,1.4264,97,0.274182,-6.70366,2.27032,-3.43863,-5.93257,0.606513,2.11911,6.92722,1.42314,97,0.155331,0.14797,0.165842,0.308916,0.646171,0.193731,0.810036,0.962723,0.0888574,0,0.22999,NBA,1,Delta,2,Second dose,0,G_NBA,G_0
1985_1,-6.71478,2.15335,-3.38728,-5.66379,0.617295,2.22687,10.3444,1.43977,97,0.261567,-6.70678,2.17767,-3.3874,-5.5123,0.652343,2.2706,11.0078,1.41579,97,0.259613,-6.71877,2.13598,-3.3976,-5.4275,0.575492,2.08657,10.2613,1.4222,97,0.154874,0.175505,0.207544,0.303338,0.816619,0.349838,1.16406,4.8614,0.0905399,0,0.366878,NBA,1,Omicron,3,Boosted,0,G_NBA,G_0
2902_2,-6.59771,2.30302,-3.40643,-5.50185,0.899894,2.32534,14.314,1.41138,97,0.211849,-6.62354,2.35308,-3.31697,-5.36885,0.927912,2.27888,15.9143,1.41123,97,0.282276,-6.65508,2.42096,-3.40063,-4.97286,0.904718,2.17287,10.2405,1.42293,97,0.151298,0.139236,0.205673,0.294771,0.862364,0.190208,1.2651,7.68177,0.0997262,0,0.335591,NBA,2,Omicron,3,Boosted,0,G_NBA,G_0
2327_3,-6.78229,2.15521,-3.48261,-4.42185,0.870446,2.77252,5.952,1.43727,97,0.52108,-6.74493,2.06564,-3.4859,-4.83639,0.914172,2.82649,5.93967,1.41299,97,0.239637,-6.80072,2.16585,-3.4691,-4.23616,0.724344,2.71398,5.48736,1.40482,97,0.162176,0.161083,0.241962,0.224829,0.76373,0.625111,1.43107,3.33538,0.0844646,0,0.255394,NBA,1,Omicron,0,Unvaccinated,0,G_NBA,G_0
2648_2,-6.73316,2.29158,-3.37614,-5.64801,0.856148,2.23979,11.6991,1.42305,97,0.274588,-6.66862,2.20776,-3.35091,-5.66635,0.801792,2.4158,11.1483,1.43187,97,0.211472,-6.71123,2.23701,-3.39813,-5.35494,0.795528,2.1356,10.2334,1.41699,97,0.155896,0.161882,0.198133,0.276687,0.913242,0.307332,1.39515,5.75473,0.108138,0,0.232893,NBA,2,Omicron,3,Boosted,0,G_NBA,G_0
1741_2,-6.75959,2.02171,-3.411,-5.45039,0.881186,2.54957,8.70257,1.40441,97,0.272773,-6.81991,2.05412,-3.44656,-5.29077,0.785223,2.6563,8.03992,1.39475,97,0.2632,-6.80896,2.01354,-3.4351,-5.07501,0.662192,2.43486,7.7179,1.41275,97,0.158143,0.143928,0.203677,0.235746,1.08009,0.487613,1.46951,2.04831,0.103258,0,0.287406,NBA,2,Omicron,3,Boosted,0,G_NBA,G_0
2298_2,-6.65655,2.73816,-3.45207,-3.26936,1.47628,2.35581,8.20565,1.44235,97,0.237708,-6.63033,2.70436,-3.48162,-3.31782,1.34679,3.19969,7.64685,1.44603,97,0.19279,-6.66391,2.68535,-3.51966,-3.22603,1.19827,2.7423,3.98927,1.4354,97,0.120531,0.155258,0.230774,0.25436,0.604175,0.592922,1.92768,5.71444,0.118128,0,0.168741,NBA,1,Omicron,3,Boosted,0,G_NBA,G_0
2376_2,-6.75413,2.13737,-3.46968,-6.58627,2.11636,2.55116,10.0073,1.41855,97,0.294403,-6.78531,2.13159,-3.41597,-6.46098,1.68685,2.49929,7.43411,1.40185,97,0.200883,-6.79433,2.08998,-3.48217,-6.13964,1.36718,2.24467,4.27354,1.4173,97,0.139513,0.104231,0.133247,0.284662,0.829817,0.936609,1.36745,4.74141,0.097904,0,0.186379,NBA,2,Omicron,2,Second dose,0,G_NBA,G_0
2502_1,-6.62156,2.30475,-3.44697,-5.45868,0.86902,2.53051,8.93219,1.42747,97,0.192549,-6.63192,2.34208,-3.43388,-5.27196,0.748048,2.89992,8.88348,1.42446,97,0.194983,-6.66555,2.35244,-3.42004,-4.84113,0.677201,2.76732,8.78335,1.42473,97,0.153633,0.173287,0.208037,0.268287,1.08732,0.264525,1.33181,1.0511,0.0968503,0,0.173807,NBA,3,Omicron,-1,No record,0,G_NBA,G_0
727_1,-6.60814,2.41587,-3.33368,-3.97312,0.464156,2.26139,13.3162,1.45358,97,0.203055,-6.58698,2.40851,-3.32964,-4.04941,0.46847,2.24412,14.1251,1.43285,97,0.256286,-6.64647,2.38477,-3.39189,-4.24364,0.51895,2.17797,10.3102,1.4276,97,0.150851,0.153851,0.195114,0.296726,0.479959,0.132164,1.07652,4.92048,0.0980133,0,0.3369,NBA,2,Omicron,3,Boosted,0,G_NBA,G_0
2507_1,-6.66907,2.17157,-3.46346,-5.4179,0.464053,2.41545,11.7609,1.40677,97,0.20919,-6.65478,2.17355,-3.34496,-5.59283,0.534966,2.49532,12.3946,1.42634,97,0.25741,-6.68018,2.19355,-3.39645,-5.35308,0.495461,2.13269,10.2399,1.41549,97,0.155957,0.195347,0.211917,0.31118,0.661024,0.202243,1.38195,5.95072,0.0947032,0,0.32544,NBA,2,Omicron,3,Boosted,0,G_NBA,G_0
193_1,-6.71006,2.60423,-3.44461,-3.01772,1.15801,2.56734,10.6307,1.43066,97,0.227905,-6.66836,2.59363,-3.44199,-3.29947,1.25695,2.69621,8.34837,1.45881,97,0.200394,-6.71874,2.5329,-3.47928,-3.26683,1.15536,2.58078,5.005,1.42818,97,0.116409,0.195732,0.303554,0.294528,0.84877,0.545713,1.51788,5.4459,0.0834987,0,0.218812,NBA,2,Omicron,3,Boosted,0,G_NBA,G_0
898_1,-6.76714,1.87491,-3.38653,-6.33789,0.915183,2.29631,13.2375,1.38879,97,0.246776,-6.82472,1.91936,-3.44475,-6.09139,0.806775,2.00427,12.1595,1.39687,97,0.318447,-6.84076,1.95479,-3.40161,-5.96272,0.97891,2.20257,10.2659,1.39948,97,0.150598,0.165998,0.176027,0.251902,0.763602,0.289291,1.05996,6.08517,0.0993179,0,0.617065,NBA,2,Omicron,3,Boosted,0,G_NBA,G_0
1001_1,-6.67048,2.46952,-3.34914,-4.88378,1.28435,2.20022,12.3598,1.42023,97,0.2529,-6.66627,2.49616,-3.37953,-4.89653,1.28241,2.53253,12.5412,1.4225,97,0.248481,-6.68783,2.46824,-3.39105,-4.8618,1.3381,2.13426,10.2586,1.42003,97,0.155872,0.168465,0.207969,0.298301,1.03841,0.293579,1.50307,5.22582,0.102034,0,0.271093,NBA,1,Omicron,3,Boosted,0,G_NBA,G_0
1052_1,-6.76651,2.37529,-3.42199,-3.61469,0.855609,2.28164,13.4085,1.41071,97,0.279953,-6.78681,2.39285,-3.4117,-3.7617,0.864873,2.02372,10.9742,1.44143,97,0.221368,-6.77536,2.30711,-3.37653,-4.00797,1.00983,2.41755,9.98745,1.40956,97,0.128137,0.177267,0.241402,0.32014,0.746215,0.360039,1.49722,5.54506,0.105434,0,0.272871,NBA,2,Omicron,2,Second dose,0,G_NBA,G_0
2326_1,-6.67055,2.40395,-3.23689,-3.76199,0.798686,2.40647,16.1258,1.4476,97,0.298723,-6.65264,2.46036,-3.33384,-3.36032,0.685284,2.57459,16.6559,1.41597,97,0.217827,-6.71664,2.39441,-3.38157,-3.86845,0.831901,2.43496,10.0103,1.41813,97,0.1207,0.157108,0.238396,0.320449,0.716025,0.244277,1.23433,6.74495,0.0866076,0,0.185366,NBA,2,Omicron,3,Boosted,0,G_NBA,G_0
690_1,-6.53428,2.55993,-3.45749,-5.36456,1.12804,1.98938,13.4434,1.45781,97,0.261277,-6.56112,2.63563,-3.34814,-5.2126,1.20814,2.38964,17.2435,1.44092,97,0.241562,-6.60671,2.62793,-3.37849,-5.06312,1.20494,2.18256,9.67516,1.43344,97,0.15662,0.168349,0.233419,0.306607,0.744423,0.19761,1.28021,6.98192,0.0886576,0,0.211003,NBA,2,Delta,2,Second dose,0,G_NBA,G_0
1726_1,-6.59557,2.49617,-3.37441,-5.08942,0.556624,2.8897,10.7865,1.43566,97,0.222684,-6.55692,2.47492,-3.39137,-5.13275,0.552897,2.62064,10.1485,1.45905,97,0.269812,-6.59275,2.43018,-3.40137,-5.01369,0.525895,2.20924,10.2315,1.43132,97,0.144374,0.154855,0.203421,0.246632,0.777246,0.161792,1.4822,2.24245,0.0965908,0,0.250605,NBA,2,Omicron,3,Boosted,0,G_NBA,G_0
2809_2,-6.79859,2.376,-3.49337,-2.74375,0.617871,2.32605,7.73719,1.39189,97,0.382494,-6.73823,2.39842,-3.51899,-2.78777,0.663051,2.7043,8.29563,1.40274,97,0.360938,-6.77136,2.35876,-3.44229,-2.81474,0.60536,2.32445,6.4056,1.39675,97,0.167959,0.167946,0.245078,0.254756,0.492913,0.257671,2.0395,4.06711,0.0941174,0,0.696975,NBA,1,Omicron,2,Second dose,0,G_NBA,G_0
2313_1,-6.57102,2.80516,-3.51348,-4.68394,2.53514,2.27367,9.97449,1.45062,97,0.254844,-6.5827,2.83579,-3.43756,-4.59916,2.56819,2.24478,9.89344,1.44431,97,0.242488,-6.63114,2.80076,-3.41703,-4.45674,2.57224,2.02463,10.1313,1.43988,97,0.157233,0.146402,0.232364,0.302547,0.76184,0.404676,1.46062,4.08627,0.0953428,0,0.334733,NBA,1,Omicron,3,Boosted,0,G_NBA,G_0
2245_1,-6.57059,2.54213,-3.31675,-4.94396,1.23498,1.95139,13.684,1.43866,97,0.234774,-6.61216,2.60933,-3.38679,-4.76704,1.21233,2.82718,12.8614,1.43536,97,0.284485,-6.6456,2.56513,-3.39884,-4.71908,1.20373,2.33644,9.94914,1.42779,97,0.151588,0.150465,0.229503,0.244877,0.766627,0.205868,2.00246,4.44594,0.0903144,0,0.363132,NBA,2,Omicron,3,Boosted,0,G_NBA,G_0
748_2,-6.66279,2.75604,-3.47335,-3.40862,1.56786,2.62313,8.54331,1.44106,97,0.219498,-6.67008,2.74645,-3.44892,-3.68425,1.63324,3.07356,8.5518,1.44529,97,0.283295,-6.65978,2.73284,-3.41626,-3.76087,1.81541,2.13681,10.4103,1.43942,97,0.178806,0.180456,0.224835,0.244321,0.888426,0.642707,2.47249,4.88281,0.104138,0,0.307043,NBA,1,Omicron,3,Boosted,0,G_NBA,G_0
1392_1,-6.58991,2.69969,-3.33654,-4.52913,1.17073,2.22196,13.4921,1.42049,97,0.315733,-6.6105,2.7413,-3.38874,-4.3524,1.14387,2.41776,13.007,1.43918,97,0.234382,-6.60038,2.62122,-3.40405,-4.3118,1.08027,2.13781,10.2889,1.43672,97,0.146964,0.170127,0.247675,0.292201,0.921286,0.370432,1.53475,5.70359,0.0958033,0,0.25056,NBA,2,Omicron,3,Boosted,0,G_NBA,G_0
402_1,-6.6345,2.36109,-3.36391,-4.48719,0.707543,2.19592,9.17581,1.43453,97,0.276502,-6.65172,2.33453,-3.41371,-5.11239,0.893315,2.04913,12.0556,1.43603,97,0.328489,-6.70197,2.39228,-3.43372,-4.90917,0.984007,2.52936,8.95277,1.43318,97,0.184747,0.184371,0.19992,0.283421,1.1915,0.315342,1.07352,5.78839,0.113294,0,0.398149,NBA,2,Delta,2,Second dose,0,G_NBA,G_0
2022_1,-6.86604,1.58473,-3.29834,-4.84732,0.401133,2.21856,13.7497,1.45329,97,0.241183,-6.95267,1.66765,-3.34299,-4.99972,0.465833,2.46523,11.9562,1.45027,97,0.255984,-6.92737,1.64041,-3.41293,-4.81778,0.414324,2.27491,9.263,1.43468,97,0.145127,0.131266,0.133071,0.284722,0.720884,0.243066,1.22989,6.52888,0.118176,0,0.285657,NBA,2,Omicron,3,Boosted,0,G_NBA,G_0
797_1,-6.63348,2.43864,-3.45787,-4.75257,0.724503,3.44543,5.79682,1.43484,97,0.254839,-6.61507,2.45545,-3.43958,-4.72378,0.825928,3.09469,6.36684,1.42352,97,0.251573,-6.64891,2.44505,-3.45063,-4.51526,0.767771,2.88983,6.12096,1.42559,97,0.155641,0.165589,0.228036,0.272113,0.868161,0.31826,1.59831,1.63978,0.101183,0,0.321382,NBA,2,Omicron,2,Second dose,0,G_NBA,G_0
2267_2,-6.67788,2.61874,-3.34466,-4.07399,1.36624,2.35142,13.2583,1.39045,97,0.206191,-6.71307,2.52054,-3.37253,-4.37676,1.39214,2.6438,13.743,1.45212,97,0.327289,-6.71374,2.47574,-3.39148,-4.26591,1.34793,2.19028,9.45663,1.41853,97,0.14076,0.193425,0.208791,0.230435,0.584082,0.25155,1.49882,4.43716,0.0950807,0,0.368543,NBA,1,Omicron,2,Second dose,0,G_NBA,G_0
3041_1,-6.77526,2.11912,-3.58318,-4.15933,0.607824,3.34413,3.99205,1.41092,97,0.297671,-6.79004,2.18313,-3.42937,-4.39782,1.07337,3.14407,5.96826,1.41417,97,0.273281,-6.8021,2.16087,-3.51471,-4.2868,0.832107,3.13807,4.16674,1.41749,97,0.14779,0.161278,0.207595,0.244859,0.660876,0.762874,1.27494,4.64089,0.0961299,0,0.462327,NBA,1,Omicron,2,Second dose,0,G_NBA,G_0
701_1,-6.64764,2.18722,-3.39213,-5.22124,0.570256,2.28144,14.1821,1.41832,97,0.296143,-6.63237,2.14014,-3.3312,-5.3736,0.583842,2.35347,13.9558,1.41224,97,0.260703,-6.73064,2.11025,-3.38815,-5.11273,0.529999,2.33026,10.9361,1.41362,97,0.158575,0.141956,0.291927,0.23613,0.987556,0.182739,1.0414,5.11003,0.103858,0,0.299535,NBA,2,Omicron,3,Boosted,0,G_NBA,G_0
2190_1,-6.7764,2.17178,-3.46155,-4.77896,0.78637,2.29253,9.58501,1.43107,97,0.334074,-6.74807,2.16771,-3.44022,-5.29214,1.08177,2.26836,10.1307,1.39934,97,0.25198,-6.78875,2.207,-3.39417,-4.84347,1.14787,2.15972,10.0913,1.39725,97,0.15211,0.152197,0.20192,0.278365,0.926751,0.594782,1.30042,6.04772,0.0816047,0,0.283728,NBA,2,Omicron,3,Boosted,0,G_NBA,G_0
2911_1,-6.68004,2.34294,-3.53369,-5.5103,1.31001,2.38561,7.90151,1.43802,97,0.212342,-6.6432,2.37123,-3.44544,-5.44306,1.30149,2.45535,7.37146,1.4237,97,0.21582,-6.67165,2.47635,-3.43114,-4.55683,1.14291,2.18201,7.12774,1.43108,97,0.148029,0.194422,0.290512,0.330774,1.02507,0.61885,1.37789,5.38537,0.0978945,0,0.216624,NBA,3,Omicron,3,Boosted,0,G_NBA,G_0
2724_1,-6.67172,2.214,-3.25286,-5.69689,0.976542,2.62279,17.2317,1.4025,97,0.201761,-6.72806,2.26569,-3.29184,-5.3916,0.955988,2.20603,16.582,1.41749,97,0.265233,-6.73632,2.25389,-3.39396,-5.09403,0.921467,2.0579,11.0139,1.41293,97,0.14104,0.16142,0.176529,0.315198,0.655521,0.242627,1.25514,8.37464,0.112673,0,0.328955,NBA,1,Omicron,2,Second dose,0,G_NBA,G_0
367_1,-6.61287,2.19432,-3.37886,-5.26153,0.699337,2.63053,13.5962,1.43053,97,0.35751,-6.64469,2.21649,-3.30504,-5.29286,0.745995,2.41515,15.1867,1.38037,97,0.280706,-6.70194,2.2722,-3.3995,-5.04207,0.725743,2.15806,10.1871,1.40644,97,0.145131,0.172215,0.179728,0.301684,0.645089,0.180384,1.25489,5.39019,0.0882881,0,0.506597,NBA,3,Omicron,3,Boosted,0,G_NBA,G_0
2103_1,-6.54946,2.75886,-3.35489,-4.77494,0.613379,2.03466,15.9584,1.4157,97,0.227666,-6.53069,2.66895,-3.3221,-4.95668,0.62565,2.45516,16.0395,1.46103,97,0.251734,-6.54428,2.60361,-3.37924,-5.0705,0.603232,2.19029,11.9517,1.44548,97,0.13652,0.157659,0.239173,0.332039,0.677199,0.166366,1.36645,4.81063,0.101558,0,0.334754,NBA,1,Delta,2,Second dose,0,G_NBA,G_0
126_1,-6.52568,2.26209,-3.34924,-5.45825,0.336173,1.92755,15.29,1.42632,97,0.275009,-6.57614,2.35589,-3.30174,-5.17901,0.325979,2.75207,17.4891,1.41972,97,0.197435,-6.59964,2.3099,-3.37292,-5.28112,0.319261,2.392,12.9634,1.43235,97,0.106994,0.155288,0.169252,0.290172,0.475602,0.0687123,1.4986,5.29661,0.0940574,0,0.243704,NBA,3,Omicron,3,Boosted,0,G_NBA,G_0
1021_1,-6.64454,2.40034,-3.45086,-5.16318,0.634563,3.35129,5.76446,1.44509,97,0.36578,-6.58982,2.36244,-3.48765,-4.86945,0.558014,3.74964,5.98432,1.44421,97,0.221338,-6.6391,2.36393,-3.47559,-4.69842,0.497278,3.65527,5.90952,1.43526,97,0.124684,0.159692,0.181571,0.279276,0.877611,0.287697,1.79955,1.25374,0.0999112,0,0.377522,NBA,1,Omicron,0,Unvaccinated,0,G_NBA,G_0
1779_2,-6.69422,2.24095,-3.33464,-5.40253,0.912942,2.59941,11.4042,1.43185,97,0.175224,-6.63735,2.20957,-3.37287,-5.31615,0.792819,2.5406,12.5551,1.41211,97,0.278006,-6.71498,2.22763,-3.39206,-5.08094,0.708067,2.20527,10.3037,1.42812,97,0.161046,0.143397,0.206322,0.294986,0.880076,0.385504,1.57542,7.15805,0.0884424,0,0.365513,NBA,1,Omicron,3,Boosted,0,G_NBA,G_0
135_1,-6.73077,2.33144,-3.44949,-4.56896,1.06502,2.13273,9.49853,1.46105,97,0.25463,-6.7055,2.26493,-3.47034,-4.78615,0.931651,2.44973,7.44892,1.43267,97,0.270138,-6.7259,2.23178,-3.48409,-4.5708,0.686564,1.8061,5.05881,1.42337,97,0.177558,0.151021,0.213647,0.316321,1.24554,0.571439,1.10664,3.69028,0.0969646,0,0.275655,NBA,2,Omicron,3,Boosted,0,G_NBA,G_0
716_2,-6.64812,2.2763,-3.5646,-4.42043,0.715539,3.47324,4.21311,1.44178,97,0.313475,-6.70697,2.43939,-3.46484,-4.79601,1.28042,2.93344,6.70397,1.40266,97,0.231423,-6.71257,2.41106,-3.52232,-4.52396,1.05549,3.2408,4.4262,1.42116,97,0.157045,0.161258,0.255898,0.274254,1.01336,0.772275,1.32442,6.95346,0.0880268,0,0.194518,NBA,1,Omicron,2,Second dose,0,G_NBA,G_0
2512_1,-6.76922,2.20066,-3.38615,-5.98209,0.625402,2.33873,15.1575,1.40572,97,0.245767,-6.71236,2.15253,-3.28208,-6.0479,0.616652,2.33419,16.6906,1.3753,97,0.343577,-6.7408,2.17028,-3.36671,-6.11404,0.680453,2.17642,12.7985,1.41419,97,0.168386,0.170105,0.196175,0.318806,0.655521,0.127624,1.47652,7.28764,0.103127,0,0.472406,NBA,2,Delta,2,Second dose,0,G_NBA,G_0
2512_2,-6.58428,2.57083,-3.43378,-3.53278,0.592591,3.83915,5.41891,1.43359,97,0.271605,-6.57505,2.62208,-3.46472,-3.85233,0.839181,2.97851,5.42095,1.44487,97,0.256562,-6.62895,2.59325,-3.47816,-3.89947,0.800194,3.11817,5.39509,1.43491,97,0.156832,0.172142,0.231077,0.271815,0.67676,0.349715,1.33708,1.2563,0.0963763,0,0.262946,NBA,2,Omicron,2,Second dose,0,G_NBA,G_0
270_1,-6.68473,2.40875,-3.44663,-5.39359,1.41918,2.57214,8.75352,1.41758,97,0.283739,-6.65254,2.33871,-3.4332,-5.12916,1.1127,2.71398,8.57463,1.43548,97,0.278119,-6.70788,2.37191,-3.44388,-4.57743,0.990578,2.45534,7.06426,1.42107,97,0.14839,0.183335,0.217024,0.298747,1.18346,0.487522,1.24087,5.23571,0.0842939,0,0.343943,NBA,2,Omicron,3,Boosted,0,G_NBA,G_0
995_1,-6.71867,2.12673,-3.3846,-5.08253,0.406951,2.37864,13.8707,1.42785,97,0.294376,-6.67719,2.09247,-3.29301,-5.14673,0.43471,2.28849,13.3603,1.40406,97,0.313835,-6.67766,2.18758,-3.41851,-4.76692,0.358327,1.93117,9.00594,1.41037,97,0.164294,0.163987,0.213187,0.307882,0.800999,0.187209,1.39292,5.14738,0.0916537,0,0.399937,NBA,2,Omicron,3,Boosted,0,G_NBA,G_0
28_1,-6.61077,2.6458,-3.28012,-4.02271,0.878099,2.43777,15.1369,1.45799,97,0.208246,-6.57762,2.55641,-3.36133,-4.35027,0.955118,2.29017,13.9338,1.45155,97,0.227549,-6.62617,2.58326,-3.38338,-4.22755,0.925806,2.1845,9.76263,1.43216,97,0.153463,0.146799,0.206058,0.244019,0.612331,0.20441,1.284,6.10074,0.0928605,0,0.277981,NBA,2,Omicron,3,Boosted,0,G_NBA,G_0
1596_1,-6.56623,2.36133,-3.3376,-4.65768,0.354088,2.49877,18.3975,1.45984,97,0.366539,-6.55245,2.39377,-3.31245,-4.79631,0.392135,2.31025,16.5751,1.44873,97,0.271708,-6.58396,2.37742,-3.37123,-4.65839,0.36675,2.16762,11.6628,1.43238,97,0.144123,0.178814,0.230188,0.238648,0.739046,0.100382,1.11398,5.36259,0.114625,0,0.465011,NBA,2,Omicron,3,Boosted,0,G_NBA,G_0
1924_1,-6.61891,2.64111,-3.41852,-3.60435,0.63402,1.80046,10.1517,1.4378,97,0.329314,-6.55835,2.54433,-3.40535,-4.01843,0.760682,2.26204,12.0376,1.42805,97,0.305217,-6.61759,2.55831,-3.38091,-3.75813,0.658163,1.65709,10.0399,1.43172,97,0.171422,0.181921,0.225076,0.309686,0.689885,0.209999,1.44814,4.172,0.0926405,0,0.355694,NBA,3,Omicron,3,Boosted,0,G_NBA,G_0
385_1,-6.61868,2.36226,-3.31957,-5.30272,0.529937,2.7809,14.2214,1.43764,97,0.190435,-6.63264,2.43802,-3.34005,-5.15911,0.451463,1.6669,12.1155,1.41261,97,0.23129,-6.61727,2.40307,-3.34124,-5.19124,0.501658,1.50441,12.5294,1.43224,97,0.133457,0.168834,0.235859,0.243116,0.808184,0.137881,0.853247,2.23885,0.0935768,0,0.284094,NBA,3,Omicron,2,Second dose,0,G_NBA,G_0
1296_2,-6.69208,2.5678,-3.45366,-2.46147,0.666139,2.60036,8.06787,1.45019,97,0.230265,-6.69657,2.41525,-3.44462,-2.67211,0.620977,2.47328,7.77395,1.43441,97,0.214613,-6.71473,2.432,-3.44822,-2.63629,0.570818,2.23145,6.41118,1.43227,97,0.140799,0.194151,0.23936,0.256233,0.435158,0.229291,1.35785,3.25086,0.101825,0,0.212534,NBA,2,Omicron,3,Boosted,0,G_NBA,G_0
98_1,-6.66295,2.30756,-3.40404,-5.86257,0.558728,2.46081,13.3583,1.40493,97,0.233975,-6.65101,2.27212,-3.43504,-5.99343,0.525956,2.04698,12.8415,1.3999,97,0.275069,-6.66257,2.28145,-3.39913,-5.6966,0.50843,1.84333,9.61126,1.40886,97,0.155009,0.157967,0.168946,0.277314,0.61007,0.119109,1.21576,5.5386,0.0983941,0,0.266902,NBA,2,Omicron,3,Boosted,0,G_NBA,G_0
2232_2,-6.7521,2.25533,-3.40389,-2.60694,0.259264,2.42766,9.20132,1.38875,97,0.393827,-6.77368,2.02891,-3.41072,-3.18499,0.285448,2.34846,9.13245,1.41178,97,0.305492,-6.7523,2.11025,-3.4146,-2.88329,0.244016,2.33169,8.99393,1.40383,97,0.182512,0.207653,0.240301,0.260442,0.609894,0.127025,0.961118,0.876762,0.0958762,0,0.341195,NBA,1,Omicron,3,Boosted,0,G_NBA,G_0
3018_2,-6.6245,2.55985,-3.34957,-3.76641,0.588694,2.54832,14.7507,1.42779,97,0.310443,-6.59176,2.45446,-3.36985,-4.37084,0.682834,2.51315,15.1793,1.43357,97,0.253802,-6.65211,2.44287,-3.40062,-4.37665,0.71683,2.44107,10.352,1.43116,97,0.137288,0.158057,0.224691,0.283416,0.962894,0.248966,1.51677,5.36005,0.0909322,0,0.275441,NBA,2,Omicron,3,Boosted,0,G_NBA,G_0
2382_1,-6.76514,2.26362,-3.39693,-5.02314,1.14267,2.68647,10.4024,1.43113,97,0.256655,-6.77602,2.28482,-3.33955,-4.66938,0.99899,2.25237,11.3167,1.41829,97,0.265391,-6.76222,2.25698,-3.42443,-4.50099,0.951741,2.03595,8.96904,1.4183,97,0.123259,0.15899,0.18535,0.259263,0.695769,0.29491,1.33571,5.91481,0.0960873,0,0.464049,NBA,2,Omicron,2,Second dose,0,G_NBA,G_0
837_1,-6.67648,2.13722,-3.35446,-5.89549,0.609046,2.65535,14.8881,1.41891,97,0.200544,-6.74035,2.19597,-3.32319,-5.80431,0.70774,2.27501,16.0942,1.39904,97,0.263576,-6.70874,2.18688,-3.39245,-5.73504,0.694371,2.13591,10.5723,1.40577,97,0.148174,0.153705,0.192472,0.271964,0.699649,0.145797,1.13159,5.65374,0.101653,0,0.389694,NBA,3,Omicron,3,Boosted,0,G_NBA,G_0
2956_1,-6.6399,2.41322,-3.36769,-4.22282,0.663176,2.34026,14.2748,1.40244,97,0.250385,-6.64538,2.4964,-3.3125,-4.16153,0.731607,2.41492,15.2498,1.39194,97,0.23662,-6.6644,2.44554,-3.38769,-4.15533,0.706356,2.22643,10.333,1.4054,97,0.138029,0.203512,0.262336,0.27082,0.774941,0.192282,1.35203,6.09717,0.0887999,0,0.284644,NBA,2,Omicron,3,Boosted,0,G_NBA,G_0
2792_1,-6.69791,2.217,-3.45851,-4.76078,0.547687,2.62354,15.1212,1.42746,97,0.368799,-6.72084,2.19473,-3.34974,-5.22291,0.661045,2.11013,15.282,1.4135,97,0.288403,-6.73381,2.16136,-3.38676,-5.07717,0.637705,1.90111,10.9589,1.42385,97,0.151608,0.159073,0.184139,0.256477,0.703074,0.154462,1.10669,5.77779,0.0933642,0,0.423375,NBA,3,Omicron,3,Boosted,0,G_NBA,G_0
213_1,-6.59489,2.43487,-3.35764,-4.62632,0.781454,2.40504,14.3512,1.426,97,0.222504,-6.61458,2.52803,-3.31874,-4.299,0.747057,2.68533,15.7523,1.40347,97,0.25613,-6.67032,2.39064,-3.38582,-4.47563,0.713241,2.27001,10.9998,1.42938,97,0.143165,0.210884,0.243447,0.253241,0.598777,0.176462,1.59878,6.03274,0.101193,0,0.358445,NBA,2,Omicron,3,Boosted,0,G_NBA,G_0
1438_1,-6.85231,2.01325,-3.49276,-4.58149,0.539442,2.19723,11.2266,1.40236,97,0.258352,-6.75169,1.88198,-3.39512,-4.68882,0.493788,2.40671,11.5246,1.42006,97,0.250078,-6.84781,1.90608,-3.39196,-4.68733,0.523834,2.18815,10.3191,1.4288,97,0.143608,0.163518,0.204667,0.295246,0.796455,0.278452,1.22505,5.74366,0.0840204,0,0.226648,NBA,2,Omicron,3,Boosted,0,G_NBA,G_0
3026_1,-6.70486,2.32405,-3.3832,-5.40417,1.30005,2.38156,10.1932,1.41972,97,0.263723,-6.70161,2.30085,-3.46176,-5.40025,1.231,2.9436,8.96016,1.40725,97,0.323407,-6.7255,2.28851,-3.46371,-4.99197,1.14676,2.66154,6.70782,1.41436,97,0.150988,0.197043,0.224696,0.26245,1.07793,0.461055,1.59018,5.80063,0.085084,0,0.409451,NBA,1,Omicron,3,Boosted,0,G_NBA,G_0
47_1,-6.66425,2.41792,-3.43357,-5.26217,0.985976,1.9487,7.94878,1.42351,97,0.184705,-6.60408,2.32075,-3.43635,-4.98291,0.815568,2.46313,7.44697,1.42186,97,0.441302,-6.65938,2.36052,-3.44457,-4.75358,0.706667,1.8175,6.00682,1.42177,97,0.15321,0.162428,0.186849,0.290062,0.745431,0.375252,0.901409,2.3712,0.0956705,0,0.648136,NBA,1,Omicron,3,Boosted,0,G_NBA,G_0
909_1,-6.61303,2.34476,-3.44092,-5.52662,0.993252,2.60786,7.81585,1.41861,97,0.195402,-6.62588,2.35955,-3.44356,-5.22164,0.850537,2.59377,7.40773,1.41964,97,0.254923,-6.6703,2.37138,-3.44899,-4.96313,0.765028,2.41465,6.48282,1.42973,97,0.149372,0.1503,0.199623,0.304802,0.771999,0.329016,1.15469,3.8348,0.101629,0,0.657753,NBA,2,Omicron,3,Boosted,0,G_NBA,G_0
564_1,-6.60826,2.59873,-3.50911,-4.68963,1.35462,1.88064,8.74278,1.41091,97,0.296663,-6.64969,2.5983,-3.48494,-4.63512,1.30962,2.28785,10.7342,1.44783,97,0.272318,-6.67101,2.56674,-3.45959,-4.08886,1.18965,2.28899,7.81994,1.43036,97,0.126821,0.158032,0.1881,0.27723,1.11916,0.500832,0.989206,7.03268,0.0770845,0,0.391519,NBA,2,Omicron,3,Boosted,0,G_NBA,G_0
330_2,-6.68522,2.43498,-3.36929,-2.99757,0.645302,2.1507,12.0457,1.4198,97,0.235218,-6.68206,2.52764,-3.38646,-3.03518,0.800812,2.32913,12.9757,1.42769,97,0.2863,-6.70386,2.4876,-3.39948,-3.0652,0.738169,2.02271,10.1789,1.42572,97,0.162993,0.166402,0.287171,0.273969,0.714919,0.311053,1.395,5.41043,0.106094,0,0.276987,NBA,2,Omicron,3,Boosted,0,G_NBA,G_0
1747_1,-6.68706,2.23389,-3.42066,-5.47315,0.633272,2.39722,14.8442,1.41976,97,0.392983,-6.68145,2.20559,-3.4302,-5.44139,0.612539,2.25385,12.8048,1.42351,97,0.345675,-6.70203,2.20642,-3.41016,-5.25789,0.599383,2.11907,9.24281,1.42087,97,0.154562,0.181878,0.198496,0.229082,0.979323,0.175655,1.17486,4.46729,0.105001,0,0.457226,NBA,2,Omicron,3,Boosted,0,G_NBA,G_0
190_1,-6.61193,2.35034,-3.33321,-5.50076,1.01393,2.26328,11.8549,1.42562,97,0.278971,-6.63571,2.41918,-3.39099,-5.39782,0.997437,2.35397,10.5358,1.4272,97,0.308004,-6.66895,2.39963,-3.40895,-5.06359,0.956105,2.22556,9.09804,1.42039,97,0.161973,0.176196,0.201468,0.288306,1.03292,0.2682,1.16704,3.93209,0.0930805,0,0.502681,NBA,2,Omicron,3,Boosted,0,G_NBA,G_0
471_2,-6.79025,2.09896,-3.39918,-4.95641,1.07638,3.59825,7.273,1.406,97,0.392099,-6.78211,2.09702,-3.41882,-5.16922,1.22384,2.62362,7.69867,1.39294,97,0.301403,-6.82646,2.10947,-3.45368,-4.84811,1.0565,2.92462,6.62943,1.40478,97,0.159448,0.159019,0.185391,0.256754,0.846996,0.583267,1.40421,3.16752,0.102767,0,0.537948,NBA,2,Omicron,2,Second dose,0,G_NBA,G_0
513_1,-6.64651,2.30163,-3.32193,-5.39462,0.773714,2.13289,11.9089,1.42761,97,0.220868,-6.65391,2.33893,-3.36213,-5.24444,0.799592,2.20502,12.1317,1.42177,97,0.231423,-6.66685,2.37731,-3.40396,-5.00485,0.822529,2.14673,10.2022,1.42512,97,0.154057,0.158096,0.19836,0.230842,0.933547,0.264132,1.31691,5.40392,0.0904726,0,0.236884,NBA,1,Omicron,3,Boosted,0,G_NBA,G_0
2934_1,-6.6592,2.34063,-3.3832,-5.05138,0.467246,1.91155,11.1619,1.45012,97,0.374843,-6.60692,2.27538,-3.37901,-5.15569,0.437143,2.43322,11.7146,1.44312,97,0.346308,-6.63186,2.31649,-3.38243,-4.95454,0.445473,2.19503,11.7159,1.42207,97,0.164202,0.151269,0.159778,0.273374,0.684729,0.128043,1.56938,3.03083,0.0861214,0,0.377601,NBA,3,Omicron,3,Boosted,0,G_NBA,G_0
912_2,-6.57468,2.79991,-3.42349,-5.07333,2.38786,2.24518,10.7984,1.44912,97,0.27484,-6.53984,2.78428,-3.43742,-5.28783,2.39034,2.733,10.8752,1.43551,97,0.306777,-6.6113,2.75897,-3.41856,-4.83107,2.358,2.11654,10.0644,1.438,97,0.161252,0.181923,0.243695,0.299766,0.951651,0.336777,1.84099,6.10114,0.102232,0,0.32239,NBA,1,Omicron,3,Boosted,0,G_NBA,G_0
3045_1,-6.82708,1.99552,-3.39401,-4.44061,0.599345,2.30975,14.3288,1.40967,97,0.293157,-6.7925,1.9607,-3.3119,-4.54402,0.5984,2.56765,14.6152,1.41143,97,0.260875,-6.84603,1.98291,-3.39869,-4.53746,0.632806,2.135,10.2149,1.40949,97,0.157956,0.166861,0.193985,0.26919,0.535251,0.225975,1.65333,6.4525,0.116562,0,0.317796,NBA,2,Omicron,3,Boosted,0,G_NBA,G_0
2526_1,-6.76327,2.20153,-3.34258,-3.70943,0.506913,2.29844,8.47235,1.40133,97,0.322011,-6.76403,2.24871,-3.38893,-3.73877,0.54405,1.92683,8.01465,1.45277,97,0.203228,-6.75723,2.16609,-3.44188,-3.7351,0.428385,1.78953,6.96752,1.41344,97,0.155338,0.186739,0.236452,0.268816,0.557882,0.25357,0.810946,4.07795,0.103767,0,0.180063,NBA,2,Omicron,-1,No record,0,G_NBA,G_0
474_1,-6.93884,2.07662,-3.46765,-5.99004,1.18395,2.01549,11.2096,1.4185,97,0.197737,-6.82058,1.97106,-3.44606,-6.37618,1.16684,1.70952,10.2026,1.41854,97,0.289761,-6.77751,1.89548,-3.46308,-6.45366,1.01724,1.47847,6.4999,1.42465,97,0.163115,0.11886,0.136137,0.296568,0.832216,0.617933,0.802956,5.83878,0.0869454,0,0.375581,NBA,2,Delta,3,Boosted,0,G_NBA,G_0
2588_1,-6.62528,2.70687,-3.44922,-4.09563,0.661227,2.47754,8.01639,1.44123,97,0.335335,-6.57347,2.59369,-3.42419,-4.35263,0.705262,2.98435,8.62327,1.44953,97,0.286325,-6.59844,2.53557,-3.43305,-4.29507,0.663811,2.80676,8.37118,1.43623,97,0.164368,0.153132,0.205797,0.22036,0.650766,0.24973,1.40348,2.46761,0.100118,0,0.295492,NBA,2,Omicron,3,Boosted,0,G_NBA,G_0
2705_2,-6.68365,2.24897,-3.43578,-2.7499,0.245459,2.35356,13.8346,1.44157,97,0.218748,-6.69961,2.44673,-3.37171,-2.50983,0.297662,2.53727,14.1906,1.45507,97,0.317427,-6.71663,2.22815,-3.39541,-2.92247,0.283211,2.1441,10.267,1.42148,97,0.155135,0.189257,0.316273,0.239579,0.712407,0.113027,1.43059,5.35688,0.0985312,0,0.345369,NBA,1,Omicron,3,Boosted,0,G_NBA,G_0
2729_1,-6.57894,2.73168,-3.39716,-5.09303,2.01865,2.75067,8.42898,1.46798,97,0.215391,-6.55164,2.73558,-3.45062,-5.06588,2.10561,2.44819,9.90103,1.45741,97,0.171882,-6.61189,2.77104,-3.43002,-4.87427,2.31079,2.09656,10.1319,1.43623,97,0.155486,0.178677,0.213948,0.274282,1.12586,0.558926,1.3055,5.60868,0.0909481,0,0.152997,NBA,1,Omicron,2,Second dose,0,G_NBA,G_0
2196_2,-6.72487,2.31809,-3.47836,-5.6447,1.68306,2.81648,5.98195,1.41622,97,0.206334,-6.65985,2.23751,-3.50418,-5.44837,1.37043,2.90927,4.81772,1.41676,97,0.206675,-6.7566,2.32383,-3.49,-4.82389,1.27394,2.99511,4.27283,1.40649,97,0.1468,0.178452,0.213123,0.279754,1.00753,0.580856,1.31052,2.67352,0.101071,0,0.29383,NBA,1,Omicron,3,Boosted,0,G_NBA,G_0
609_2,-6.72246,2.43818,-3.37527,-3.80949,1.08535,2.46262,14.9994,1.41474,97,0.367149,-6.7847,2.40006,-3.30028,-3.92629,1.07822,2.64241,15.6313,1.41978,97,0.286457,-6.76522,2.33343,-3.36718,-4.01029,1.0657,2.18431,10.4165,1.4067,97,0.163077,0.148921,0.204833,0.295452,0.513937,0.186086,1.52457,5.05069,0.0966982,0,0.312727,NBA,1,Omicron,2,Second dose,0,G_NBA,G_0
68_2,-6.74156,2.21023,-3.37676,-2.56554,0.297688,2.10884,14.7238,1.41679,97,0.265486,-6.72622,2.2145,-3.41174,-2.64174,0.326073,2.37005,16.1451,1.40302,97,0.278648,-6.76871,2.19309,-3.39368,-2.78967,0.355518,2.13484,10.2602,1.40754,97,0.155032,0.16639,0.257855,0.276359,0.516488,0.128659,1.20942,5.37907,0.0955185,0,0.447916,NBA,1,Omicron,3,Boosted,0,G_NBA,G_0
2520_1,-6.59941,2.38897,-3.41534,-5.61195,0.862487,2.43619,14.1308,1.43289,97,0.266874,-6.64825,2.44104,-3.41299,-5.44131,0.859087,2.53646,12.5322,1.42957,97,0.252567,-6.64833,2.41872,-3.399,-5.37718,0.893543,2.14864,10.2701,1.42639,97,0.151544,0.164312,0.200997,0.324375,0.836729,0.211611,1.59135,4.14921,0.0954695,0,0.270912,NBA,1,Omicron,3,Boosted,0,G_NBA,G_0
1580_1,-6.65167,2.11532,-3.4559,-6.10562,0.758993,2.54531,11.4604,1.37846,97,0.182796,-6.67643,2.16446,-3.45779,-5.68162,0.69419,2.36107,10.5212,1.39717,97,0.211694,-6.72512,2.17605,-3.39372,-5.61014,0.730548,2.34792,10.691,1.41189,97,0.153567,0.161243,0.172657,0.264156,0.738249,0.207847,1.10763,1.54328,0.101156,0,0.229332,NBA,2,Omicron,3,Boosted,0,G_NBA,G_0
851_1,-6.70204,2.22832,-3.43032,-4.12042,0.790228,2.29821,12.7129,1.4022,97,0.248301,-6.70384,2.25711,-3.44495,-4.0024,0.709635,2.04766,11.4336,1.41871,97,0.251569,-6.75263,2.2987,-3.39955,-4.00294,0.789546,2.06996,9.7207,1.40554,97,0.157556,0.148934,0.206534,0.262157,0.427929,0.205965,1.14735,4.2569,0.0909839,0,0.38236,NBA,3,Omicron,3,Boosted,0,G_NBA,G_0
2310_1,-6.70334,2.49436,-3.12082,-3.08059,0.762728,2.11794,18.3658,1.43027,97,0.314931,-6.70806,2.34744,-3.19013,-3.28254,0.670485,2.42346,18.1542,1.44311,97,0.36845,-6.7449,2.33653,-3.22774,-3.18378,0.616398,2.09242,15.0954,1.40974,97,0.155273,0.16097,0.252391,0.285138,0.808689,0.175589,1.39332,7.42126,0.111535,0,0.602143,NBA,3,Delta,2,Second dose,0,G_NBA,G_0
2310_2,-6.62483,2.5214,-3.38058,-3.31267,0.705526,2.33127,9.6438,1.4323,97,0.214671,-6.67561,2.51626,-3.40509,-3.49815,0.833005,2.48557,11.0688,1.4417,97,0.208778,-6.70596,2.4684,-3.41588,-3.71561,0.952581,2.26959,10.2349,1.42378,97,0.15075,0.190777,0.262143,0.305225,0.592847,0.294978,1.47587,6.58877,0.109447,0,0.201682,NBA,3,Omicron,2,Second dose,0,G_NBA,G_0
50_1,-6.65679,2.37032,-3.44026,-5.98663,1.05184,2.22039,11.6998,1.43583,97,0.237476,-6.6703,2.4268,-3.36964,-5.70763,1.06986,2.41111,12.6813,1.42878,97,0.245235,-6.67164,2.39044,-3.3931,-5.56327,1.02673,2.15268,10.2638,1.4189,97,0.152129,0.206715,0.211544,0.27387,0.727413,0.292553,1.4594,6.48486,0.0923892,0,0.271831,NBA,2,Omicron,3,Boosted,0,G_NBA,G_0
1730_1,-6.67533,2.34757,-3.34416,-4.93489,0.815644,2.67125,8.37394,1.4158,97,0.24025,-6.70914,2.33971,-3.43358,-4.7057,0.689231,3.29125,7.36785,1.41401,97,0.365534,-6.67463,2.33893,-3.4348,-4.5445,0.610743,3.01086,7.20983,1.40829,97,0.184182,0.15996,0.209436,0.252334,0.803904,0.312517,1.74783,1.42148,0.092969,0,0.517068,NBA,1,Omicron,0,Unvaccinated,0,G_NBA,G_0
2374_1,-6.69347,2.33569,-3.45932,-5.64707,1.00756,2.21742,8.47905,1.40614,97,0.308503,-6.63298,2.28376,-3.45041,-5.65988,1.03328,2.35294,8.08735,1.42514,97,0.287127,-6.68205,2.3493,-3.46741,-5.33807,0.931701,2.21198,5.64391,1.41601,97,0.147725,0.193423,0.281381,0.283842,0.985498,0.45217,1.02091,4.94786,0.0919287,0,0.310558,NBA,2,Delta,2,Second dose,0,G_NBA,G_0
21_2,-6.64672,2.40348,-3.32175,-4.48048,0.64071,1.91421,9.86958,1.40315,97,0.281607,-6.64469,2.33765,-3.44513,-4.59161,0.609479,1.93462,9.56976,1.41282,97,0.248642,-6.66754,2.34215,-3.39647,-4.50929,0.579942,1.76495,9.61418,1.42235,97,0.156008,0.167808,0.212683,0.263422,0.476043,0.163944,1.15859,1.93296,0.10561,0,0.37357,NBA,1,Omicron,2,Second dose,0,G_NBA,G_0
1871_1,-6.72944,2.23967,-3.34582,-4.39196,0.772809,2.39616,11.5621,1.40745,97,0.21378,-6.71409,2.23903,-3.33474,-4.37973,0.799558,2.33001,12.7671,1.38852,97,0.290232,-6.75986,2.23183,-3.38742,-4.43097,0.772803,2.09939,10.1156,1.40879,97,0.160046,0.157461,0.174994,0.258063,0.53304,0.21011,1.04891,3.63581,0.0999728,0,0.415554,NBA,2,Delta,2,Second dose,0,G_NBA,G_0
1413_1,-6.73417,2.18795,-3.39237,-5.91412,0.881031,2.3505,14.2911,1.41689,97,0.194151,-6.69623,2.11666,-3.4116,-6.12667,0.834279,2.04297,13.7967,1.42025,97,0.277265,-6.75158,2.16775,-3.40633,-5.95888,1.02175,2.18735,10.1485,1.41846,97,0.174603,0.177018,0.190148,0.267671,0.938385,0.257886,1.42484,7.8663,0.0950477,0,0.425675,NBA,2,Omicron,3,Boosted,0,G_NBA,G_0
1900_1,-6.59173,2.68729,-3.43804,-4.92854,1.16212,2.25334,10.5225,1.42613,97,0.260115,-6.57243,2.66354,-3.3303,-5.27123,1.33096,2.28848,11.4608,1.44291,97,0.246235,-6.59637,2.64017,-3.39526,-5.12681,1.36893,2.07819,10.3078,1.43152,97,0.160472,0.17861,0.235776,0.26661,0.80921,0.354171,1.2227,8.01287,0.0877617,0,0.270928,NBA,2,Delta,2,Second dose,0,G_NBA,G_0
2981_1,-6.81969,1.93647,-3.39423,-7.0508,0.608877,1.71928,9.16788,1.43979,97,0.287574,-6.77577,1.90088,-3.47899,-6.86622,0.633015,1.97143,10.4008,1.45349,97,0.192561,-6.85829,1.96561,-3.4276,-6.62103,0.523939,1.73441,7.2824,1.41326,97,0.136905,0.182339,0.184486,0.282466,0.670169,0.250311,0.930516,4.12339,0.100585,0,0.187295,NBA,2,Omicron,3,Boosted,0,G_NBA,G_0
2822_1,-6.66321,2.3756,-3.4648,-5.85829,1.0817,2.25312,10.9391,1.40114,97,0.313029,-6.62226,2.31682,-3.40233,-5.61884,0.964174,2.32448,10.6238,1.43642,97,0.299771,-6.66443,2.37891,-3.39295,-5.25398,0.987405,2.56051,9.64979,1.41955,97,0.149051,0.162952,0.184095,0.247863,0.996472,0.284775,1.65131,3.7587,0.103925,0,0.255889,NBA,2,Omicron,3,Boosted,0,G_NBA,G_0
2268_2,-6.77187,2.27772,-3.52753,-3.63469,0.703409,2.55416,6.39963,1.43105,97,0.236534,-6.74649,2.23724,-3.47304,-3.59773,0.609668,3.03473,7.4044,1.42252,97,0.249669,-6.76943,2.20519,-3.46551,-3.54913,0.491494,2.74085,5.91288,1.41183,97,0.151519,0.203888,0.246675,0.261962,0.59687,0.321241,1.55769,4.98505,0.110306,0,0.374346,NBA,1,Omicron,2,Second dose,0,G_NBA,G_0
1481_1,-6.72574,2.22471,-3.41689,-5.02248,0.969413,2.20735,10.8572,1.39967,97,0.25354,-6.73081,2.26275,-3.41442,-4.9747,0.99082,2.33908,11.5626,1.39794,97,0.290009,-6.76755,2.23107,-3.40207,-4.7638,0.928791,2.32039,10.3334,1.41293,97,0.149465,0.162099,0.1915,0.26251,0.859554,0.426087,1.32919,6.23623,0.0924697,0,0.424455,NBA,1,Omicron,2,Second dose,0,G_NBA,G_0
2488_1,-6.76282,2.07645,-3.41437,-6.14839,0.408724,2.11687,14.045,1.42175,97,0.283897,-6.71435,2.01394,-3.32368,-6.36452,0.386003,2.20114,13.3809,1.42521,97,0.3159,-6.74554,2.02718,-3.38296,-6.11315,0.355338,1.76501,11.1422,1.43925,97,0.157158,0.141317,0.153422,0.246019,0.676595,0.0928304,1.43879,3.26378,0.110086,0,0.378616,NBA,2,Delta,2,Second dose,0,G_NBA,G_0
2488_2,-6.67473,2.09127,-3.34627,-5.93818,0.472614,2.25704,14.9116,1.43089,97,0.216793,-6.7257,2.14126,-3.39178,-5.80438,0.484057,2.50211,13.6633,1.40303,97,0.276146,-6.70777,2.10694,-3.40919,-5.61809,0.4655,2.27219,9.98771,1.40667,97,0.12962,0.1286,0.148709,0.266012,0.678362,0.145888,1.30231,4.97443,0.0998766,0,0.329958,NBA,2,Omicron,3,Boosted,0,G_NBA,G_0
517_2,-6.7078,2.11012,-3.4878,-6.37051,0.905779,3.09807,7.88721,1.40376,97,0.240421,-6.72998,2.18614,-3.44365,-6.17974,0.768148,2.01239,6.42588,1.42221,97,0.314705,-6.71131,2.15731,-3.44113,-5.85652,0.631845,1.9163,6.00416,1.41362,97,0.185103,0.150082,0.201204,0.286711,0.809799,0.293224,0.969459,1.31791,0.1128,0,0.42968,NBA,2,Omicron,2,Second dose,0,G_NBA,G_0
1520_2,-6.70173,2.24431,-3.45978,-5.6673,0.971317,3.34471,6.02354,1.40783,97,0.333896,-6.69876,2.21202,-3.46533,-5.69157,0.947249,2.88313,6.49637,1.40781,97,0.25338,-6.71598,2.26382,-3.46375,-5.20114,0.857453,2.90666,5.85535,1.4035,97,0.164404,0.154637,0.189541,0.285763,0.986426,0.407014,1.13323,4.44845,0.0915948,0,0.293175,NBA,2,Omicron,2,Second dose,0,G_NBA,G_0
2125_1,-6.67808,2.40995,-3.50132,-3.46006,0.635785,2.36066,7.37021,1.43499,97,0.372248,-6.67083,2.48695,-3.4241,-3.20636,0.589517,2.63979,6.87892,1.42127,97,0.27074,-6.6895,2.40093,-3.43556,-3.33227,0.553565,2.44171,6.65814,1.41868,97,0.164154,0.178737,0.258528,0.226532,0.652794,0.248148,1.20967,1.30678,0.0942166,0,0.271985,NBA,3,Omicron,3,Boosted,0,G_NBA,G_0
1040_1,-6.63768,2.49043,-3.36303,-4.47195,0.767119,2.3344,12.1709,1.4365,97,0.253254,-6.60093,2.40278,-3.38591,-4.42437,0.704919,2.55211,11.8942,1.45471,97,0.438292,-6.67144,2.40376,-3.39858,-4.43077,0.691155,2.22465,9.00212,1.42587,97,0.170317,0.177836,0.240239,0.274927,0.775648,0.188019,1.90689,3.66033,0.0970066,0,0.907462,NBA,3,Omicron,3,Boosted,0,G_NBA,G_0
520_1,-6.73864,2.31107,-3.46689,-4.27363,1.02304,2.9256,6.30093,1.40264,97,0.243394,-6.7475,2.29181,-3.46695,-3.98583,0.79349,2.83494,5.73763,1.41811,97,0.270185,-6.75261,2.2681,-3.4759,-3.87839,0.696429,2.70008,5.12232,1.4133,97,0.160978,0.164715,0.228869,0.251231,0.714261,0.419515,1.25828,3.21997,0.0966291,0,0.308686,NBA,2,Omicron,3,Boosted,0,G_NBA,G_0
662_1,-6.69167,2.24577,-3.38314,-5.62057,0.473683,2.23801,13.5663,1.41814,97,0.286942,-6.62071,2.23224,-3.30344,-5.5475,0.448364,2.14256,14.649,1.4265,97,0.270999,-6.69054,2.15662,-3.40105,-5.69465,0.478015,2.03051,9.2023,1.41266,97,0.168074,0.180306,0.227784,0.297834,0.68053,0.134331,1.11194,6.33877,0.0952723,0,0.255768,NBA,1,Omicron,3,Boosted,0,G_NBA,G_0
167_1,-6.72488,2.23522,-3.30471,-4.85532,0.897584,2.9346,14.3981,1.4177,97,0.239408,-6.74718,2.24281,-3.30305,-4.49014,0.725769,2.22149,14.3213,1.40901,97,0.213674,-6.75719,2.22125,-3.40683,-4.31252,0.674606,1.96848,10.3282,1.41665,97,0.127699,0.12712,0.165534,0.292723,0.824648,0.286858,1.43186,6.23883,0.0791219,0,0.266458,NBA,2,Omicron,3,Boosted,0,G_NBA,G_0
813_1,-6.69812,2.29202,-3.42948,-2.97771,0.328127,2.45177,7.88352,1.44225,97,0.224399,-6.62717,2.26563,-3.43881,-3.02883,0.355627,2.6148,8.13977,1.42431,97,0.302169,-6.69784,2.29381,-3.42195,-2.9276,0.326103,2.44814,8.00595,1.42115,97,0.160005,0.179196,0.255488,0.246728,0.490455,0.126477,1.23667,0.769966,0.125607,0,0.386677,NBA,2,Omicron,3,Boosted,0,G_NBA,G_0
730_1,-6.76881,1.91394,-3.39411,-6.15831,0.962552,2.33703,13.8164,1.40825,97,0.393523,-6.79677,1.94867,-3.39514,-6.18149,1.01869,2.55488,14.4115,1.39877,97,0.330927,-6.83799,1.97939,-3.40153,-5.58204,0.960644,2.13708,10.2316,1.39934,97,0.152103,0.100849,0.107328,0.314052,0.883328,0.312784,1.47571,6.42756,0.104794,0,0.778434,NBA,2,Omicron,3,Boosted,0,G_NBA,G_0
101_1,-6.65197,2.47907,-3.42201,-4.72372,1.03646,2.31431,10.6385,1.41574,97,0.201535,-6.58239,2.3708,-3.47288,-4.92681,0.944404,2.70543,8.02215,1.43852,97,0.281648,-6.67484,2.4303,-3.45965,-4.52896,0.882002,2.7418,7.44768,1.4235,97,0.145366,0.18009,0.242803,0.28481,0.838657,0.340883,1.43222,3.70247,0.101098,0,0.398141,NBA,2,Omicron,3,Boosted,0,G_NBA,G_0
2629_2,-6.70619,1.85253,-3.43248,-5.90271,0.974298,2.69707,5.93532,1.40787,97,0.213762,-6.74272,1.87076,-3.47854,-5.64569,0.709137,2.46199,5.31311,1.41812,97,0.236165,-6.80485,1.90787,-3.46854,-5.20333,0.618735,2.43834,5.30482,1.40981,97,0.172831,0.159668,0.175623,0.263623,0.991322,0.322867,1.07258,2.83861,0.107609,0,0.236559,NBA,1,Omicron,2,Second dose,0,G_NBA,G_0
184_1,-6.69513,2.25235,-3.43663,-3.59121,0.391269,2.54194,9.19396,1.42042,97,0.322221,-6.71672,2.3942,-3.42318,-3.38436,0.425859,2.53545,9.2216,1.40656,97,0.229292,-6.70542,2.30608,-3.40576,-3.64942,0.477632,2.83796,9.70129,1.42073,97,0.1558,0.174733,0.289783,0.283942,0.533986,0.150332,1.29709,0.927044,0.0987341,0,0.262236,NBA,1,Omicron,2,Second dose,0,G_NBA,G_0
2684_1,-6.64651,2.59363,-3.52615,-4.00739,1.0623,3.44439,4.77286,1.41132,97,0.2503,-6.64647,2.50657,-3.44874,-4.93878,1.59317,3.13722,7.26433,1.41623,97,0.181149,-6.68128,2.49678,-3.49674,-4.49067,1.28492,2.90601,3.82488,1.42115,97,0.12275,0.187212,0.251045,0.323824,1.22843,0.986627,1.82808,5.15045,0.102214,0,0.168946,NBA,2,Omicron,3,Boosted,0,G_NBA,G_0
1503_1,-6.75204,2.14885,-3.37032,-5.84303,0.766324,2.32214,11.1303,1.40506,97,0.284084,-6.75164,2.09923,-3.43549,-6.10636,0.728164,2.35346,9.66364,1.4223,97,0.250218,-6.72626,2.13043,-3.42921,-5.74067,0.655868,2.13066,7.9321,1.40488,97,0.15259,0.129414,0.182114,0.316435,0.796812,0.319368,1.53095,4.52935,0.0981459,0,0.232198,NBA,2,Omicron,3,Boosted,0,G_NBA,G_0
647_1,-6.79024,2.28467,-3.44374,-2.65103,0.379411,2.76547,7.77416,1.42072,97,0.2944,-6.76549,2.32839,-3.47221,-2.57192,0.422955,2.40114,8.05664,1.37996,97,0.339122,-6.77269,2.15825,-3.42949,-2.8359,0.351474,2.19909,7.00217,1.40565,97,0.165381,0.143653,0.254862,0.268322,0.628094,0.182784,1.00452,2.7298,0.0807859,0,0.351483,NBA,1,Omicron,2,Second dose,0,G_NBA,G_0
2549_2,-6.75137,2.13346,-3.57644,-4.12964,0.589626,3.50583,4.25356,1.39518,97,0.161767,-6.73016,2.1777,-3.42193,-3.76855,0.499066,3.91093,4.51064,1.43143,97,0.192807,-6.76435,2.17528,-3.48874,-3.58105,0.460494,3.89674,4.8019,1.41389,97,0.126364,0.155263,0.26106,0.313197,1.00809,0.254673,1.69671,0.621727,0.0995153,0,0.20482,NBA,2,Omicron,2,Second dose,0,G_NBA,G_0
2986_1,-6.65875,2.18852,-3.33669,-5.0188,0.590881,1.94948,15.2067,1.39762,97,0.321142,-6.6964,2.2129,-3.37924,-5.40349,0.685941,2.14299,13.4138,1.40398,97,0.267633,-6.70558,2.23651,-3.41131,-5.00551,0.635928,2.07386,9.72691,1.39888,97,0.157531,0.156596,0.173375,0.304259,0.954153,0.236134,1.24382,4.88638,0.102062,0,0.627814,NBA,2,Omicron,3,Boosted,0,G_NBA,G_0
2167_2,-6.72769,2.28408,-3.38431,-5.10924,0.652573,2.43609,9.72685,1.43896,97,0.23186,-6.70151,2.25951,-3.3608,-5.26085,0.697495,2.44451,10.9387,1.42453,97,0.268705,-6.70976,2.26684,-3.40492,-5.09642,0.762527,2.04367,10.3361,1.41368,97,0.147025,0.152654,0.174488,0.233466,0.939826,0.248367,1.26565,4.53708,0.103984,0,0.266257,NBA,2,Omicron,2,Second dose,0,G_NBA,G_0
1771_2,-6.72516,2.26583,-3.32932,-6.10766,1.15271,2.66655,14.3779,1.39212,97,0.255514,-6.78025,2.32315,-3.37616,-6.03998,1.15753,2.2483,14.3377,1.3984,97,0.267004,-6.72803,2.25011,-3.39202,-5.79703,1.14897,2.08486,10.0821,1.40328,97,0.160373,0.163091,0.189362,0.287872,0.858998,0.213955,1.11371,7.24323,0.0879772,0,0.251477,NBA,2,Omicron,3,Boosted,0,G_NBA,G_0
2700_1,-6.84465,2.07614,-3.42379,-5.31588,0.615423,2.29781,6.98759,1.42247,97,0.309123,-6.77295,1.9481,-3.45375,-5.66676,0.574454,2.6935,6.90126,1.4315,97,0.313639,-6.80922,1.90176,-3.44276,-5.53241,0.526816,2.57108,6.94424,1.41787,97,0.146234,0.19456,0.21512,0.319713,0.81293,0.237098,1.23248,0.880021,0.0942663,0,0.681196,NBA,2,Omicron,3,Boosted,0,G_NBA,G_0
2430_2,-6.80957,2.05453,-3.32002,-5.66639,1.02025,2.41377,16.2294,1.39245,97,0.187187,-6.76987,2.00185,-3.34656,-5.54193,0.900941,2.15685,15.8967,1.40988,97,0.310028,-6.82177,2.04817,-3.35931,-5.32284,0.947552,2.16458,10.0978,1.41614,97,0.151159,0.167784,0.177634,0.299118,0.845346,0.245422,1.17085,7.68388,0.106973,0,0.823848,NBA,1,Omicron,2,Second dose,0,G_NBA,G_0
412_1,-6.678,2.58756,-3.46986,-3.35423,0.72596,1.96503,5.30671,1.40766,97,0.302938,-6.67841,2.56412,-3.46119,-3.59012,0.909895,2.30216,7.11018,1.44114,97,0.21702,-6.70283,2.43546,-3.45434,-3.71991,0.774039,2.13436,5.10518,1.41579,97,0.137827,0.183629,0.238063,0.270253,0.73304,0.436074,1.19774,4.32231,0.104445,0,0.277059,NBA,1,Omicron,3,Boosted,0,G_NBA,G_0
447_1,-6.63922,2.21294,-3.38135,-5.06541,0.485018,2.33588,14.7605,1.41796,97,0.218521,-6.56697,2.17938,-3.36379,-5.23871,0.540098,2.35998,15.3362,1.41946,97,0.225174,-6.66671,2.25674,-3.39455,-4.90421,0.489467,2.15628,10.2737,1.42085,97,0.154571,0.174431,0.221457,0.272166,0.813079,0.178844,1.31055,8.37399,0.094601,0,0.241369,NBA,2,Omicron,3,Boosted,0,G_NBA,G_0
868_1,-6.59647,2.58183,-3.49124,-4.55874,1.1081,2.14019,9.87906,1.42017,97,0.32551,-6.59213,2.55905,-3.441,-4.76616,1.24203,2.22747,11.6897,1.43677,97,0.266436,-6.6498,2.55753,-3.42147,-4.48815,1.19807,2.0991,8.77596,1.4282,97,0.168972,0.16761,0.201753,0.24804,1.00019,0.327669,1.258,6.33923,0.0995715,0,0.270545,NBA,2,Omicron,2,Second dose,0,G_NBA,G_0
158_1,-6.5818,2.41086,-3.37658,-5.68772,0.631888,2.37585,17.2623,1.42718,97,0.221943,-6.54974,2.38678,-3.32823,-5.67076,0.587558,1.78671,14.9113,1.4375,97,0.298931,-6.6134,2.52178,-3.36723,-4.93951,0.432412,1.31246,10.2334,1.4031,97,0.165723,0.172871,0.210492,0.254476,0.64807,0.176017,1.28108,6.62578,0.110696,0,0.581501,NBA,2,Omicron,3,Boosted,0,G_NBA,G_0
2088_1,-6.60654,2.43374,-3.4148,-5.69967,1.01074,2.20757,11.976,1.43779,97,0.298639,-6.61701,2.38903,-3.37549,-5.76416,0.990828,2.35101,11.9661,1.41913,97,0.245886,-6.67498,2.38741,-3.39239,-5.41417,0.9664,2.18831,8.96508,1.42679,97,0.133934,0.153516,0.228558,0.268848,0.912259,0.204221,1.14269,4.78759,0.0725683,0,0.265096,NBA,3,Delta,3,Boosted,0,G_NBA,G_0
337_4,-6.6963,2.43224,-3.53207,-4.40813,0.657279,3.54289,6.41287,1.41194,97,0.359554,-6.65227,2.2721,-3.47326,-4.76578,0.566109,3.07015,5.74586,1.44796,97,0.284236,-6.66209,2.29878,-3.4627,-4.61715,0.504243,2.8061,5.67204,1.44294,97,0.155422,0.185769,0.217097,0.290486,0.642878,0.251819,1.31772,0.754416,0.0907199,0,0.302773,NBA,1,Omicron,0,Unvaccinated,0,G_NBA,G_0
598_1,-6.62117,2.51414,-3.33225,-4.14751,0.714359,2.23689,14.4657,1.4402,97,0.244411,-6.6241,2.6314,-3.24424,-3.85213,0.688003,2.65935,14.7087,1.43585,97,0.233154,-6.63119,2.52743,-3.38956,-4.07127,0.716316,2.30601,10.4377,1.43204,97,0.137846,0.17471,0.214819,0.245049,0.586348,0.194608,1.58595,5.79876,0.098792,0,0.209154,NBA,2,Omicron,2,Second dose,0,G_NBA,G_0
1373_1,-6.6306,2.53906,-3.38825,-4.72002,0.588531,2.51839,11.8686,1.42411,97,0.282078,-6.59477,2.46818,-3.3791,-5.11651,0.637889,2.50683,12.7821,1.44337,97,0.400871,-6.60847,2.45253,-3.37827,-4.88827,0.620615,2.14633,10.9976,1.43034,97,0.15341,0.160248,0.216778,0.263391,0.810505,0.176658,1.44952,4.5674,0.094794,0,1.26332,NBA,2,Omicron,3,Boosted,0,G_NBA,G_0
1037_1,-6.61437,2.71206,-3.45722,-2.9796,0.703067,2.02137,7.25097,1.44422,97,0.205814,-6.59872,2.54609,-3.40201,-3.37386,0.81674,2.06345,8.49452,1.45922,97,0.308141,-6.64265,2.58032,-3.43259,-3.25358,0.743701,1.84684,6.61181,1.43014,97,0.168059,0.1735,0.257846,0.235334,0.466044,0.300694,1.13885,4.44032,0.0936206,0,0.355679,NBA,1,Omicron,3,Boosted,0,G_NBA,G_0
2023_1,-6.8347,1.6564,-3.43667,-6.38455,0.54859,2.05499,11.9657,1.42764,97,0.291201,-6.81571,1.65435,-3.37687,-6.22534,0.597815,1.94926,13.4479,1.44039,97,0.216199,-6.87629,1.69332,-3.3931,-5.62636,0.448603,1.93606,11.6388,1.42851,97,0.162418,0.165916,0.175374,0.294103,1.05928,0.377908,1.08869,7.50249,0.099906,0,0.242929,NBA,2,Delta,3,Boosted,0,G_NBA,G_0
760_1,-6.73899,2.60438,-3.38349,-3.18707,1.67782,2.86883,9.54163,1.43978,97,0.3032,-6.72165,2.64059,-3.48961,-3.002,1.39206,2.65813,7.26644,1.39082,97,0.255086,-6.72052,2.53894,-3.52166,-2.93877,1.21311,2.4266,4.17238,1.41986,97,0.145282,0.174554,0.264574,0.268054,0.645808,0.693963,1.37528,5.05906,0.112165,0,0.371819,NBA,1,Omicron,3,Boosted,0,G_NBA,G_0
2157_1,-6.67898,2.32946,-3.3823,-5.76682,0.500024,2.34342,16.1237,1.42461,97,0.263318,-6.64786,2.30796,-3.3524,-5.65621,0.473227,2.62493,14.0868,1.40025,97,0.247494,-6.64533,2.31212,-3.39074,-5.53888,0.460061,2.17353,10.2743,1.42115,97,0.121814,0.168329,0.185421,0.273651,0.695003,0.130552,1.60946,4.551,0.0916488,0,0.374206,NBA,2,Omicron,3,Boosted,0,G_NBA,G_0
354_1,-6.63793,2.04032,-3.32918,-5.62541,0.317037,2.22136,18.913,1.40177,97,0.367403,-6.68746,2.07716,-3.24014,-5.81013,0.358977,2.36906,18.7706,1.42175,97,0.19802,-6.691,2.06005,-3.35394,-5.73504,0.360947,2.09068,14.7162,1.42029,97,0.154295,0.136302,0.155733,0.307994,0.762454,0.0952474,1.59822,4.73797,0.095707,0,0.203929,NBA,2,Delta,0,Unvaccinated,0,G_NBA,G_0
3006_1,-6.80714,2.02429,-3.49106,-4.79239,0.504316,2.15061,7.4643,1.40973,97,0.320213,-6.78741,1.97268,-3.41109,-4.94128,0.498265,2.13705,7.13663,1.42572,97,0.232205,-6.77932,2.02748,-3.44465,-4.47153,0.392715,2.44122,7.83086,1.40366,97,0.167878,0.137968,0.23029,0.241686,1.07422,0.266389,1.01271,0.847751,0.0996484,0,0.286544,NBA,2,Omicron,3,Boosted,0,G_NBA,G_0
1960_1,-6.65423,2.50913,-3.35,-5.21615,0.787523,2.11191,15.1487,1.42422,97,0.354148,-6.59885,2.40049,-3.34702,-5.47217,0.792265,2.79788,15.9073,1.43385,97,0.282249,-6.63373,2.42618,-3.39677,-5.28035,0.811887,2.15178,10.2488,1.42612,97,0.154619,0.160363,0.188768,0.254557,0.739239,0.162393,1.97768,8.30774,0.0923799,0,0.413129,NBA,1,Omicron,3,Boosted,0,G_NBA,G_0
2073_1,-6.6508,2.40772,-3.33704,-4.4748,0.588336,2.3706,13.9765,1.40697,97,0.257704,-6.63033,2.34685,-3.31907,-4.53584,0.563135,2.08048,14.101,1.42982,97,0.38333,-6.67424,2.39729,-3.40409,-4.36816,0.554611,1.90145,9.34872,1.40171,97,0.170159,0.178734,0.20192,0.256047,0.705166,0.192726,1.23148,5.78964,0.103283,0,0.550018,NBA,1,Omicron,3,Boosted,0,G_NBA,G_0
1406_1,-6.59449,2.74038,-3.41427,-5.08018,1.40245,2.36747,10.3536,1.42632,97,0.364373,-6.58312,2.72756,-3.38574,-5.12626,1.45007,2.41495,10.5217,1.44717,97,0.27792,-6.59188,2.67785,-3.39867,-4.9583,1.39869,2.10871,10.2578,1.43596,97,0.158437,0.167734,0.225481,0.229529,0.749387,0.489468,1.18734,4.61958,0.105497,0,0.269043,NBA,2,Delta,2,Second dose,0,G_NBA,G_0
2540_1,-6.75145,1.79488,-3.39577,-5.55305,0.408947,2.47534,13.8509,1.41217,97,0.239908,-6.79864,1.82692,-3.31652,-5.20893,0.455162,2.82424,14.9678,1.43788,97,0.21866,-6.84895,1.84727,-3.39986,-5.13204,0.402332,2.43327,9.78168,1.426,97,0.140805,0.153629,0.169504,0.265332,0.527764,0.191926,1.81948,5.85113,0.0974704,0,0.253152,NBA,2,Omicron,3,Boosted,0,G_NBA,G_0
1691_1,-6.57931,2.49174,-3.39562,-5.12441,0.684086,1.82601,13.2808,1.42088,97,0.3746,-6.57723,2.51463,-3.37462,-5.58902,0.806029,2.63757,15.627,1.43084,97,0.229915,-6.6093,2.48691,-3.40014,-5.38728,0.798216,2.10362,10.1655,1.43036,97,0.147264,0.136379,0.192281,0.3368,0.819027,0.141872,1.50691,5.94496,0.0869621,0,0.219406,NBA,1,Omicron,2,Second dose,0,G_NBA,G_0
992_2,-6.68545,2.85783,-3.49257,-3.20275,1.79052,2.48411,11.7266,1.45204,97,0.286414,-6.66871,2.76937,-3.45697,-3.30779,1.73338,2.39349,9.75715,1.46407,97,0.318198,-6.67502,2.74184,-3.41465,-3.46193,1.86063,2.12918,10.1592,1.4327,97,0.168369,0.182616,0.198923,0.259461,0.569748,0.466344,1.54146,4.82488,0.0958351,0,0.450452,NBA,1,Omicron,2,Second dose,0,G_NBA,G_0
1405_1,-6.79409,1.63862,-3.42995,-6.52168,0.709998,2.3179,16.8336,1.42038,97,0.193133,-6.83499,1.72331,-3.3391,-6.8344,0.892926,2.06543,16.8149,1.40607,97,0.427552,-6.89576,1.7938,-3.37167,-6.40388,0.927087,2.04396,12.8918,1.39705,97,0.169782,0.160954,0.192609,0.257469,0.699417,0.287654,1.20915,6.3286,0.0883665,0,1.26068,NBA,2,Omicron,3,Boosted,0,G_NBA,G_0
1093_1,-6.68984,2.23148,-3.44452,-4.56205,0.48153,3.41482,11.4018,1.40506,97,0.26266,-6.65874,2.15714,-3.33428,-5.35142,0.648275,2.99313,11.4979,1.42447,97,0.232799,-6.71035,2.1958,-3.39023,-4.8513,0.552168,3.11831,11.6286,1.41075,97,0.141227,0.163789,0.188613,0.270769,0.841463,0.164425,1.5657,0.874474,0.0996064,0,0.279405,NBA,2,Omicron,3,Boosted,0,G_NBA,G_0
596_1,-6.68596,2.19975,-3.32601,-5.22087,0.552818,2.22109,14.8407,1.42531,97,0.314304,-6.67887,2.19198,-3.35958,-4.89245,0.519831,2.47985,16.43,1.41713,97,0.20204,-6.69295,2.21965,-3.37796,-4.52772,0.444202,2.27293,11.2229,1.40913,97,0.149168,0.184271,0.213439,0.245624,1.0449,0.198172,1.3377,9.27471,0.0974559,0,0.182444,NBA,1,Delta,2,Second dose,0,G_NBA,G_0
2676_1,-6.60024,2.52268,-3.47021,-4.83527,0.72164,2.4391,6.96458,1.44374,97,0.22667,-6.6148,2.515,-3.42249,-5.22013,0.843397,2.09659,6.66845,1.41861,97,0.217947,-6.63022,2.48384,-3.42023,-4.99013,0.806554,1.9397,6.69326,1.43001,97,0.157486,0.140321,0.178851,0.256748,0.756836,0.266162,1.40013,2.64085,0.0941955,0,0.312228,NBA,2,Omicron,3,Boosted,0,G_NBA,G_0
620_1,-6.5366,2.57405,-3.35,-4.97245,0.729368,2.33845,13.8203,1.42969,97,0.469649,-6.52953,2.52417,-3.35827,-5.19391,0.774819,2.46131,15.1637,1.45808,97,0.241085,-6.57909,2.57237,-3.39593,-5.08825,0.805402,2.13423,10.2432,1.43533,97,0.155847,0.177249,0.197864,0.287952,0.729234,0.182269,1.46252,7.75588,0.0950556,0,0.232746,NBA,3,Omicron,3,Boosted,0,G_NBA,G_0
414_1,-6.83544,2.12853,-3.53624,-2.84139,0.339161,3.07297,7.10518,1.42905,97,0.341791,-6.79964,2.15499,-3.40896,-2.79007,0.355642,3.33683,6.86484,1.39726,97,0.266761,-6.75748,2.19897,-3.45082,-2.5284,0.290923,2.63609,6.43184,1.412,97,0.159331,0.18697,0.41942,0.30645,1.02605,0.156869,1.67404,1.44645,0.0946212,0,0.284601,NBA,2,Omicron,2,Second dose,0,G_NBA,G_0
2253_1,-6.65272,2.14428,-3.33665,-5.04249,0.59619,2.45422,9.08861,1.42723,97,0.293416,-6.68024,2.19661,-3.44927,-5.07613,0.633695,2.27051,9.06207,1.40467,97,0.337699,-6.71712,2.21718,-3.40319,-4.99143,0.681407,2.28839,9.56347,1.41666,97,0.163973,0.150756,0.185789,0.214728,0.571331,0.218792,1.20987,1.85051,0.106423,0,0.513721,NBA,2,Omicron,3,Boosted,0,G_NBA,G_0
2862_2,-6.7732,2.19449,-3.39496,-3.05938,0.384502,2.33347,15.8448,1.41097,97,0.28321,-6.74306,2.3182,-3.32073,-2.7825,0.381376,2.49955,14.2589,1.39604,97,0.256213,-6.76174,2.18612,-3.35607,-3.08526,0.373285,2.29075,13.7474,1.40751,97,0.156665,0.146044,0.241243,0.277202,0.622452,0.115685,1.46077,3.02511,0.0884102,0,0.306893,NBA,2,Omicron,3,Boosted,0,G_NBA,G_0
478_2,-6.80331,2.14097,-3.58459,-4.95839,0.921897,2.84124,3.37695,1.40533,97,0.31329,-6.76896,2.12899,-3.51569,-4.87388,0.822464,3.35566,3.7078,1.42094,97,0.285284,-6.79986,2.07835,-3.52983,-4.95341,0.675172,3.22597,3.31222,1.41508,97,0.146907,0.156132,0.176,0.236255,0.884678,0.592206,1.27518,1.4414,0.0863384,0,0.563804,NBA,2,Omicron,3,Boosted,0,G_NBA,G_0
977_1,-6.60856,2.17326,-3.40566,-5.53259,0.631027,2.51153,11.3257,1.42426,97,0.307887,-6.70701,2.31808,-3.30084,-4.99787,0.574751,2.72725,12.089,1.42102,97,0.214357,-6.67928,2.24512,-3.41077,-4.91575,0.518451,2.40018,9.28317,1.42612,97,0.131583,0.175148,0.207534,0.26796,0.714769,0.186595,1.64408,3.06654,0.082927,0,0.250204,NBA,2,Omicron,2,Second dose,0,G_NBA,G_0
408_1,-6.71333,2.2813,-3.31512,-5.1479,0.966541,1.89502,15.1179,1.39778,97,0.332255,-6.72351,2.30484,-3.32035,-5.27681,1.00212,2.24627,16.0971,1.40531,97,0.233808,-6.72025,2.29383,-3.39217,-5.06799,0.970257,2.05742,10.3056,1.40269,97,0.151782,0.143618,0.164067,0.317161,0.743733,0.235019,1.23213,6.56666,0.0992668,0,0.301814,NBA,2,Omicron,3,Boosted,0,G_NBA,G_0
719_1,-6.69024,2.47758,-3.34572,-2.83539,0.717386,2.23989,11.7359,1.4389,97,0.220244,-6.71014,2.54444,-3.42299,-2.69649,0.692603,2.40063,11.5929,1.41656,97,0.26708,-6.72353,2.47662,-3.39895,-2.8997,0.766458,2.13204,10.2378,1.4232,97,0.155874,0.154809,0.268507,0.289689,0.567644,0.300164,1.25473,6.04934,0.107085,0,0.343807,NBA,1,Omicron,3,Boosted,0,G_NBA,G_0
2793_1,-6.69409,2.04739,-3.37396,-5.64747,0.435145,1.9775,15.2638,1.41228,97,0.382095,-6.68019,2.05754,-3.3981,-5.8995,0.418956,1.95724,11.8734,1.42917,97,0.284685,-6.68942,2.07311,-3.40186,-5.64764,0.347293,1.24401,8.96718,1.41528,97,0.157124,0.148427,0.168255,0.332262,0.795405,0.147235,1.26452,4.17879,0.102902,0,0.400529,NBA,2,Omicron,3,Boosted,0,G_NBA,G_0
34_1,-6.73322,2.20242,-3.36746,-4.34044,0.61933,2.46374,15.8177,1.4147,97,0.564767,-6.72561,2.18393,-3.35483,-4.36121,0.615466,2.71118,16.8871,1.40713,97,0.307548,-6.74599,2.20756,-3.39021,-4.39508,0.629456,2.33557,11.0054,1.41294,97,0.134037,0.154027,0.182524,0.267718,0.449249,0.172037,1.5782,7.15945,0.100416,0,0.290295,NBA,2,Omicron,3,Boosted,0,G_NBA,G_0
131_1,-6.6067,2.44508,-3.42379,-3.94207,0.478524,3.10087,8.31909,1.43453,97,0.216318,-6.59399,2.49545,-3.43632,-3.6692,0.438916,3.23946,8.30219,1.42353,97,0.243111,-6.63582,2.40616,-3.42081,-3.90321,0.441312,3.22482,8.36253,1.42731,97,0.174132,0.188522,0.251092,0.244371,0.585956,0.133507,1.53415,0.696188,0.091978,0,0.203484,NBA,1,Omicron,3,Boosted,0,G_NBA,G_0
2010_2,-6.71065,2.12373,-3.45527,-3.45628,0.230187,3.08758,10.2015,1.42374,97,0.388266,-6.79013,2.13397,-3.37775,-3.77019,0.290161,2.73,10.0215,1.4332,97,0.216136,-6.73091,2.07668,-3.39872,-3.75236,0.260617,2.96922,9.97628,1.40894,97,0.173914,0.152346,0.171481,0.281269,0.440622,0.0977361,1.39931,0.836808,0.107892,0,0.248518,NBA,1,Omicron,3,Boosted,0,G_NBA,G_0
1870_1,-6.70295,2.20291,-3.38768,-5.5888,0.80267,1.81873,13.3186,1.41063,97,0.576977,-6.75342,2.24848,-3.29368,-5.2405,0.782934,2.34789,15.4573,1.42237,97,0.299276,-6.71992,2.19677,-3.39133,-5.10871,0.770092,2.15139,10.7595,1.40745,97,0.131359,0.15407,0.176791,0.24122,0.904495,0.24497,1.22672,5.35206,0.097582,0,0.384803,NBA,2,Delta,0,Unvaccinated,0,G_NBA,G_0
253_2,-6.7751,1.93009,-3.49687,-5.1429,0.682026,3.23256,4.51497,1.41863,97,0.283855,-6.83015,2.04749,-3.47778,-4.4811,0.639893,3.28949,4.98312,1.44226,97,0.216685,-6.81239,1.98047,-3.46642,-4.4931,0.532456,3.35097,5.12772,1.41996,97,0.156299,0.172277,0.222557,0.295052,0.714221,0.370195,1.16109,0.615605,0.0924503,0,0.229367,NBA,1,Omicron,2,Second dose,0,G_NBA,G_0
198_2,-6.76093,1.94903,-3.58907,-4.74276,0.560167,2.47788,4.7117,1.44438,97,0.295874,-6.7659,2.17749,-3.48979,-4.31403,1.10184,2.40362,8.38682,1.39978,97,0.26054,-6.84192,2.17394,-3.45431,-4.08154,0.949935,2.23376,6.77948,1.4096,97,0.181849,0.171425,0.260269,0.252399,0.863112,0.614337,1.58856,5.82152,0.096817,0,0.321841,NBA,1,Omicron,3,Boosted,0,G_NBA,G_0
1148_2,-6.7712,2.14585,-3.45628,-2.60699,0.340381,2.64003,13.3268,1.42005,97,0.417078,-6.71567,2.26712,-3.40391,-2.36886,0.352678,2.11193,11.2841,1.40165,97,0.221654,-6.76754,2.21509,-3.39691,-2.47464,0.330546,2.00006,10.1534,1.40688,97,0.165421,0.167028,0.263493,0.266274,0.585081,0.1988,1.12503,4.98471,0.100403,0,0.291453,NBA,1,Omicron,2,Second dose,0,G_NBA,G_0
2834_1,-6.68562,2.46824,-3.40172,-4.80811,0.832687,2.60645,9.24789,1.41162,97,0.294077,-6.64228,2.39076,-3.38393,-4.79968,0.785192,3.25607,8.66125,1.41408,97,0.273208,-6.6768,2.37252,-3.42346,-4.6468,0.739168,3.16745,8.78012,1.42609,97,0.15738,0.178113,0.207988,0.286912,0.69978,0.246151,1.58177,0.586928,0.106103,0,0.573773,NBA,2,Omicron,3,Boosted,0,G_NBA,G_0
372_1,-6.56127,2.60875,-3.57917,-3.2888,0.878758,2.36575,4.66635,1.44316,97,0.291561,-6.61777,2.62998,-3.45455,-3.34813,0.958597,2.8627,5.52723,1.4621,97,0.280604,-6.6527,2.58286,-3.47518,-3.35346,0.858332,2.79369,4.8458,1.444,97,0.155086,0.171502,0.232517,0.26055,0.583039,0.436974,1.33881,2.49314,0.113355,0,0.395048,NBA,1,Omicron,3,Boosted,0,G_NBA,G_0
2289_1,-6.58967,2.82486,-3.28329,-3.84239,0.748709,2.42104,13.9823,1.45563,97,0.194033,-6.56195,2.67452,-3.30662,-4.07866,0.74844,2.53813,15.3251,1.42919,97,0.283398,-6.5913,2.60399,-3.35498,-4.10509,0.705262,2.25723,10.4291,1.44535,97,0.146395,0.161411,0.228444,0.259319,0.553153,0.193205,1.1946,5.28469,0.0937979,0,0.334095,NBA,1,Omicron,3,Boosted,0,G_NBA,G_0
559_1,-6.92791,1.83216,-3.41554,-6.95161,0.701236,2.69241,15.0967,1.42218,97,0.31813,-6.95075,1.85049,-3.32781,-6.77909,0.63501,2.42028,16.7347,1.41974,97,0.325875,-6.87988,1.77052,-3.38281,-6.70471,0.594786,2.21658,11.7243,1.41244,97,0.146469,0.183287,0.19874,0.255806,0.653244,0.22353,0.931332,5.0831,0.0760673,0,0.484307,NBA,1,Omicron,3,Boosted,0,G_NBA,G_0
166_2,-6.76857,2.1765,-3.43677,-2.46184,0.450199,1.71785,10.6792,1.40789,97,0.368962,-6.78627,2.40647,-3.41331,-2.26241,0.625091,2.58376,12.3693,1.42743,97,0.268443,-6.76642,2.37228,-3.39834,-2.21016,0.561664,2.2354,10.3326,1.40823,97,0.144433,0.17673,0.270574,0.276094,0.538209,0.264956,1.94307,4.86318,0.102392,0,0.452159,NBA,1,Omicron,3,Boosted,0,G_NBA,G_0
1380_1,-6.76246,2.14866,-3.43996,-5.36242,1.28483,2.23315,6.63868,1.41918,97,0.410345,-6.70854,2.1368,-3.50684,-5.20619,1.11455,2.2315,6.18451,1.38563,97,0.292514,-6.78885,2.15961,-3.46611,-4.60317,0.940987,2.19207,5.29688,1.4073,97,0.187838,0.141475,0.205645,0.270064,0.944629,0.646334,0.936077,4.66338,0.0996143,0,0.312378,NBA,2,Omicron,2,Second dose,0,G_NBA,G_0
653_1,-6.84484,1.90182,-3.42567,-5.73676,0.720155,2.9462,12.9743,1.41892,97,0.27401,-6.82009,1.90477,-3.34975,-5.20899,0.571564,2.39258,13.3266,1.43479,97,0.194416,-6.85172,1.88017,-3.39576,-5.22935,0.536773,2.33738,9.68329,1.42945,97,0.133666,0.149452,0.171061,0.244516,0.774378,0.285532,1.45294,4.69841,0.0834918,0,0.18101,NBA,3,Omicron,3,Boosted,0,G_NBA,G_0
2169_2,-6.56346,2.42503,-3.47217,-4.38364,0.628268,2.80622,8.6785,1.42062,97,0.230462,-6.56966,2.46733,-3.34704,-4.58296,0.76856,2.45,9.71675,1.45164,97,0.230291,-6.61968,2.47738,-3.42305,-4.32674,0.700625,2.24815,8.62968,1.42575,97,0.144617,0.178458,0.262309,0.277443,0.905701,0.282989,1.3872,4.52434,0.0924363,0,0.227692,NBA,1,Omicron,3,Boosted,0,G_NBA,G_0
1397_1,-6.59475,2.67977,-3.40736,-3.80419,1.23763,2.34358,9.88125,1.44867,97,0.175579,-6.66092,2.77892,-3.41689,-3.55417,1.29566,2.45598,10.8997,1.4524,97,0.233806,-6.66192,2.68259,-3.34312,-3.72614,1.21019,2.31853,6.97564,1.41983,97,0.134937,0.175672,0.235502,0.256817,0.593277,0.24926,1.62947,5.31131,0.120773,0,0.287225,NBA,1,Omicron,3,Boosted,0,G_NBA,G_0
1595_1,-6.77486,1.82635,-3.37683,-5.25457,0.428312,1.69417,10.9487,1.42606,97,0.340137,-6.80054,1.93938,-3.42946,-4.78639,0.404404,2.25371,11.6989,1.40419,97,0.2352,-6.83669,1.84818,-3.38404,-5.00517,0.417162,2.11985,11.4164,1.41911,97,0.154601,0.147834,0.199445,0.249536,0.677139,0.180037,1.29082,1.62978,0.0992332,0,0.376058,NBA,2,Omicron,3,Boosted,0,G_NBA,G_0
3039_1,-6.61271,2.37529,-3.40604,-5.92286,0.819503,2.189,14.0168,1.42044,97,0.218063,-6.61977,2.44101,-3.34246,-5.61147,0.806134,2.16489,15.9828,1.41124,97,0.238235,-6.67509,2.33226,-3.38677,-5.70921,0.823545,2.1808,11.0035,1.4169,97,0.151738,0.165258,0.242229,0.234641,0.709862,0.137959,1.12179,6.03881,0.0909488,0,0.230728,NBA,2,Omicron,3,Boosted,0,G_NBA,G_0
2600_1,-6.65545,2.40645,-3.47206,-6.15622,1.50837,3.05962,5.81408,1.43553,97,0.286788,-6.66629,2.4702,-3.46964,-5.7793,1.54836,2.6344,7.34663,1.40341,97,0.324486,-6.70629,2.36084,-3.47351,-5.62199,1.45017,2.61264,5.00406,1.41431,97,0.172208,0.171101,0.247897,0.265526,0.92197,0.566651,1.35861,5.49646,0.0811185,0,0.41059,NBA,1,Delta,2,Second dose,0,G_NBA,G_0
657_1,-6.87283,1.87245,-3.38594,-5.73227,0.930456,2.36885,13.1645,1.42109,97,0.153802,-6.90101,1.86128,-3.35166,-5.4954,0.728094,2.36487,13.4022,1.44988,97,0.255901,-6.87992,1.83472,-3.39026,-5.32399,0.648118,2.27179,9.3661,1.42891,97,0.152446,0.133285,0.139873,0.30998,0.805025,0.488585,1.38406,6.30179,0.106242,0,0.302624,NBA,2,Omicron,3,Boosted,0,G_NBA,G_0
2525_1,-6.76106,1.88941,-3.43364,-6.17971,0.910988,2.42397,9.11105,1.40987,97,0.219972,-6.79898,1.92817,-3.39774,-6.03949,0.68509,1.89406,6.98517,1.3952,97,0.269295,-6.79891,1.95142,-3.41182,-5.58955,0.59841,1.876,6.95808,1.40883,97,0.18212,0.143323,0.169433,0.293234,0.879776,0.361321,0.626567,1.9679,0.0920034,0,0.353852,NBA,1,Omicron,3,Boosted,0,G_NBA,G_0
307_1,-6.65285,2.40818,-3.31832,-6.18137,1.12443,2.48548,15.0702,1.44298,97,0.396221,-6.63781,2.41934,-3.43031,-5.712,0.925111,1.69016,11.0606,1.43597,97,0.271153,-6.64697,2.41038,-3.43109,-5.30525,0.863018,1.5846,8.67806,1.43597,97,0.151543,0.168692,0.219709,0.230492,0.776706,0.294902,0.751885,5.59579,0.0838502,0,0.358165,NBA,2,Delta,2,Second dose,0,G_NBA,G_0
3034_1,-6.66643,2.33947,-3.33964,-5.38292,0.948983,2.30856,15.5246,1.42797,97,0.329113,-6.66556,2.36003,-3.44065,-5.40787,0.913605,2.15934,13.2598,1.4108,97,0.232444,-6.68431,2.35968,-3.40087,-5.14204,0.958974,2.1906,10.2101,1.41953,97,0.154932,0.137528,0.187317,0.284222,0.96302,0.220072,1.23193,5.60906,0.0908717,0,0.258251,NBA,1,Delta,2,Second dose,0,G_NBA,G_0
487_2,-6.63185,2.02858,-3.46699,-5.73823,0.509436,4.06834,7.9143,1.40579,97,0.321273,-6.69511,2.07696,-3.42629,-5.93514,0.619973,3.05598,7.61686,1.37262,97,0.256901,-6.71728,2.11093,-3.42377,-5.36203,0.51111,3.67484,7.95354,1.40329,97,0.161354,0.168953,0.185736,0.274668,0.73626,0.217845,1.5121,0.820172,0.0779798,0,0.376233,NBA,1,Omicron,2,Second dose,0,G_NBA,G_0
2118_1,-6.69943,2.54951,-3.45251,-4.07597,1.047,2.36963,8.3117,1.42238,97,0.211264,-6.69316,2.62895,-3.45159,-4.23475,1.20926,2.47285,9.14829,1.41968,97,0.26658,-6.68419,2.50133,-3.43724,-4.32936,1.16294,2.33669,7.29799,1.42336,97,0.149513,0.212958,0.250384,0.262213,0.776015,0.350915,1.12397,3.69185,0.0932361,0,0.309887,NBA,2,Omicron,3,Boosted,0,G_NBA,G_0
1391_1,-6.78244,1.95933,-3.47572,-6.69132,0.948471,1.76842,4.49582,1.39921,97,0.233788,-6.82211,2.06641,-3.34187,-6.31668,1.41289,2.06718,8.11274,1.40049,97,0.291718,-6.83938,2.03042,-3.49631,-6.37481,1.12509,1.85557,4.98896,1.41526,97,0.147267,0.15104,0.180708,0.293258,0.920488,0.832091,1.14583,5.02976,0.10164,0,0.31686,NBA,1,Omicron,3,Boosted,0,G_NBA,G_0
492_2,-6.68413,2.56177,-3.46733,-3.78879,1.15109,2.19614,9.1313,1.40812,97,0.421255,-6.67125,2.60071,-3.43575,-3.69828,1.18552,2.16042,10.0805,1.42552,97,0.226354,-6.68357,2.56252,-3.4664,-3.66927,1.11546,2.07129,6.85091,1.43442,97,0.140665,0.185472,0.275481,0.250907,0.714515,0.410266,1.11159,6.46355,0.0975059,0,0.257098,NBA,1,Omicron,3,Boosted,0,G_NBA,G_0
1659_1,-6.7298,2.20332,-3.45688,-4.68126,0.769667,4.23492,4.19873,1.41756,97,0.204421,-6.75226,2.22167,-3.53889,-5.6072,1.39038,3.33911,4.78631,1.41462,97,0.241266,-6.8073,2.20509,-3.4753,-5.05174,1.16749,3.45875,4.38172,1.41646,97,0.149532,0.164106,0.186159,0.247799,1.23664,0.852081,1.38174,2.12959,0.0818223,0,0.383284,NBA,2,Omicron,2,Second dose,0,G_NBA,G_0
1463_1,-6.70407,2.14682,-3.38594,-3.7216,0.510873,2.91468,9.29249,1.41007,97,0.345277,-6.72807,2.20699,-3.33924,-3.79248,0.546857,2.86271,8.55279,1.42365,97,0.209462,-6.72894,2.25778,-3.41121,-3.4509,0.424455,2.7453,8.53554,1.40746,97,0.159462,0.172824,0.269187,0.329403,0.724646,0.236689,1.52898,1.38286,0.10061,0,0.336237,NBA,2,Omicron,3,Boosted,0,G_NBA,G_0
533_1,-6.668,2.0159,-3.37562,-4.1134,0.353911,2.22729,7.74353,1.42697,97,0.377202,-6.76538,2.04369,-3.46906,-4.48133,0.528488,2.34346,7.77273,1.41563,97,0.234677,-6.72731,2.19152,-3.41351,-3.75401,0.390092,2.41559,8.55704,1.40715,97,0.17342,0.159973,0.157677,0.298852,0.725232,0.356226,0.962635,1.55804,0.102107,0,0.260065,NBA,2,Omicron,3,Boosted,0,G_NBA,G_0
570_1,-6.59164,2.45259,-3.38563,-5.31051,0.76829,2.33225,12.6544,1.42851,97,0.254291,-6.61779,2.4632,-3.38975,-5.07036,0.769745,2.45675,11.572,1.44208,97,0.198008,-6.63218,2.43765,-3.39723,-5.05652,0.772643,2.13506,10.2264,1.42702,97,0.156138,0.157729,0.216846,0.243916,0.697847,0.323759,1.42793,5.19769,0.105954,0,0.186724,NBA,2,Omicron,3,Boosted,0,G_NBA,G_0
2896_1,-6.73658,2.2711,-3.30081,-4.51763,0.573057,2.45402,16.0241,1.39747,97,0.287125,-6.70877,2.28094,-3.37865,-4.29778,0.521584,3.01996,16.7376,1.39917,97,0.20858,-6.71675,2.24996,-3.38496,-4.35585,0.506873,2.53576,10.7796,1.40946,97,0.110622,0.141387,0.192347,0.238163,0.578511,0.146003,1.93116,6.24518,0.0902025,0,0.237623,NBA,2,Omicron,3,Boosted,0,G_NBA,G_0
1933_1,-6.72521,2.16896,-3.39495,-5.49033,0.60414,2.69825,13.504,1.41133,97,0.289993,-6.67577,2.12871,-3.40443,-5.76209,0.658266,2.09362,13.9085,1.40301,97,0.251368,-6.7239,2.14989,-3.40252,-5.50749,0.641675,2.16346,9.30319,1.41433,97,0.149319,0.129219,0.167368,0.269438,0.752382,0.204599,1.40281,6.18058,0.0889815,0,0.286939,NBA,2,Omicron,2,Second dose,0,G_NBA,G_0
2174_1,-6.67585,2.42183,-3.41088,-4.46055,0.799978,2.14667,13.4529,1.43745,97,0.262247,-6.59528,2.47437,-3.41595,-4.24099,0.754941,2.2356,13.6984,1.40753,97,0.238177,-6.6694,2.43511,-3.40053,-4.26483,0.758373,2.25624,11.001,1.42726,97,0.148414,0.172396,0.211352,0.26988,0.631804,0.229598,1.1898,5.17389,0.0867021,0,0.344548,NBA,2,Delta,3,Boosted,0,G_NBA,G_0
526_1,-6.77277,1.88546,-3.36791,-6.85414,0.644905,2.47675,13.5716,1.39994,97,0.223927,-6.86636,1.9794,-3.33819,-6.46557,0.637471,2.54673,14.6223,1.43358,97,0.264995,-6.82862,1.95035,-3.3814,-6.40055,0.609324,2.48764,10.185,1.4019,97,0.13835,0.152998,0.150106,0.323858,0.603405,0.170657,1.30268,7.66132,0.12189,0,0.344318,NBA,2,Delta,3,Boosted,0,G_NBA,G_0
2935_1,-6.74395,1.91608,-3.44879,-4.49265,0.508556,3.00733,8.24092,1.41831,97,0.360989,-6.88935,1.95298,-3.39375,-3.81629,0.497908,2.55879,12.2149,1.40998,97,0.361259,-6.88887,1.88366,-3.402,-3.93822,0.480168,2.15211,10.2261,1.40442,97,0.159247,0.162831,0.246737,0.258271,0.580023,0.292866,1.23645,5.80926,0.0965239,0,0.549997,NBA,1,Omicron,2,Second dose,0,G_NBA,G_0
1707_2,-6.74701,2.10059,-3.33342,-5.9178,0.894776,1.99155,18.2697,1.39961,97,0.224623,-6.75833,2.1266,-3.31709,-5.82087,0.820576,2.68275,16.5675,1.43269,97,0.352705,-6.7612,2.09178,-3.34723,-5.69721,0.887942,2.24269,11.1159,1.42957,97,0.158301,0.156648,0.167353,0.239819,0.884705,0.228015,1.62586,5.06751,0.108092,0,0.457005,NBA,1,Omicron,3,Boosted,0,G_NBA,G_0
873_1,-6.57268,2.6303,-3.4917,-4.70131,1.30903,2.82505,6.5147,1.43655,97,0.2245,-6.589,2.63724,-3.47433,-4.51847,1.22106,3.04325,7.84037,1.41868,97,0.283295,-6.62754,2.61644,-3.47,-4.3524,1.15481,2.75803,5.93586,1.42818,97,0.156179,0.162474,0.214873,0.26241,0.814118,0.392576,1.71873,4.85831,0.0985523,0,0.310227,NBA,1,Omicron,3,Boosted,0,G_NBA,G_0
461_1,-6.66558,2.33099,-3.35115,-5.08489,0.836946,2.54288,14.0187,1.41737,97,0.204089,-6.6507,2.37209,-3.31535,-4.89046,0.799275,2.23747,13.7242,1.41406,97,0.272658,-6.68695,2.3527,-3.39602,-4.90783,0.861492,2.14871,10.279,1.4221,97,0.156222,0.168246,0.264628,0.274284,0.905559,0.230825,1.13979,4.62936,0.0792185,0,0.315427,NBA,2,Omicron,3,Boosted,0,G_NBA,G_0
1022_1,-6.64622,2.51427,-3.41469,-3.24147,0.746207,2.53017,7.06823,1.43238,97,0.217743,-6.67013,2.52401,-3.50695,-3.09114,0.673311,3.04848,7.36072,1.42874,97,0.233196,-6.69311,2.44322,-3.45336,-3.1773,0.613304,2.88951,5.82452,1.42121,97,0.158684,0.166698,0.22104,0.248198,0.47069,0.269875,1.49292,5.2473,0.0966993,0,0.228006,NBA,1,Omicron,2,Second dose,0,G_NBA,G_0
2802_2,-6.67754,2.35713,-3.41127,-5.61611,0.724925,1.94763,8.46894,1.44013,97,0.275936,-6.60359,2.31982,-3.36971,-5.92126,0.876498,2.44276,8.27743,1.41324,97,0.263726,-6.666,2.38447,-3.40988,-5.49492,0.867674,2.32516,8.52727,1.42429,97,0.160424,0.17755,0.201095,0.281313,0.738825,0.22245,1.52328,1.79869,0.0808646,0,0.353766,NBA,2,Omicron,2,Second dose,0,G_NBA,G_0
2201_1,-6.655,1.81313,-3.33997,-6.27077,0.632706,2.13956,14.1756,1.40217,97,0.296187,-6.76162,1.924,-3.26991,-5.65896,0.583489,2.55085,17.0059,1.38739,97,0.346394,-6.79952,1.93999,-3.3865,-5.54091,0.574185,2.14921,10.9782,1.40147,97,0.160073,0.163221,0.180982,0.265216,0.695643,0.175171,1.75547,8.40746,0.0960333,0,0.424373,NBA,1,Omicron,2,Second dose,0,G_NBA,G_0
2895_1,-6.69812,1.97539,-3.28544,-6.17765,0.724519,2.41759,15.2296,1.42689,97,0.201781,-6.75848,2.04554,-3.44856,-5.88465,0.683169,2.09216,12.9754,1.40224,97,0.336,-6.77672,2.05835,-3.40036,-5.99479,0.851464,2.12778,9.86723,1.41617,97,0.154114,0.173762,0.187194,0.279351,0.687803,0.206408,1.28305,4.40287,0.0861355,0,0.573451,NBA,2,Omicron,3,Boosted,0,G_NBA,G_0
8_1,-6.62938,2.36974,-3.37958,-4.84003,0.781397,2.36445,14.3495,1.41639,97,0.229042,-6.62488,2.33366,-3.28592,-5.00299,0.809188,2.49562,13.7532,1.42132,97,0.247603,-6.67468,2.37941,-3.39752,-4.62147,0.757619,2.12879,10.2331,1.42216,97,0.155002,0.148433,0.210916,0.287154,0.99296,0.251747,1.43259,6.29673,0.10084,0,0.386116,NBA,1,Omicron,3,Boosted,0,G_NBA,G_0
2006_2,-6.84085,1.8891,-3.49422,-5.37294,0.548852,3.43485,7.35149,1.4194,97,0.320266,-6.84415,1.8796,-3.5028,-6.16839,0.948632,2.88875,7.08188,1.41692,97,0.340112,-6.87849,1.87531,-3.4162,-5.57151,0.772299,3.04972,7.55466,1.39904,97,0.180878,0.149511,0.174084,0.289322,1.04457,0.614643,1.18724,0.979027,0.0918731,0,0.458098,NBA,1,Omicron,2,Second dose,0,G_NBA,G_0
1345_1,-6.68915,2.69877,-3.51978,-4.19545,2.22539,2.99865,8.04868,1.4218,97,0.292084,-6.63033,2.63812,-3.48626,-4.54681,2.48929,3.20744,8.52488,1.41787,97,0.25727,-6.70915,2.64209,-3.42766,-4.55291,2.95649,2.28136,9.71558,1.42103,97,0.133506,0.179242,0.221705,0.330591,1.33123,1.42099,1.76725,7.16923,0.0906916,0,0.384826,NBA,1,Omicron,2,Second dose,0,G_NBA,G_0
331_1,-6.82933,2.00452,-3.41498,-6.57651,0.761483,2.12302,13.1292,1.38688,97,0.299674,-6.81251,1.99411,-3.37415,-6.64676,0.824726,2.10827,14.5768,1.3815,97,0.271304,-6.81314,1.96825,-3.40047,-6.42994,0.780469,2.03288,9.3627,1.41008,97,0.162211,0.125653,0.13501,0.317013,0.665611,0.236871,1.00485,5.82641,0.0836253,0,0.318144,NBA,2,Omicron,2,Second dose,0,G_NBA,G_0
931_1,-6.55169,2.58334,-3.37218,-4.61842,0.612155,2.24294,13.4675,1.43978,97,0.306018,-6.52348,2.51946,-3.34216,-4.65035,0.568489,2.4086,14.1708,1.42058,97,0.383679,-6.59027,2.47246,-3.39526,-4.67723,0.563769,2.26068,10.3229,1.43627,97,0.176628,0.152175,0.222604,0.30686,0.619461,0.158935,1.21929,5.02441,0.10269,0,0.661816,NBA,1,Omicron,3,Boosted,0,G_NBA,G_0
1838_1,-6.83766,1.78013,-3.36491,-6.61059,0.71308,2.10843,11.6028,1.41614,97,0.247295,-6.84159,1.77904,-3.45692,-6.59531,0.687707,2.70727,11.797,1.41721,97,0.286992,-6.83423,1.78742,-3.40165,-6.64144,0.849411,3.01785,12.6863,1.43009,97,0.166737,0.1598,0.172912,0.27653,0.822712,0.261409,1.63845,1.35089,0.105526,0,0.252876,NBA,1,Omicron,3,Boosted,0,G_NBA,G_0
455_1,-6.67657,2.38277,-3.40763,-5.82941,1.01204,1.99133,12.0209,1.41536,97,0.244735,-6.6762,2.37935,-3.43962,-5.98771,1.07183,2.28865,11.5516,1.43895,97,0.249258,-6.70801,2.26839,-3.39879,-5.78364,1.0211,2.114,10.2451,1.41574,97,0.144063,0.179561,0.264823,0.308189,0.813619,0.316135,1.2815,6.22496,0.102528,0,0.298269,NBA,1,Omicron,3,Boosted,0,G_NBA,G_0
1408_1,-6.7059,2.1147,-3.34681,-5.5511,0.65773,2.08346,12.9739,1.42037,97,0.292459,-6.76804,2.17987,-3.31224,-5.45673,0.665586,2.20842,12.9451,1.40308,97,0.232961,-6.74849,2.13211,-3.42726,-5.4254,0.64416,2.18497,8.70667,1.41574,97,0.178119,0.171117,0.200587,0.269545,0.749174,0.216249,1.24759,5.71794,0.0830452,0,0.28615,NBA,3,Omicron,3,Boosted,0,G_NBA,G_0
3047_1,-6.6285,2.33339,-3.36535,-5.7909,0.529876,1.84065,13.8873,1.41608,97,0.315851,-6.66028,2.34043,-3.37947,-5.86454,0.554143,2.22085,14.1175,1.4443,97,0.243261,-6.63911,2.35571,-3.40259,-5.73677,0.553757,2.21122,10.2207,1.42077,97,0.136689,0.143083,0.162791,0.285597,0.68267,0.12245,1.01585,5.66121,0.0917289,0,0.351794,NBA,2,Omicron,3,Boosted,0,G_NBA,G_0
92_1,-6.87724,1.5868,-3.47939,-7.17659,0.649664,2.18116,10.7011,1.4331,97,0.228461,-6.94883,1.73258,-3.38775,-6.86355,1.07236,2.5229,12.7453,1.43297,97,0.315819,-6.93306,1.66462,-3.38887,-6.76995,0.900989,2.23522,10.7532,1.42614,97,0.190841,0.183132,0.244175,0.291593,0.749396,0.624598,1.47772,7.45689,0.0921116,0,0.309771,NBA,1,Omicron,3,Boosted,0,G_NBA,G_0
3059_1,-6.70075,2.28265,-3.33478,-5.92603,0.97584,2.31032,15.1416,1.41867,97,0.228266,-6.73011,2.33574,-3.36668,-5.69108,0.96575,2.01367,13.9869,1.43785,97,0.214742,-6.71502,2.24813,-3.40528,-5.65822,0.947601,2.24584,10.3018,1.4306,97,0.149575,0.144963,0.192427,0.283058,0.814231,0.211591,0.958862,4.54804,0.0890589,0,0.214325,NBA,2,Omicron,3,Boosted,0,G_NBA,G_0
1823_1,-6.71408,2.23162,-3.34916,-4.30987,0.581054,2.06788,15.4525,1.42636,97,0.260092,-6.70368,2.28009,-3.24474,-4.35144,0.603559,2.36294,16.7278,1.40975,97,0.315196,-6.72715,2.25546,-3.38834,-4.42941,0.621129,2.27128,11.0017,1.42069,97,0.144611,0.133856,0.167136,0.317916,0.497158,0.194612,1.03163,6.1134,0.0898711,0,0.423256,NBA,1,Omicron,3,Boosted,0,G_NBA,G_0
2128_1,-6.68663,2.46422,-3.54603,-3.9207,0.827792,3.41624,5.43495,1.41943,97,0.292009,-6.70771,2.4439,-3.47343,-4.4353,1.19476,3.50354,6.10767,1.42995,97,0.245533,-6.71663,2.39565,-3.48059,-4.32607,1.00662,3.28309,4.48484,1.42819,97,0.146117,0.169334,0.216048,0.258304,0.907338,0.649092,1.53353,4.48091,0.120972,0,0.25576,NBA,1,Omicron,2,Second dose,0,G_NBA,G_0
2545_1,-6.59131,2.654,-3.39494,-5.47936,1.04683,2.51448,9.48051,1.44569,97,0.271041,-6.62664,2.70087,-3.46564,-5.48105,1.05401,2.01188,10.1339,1.44879,97,0.249838,-6.60337,2.62621,-3.39197,-5.35328,1.0303,1.77302,8.00346,1.43157,97,0.153428,0.171218,0.232961,0.259987,0.71976,0.223774,0.974979,4.02453,0.0939954,0,0.268413,NBA,1,Omicron,2,Second dose,0,G_NBA,G_0
2046_1,-6.68925,2.24048,-3.34343,-3.26225,0.405251,2.74081,14.8283,1.38337,97,0.26644,-6.75472,2.27923,-3.38118,-3.25742,0.433763,2.38455,14.2015,1.40022,97,0.263932,-6.7457,2.21799,-3.39261,-3.38421,0.422207,2.14281,10.2264,1.40791,97,0.154633,0.163865,0.189951,0.272879,0.489241,0.13429,1.62787,5.15339,0.0957613,0,0.284664,NBA,2,Omicron,2,Second dose,0,G_NBA,G_0
315_1,-6.56054,2.66709,-3.47515,-5.11578,0.802745,2.40444,8.30426,1.43133,97,0.39723,-6.44363,2.5709,-3.45551,-5.20597,0.766181,2.37064,7.70872,1.42843,97,0.34625,-6.55468,2.59203,-3.44009,-5.10969,0.770575,2.54232,7.58735,1.43666,97,0.169673,0.140264,0.200033,0.265521,0.687345,0.214097,1.0407,1.39404,0.0940766,0,0.723451,NBA,2,Omicron,3,Boosted,0,G_NBA,G_0
534_1,-6.62123,2.07493,-3.40626,-5.98501,0.566581,2.04741,10.1287,1.39249,97,0.281891,-6.70161,2.13759,-3.44869,-6.07422,0.735637,2.34489,11.567,1.40227,97,0.300559,-6.749,2.18329,-3.41319,-5.98448,0.796334,2.25964,9.35992,1.41044,97,0.145517,0.169435,0.195728,0.275715,0.818622,0.246847,1.59279,4.50861,0.104389,0,0.358495,NBA,2,Omicron,3,Boosted,0,G_NBA,G_0
1789_1,-6.7195,2.13393,-3.37549,-5.87264,1.58731,2.17869,12.3901,1.40704,97,0.225547,-6.70936,2.0912,-3.46032,-5.79226,1.24541,2.05729,8.79094,1.38295,97,0.281306,-6.80492,2.1632,-3.43039,-4.81667,1.05786,1.93293,7.70829,1.40235,97,0.143635,0.120046,0.147686,0.269502,1.00347,0.587373,0.914241,4.55817,0.0883765,0,0.485482,NBA,1,Omicron,3,Boosted,0,G_NBA,G_0
2947_2,-6.69641,2.57969,-3.43869,-2.8507,0.804758,3.32285,7.5373,1.44402,97,0.248248,-6.64679,2.66,-3.49798,-2.8834,0.887539,3.15134,6.58585,1.42951,97,0.33214,-6.69625,2.52094,-3.48308,-3.10984,0.809468,2.79979,4.89202,1.42431,97,0.161125,0.152229,0.279685,0.240855,0.548517,0.353358,1.82769,3.76075,0.102208,0,0.465582,NBA,1,Omicron,2,Second dose,0,G_NBA,G_0
2017_1,-6.56826,2.36685,-3.36293,-5.48883,0.669031,2.32025,12.012,1.42502,97,0.267939,-6.64544,2.42788,-3.33141,-5.3089,0.639466,2.38332,11.6728,1.43005,97,0.269159,-6.62231,2.3772,-3.39689,-5.35543,0.619946,2.13982,10.2052,1.42614,97,0.157743,0.175336,0.197858,0.260791,0.612282,0.228918,1.22176,5.00844,0.0974589,0,0.230505,NBA,1,Omicron,3,Boosted,0,G_NBA,G_0
2995_2,-6.58856,2.63211,-3.37451,-3.14642,0.377436,2.13821,14.6405,1.44032,97,0.279519,-6.59523,2.56746,-3.33439,-3.4072,0.418191,2.65712,13.734,1.43931,97,0.244947,-6.60035,2.48802,-3.39718,-3.54722,0.406554,2.17052,9.62679,1.44122,97,0.137148,0.169721,0.227132,0.262672,0.485838,0.14488,1.36177,4.66126,0.100911,0,0.329536,NBA,1,Omicron,3,Boosted,0,G_NBA,G_0
1864_1,-6.69128,1.99233,-3.37548,-5.83304,0.772713,2.13581,14.5405,1.42189,97,0.325466,-6.68823,2.04557,-3.35385,-5.40611,0.653313,2.26838,13.8714,1.38762,97,0.234713,-6.78343,2.09146,-3.41536,-5.41045,0.759061,2.12695,9.7813,1.43378,97,0.105265,0.158863,0.189159,0.256505,0.778654,0.221528,1.26522,5.43744,0.0880677,0,0.319922,NBA,3,Omicron,3,Boosted,0,G_NBA,G_0
109_1,-6.67118,2.21045,-3.4894,-5.7686,0.664346,2.3147,7.50506,1.42211,97,0.437355,-6.65372,2.19685,-3.41385,-5.67794,0.684991,3.02781,7.81998,1.41808,97,0.204013,-6.68342,2.24945,-3.43562,-5.31303,0.638275,2.84661,7.78133,1.42031,97,0.138073,0.161052,0.187286,0.263483,0.791501,0.238755,1.49009,1.03717,0.0955539,0,0.228668,NBA,1,Delta,2,Second dose,0,G_NBA,G_0
3038_2,-6.7364,2.03332,-3.53145,-5.10931,0.670923,3.86691,4.23717,1.40614,97,0.300865,-6.69489,1.9979,-3.43602,-5.07256,0.911517,3.493,5.34165,1.43186,97,0.330875,-6.77544,2.15164,-3.4933,-4.48196,0.67028,3.3778,4.54957,1.40695,97,0.145735,0.141258,0.211676,0.319466,0.779025,0.813431,1.19538,3.20879,0.116668,0,0.511738,NBA,1,Omicron,3,Boosted,0,G_NBA,G_0
2337_1,-6.76563,2.14685,-3.24919,-6.05148,0.44478,1.74849,17.6136,1.38578,97,0.229094,-6.76158,2.12556,-3.35718,-6.03368,0.420996,2.23711,16.3166,1.37621,97,0.218579,-6.73705,2.0883,-3.37918,-6.10023,0.442416,2.22909,12.2209,1.39989,97,0.142421,0.140027,0.161522,0.27475,0.634121,0.118509,1.18774,6.14849,0.0951538,0,0.218685,NBA,2,Omicron,3,Boosted,0,G_NBA,G_0
1719_1,-6.81181,2.14855,-3.32347,-3.31605,0.457226,2.60595,15.1606,1.44608,97,0.27418,-6.71672,2.26894,-3.34796,-2.9604,0.438148,2.55027,15.7062,1.40954,97,0.272568,-6.78459,2.16998,-3.39584,-3.1722,0.430534,2.14777,10.3132,1.40973,97,0.151584,0.17297,0.26519,0.275652,0.607949,0.135284,1.61448,6.36573,0.113915,0,0.303131,NBA,1,Omicron,2,Second dose,0,G_NBA,G_0
911_1,-6.71688,1.77035,-3.39037,-6.18222,0.51869,3.64574,9.11695,1.41141,97,0.245123,-6.75015,1.82962,-3.41793,-6.06476,0.509212,4.56031,9.31479,1.40746,97,0.247484,-6.79124,1.85254,-3.39936,-5.74934,0.441903,3.96221,9.29639,1.41012,97,0.147543,0.140905,0.156857,0.270947,0.663909,0.220575,1.6404,0.53834,0.0952661,0,0.334556,NBA,2,Omicron,3,Boosted,0,G_NBA,G_0
1911_1,-6.64055,2.57182,-3.44566,-3.356,0.688522,2.68101,11.1034,1.43086,97,0.297346,-6.61612,2.57323,-3.4105,-3.40876,0.70978,2.54992,11.5284,1.43965,97,0.254099,-6.65455,2.50742,-3.39911,-3.49951,0.69918,2.29397,10.3869,1.43431,97,0.151643,0.147236,0.251605,0.275171,0.551653,0.257052,1.61687,5.59418,0.103221,0,0.301681,NBA,1,Omicron,2,Second dose,0,G_NBA,G_0
1176_1,-6.6013,2.58898,-3.33526,-3.69738,0.395894,2.40054,13.6741,1.42614,97,0.228386,-6.58171,2.48162,-3.37108,-4.0351,0.454068,2.56121,16.2224,1.44174,97,0.272954,-6.60052,2.46038,-3.39689,-3.99427,0.423149,2.30961,10.4918,1.4381,97,0.139986,0.171112,0.185471,0.232834,0.524758,0.138655,1.43005,6.76238,0.104839,0,0.296457,NBA,2,Omicron,3,Boosted,0,G_NBA,G_0
2229_2,-6.62486,2.59712,-3.41191,-3.99534,0.806238,2.60564,9.36122,1.43366,97,0.224834,-6.59995,2.50912,-3.41744,-4.35864,0.927527,2.52571,10.0366,1.41901,97,0.271756,-6.65324,2.48961,-3.40769,-4.32439,0.902431,2.53427,8.93959,1.42217,97,0.161392,0.189783,0.225567,0.273838,0.633205,0.242178,1.31595,3.59685,0.0898315,0,0.319726,NBA,1,Omicron,2,Second dose,0,G_NBA,G_0
106_1,-6.56986,2.47458,-3.53623,-4.35573,0.560083,2.52606,6.73131,1.44704,97,0.275756,-6.54749,2.42939,-3.49266,-4.42271,0.528358,2.21222,6.31625,1.44317,97,0.305311,-6.61013,2.44532,-3.45249,-4.30725,0.521472,2.17826,6.59157,1.42481,97,0.158151,0.157333,0.207673,0.274776,0.702274,0.17283,1.01614,0.928766,0.0999945,0,0.360001,NBA,2,Omicron,3,Boosted,0,G_NBA,G_0
2798_1,-6.62247,2.45124,-3.37002,-5.34108,1.73746,2.75313,14.1566,1.41891,97,0.367572,-6.61996,2.51197,-3.42073,-4.96033,1.38133,2.03558,9.30353,1.44702,97,0.347499,-6.69045,2.50183,-3.42235,-5.04931,1.75261,2.20721,8.64257,1.41625,97,0.205946,0.184879,0.247475,0.273193,1.01262,0.463466,1.0423,6.11122,0.0994204,0,0.47331,NBA,2,Omicron,3,Boosted,0,G_NBA,G_0
2058_1,-6.59554,2.7118,-3.36259,-2.55311,1.1253,2.39721,12.9495,1.42295,97,0.290236,-6.68779,2.70383,-3.30421,-2.55249,1.04543,2.50899,13.1397,1.46219,97,0.284707,-6.68576,2.67952,-3.37557,-2.54555,1.02585,2.16066,10.2872,1.43702,97,0.151247,0.178156,0.236275,0.260635,0.477808,0.201895,1.50145,5.55159,0.0996537,0,0.345564,NBA,2,Omicron,2,Second dose,0,G_NBA,G_0
498_1,-6.66884,2.20282,-3.45579,-4.53064,0.738558,2.66544,8.34094,1.41121,97,0.392471,-6.72564,2.30278,-3.44729,-4.17749,0.583834,2.34726,7.27854,1.38345,97,0.296301,-6.724,2.24466,-3.44415,-4.24439,0.563341,2.16813,7.11234,1.4116,97,0.15591,0.139833,0.151632,0.272077,0.441401,0.202957,1.05979,1.5579,0.100566,0,0.419409,NBA,2,Omicron,3,Boosted,0,G_NBA,G_0
1806_1,-6.94557,1.47369,-3.37319,-6.36436,0.560371,2.50745,11.6503,1.43139,97,0.19583,-6.88205,1.57285,-3.43589,-7.32169,1.49767,2.51195,10.6541,1.45948,97,0.354723,-6.97926,1.65015,-3.41789,-7.14092,1.34751,2.56403,9.93953,1.44319,97,0.201913,0.105208,0.120935,0.304162,0.857091,0.721911,1.26173,2.83576,0.108723,0,0.540874,NBA,1,Omicron,3,Boosted,0,G_NBA,G_0
12_1,-6.62103,2.52788,-3.2929,-3.66019,0.428433,2.25971,12.6755,1.43859,97,0.260577,-6.59146,2.53534,-3.3919,-3.68917,0.453496,2.51134,13.6551,1.434,97,0.27566,-6.61644,2.44121,-3.39345,-3.78737,0.424313,2.19546,10.3623,1.43415,97,0.13806,0.198653,0.244278,0.268744,0.501479,0.13215,1.63132,3.94749,0.0914321,0,0.35835,NBA,1,Omicron,3,Boosted,0,G_NBA,G_0
1416_1,-6.60098,2.54357,-3.41829,-4.81176,1.52086,2.29413,15.0965,1.42889,97,0.312202,-6.59409,2.62311,-3.40214,-4.23515,1.39061,2.46918,13.9762,1.42314,97,0.23234,-6.67214,2.59261,-3.40161,-4.33559,1.40384,2.18633,9.52339,1.42593,97,0.155538,0.152754,0.218904,0.251245,0.71366,0.239245,1.38709,6.26536,0.0961826,0,0.236692,NBA,2,Omicron,3,Boosted,0,G_NBA,G_0
586_1,-6.52725,2.61131,-3.34469,-5.02426,0.959936,2.79116,15.2794,1.48107,97,0.31296,-6.50767,2.67305,-3.3759,-4.7518,0.915531,2.50142,14.2474,1.41913,97,0.246245,-6.5779,2.62682,-3.38399,-4.72694,0.896197,2.17893,10.3932,1.44084,97,0.148556,0.170566,0.203869,0.267023,0.624419,0.167687,1.16796,5.00567,0.100501,0,0.270812,NBA,1,Delta,2,Second dose,0,G_NBA,G_0
568_1,-6.72832,2.22007,-3.36797,-4.56624,0.720839,2.2957,11.6222,1.4077,97,0.207869,-6.71384,2.24814,-3.38308,-4.77568,0.790175,2.3537,12.5466,1.40297,97,0.210071,-6.74903,2.22547,-3.38839,-4.54883,0.721113,2.05522,10.2541,1.41547,97,0.125808,0.131448,0.172227,0.305224,0.838336,0.343746,1.54834,5.46926,0.108623,0,0.224309,NBA,2,Omicron,3,Boosted,0,G_NBA,G_0
171_1,-6.53655,2.46095,-3.4123,-4.94227,0.46058,2.67543,15.8167,1.43616,97,0.235447,-6.57914,2.47164,-3.33591,-5.26384,0.510497,2.45827,16.1059,1.43198,97,0.302472,-6.57692,2.42613,-3.38772,-5.159,0.5016,2.22077,11.7748,1.44518,97,0.165257,0.146129,0.19838,0.320125,0.691446,0.105743,1.38923,5.34336,0.0905204,0,0.30741,NBA,2,Omicron,3,Boosted,0,G_NBA,G_0
444_1,-6.63153,2.48173,-3.43171,-5.20479,1.05324,2.43323,13.171,1.39467,97,0.275924,-6.68747,2.49471,-3.34639,-5.3841,1.11692,2.38997,12.384,1.41687,97,0.26406,-6.64431,2.41941,-3.40655,-5.28989,1.09562,2.23506,9.96155,1.42256,97,0.152484,0.157997,0.184856,0.284953,0.825739,0.221398,1.31728,4.98259,0.107437,0,0.310905,NBA,2,Delta,2,Second dose,0,G_NBA,G_0
96_1,-6.77594,1.98027,-3.33117,-6.46427,0.935448,1.93511,9.36881,1.39377,97,0.269526,-6.74883,1.97299,-3.42396,-6.31338,0.951877,2.21288,11.0548,1.43132,97,0.25159,-6.82509,2.05145,-3.36929,-6.45296,1.35616,1.95819,10.0955,1.42187,97,0.29874,0.122616,0.160592,0.256798,1.06846,0.387588,1.26524,5.33495,0.099308,0,0.32342,NBA,1,Delta,2,Second dose,0,G_NBA,G_0
2530_1,-6.61318,2.30074,-3.4344,-5.54331,0.828832,1.99649,13.4544,1.43818,97,0.269079,-6.62728,2.35452,-3.33546,-5.33875,0.788916,2.28919,14.6626,1.41109,97,0.212918,-6.66394,2.36876,-3.40162,-5.26924,0.850532,2.13269,10.2232,1.42411,97,0.156327,0.181555,0.231217,0.278896,0.916578,0.227595,1.29688,7.25692,0.0927366,0,0.204624,NBA,2,Omicron,3,Boosted,0,G_NBA,G_0
343_1,-6.63896,2.24884,-3.49786,-5.52967,0.727962,3.43758,7.73604,1.41658,97,0.291169,-6.66818,2.21062,-3.43745,-6.0911,0.884319,2.99734,7.9036,1.42224,97,0.23984,-6.67723,2.30182,-3.43378,-5.52705,0.827566,3.03478,7.96549,1.41997,97,0.155474,0.184712,0.201453,0.260157,0.820856,0.299933,1.59657,1.33925,0.0985664,0,0.297398,NBA,1,Omicron,2,Second dose,0,G_NBA,G_0
2345_1,-6.60203,2.2163,-3.38359,-4.84742,0.450688,2.07382,12.8497,1.38986,97,0.350276,-6.65899,2.21844,-3.37304,-4.98777,0.484797,2.46305,13.7801,1.41188,97,0.315256,-6.66283,2.26245,-3.40681,-4.79223,0.463013,2.1419,9.5908,1.4104,97,0.182605,0.135326,0.192348,0.266584,0.687261,0.149921,1.30831,4.97273,0.103038,0,0.422325,NBA,1,Omicron,3,Boosted,0,G_NBA,G_0
2187_1,-6.48864,2.61977,-3.41232,-5.31024,0.601173,2.64777,12.2498,1.45556,97,0.2575,-6.50737,2.63314,-3.40254,-5.21045,0.576513,2.60176,12.972,1.4393,97,0.220088,-6.54289,2.60673,-3.4096,-5.21465,0.584285,2.36019,10.0485,1.44388,97,0.117685,0.14479,0.174537,0.309267,0.587854,0.137375,1.62384,5.54394,0.114919,0,0.278296,NBA,2,Omicron,3,Boosted,0,G_NBA,G_0
1947_1,-6.66613,2.24685,-3.44577,-5.80166,1.30027,2.83709,10.5911,1.41488,97,0.281147,-6.66549,2.18507,-3.5321,-6.17964,1.1768,2.60822,6.73472,1.42397,97,0.347031,-6.71334,2.28585,-3.47195,-5.51511,1.00505,2.34944,5.24572,1.41413,97,0.189105,0.164289,0.203808,0.292516,0.713504,0.597664,1.51285,5.34514,0.102938,0,0.359555,NBA,2,Delta,1,First dose,0,G_NBA,G_0
1947_2,-6.60782,2.21538,-3.54951,-6.12189,0.786999,4.70252,4.13184,1.40647,97,0.160612,-6.63504,2.19197,-3.4782,-6.24479,0.959997,4.76344,4.32395,1.43362,97,0.263628,-6.71007,2.26247,-3.50296,-5.96689,0.864658,4.46637,4.14075,1.42079,97,0.142396,0.176439,0.189959,0.310446,0.910369,0.428239,1.98244,0.694886,0.0894969,0,0.372873,NBA,2,Omicron,1,First dose,0,G_NBA,G_0
2731_1,-6.53972,2.68227,-3.45281,-4.76362,1.65373,2.26868,9.10324,1.4232,97,0.209574,-6.62069,2.77641,-3.42248,-4.88436,1.71072,2.36233,10.8708,1.44827,97,0.306239,-6.62143,2.7205,-3.41979,-4.56381,1.80144,2.06176,9.51696,1.41359,97,0.170303,0.170063,0.21398,0.317445,1.04531,0.518016,1.61565,7.31807,0.0991779,0,0.418959,NBA,2,Omicron,2,Second dose,0,G_NBA,G_0
2401_1,-6.68739,2.32492,-3.47709,-6.0833,1.08232,2.32159,9.24318,1.44095,97,0.174461,-6.63546,2.31019,-3.40484,-5.75618,0.921741,2.36375,8.30123,1.43702,97,0.23331,-6.66663,2.36563,-3.42974,-5.30123,0.864202,2.08148,7.74934,1.42524,97,0.145094,0.181739,0.180646,0.269172,0.775365,0.302707,1.55821,2.8269,0.0935297,0,0.309917,NBA,1,Omicron,3,Boosted,0,G_NBA,G_0
1954_1,-6.5544,2.80401,-3.46062,-4.93407,1.63502,2.38147,10.4515,1.43994,97,0.280844,-6.54338,2.72569,-3.38208,-5.43203,1.76765,2.40873,10.7173,1.42945,97,0.263208,-6.59386,2.70993,-3.40073,-5.39288,1.93764,2.09026,10.1568,1.42855,97,0.166424,0.140522,0.204431,0.264588,1.05213,0.431791,1.47506,4.96069,0.0869849,0,0.36694,NBA,2,Delta,2,Second dose,0,G_NBA,G_0
162_1,-6.65474,2.46147,-3.44176,-5.1152,1.54545,2.36813,9.1365,1.42017,97,0.36037,-6.6791,2.52649,-3.48168,-4.86754,1.34319,2.4709,8.61077,1.43266,97,0.276498,-6.69638,2.48069,-3.46843,-4.47615,1.23901,2.32421,6.25123,1.42487,97,0.163363,0.182773,0.233569,0.2713,1.02027,0.536821,1.30359,4.88374,0.0881214,0,0.324983,NBA,1,Omicron,3,Boosted,0,G_NBA,G_0
2664_1,-6.6615,2.42826,-3.47567,-4.39171,0.774053,2.39784,11.9154,1.44333,97,0.24849,-6.62427,2.4816,-3.39605,-4.0323,0.684804,2.26714,11.0965,1.42342,97,0.210202,-6.67481,2.42217,-3.40269,-4.29342,0.774829,2.13555,10.218,1.4239,97,0.155902,0.154786,0.221137,0.27615,0.772446,0.265706,1.32527,4.21481,0.0977213,0,0.234678,NBA,1,Omicron,3,Boosted,0,G_NBA,G_0
2400_1,-6.64626,2.29188,-3.37405,-4.70181,0.366445,2.12725,14.0701,1.43685,97,0.278038,-6.62415,2.24282,-3.27661,-4.67526,0.336887,2.47198,15.1508,1.44622,97,0.194729,-6.63164,2.26836,-3.3987,-4.51159,0.308186,2.30012,10.5249,1.42761,97,0.115161,0.180769,0.194823,0.273788,0.57908,0.114427,1.30735,5.62797,0.095149,0,0.22191,NBA,2,Omicron,3,Boosted,0,G_NBA,G_0
1287_1,-6.61598,2.46155,-3.39641,-5.64528,0.65308,2.49557,12.2226,1.43553,97,0.249261,-6.59292,2.38645,-3.4012,-5.76468,0.670756,2.1165,12.5517,1.44035,97,0.253869,-6.6221,2.42699,-3.41468,-5.5644,0.653451,1.96414,8.6679,1.426,97,0.158742,0.15917,0.148378,0.297009,0.765547,0.165779,1.19729,6.03421,0.109781,0,0.277203,NBA,1,Omicron,2,Second dose,0,G_NBA,G_0
152_1,-6.69669,2.33263,-3.43741,-5.95134,0.565076,1.51015,5.61323,1.42019,97,0.22057,-6.64263,2.3458,-3.43513,-5.90466,0.65394,1.9238,6.87054,1.41911,97,0.299837,-6.67504,2.3515,-3.44326,-5.85566,0.625885,1.90096,6.62307,1.42021,97,0.1653,0.159173,0.177947,0.272848,0.697931,0.203478,0.526239,0.957354,0.0893758,0,0.409157,NBA,1,Omicron,2,Second dose,0,G_NBA,G_0
2080_1,-6.93299,1.76138,-3.47812,-6.86863,0.754394,2.16901,10.282,1.42963,97,0.274908,-6.92404,1.75123,-3.40635,-6.86678,0.744291,2.24217,10.2731,1.4528,97,0.216955,-6.9118,1.71513,-3.42031,-6.69441,0.601225,1.93639,9.98851,1.4354,97,0.158851,0.166674,0.179277,0.234651,0.708243,0.422875,1.14677,1.22442,0.130355,0,0.194354,NBA,3,Omicron,3,Boosted,0,G_NBA,G_0
2833_1,-6.65029,2.57682,-3.35553,-3.0031,0.644944,2.42517,11.4087,1.43365,97,0.273041,-6.65052,2.55335,-3.32884,-3.21241,0.709288,2.4071,13.334,1.44667,97,0.291588,-6.68703,2.46809,-3.39803,-3.20492,0.6286,2.14753,10.2475,1.42669,97,0.153541,0.194608,0.314826,0.252807,0.768338,0.303323,1.20388,6.80603,0.0963569,0,0.311181,NBA,1,Delta,2,Second dose,0,G_NBA,G_0
1897_1,-6.72729,2.0648,-3.31221,-6.09081,0.667955,3.2486,9.14077,1.45375,97,0.160607,-6.75931,2.10857,-3.44524,-6.03342,0.736124,3.1564,9.03124,1.40919,97,0.212945,-6.74996,2.08301,-3.41187,-5.82592,0.700152,3.22964,9.32608,1.41369,97,0.163704,0.136968,0.143841,0.223745,0.696143,0.210438,1.84938,0.96234,0.0933196,0,0.224543,NBA,1,Delta,2,Second dose,0,G_NBA,G_0
284_1,-6.71866,2.19857,-3.36621,-6.26361,0.658025,2.01401,12.1284,1.41702,97,0.326306,-6.79574,2.25811,-3.39859,-6.21779,0.683259,2.18626,11.6437,1.42107,97,0.222051,-6.76939,2.21037,-3.40954,-6.31668,0.693364,2.06117,8.97868,1.41767,97,0.137313,0.163703,0.154147,0.258722,0.658351,0.1821,1.30038,4.30245,0.108074,0,0.238566,NBA,2,Omicron,3,Boosted,0,G_NBA,G_0
255_1,-6.66863,2.05535,-3.44201,-5.95423,0.445096,2.29191,14.5123,1.41865,97,0.384224,-6.67811,2.01619,-3.34205,-6.22682,0.493569,2.2708,15.4733,1.4492,97,0.249613,-6.74269,2.06479,-3.3942,-6.03167,0.509328,2.14005,11.2058,1.43162,97,0.131359,0.153974,0.179086,0.269483,0.668385,0.110465,1.20121,6.54099,0.121567,0,0.269352,NBA,3,Omicron,3,Boosted,0,G_NBA,G_0
1981_1,-6.75998,1.95244,-3.37304,-6.1737,0.720986,4.07645,7.30242,1.40971,97,0.402461,-6.74564,1.95301,-3.40627,-6.25959,0.759709,4.31799,7.4212,1.4158,97,0.196674,-6.78219,1.98924,-3.43489,-5.89633,0.67527,4.31639,7.49485,1.42104,97,0.154948,0.144452,0.185519,0.237022,0.958707,0.314113,2.05028,0.606357,0.101172,0,0.184941,NBA,2,Omicron,3,Boosted,0,G_NBA,G_0
2144_1,-6.75658,1.80564,-3.49642,-5.0903,0.485691,1.7024,10.9419,1.4269,97,0.297662,-6.8367,1.90648,-3.40714,-5.34713,0.637119,1.85479,10.804,1.438,97,0.191047,-6.86653,1.8584,-3.43165,-5.34946,0.537715,1.6154,7.4838,1.43757,97,0.131054,0.143209,0.171674,0.251452,0.84349,0.342166,1.3024,5.69322,0.0940241,0,0.15462,NBA,1,Omicron,3,Boosted,0,G_NBA,G_0
2892_1,-6.97531,1.98658,-3.3931,-4.6904,0.585862,5.38289,4.66996,1.40371,97,0.25353,-6.79224,1.84911,-3.49727,-4.61532,0.520206,4.88419,4.6547,1.41707,97,0.201008,-6.84948,1.79358,-3.48097,-5.0055,0.47386,4.75118,4.56448,1.40862,97,0.135867,0.171708,0.245347,0.280968,0.773538,0.267862,2.08312,0.473757,0.0936985,0,0.177211,NBA,2,Omicron,3,Boosted,0,G_NBA,G_0
1971_1,-6.87614,1.79004,-3.3568,-7.29182,0.662566,2.20031,16.5603,1.41218,97,0.163861,-6.91776,1.82518,-3.38624,-7.07363,0.625503,2.3985,16.9464,1.40798,97,0.183657,-6.92786,1.81924,-3.39246,-6.78549,0.560656,2.15129,11.4689,1.41331,97,0.160362,0.127783,0.147253,0.293039,0.708461,0.209201,1.08369,5.88193,0.110144,0,0.257346,NBA,1,Omicron,2,Second dose,0,G_NBA,G_0
2079_1,-6.74636,2.06592,-3.34449,-5.06084,0.763969,2.60374,14.4065,1.44694,97,0.298993,-6.79299,2.15053,-3.36858,-5.14403,0.829396,2.37514,13.6311,1.40038,97,0.312612,-6.79909,2.11142,-3.37992,-5.1152,0.862501,2.18504,10.3215,1.41102,97,0.152884,0.178693,0.203156,0.281094,0.753179,0.270285,1.90082,5.89725,0.102871,0,0.574479,NBA,1,Omicron,3,Boosted,0,G_NBA,G_0
2532_1,-6.77155,1.62372,-3.42219,-6.73713,0.964896,3.67907,7.19111,1.43546,97,0.276338,-6.96278,1.74856,-3.45047,-6.2862,0.617837,4.52497,7.27008,1.44117,97,0.265815,-6.92912,1.71161,-3.44768,-6.13701,0.54205,3.35703,6.99429,1.44246,97,0.162474,0.18433,0.214029,0.278051,0.873249,0.259901,1.7375,0.564209,0.101861,0,0.25899,NBA,1,Omicron,2,Second dose,0,G_NBA,G_0
2523_1,-6.79487,2.03486,-3.39161,-6.71254,1.03224,2.21055,14.2,1.41224,97,0.354991,-6.76443,1.98965,-3.40611,-6.76546,0.804211,2.04512,11.5303,1.43303,97,0.299295,-6.81778,2.04391,-3.42627,-6.49864,0.839447,2.17127,8.45857,1.4138,97,0.1361,0.134767,0.144363,0.263483,0.737344,0.236045,1.15674,6.50876,0.106118,0,0.412695,NBA,2,Delta,2,Second dose,0,G_NBA,G_0
2811_1,-6.63176,2.38478,-3.37084,-5.66371,0.454682,1.78786,13.4166,1.39464,97,0.372964,-6.65069,2.3481,-3.34299,-5.92168,0.478716,2.11203,14.2327,1.42661,97,0.305989,-6.63825,2.37188,-3.39703,-5.64911,0.456755,1.81111,11.2077,1.41066,97,0.151785,0.181899,0.237522,0.236961,0.771982,0.113939,1.02037,4.11067,0.100503,0,0.385544,NBA,1,Omicron,3,Boosted,0,G_NBA,G_0
1002_2,-6.84724,2.03005,-3.44519,-4.02014,0.579532,2.20407,7.01541,1.42793,97,0.342435,-6.8175,1.92958,-3.41895,-4.59415,0.64389,2.24091,5.94482,1.4155,97,0.360786,-6.85437,1.95865,-3.46048,-4.47029,0.574692,2.17664,5.76641,1.41454,97,0.160906,0.127548,0.145232,0.274624,0.496442,0.311424,0.762254,1.52121,0.0817644,0,0.592237,NBA,1,Omicron,3,Boosted,0,G_NBA,G_0
495_1,-6.56397,2.37324,-3.30241,-5.62912,0.733092,2.36146,13.6983,1.41934,97,0.32382,-6.64137,2.48752,-3.36345,-5.03255,0.692523,2.28682,13.3627,1.40054,97,0.199386,-6.62195,2.4521,-3.40282,-5.19643,0.775049,2.18773,10.2522,1.40181,97,0.154409,0.207386,0.23212,0.239118,0.639358,0.148305,1.51986,4.523,0.0789049,0,0.203133,NBA,2,Omicron,3,Boosted,0,G_NBA,G_0
2772_1,-6.60055,2.59166,-3.38629,-5.81673,0.73658,2.24143,12.9744,1.45014,97,0.337416,-6.58966,2.61543,-3.42863,-5.56342,0.727531,2.5517,12.664,1.44083,97,0.235916,-6.59604,2.5464,-3.42449,-5.52442,0.677076,2.35312,8.44922,1.4323,97,0.171511,0.159338,0.202938,0.230358,0.623597,0.146716,1.62365,7.31863,0.0949723,0,0.256191,NBA,2,Delta,2,Second dose,0,G_NBA,G_0
1301_1,-6.6727,2.33404,-3.46033,-4.34663,0.98433,2.67162,7.28972,1.41047,97,0.22127,-6.72884,2.38689,-3.44465,-4.69102,1.0886,2.64431,8.79438,1.41202,97,0.218964,-6.7206,2.37321,-3.46225,-4.31721,0.968666,2.64828,6.58371,1.40198,97,0.133318,0.171635,0.21567,0.274082,1.255,0.511035,1.31939,5.09271,0.0917125,0,0.261356,NBA,2,Omicron,3,Boosted,0,G_NBA,G_0
710_1,-6.80845,1.86681,-3.47889,-5.52313,0.426508,3.46011,12.2093,1.40968,97,0.366313,-6.78937,1.84909,-3.44432,-5.8694,0.51176,3.45887,12.3622,1.40759,97,0.332286,-6.81114,1.85682,-3.37078,-5.59394,0.469091,3.05804,12.1999,1.40549,97,0.178876,0.140962,0.146565,0.305481,0.668739,0.154023,1.42801,0.670003,0.110859,0,0.382265,NBA,2,Omicron,3,Boosted,0,G_NBA,G_0
2957_1,-6.53308,2.62066,-3.36544,-5.57516,0.994166,1.92318,12.35,1.46608,97,0.250552,-6.55894,2.70627,-3.40016,-5.40393,1.0161,2.57219,14.1274,1.42682,97,0.241409,-6.56926,2.61832,-3.42395,-5.34661,1.00045,2.29276,9.35012,1.43784,97,0.140531,0.154316,0.252825,0.302782,0.795544,0.163875,1.3675,6.63946,0.0801806,0,0.271261,NBA,3,Omicron,3,Boosted,0,G_NBA,G_0
980_1,-6.65484,2.17523,-3.30783,-5.75702,0.628607,2.26967,13.7805,1.43579,97,0.289629,-6.66447,2.2085,-3.39225,-5.55225,0.599191,2.16383,14.2357,1.41574,97,0.265958,-6.68955,2.22078,-3.38494,-5.3794,0.635549,2.14464,11.5657,1.41496,97,0.15496,0.185667,0.213996,0.291147,0.754366,0.181353,1.32317,5.86345,0.0943685,0,0.325569,NBA,2,Omicron,3,Boosted,0,G_NBA,G_0
2272_1,-6.73335,2.18007,-3.35735,-4.94755,0.47144,2.09167,14.3877,1.41804,97,0.251612,-6.73272,2.11361,-3.40875,-5.30289,0.553263,2.52195,13.4907,1.4325,97,0.233146,-6.72087,2.1418,-3.38577,-4.90238,0.445535,2.03936,8.99783,1.43021,97,0.151668,0.175496,0.230679,0.231688,0.946062,0.244144,1.49593,5.13918,0.120838,0,0.203804,NBA,2,Omicron,3,Boosted,0,G_NBA,G_0
1842_1,-6.68759,2.33524,-3.41855,-5.88094,1.27261,2.01227,8.7984,1.42239,97,0.215595,-6.6694,2.33327,-3.45346,-4.81127,0.755222,2.54581,6.08957,1.42553,97,0.267672,-6.69496,2.33301,-3.46332,-4.84642,0.874536,2.76069,6.61754,1.4211,97,0.116995,0.206838,0.233702,0.300403,0.643185,0.266151,1.04131,1.10852,0.108399,0,0.334574,NBA,1,Omicron,3,Boosted,0,G_NBA,G_0
2453_1,-6.63588,2.44792,-3.3577,-4.51609,0.605405,2.44397,15.8286,1.42126,97,0.254272,-6.61914,2.45925,-3.40568,-4.36592,0.574292,2.41171,14.1912,1.43167,97,0.231521,-6.64053,2.40148,-3.40216,-4.45447,0.56631,2.28716,9.77177,1.43014,97,0.142655,0.165272,0.275616,0.253437,0.708545,0.169383,1.30622,4.80737,0.102482,0,0.283166,NBA,2,Omicron,3,Boosted,0,G_NBA,G_0
2904_1,-6.81599,1.98975,-3.38291,-6.77948,0.583552,2.1652,12.1209,1.43503,97,0.299002,-6.81516,1.98823,-3.40321,-6.58058,0.577401,2.4526,13.2805,1.39573,97,0.273101,-6.81459,1.99328,-3.39865,-6.27559,0.491159,1.96033,9.10528,1.40221,97,0.174268,0.181446,0.196235,0.28209,0.82548,0.181737,1.39859,5.67467,0.0952203,0,0.272498,NBA,2,Omicron,3,Boosted,0,G_NBA,G_0
2236_2,-6.74799,2.35588,-3.4373,-5.30248,1.07295,2.64702,6.104,1.39677,97,0.268287,-6.71845,2.35357,-3.42347,-5.56043,1.41848,2.64318,9.11519,1.39445,97,0.380184,-6.73569,2.35979,-3.45469,-5.22836,1.36454,2.39939,6.4919,1.40018,97,0.163193,0.149941,0.169244,0.260963,1.05987,0.450169,1.41902,4.85073,0.0898547,0,0.546886,NBA,2,Omicron,3,Boosted,0,G_NBA,G_0
157_1,-6.69713,2.17517,-3.42931,-4.83811,0.613792,2.21427,9.41519,1.41395,97,0.223606,-6.70536,2.19065,-3.38261,-4.68159,0.5616,2.35543,9.85165,1.40746,97,0.290752,-6.73203,2.19704,-3.40393,-4.48728,0.554707,2.10596,9.65201,1.411,97,0.165892,0.149617,0.199921,0.310999,0.830655,0.216895,1.24832,2.50448,0.0873045,0,0.380533,NBA,2,Omicron,3,Boosted,0,G_NBA,G_0
1013_1,-6.63441,2.65575,-3.45748,-3.91123,0.956724,2.41196,9.16036,1.43202,97,0.41915,-6.60687,2.60115,-3.41907,-4.09585,0.935862,2.64301,7.75132,1.46138,97,0.330557,-6.63376,2.56467,-3.44314,-3.97156,0.849108,2.44203,6.96903,1.43254,97,0.19324,0.15186,0.235799,0.272544,0.716306,0.379727,1.28216,3.31022,0.0989537,0,0.377003,NBA,2,Omicron,3,Boosted,0,G_NBA,G_0
2907_1,-6.57351,2.58484,-3.37918,-5.2552,0.703192,2.39171,14.6673,1.44008,97,0.303116,-6.54243,2.56862,-3.42094,-5.22975,0.696968,2.33106,14.5088,1.45758,97,0.269692,-6.57859,2.55083,-3.39763,-5.13381,0.721114,2.13381,10.2006,1.4347,97,0.15151,0.138333,0.216011,0.256955,0.704792,0.157599,1.21968,5.89454,0.112315,0,0.357019,NBA,2,Omicron,3,Boosted,0,G_NBA,G_0
248_1,-6.77023,2.19464,-3.44939,-5.00043,1.37719,2.07646,8.51312,1.41625,97,0.270797,-6.80673,2.02113,-3.51771,-4.69797,0.641578,2.50469,6.11859,1.41082,97,0.262659,-6.85991,1.91585,-3.45447,-4.70257,0.553386,2.3612,5.76107,1.41382,97,0.153652,0.170957,0.230014,0.298336,0.803591,0.39111,1.16818,3.4632,0.120219,0,0.281639,NBA,2,Omicron,3,Boosted,0,G_NBA,G_0
2359_1,-6.82518,2.39691,-3.52037,-3.75621,0.998399,3.00334,6.30971,1.39238,97,0.251207,-6.761,2.2153,-3.50755,-4.19902,1.00826,3.11938,5.57325,1.41791,97,0.222039,-6.77877,2.22351,-3.50241,-4.03877,0.787695,3.14049,4.22797,1.40313,97,0.148847,0.15955,0.209873,0.266249,0.504576,0.711579,1.78437,3.60562,0.09269,0,0.259958,NBA,2,Omicron,3,Boosted,0,G_NBA,G_0
2311_1,-6.66822,2.17768,-3.32984,-4.77958,0.630237,2.22122,14.576,1.42206,97,0.26712,-6.66974,2.17878,-3.33393,-4.62303,0.577002,2.41636,14.6367,1.39799,97,0.223767,-6.7353,2.22756,-3.38481,-4.60707,0.62631,2.17819,10.6771,1.41807,97,0.138601,0.194743,0.216729,0.267655,0.627647,0.192829,1.48484,5.41695,0.089156,0,0.31371,NBA,2,Omicron,3,Boosted,0,G_NBA,G_0
3010_1,-6.6999,2.03513,-3.46416,-6.01024,0.764763,2.25576,6.94038,1.4167,97,0.220341,-6.74634,2.0808,-3.45433,-6.21351,0.974623,2.25851,8.22641,1.41152,97,0.312204,-6.73724,2.04712,-3.43491,-5.77369,0.740504,1.85368,6.27608,1.42737,97,0.157458,0.118961,0.13431,0.287313,0.856419,0.409384,0.911594,3.70335,0.0920355,0,0.51424,NBA,1,Omicron,2,Second dose,0,G_NBA,G_0
2415_1,-6.8077,2.17839,-3.47971,-5.92163,0.880753,2.17712,12.0155,1.4267,97,0.344611,-6.75771,2.15165,-3.32707,-5.76832,0.868444,2.67726,15.3154,1.42546,97,0.327255,-6.74749,2.13441,-3.40103,-5.8913,0.963807,2.10062,10.8108,1.39136,97,0.149432,0.150029,0.17459,0.348796,0.799835,0.197303,1.43121,7.32695,0.118914,0,0.428829,NBA,1,Delta,2,Second dose,0,G_NBA,G_0
1948_1,-6.7134,2.16506,-3.43175,-6.25732,0.654764,2.54139,14.1021,1.39332,97,0.247271,-6.71525,2.16691,-3.37771,-6.3399,0.67981,2.31566,15.5019,1.40616,97,0.235711,-6.72253,2.15694,-3.41484,-6.13052,0.653074,2.15505,9.45659,1.39226,97,0.141867,0.139839,0.154587,0.236383,0.583069,0.164162,1.29051,6.11327,0.10009,0,0.249378,NBA,2,Omicron,3,Boosted,0,G_NBA,G_0
1694_1,-6.71603,2.04634,-3.42628,-5.34085,0.501582,2.40906,7.50091,1.43582,97,0.322503,-6.68202,2.08094,-3.44065,-5.30833,0.510799,2.53712,7.64815,1.42715,97,0.254652,-6.68183,2.23368,-3.42488,-4.7126,0.469987,2.73902,8.2146,1.4202,97,0.155528,0.19316,0.324112,0.266316,1.13564,0.227029,0.931687,1.0354,0.0994854,0,0.360389,NBA,2,Omicron,3,Boosted,0,G_NBA,G_0
1791_1,-6.67317,2.40006,-3.34538,-6.12864,0.567147,2.26502,14.7953,1.43914,97,0.243556,-6.67258,2.42343,-3.34336,-6.01437,0.54483,1.97462,15.3411,1.43888,97,0.305951,-6.67656,2.43905,-3.38913,-5.94616,0.559586,1.84102,11.0023,1.42411,97,0.154032,0.175359,0.192599,0.281344,0.542732,0.11579,1.12106,6.5561,0.100624,0,0.380533,NBA,1,Omicron,2,Second dose,0,G_NBA,G_0
1067_2,-6.63446,2.59909,-3.47994,-4.30239,1.74758,3.42416,7.39198,1.44324,97,0.26749,-6.6172,2.61445,-3.50506,-4.60517,2.0156,2.45088,7.57369,1.42541,97,0.225808,-6.69762,2.62802,-3.42564,-4.43362,2.25034,2.139,10.0941,1.42378,97,0.155382,0.179785,0.203046,0.2794,1.32464,0.973304,1.33555,5.608,0.0796709,0,0.286524,NBA,1,Omicron,2,Second dose,0,G_NBA,G_0
2982_1,-6.50017,2.55801,-3.37924,-4.75772,0.75437,2.44533,14.1266,1.46173,97,0.247022,-6.59352,2.62373,-3.40803,-4.54724,0.73905,2.17194,13.1092,1.44724,97,0.242271,-6.59322,2.56992,-3.39748,-4.51882,0.777276,2.21375,10.3195,1.43778,97,0.153786,0.176376,0.234652,0.320928,0.881668,0.253891,1.2037,5.44211,0.0974452,0,0.251671,NBA,3,Omicron,3,Boosted,0,G_NBA,G_0
2184_1,-6.67979,2.3748,-3.4658,-5.32311,1.35919,3.58879,5.65844,1.41681,97,0.439355,-6.64891,2.36326,-3.44702,-5.24292,1.24525,3.40652,5.10892,1.43264,97,0.247034,-6.69898,2.37789,-3.50581,-4.91993,1.07416,3.38912,4.03773,1.42051,97,0.156679,0.171573,0.244566,0.290689,1.04434,0.726087,1.33497,2.92062,0.0806107,0,0.341946,NBA,1,Omicron,3,Boosted,0,G_NBA,G_0
1875_1,-6.78762,2.10183,-3.35932,-3.32089,0.297636,2.48759,9.97064,1.40747,97,0.244572,-6.90542,1.9424,-3.44649,-4.74142,0.726067,2.54458,10.1362,1.42243,97,0.243916,-6.90146,1.88134,-3.39138,-4.37119,0.643038,2.12032,10.9536,1.42224,97,0.134917,0.197706,0.241604,0.243648,0.729672,0.315611,1.40801,5.90082,0.0900826,0,0.324822,NBA,2,Omicron,3,Boosted,0,G_NBA,G_0
149_1,-6.63238,2.46764,-3.4629,-5.92478,0.897188,3.61174,7.08478,1.44734,97,0.257266,-6.63804,2.4425,-3.44864,-5.6591,0.793915,3.00642,6.6829,1.40969,97,0.298746,-6.66115,2.34767,-3.45088,-5.63067,0.757857,2.72773,6.61622,1.41885,97,0.165784,0.177358,0.211176,0.283592,0.672567,0.240436,1.59566,0.838775,0.0907402,0,0.346982,NBA,3,Omicron,3,Boosted,0,G_NBA,G_0
2888_1,-6.68064,2.48697,-3.36083,-3.72758,0.630427,2.17066,13.9795,1.4262,97,0.219544,-6.66385,2.43108,-3.38968,-3.91938,0.717526,2.2489,13.9913,1.40742,97,0.310835,-6.68703,2.40065,-3.39983,-3.95012,0.699679,2.14329,10.3509,1.42007,97,0.150388,0.189468,0.282413,0.284083,0.681573,0.22231,1.20568,5.0368,0.0981026,0,0.612962,NBA,1,Omicron,3,Boosted,0,G_NBA,G_0
864_1,-6.57694,2.50757,-3.33691,-4.64562,1.10212,2.48921,10.8303,1.44556,97,0.337331,-6.57552,2.63928,-3.39484,-4.46631,1.15358,2.45278,12.0029,1.44149,97,0.227852,-6.64095,2.58302,-3.42181,-4.3508,1.11975,2.19313,8.8101,1.4296,97,0.146353,0.168042,0.269834,0.235291,0.85262,0.29369,1.395,5.16003,0.095202,0,0.25653,NBA,2,Omicron,3,Boosted,0,G_NBA,G_0
55_1,-6.7278,1.99684,-3.34025,-6.06471,0.723162,2.47716,14.8497,1.43549,97,0.150838,-6.76778,2.04166,-3.38116,-6.24145,0.795311,2.28788,16.7692,1.42442,97,0.240232,-6.79877,2.0415,-3.40347,-5.90693,0.753491,2.11683,10.8147,1.42347,97,0.137881,0.166247,0.163569,0.281141,0.778006,0.201441,1.30771,8.66285,0.0957891,0,0.445086,NBA,2,Omicron,3,Boosted,0,G_NBA,G_0
2384_2,-6.80229,2.02442,-3.38914,-6.64362,1.02118,2.08763,11.5439,1.42401,97,0.223426,-6.78624,2.0226,-3.37509,-6.47699,0.944674,1.8694,11.536,1.4441,97,0.224769,-6.80895,2.04466,-3.40379,-6.42095,1.23111,2.38969,10.6769,1.42639,97,0.146348,0.152359,0.184557,0.299112,0.934506,0.312425,1.02373,6.24177,0.0971243,0,0.219712,NBA,2,Omicron,3,Boosted,0,G_NBA,G_0
341_1,-6.55356,2.70554,-3.40244,-5.1013,1.15062,2.24599,10.8322,1.42266,97,0.243978,-6.58169,2.74637,-3.41918,-4.91336,1.22315,2.35868,12.2045,1.42954,97,0.235351,-6.58151,2.64754,-3.41898,-4.91753,1.21307,2.15497,8.95886,1.442,97,0.140552,0.171803,0.206959,0.285397,0.730816,0.222894,1.1556,6.35658,0.099455,0,0.285793,NBA,1,Delta,0,Unvaccinated,0,G_NBA,G_0
1744_1,-6.70518,1.90109,-3.32606,-5.94664,1.17105,1.88168,15.6341,1.42626,97,0.299065,-6.84612,1.9968,-3.45355,-5.43829,0.907007,1.77315,10.0294,1.40736,97,0.228795,-6.84248,1.98947,-3.36612,-4.66104,0.764537,1.37203,10.5704,1.40906,97,0.140106,0.133311,0.154582,0.282214,0.701015,0.40501,1.04838,6.77025,0.0925149,0,0.284099,NBA,1,Delta,0,Unvaccinated,0,G_NBA,G_0
1744_2,-6.7224,2.41929,-3.62295,-4.44692,1.64543,2.85898,5.19007,1.40764,97,0.291342,-6.70807,2.44861,-3.46588,-4.1421,1.92314,2.80009,8.27304,1.38471,97,0.232723,-6.77944,2.51211,-3.3922,-4.10624,2.11811,2.15829,10.3354,1.39034,97,0.162528,0.202716,0.267375,0.287977,0.892044,1.03233,1.45661,6.79386,0.0979939,0,0.218581,NBA,1,Omicron,2,Second dose,0,G_NBA,G_0
1939_1,-6.58557,2.60095,-3.44661,-5.24461,1.16337,2.35333,5.79599,1.4197,97,0.181076,-6.60752,2.65285,-3.39287,-5.37377,1.46854,2.1573,8.94735,1.44107,97,0.241884,-6.61966,2.62678,-3.48475,-5.23069,1.35814,2.0162,4.43829,1.42834,97,0.136027,0.176004,0.217725,0.304563,0.965314,0.62407,0.978639,7.79376,0.103108,0,0.288704,NBA,1,Omicron,2,Second dose,0,G_NBA,G_0
1884_2,-6.74402,1.96331,-3.46028,-6.78835,1.6477,2.04069,5.42247,1.41324,97,0.385565,-6.7484,1.89557,-3.54681,-6.71868,0.947992,2.48497,4.47065,1.4035,97,0.268209,-6.80365,1.9436,-3.49007,-6.11541,0.826735,2.3774,4.44343,1.40702,97,0.145995,0.111797,0.140924,0.286183,0.808564,0.533075,0.764954,0.808758,0.089024,0,0.273457,NBA,1,Omicron,2,Second dose,0,G_NBA,G_0
2074_1,-6.65878,2.24935,-3.37191,-4.63195,0.771866,2.458,12.7993,1.39783,97,0.291191,-6.70282,2.23079,-3.3913,-4.75186,0.821638,2.28956,12.1764,1.41572,97,0.267557,-6.73367,2.28061,-3.39918,-4.4784,0.76958,2.17243,10.31,1.40566,97,0.156788,0.154028,0.176458,0.274616,0.708579,0.293362,1.10059,5.19063,0.101842,0,0.399661,NBA,2,Omicron,3,Boosted,0,G_NBA,G_0
844_1,-6.68401,2.3981,-3.31814,-5.90145,0.81653,2.20212,14.3328,1.43467,97,0.206393,-6.75509,2.34493,-3.28732,-6.23561,0.846223,2.16255,15.1963,1.42903,97,0.226225,-6.77048,2.20186,-3.39131,-6.28943,0.93088,2.00599,10.8027,1.41227,97,0.158949,0.165229,0.251085,0.260892,0.747289,0.20324,1.29455,7.49117,0.0937481,0,0.279242,NBA,3,Omicron,3,Boosted,0,G_NBA,G_0
2614_1,-6.77745,2.02249,-3.45257,-6.17437,0.687001,1.95386,12.1132,1.41538,97,0.223435,-6.75682,2.01849,-3.4015,-6.10544,0.733543,2.29991,13.8948,1.40884,97,0.283867,-6.78425,2.0326,-3.39719,-6.06593,0.821001,2.13389,10.2637,1.41634,97,0.156047,0.226402,0.232168,0.330712,0.744542,0.212766,1.27766,4.89258,0.0893699,0,0.335777,NBA,2,Omicron,3,Boosted,0,G_NBA,G_0
2290_1,-6.61184,2.42149,-3.43749,-5.18477,1.23431,2.19165,11.6434,1.44385,97,0.302043,-6.64589,2.49624,-3.34847,-5.39257,1.36757,2.48332,14.3003,1.43124,97,0.215035,-6.65028,2.48967,-3.4076,-5.15806,1.31646,2.55205,9.01259,1.40493,97,0.143971,0.157871,0.204333,0.278528,0.720091,0.174944,1.22091,7.31268,0.0881239,0,0.300595,NBA,2,Omicron,3,Boosted,0,G_NBA,G_0
3016_2,-6.66843,2.22396,-3.4255,-5.76631,0.767078,1.87358,13.6771,1.42115,97,0.213884,-6.64362,2.22807,-3.41762,-5.66135,0.768967,2.28467,13.9219,1.39655,97,0.356266,-6.72389,2.22412,-3.40842,-5.48312,0.788065,1.9884,9.4173,1.412,97,0.132682,0.149822,0.212352,0.315925,0.87545,0.195082,1.37557,7.35637,0.116029,0,0.729205,NBA,1,Omicron,3,Boosted,0,G_NBA,G_0
1205_1,-6.77141,2.03125,-3.37336,-5.44502,0.550354,2.26424,15.4396,1.4294,97,0.358918,-6.74439,1.96716,-3.38055,-5.71614,0.540827,2.48558,13.6893,1.4359,97,0.25851,-6.77652,1.9887,-3.41019,-5.59445,0.591837,2.09045,9.72708,1.42606,97,0.14717,0.195219,0.206751,0.242378,0.906336,0.202727,1.5319,5.22232,0.095997,0,0.398686,NBA,1,Omicron,3,Boosted,0,G_NBA,G_0
2991_1,-6.57717,2.66419,-3.33447,-3.99872,0.831728,2.33502,17.1789,1.43325,97,0.220461,-6.61243,2.58108,-3.33486,-4.05885,0.773138,2.31996,17.2868,1.4488,97,0.314853,-6.62549,2.56718,-3.31087,-3.92962,0.755177,2.16823,13.0058,1.42617,97,0.145871,0.151513,0.206157,0.255099,0.869087,0.180263,1.18776,5.06459,0.0854508,0,0.415537,NBA,1,Delta,2,Second dose,0,G_NBA,G_0
2991_2,-6.59462,2.25203,-3.39621,-4.35346,0.431021,2.93723,7.76393,1.43786,97,0.245601,-6.67773,2.42047,-3.40709,-4.04899,0.476737,2.94588,7.91863,1.43676,97,0.304931,-6.65352,2.33854,-3.4261,-4.0159,0.426225,3.06193,8.21787,1.42637,97,0.15648,0.158948,0.215731,0.278469,0.529854,0.143466,1.58659,0.873301,0.100456,0,0.384622,NBA,1,Omicron,3,Boosted,0,G_NBA,G_0
1305_1,-6.6364,2.14269,-3.37353,-5.36938,0.578628,2.18576,17.9039,1.43438,97,0.250885,-6.68101,2.22321,-3.30256,-5.07339,0.561404,2.25602,15.6861,1.44489,97,0.278685,-6.69969,2.20205,-3.39084,-5.14579,0.586976,2.13021,10.6145,1.42403,97,0.133517,0.171424,0.17144,0.272572,0.661644,0.185763,1.31902,5.83208,0.0989818,0,0.474156,NBA,2,Omicron,3,Boosted,0,G_NBA,G_0
656_1,-6.55248,2.4586,-3.34872,-5.15502,0.549208,2.33594,16.6646,1.4403,97,0.294982,-6.52384,2.44432,-3.32545,-5.22152,0.54079,2.51055,15.3296,1.42666,97,0.222281,-6.5905,2.46083,-3.38735,-5.05301,0.549536,2.35955,10.9689,1.43793,97,0.146922,0.167003,0.204527,0.266942,0.751354,0.135095,1.46502,5.08931,0.0936717,0,0.269849,NBA,2,Omicron,3,Boosted,0,G_NBA,G_0
2856_2,-6.75265,2.4185,-3.41679,-2.93248,0.696458,2.54001,10.1625,1.3867,97,0.251008,-6.75105,2.30351,-3.42318,-3.21797,0.714316,3.23096,9.77351,1.3935,97,0.272384,-6.75045,2.36301,-3.42312,-3.04094,0.649226,2.63,7.99546,1.4037,97,0.160232,0.190214,0.239853,0.318821,0.575939,0.307974,2.33754,3.9747,0.0927501,0,0.278182,NBA,2,Omicron,2,Second dose,0,G_NBA,G_0
2768_1,-6.56745,2.59054,-3.44287,-5.10371,1.44358,2.18954,8.62871,1.42506,97,0.317906,-6.60246,2.60911,-3.41989,-4.91133,1.37668,2.57538,9.43252,1.44622,97,0.231546,-6.63387,2.61517,-3.45478,-4.66206,1.33832,2.46297,6.92551,1.4314,97,0.143705,0.189536,0.198168,0.258807,0.843534,0.399746,1.3236,4.55779,0.0825777,0,0.254903,NBA,1,Omicron,2,Second dose,0,G_NBA,G_0
1878_1,-6.84818,2.34084,-3.34975,-6.25763,0.742008,2.49601,25.1981,1.39742,97,0.267309,-6.74809,2.24114,-3.27459,-6.44477,0.715456,2.44413,26.0654,1.4367,97,0.213305,-6.78956,2.27572,-3.30068,-6.34141,0.738783,2.22688,21.9795,1.40972,97,0.13028,0.117786,0.166766,0.277916,0.546612,0.0528106,1.18757,5.67071,0.112979,0,0.187476,NBA,3,Omicron,3,Boosted,0,G_NBA,G_0
614_1,-6.64514,2.63092,-3.36249,-3.6448,1.07387,2.4291,14.6099,1.42189,97,0.254552,-6.67482,2.66297,-3.42119,-3.5719,1.0288,2.4169,14.261,1.43543,97,0.235118,-6.68659,2.53864,-3.39418,-3.70572,0.997288,2.20345,10.3368,1.42642,97,0.151165,0.15976,0.228204,0.269381,0.580946,0.260612,1.22577,5.13255,0.0947935,0,0.279535,NBA,1,Omicron,2,Second dose,0,G_NBA,G_0
176_1,-6.78526,2.16246,-3.39635,-4.85778,0.660549,2.10439,10.3708,1.40778,97,0.281465,-6.7227,2.10725,-3.40438,-4.95942,0.699429,2.44867,11.1575,1.42325,97,0.256185,-6.77787,2.09435,-3.39449,-4.81248,0.633291,2.16249,10.3387,1.42458,97,0.152375,0.169549,0.247017,0.275087,0.841726,0.3474,1.47731,5.25225,0.116747,0,0.231041,NBA,1,Omicron,3,Boosted,0,G_NBA,G_0
1749_1,-6.68263,2.63404,-3.43514,-3.22896,0.647873,2.79928,8.87603,1.42721,97,0.200397,-6.66457,2.54825,-3.40553,-3.30957,0.623766,2.90393,8.93018,1.42158,97,0.308518,-6.66192,2.45954,-3.42364,-3.42102,0.601937,2.62472,8.77528,1.4297,97,0.164179,0.180668,0.216584,0.219137,0.446257,0.225872,1.45387,2.10144,0.0950421,0,0.408971,NBA,2,Omicron,3,Boosted,0,G_NBA,G_0
452_1,-6.65311,2.5541,-3.52147,-2.5896,0.760169,2.19965,7.09687,1.42247,97,0.248335,-6.65963,2.57515,-3.40974,-2.462,0.730251,2.58362,7.6336,1.44388,97,0.307048,-6.6959,2.53468,-3.456,-2.51077,0.671043,2.3,5.97115,1.43188,97,0.15113,0.157681,0.269322,0.204202,0.627164,0.277481,1.51138,3.7327,0.100838,0,0.42151,NBA,1,Delta,2,Second dose,0,G_NBA,G_0
2827_1,-6.72339,2.31836,-3.46399,-3.7474,0.62968,2.23787,8.0341,1.39426,97,0.283885,-6.7313,2.3576,-3.45433,-3.68979,0.555136,1.77426,6.94281,1.39259,97,0.25564,-6.7056,2.30135,-3.44176,-3.59108,0.46782,1.69229,6.56068,1.40203,97,0.181586,0.171503,0.311376,0.234273,0.867177,0.220826,0.602373,2.09922,0.0943325,0,0.256978,NBA,2,Omicron,3,Boosted,0,G_NBA,G_0
2585_1,-6.79029,2.10457,-3.36987,-6.28192,0.567941,2.73109,12.0067,1.40436,97,0.357452,-6.71579,2.01797,-3.44826,-6.41445,0.584895,2.36578,14.8163,1.42083,97,0.302359,-6.77024,2.05903,-3.40579,-6.3082,0.581609,2.19262,8.74811,1.42554,97,0.154853,0.141926,0.142017,0.295261,0.564788,0.161143,1.26449,7.76763,0.107498,0,0.319383,NBA,2,Omicron,3,Boosted,0,G_NBA,G_0
218_1,-6.63231,2.54242,-3.39745,-3.55885,0.779459,2.435,11.4476,1.4364,97,0.291245,-6.61943,2.54351,-3.4182,-3.59801,0.810849,2.54638,12.5601,1.42771,97,0.298353,-6.67227,2.49311,-3.3945,-3.58353,0.729282,2.21791,10.2401,1.42769,97,0.150136,0.151135,0.258239,0.263324,0.579757,0.379457,1.33021,6.05959,0.100939,0,0.422085,NBA,3,Omicron,3,Boosted,0,G_NBA,G_0
550_1,-6.7673,1.93817,-3.45668,-6.14663,0.936541,2.35543,6.871,1.452,97,0.197467,-6.78069,1.96475,-3.39289,-6.22913,1.14292,2.61706,7.45755,1.43644,97,0.277439,-6.79539,1.94755,-3.43752,-6.02318,0.981936,2.52219,6.49108,1.43348,97,0.167115,0.140656,0.145001,0.253047,0.852456,0.582272,1.11127,3.06789,0.095712,0,0.292351,NBA,1,Omicron,2,Second dose,0,G_NBA,G_0
82_1,-6.85609,2.07075,-3.41367,-4.0541,0.887466,2.46573,7.26629,1.39835,97,0.39308,-6.82655,2.10337,-3.39288,-3.75743,0.657658,2.6681,6.21028,1.39366,97,0.22227,-6.83385,2.05307,-3.4731,-3.78265,0.572077,2.40798,5.77506,1.40283,97,0.159037,0.165631,0.206968,0.289645,0.719887,0.35037,1.42406,2.27646,0.0947419,0,0.258962,NBA,1,Omicron,3,Boosted,0,G_NBA,G_0
37_1,-6.62807,2.44493,-3.48279,-5.74536,1.62887,2.64912,9.25101,1.42223,97,0.314544,-6.65317,2.48294,-3.42153,-5.61922,1.64956,2.2082,9.09796,1.4128,97,0.232916,-6.6705,2.46247,-3.46198,-5.35338,1.60558,2.48748,5.81086,1.41945,97,0.173136,0.185085,0.180543,0.260373,0.855025,0.483011,1.02094,5.85121,0.0984652,0,0.365543,NBA,1,Omicron,3,Boosted,0,G_NBA,G_0
802_1,-6.53089,2.53233,-3.46906,-4.82289,0.651058,1.99537,7.36906,1.43725,97,0.248712,-6.57319,2.59954,-3.39399,-4.9566,0.809952,2.35927,8.47991,1.42655,97,0.215532,-6.58492,2.54208,-3.43125,-4.74322,0.76961,2.23325,8.37773,1.43542,97,0.15113,0.149918,0.219355,0.314397,0.804188,0.227804,1.01493,1.70587,0.102195,0,0.184268,NBA,2,Omicron,3,Boosted,0,G_NBA,G_0
2028_1,-6.69145,2.0924,-3.14897,-4.40933,0.402236,2.46391,23.579,1.38694,97,0.269581,-6.69718,2.08431,-3.16068,-4.93064,0.499172,2.23536,24.2648,1.38557,97,0.290708,-6.74896,2.11234,-3.27932,-4.7679,0.471499,2.05423,18.976,1.40397,97,0.165197,0.14401,0.190026,0.289651,0.509107,0.087872,1.32105,5.96863,0.0924516,0,0.379177,NBA,2,Delta,2,Second dose,0,G_NBA,G_0
1458_1,-6.74422,2.20109,-3.32185,-4.7756,0.667249,2.33167,14.5174,1.39905,97,0.361562,-6.72931,2.16517,-3.31967,-4.91568,0.697094,2.26258,14.7953,1.39976,97,0.294218,-6.7628,2.16965,-3.39859,-4.79397,0.682696,2.05264,9.55719,1.41403,97,0.134441,0.160492,0.194386,0.267764,0.759013,0.222991,1.32241,7.31748,0.0965592,0,0.409052,NBA,2,Omicron,3,Boosted,0,G_NBA,G_0
2248_1,-6.64494,2.47171,-3.30076,-4.30471,0.746513,2.27925,15.4164,1.44488,97,0.22196,-6.6326,2.47007,-3.34645,-4.33953,0.742028,2.24352,15.41,1.43692,97,0.299208,-6.68422,2.3779,-3.39238,-4.38147,0.722958,2.13411,10.279,1.42175,97,0.155355,0.183214,0.255966,0.294631,0.830439,0.197795,1.21444,6.21502,0.0944511,0,0.407014,NBA,2,Omicron,3,Boosted,0,G_NBA,G_0
843_1,-6.58514,2.42711,-3.33719,-4.62059,0.556704,2.13415,16.3672,1.43692,97,0.222129,-6.56744,2.42585,-3.32617,-4.49456,0.499025,2.12699,14.3755,1.42835,97,0.239489,-6.6183,2.40367,-3.37836,-4.45704,0.507566,2.06543,10.7792,1.42445,97,0.143574,0.16004,0.241307,0.285803,0.821762,0.152678,1.10412,4.56594,0.100298,0,0.305442,NBA,2,Omicron,3,Boosted,0,G_NBA,G_0
1583_1,-6.60171,2.43845,-3.33817,-5.36074,0.986714,2.15405,17.5228,1.4304,97,0.229114,-6.66325,2.54953,-3.36529,-5.12326,0.973402,2.56899,16.7706,1.42546,97,0.154954,-6.64671,2.4492,-3.37905,-4.97316,0.941255,2.22751,11.044,1.42009,97,0.145188,0.193097,0.221577,0.26251,0.824525,0.191725,1.25997,6.94171,0.0960242,0,0.17521,NBA,1,Omicron,3,Boosted,0,G_NBA,G_0
2207_2,-6.64036,2.49498,-3.41737,-3.35911,0.596823,3.405,6.90281,1.4385,97,0.320327,-6.61271,2.50199,-3.42535,-3.31105,0.592685,2.59831,6.30765,1.42877,97,0.250522,-6.69601,2.4068,-3.45567,-3.56676,0.645691,2.77214,6.5493,1.42396,97,0.154235,0.162637,0.260117,0.247239,0.497553,0.206471,1.05704,1.66689,0.102286,0,0.334451,NBA,2,Omicron,2,Second dose,0,G_NBA,G_0
1950_1,-6.70019,2.21903,-3.28949,-6.25117,0.55038,2.2688,18.032,1.40088,97,0.183584,-6.69887,2.22649,-3.32277,-6.08212,0.509669,2.38662,18.1369,1.40517,97,0.23068,-6.70389,2.2083,-3.38031,-5.95223,0.506111,2.14533,12.49,1.40371,97,0.144255,0.138589,0.15777,0.275882,0.666637,0.11045,1.51714,6.48274,0.0991427,0,0.229279,NBA,3,Omicron,3,Boosted,0,G_NBA,G_0
2975_2,-6.7382,1.87975,-3.45501,-6.65886,0.653379,3.35442,8.11077,1.4063,97,0.219839,-6.82966,1.94905,-3.4381,-6.37165,0.611387,2.51921,7.60625,1.3965,97,0.223669,-6.8083,1.93031,-3.4381,-6.19016,0.540511,2.41676,7.44282,1.41822,97,0.145556,0.146416,0.152908,0.337286,0.860468,0.312762,1.03347,1.0159,0.0956122,0,0.304369,NBA,2,Omicron,3,Boosted,0,G_NBA,G_0
1661_1,-6.69062,2.26989,-3.31826,-4.31551,0.523733,2.15566,15.5049,1.43203,97,0.274096,-6.64931,2.22233,-3.39642,-4.26286,0.477873,1.91767,13.5853,1.45907,97,0.280989,-6.67275,2.29978,-3.38488,-3.97269,0.438365,1.90221,9.77209,1.42247,97,0.134252,0.164401,0.262888,0.252186,0.881199,0.219572,1.22824,7.49807,0.106358,0,0.318933,NBA,2,Omicron,3,Boosted,0,G_NBA,G_0
2693_1,-6.83799,1.88248,-3.44251,-6.19209,0.712776,2.14487,9.61092,1.41046,97,0.246949,-6.79671,1.8318,-3.45767,-6.4881,0.722505,2.02014,10.5196,1.42633,97,0.340646,-6.83172,1.84486,-3.41481,-6.21855,0.668198,2.03479,7.97608,1.41726,97,0.154115,0.153527,0.182667,0.272619,0.997216,0.404082,1.04509,4.47188,0.0996753,0,0.608141,NBA,3,Omicron,3,Boosted,0,G_NBA,G_0
2886_1,-6.65579,2.49839,-3.49369,-3.45437,0.59093,2.68297,7.25853,1.41394,97,0.257047,-6.6605,2.53965,-3.42996,-3.45919,0.591338,2.51694,7.30159,1.42054,97,0.318428,-6.66845,2.43046,-3.41209,-3.59509,0.571367,2.6235,7.46809,1.42268,97,0.192764,0.179857,0.234068,0.254895,0.552791,0.194917,1.07768,1.49968,0.10355,0,0.564291,NBA,2,Omicron,3,Boosted,0,G_NBA,G_0
84_1,-6.64953,2.04487,-3.3467,-5.07311,0.644194,2.20558,15.6082,1.41008,97,0.252742,-6.74308,2.15835,-3.30648,-5.10859,0.732919,2.21866,14.5977,1.41728,97,0.29963,-6.76749,2.14642,-3.37924,-5.03644,0.746365,2.07117,10.1925,1.40795,97,0.149175,0.159588,0.184756,0.32514,0.62869,0.212718,1.34422,5.29346,0.0847555,0,0.565884,NBA,2,Omicron,3,Boosted,0,G_NBA,G_0
763_1,-6.73817,2.22969,-3.42573,-4.37482,0.647587,2.82643,8.32851,1.422,97,0.239423,-6.72537,2.24562,-3.42011,-4.32497,0.667551,2.81471,9.42274,1.41891,97,0.26471,-6.74888,2.20702,-3.43069,-4.28797,0.605626,2.65981,8.26213,1.41766,97,0.145063,0.150028,0.231185,0.297246,0.656891,0.291814,1.28285,4.83377,0.0964744,0,0.31677,NBA,2,Omicron,3,Boosted,0,G_NBA,G_0
583_1,-6.7687,2.13495,-3.34179,-6.19987,0.787967,2.22953,12.8744,1.41871,97,0.240641,-6.75156,2.10043,-3.38567,-6.4171,0.792467,2.40722,12.877,1.42594,97,0.287454,-6.77032,2.11295,-3.40333,-6.02818,0.800137,2.17975,9.44287,1.41415,97,0.129278,0.132343,0.147075,0.277373,0.719256,0.169633,1.35931,4.86299,0.112439,0,0.267012,NBA,3,Omicron,3,Boosted,0,G_NBA,G_0
13_1,-6.58385,2.74413,-3.51307,-4.98288,1.69225,3.47976,5.57499,1.45555,97,0.238777,-6.63548,2.70652,-3.39298,-5.45323,2.10757,3.4049,7.49497,1.43745,97,0.280798,-6.61414,2.66635,-3.51371,-5.33659,1.99516,3.00664,3.65171,1.44103,97,0.15298,0.171332,0.222237,0.310399,1.03032,0.958086,2.07918,8.51846,0.114713,0,0.391873,NBA,2,Omicron,3,Boosted,0,G_NBA,G_0
646_1,-6.76867,1.95912,-3.38217,-5.40959,0.553362,2.37,14.1277,1.42159,97,0.227107,-6.76377,1.96768,-3.37011,-5.34024,0.545196,2.26373,15.6073,1.44175,97,0.258332,-6.83368,1.90989,-3.38481,-5.74264,0.717494,2.25374,11.8798,1.44355,97,0.140192,0.171396,0.208852,0.289006,0.859144,0.220293,1.46572,5.51325,0.107888,0,0.369899,NBA,1,Omicron,2,Second dose,0,G_NBA,G_0
2801_1,-6.77964,2.06587,-3.44477,-6.43318,0.919203,2.46743,13.6627,1.41053,97,0.243452,-6.76041,2.05574,-3.37711,-6.22696,0.897643,2.22026,13.145,1.40901,97,0.254663,-6.76992,2.04772,-3.41242,-5.91995,0.862607,2.04394,9.57148,1.40815,97,0.170689,0.13989,0.156294,0.273132,0.746313,0.253653,1.70292,6.00245,0.0972222,0,0.4368,NBA,3,Omicron,3,Boosted,0,G_NBA,G_0
256_1,-6.68674,2.34266,-3.38567,-4.46812,1.07408,2.23742,11.9181,1.40943,97,0.278633,-6.73312,2.33253,-3.39636,-4.52439,1.21463,2.12593,12.809,1.4337,97,0.225946,-6.74398,2.37043,-3.39456,-4.54394,1.27273,2.12351,10.3296,1.41059,97,0.153822,0.160825,0.185057,0.330135,0.614579,0.416684,1.13124,5.07343,0.0931849,0,0.37975,NBA,1,Omicron,3,Boosted,0,G_NBA,G_0
2599_1,-6.53117,2.48204,-3.31714,-4.21297,0.406576,2.51507,13.6011,1.42946,97,0.201537,-6.55037,2.50035,-3.31214,-4.3456,0.475467,2.24609,14.8717,1.45724,97,0.243494,-6.58553,2.48988,-3.40399,-4.2515,0.422712,1.93096,9.98819,1.43992,97,0.136473,0.165098,0.254685,0.309774,0.547773,0.132792,1.16792,5.14883,0.0956015,0,0.306773,NBA,2,Omicron,3,Boosted,0,G_NBA,G_0
1215_2,-6.66849,2.29803,-3.42142,-5.27353,1.34226,2.07571,7.24695,1.41873,97,0.242899,-6.68834,2.30974,-3.48801,-5.66299,1.44447,1.97271,6.62835,1.3967,97,0.240796,-6.7386,2.30354,-3.49859,-5.19431,1.28559,1.88109,4.5967,1.43702,97,0.1674,0.162099,0.203378,0.335503,1.15071,0.66056,0.795207,4.06256,0.0985277,0,0.222941,NBA,1,Omicron,2,Second dose,0,G_NBA,G_0
1736_2,-6.66829,2.46663,-3.42212,-5.10351,1.10036,2.13181,10.2761,1.4305,97,0.204926,-6.63553,2.37915,-3.39652,-5.35766,1.16831,2.09887,11.7466,1.4163,97,0.221579,-6.68494,2.41762,-3.4285,-4.96021,1.12545,2.2527,9.86359,1.42014,97,0.159465,0.180444,0.23171,0.24952,0.881426,0.294399,1.44377,5.51463,0.100239,0,0.262503,NBA,1,Omicron,3,Boosted,0,G_NBA,G_0
2027_1,-6.66132,2.29159,-3.42219,-5.80746,1.00603,2.83028,10.395,1.38953,97,0.226446,-6.68413,2.25714,-3.43915,-6.19542,1.0652,2.61438,10.0513,1.42757,97,0.434795,-6.70999,2.28127,-3.4097,-5.656,1.03593,2.35368,8.76679,1.3976,97,0.200216,0.120546,0.142575,0.292164,0.78255,0.244865,1.70787,4.90039,0.0817573,0,0.790163,NBA,1,Omicron,2,Second dose,0,G_NBA,G_0
187_1,-6.67964,1.97916,-3.24634,-5.62893,0.445043,2.24731,21.0546,1.40328,97,0.322797,-6.73216,2.04688,-3.38171,-5.75835,0.487337,2.28875,22.7188,1.41784,97,0.263547,-6.74172,2.04047,-3.30113,-5.73087,0.513866,2.23964,19.7526,1.4049,97,0.147275,0.170946,0.170723,0.281918,0.702904,0.0873423,1.32945,5.89897,0.0907613,0,0.260388,NBA,2,Delta,2,Second dose,0,G_NBA,G_0
187_2,-6.77598,1.90661,-3.39621,-5.57455,0.764764,2.08609,10.4264,1.42054,97,0.236382,-6.79868,1.91627,-3.40734,-5.68268,0.850989,2.21668,11.1327,1.40243,97,0.250861,-6.85977,1.95788,-3.40462,-5.25839,0.790678,2.0424,10.0802,1.40776,97,0.144647,0.161595,0.176409,0.312697,0.66196,0.327246,1.22513,5.89601,0.0904546,0,0.307098,NBA,2,Omicron,3,Boosted,0,G_NBA,G_0
1494_1,-6.72871,2.42358,-3.52773,-4.95441,1.74774,2.5163,7.16279,1.42781,97,0.242828,-6.71173,2.33385,-3.41974,-5.07082,1.65949,2.67456,8.06738,1.41048,97,0.202185,-6.76976,2.3897,-3.48378,-4.42097,1.47203,2.55158,4.89252,1.40375,97,0.11352,0.180189,0.225059,0.315751,1.11497,0.836966,1.39627,6.23603,0.112112,0,0.220528,NBA,1,Omicron,3,Boosted,0,G_NBA,G_0
3063_2,-6.83884,2.0136,-3.43088,-6.8504,1.27034,2.79668,15.0284,1.43067,97,0.253433,-6.81557,1.96406,-3.33611,-6.75583,1.13404,2.04054,11.8355,1.42181,97,0.31804,-6.80696,1.96165,-3.40133,-6.20702,1.07366,2.34227,10.2351,1.42339,97,0.159018,0.135583,0.151251,0.258595,0.790792,0.383047,1.32635,5.22603,0.0970353,0,0.437088,NBA,1,Omicron,2,Second dose,0,G_NBA,G_0
1820_2,-6.81019,1.69659,-3.5,-4.26718,0.443867,3.61869,6.00323,1.44052,97,0.292055,-6.85452,2.00263,-3.33456,-3.38829,0.458356,2.78012,6.62397,1.41912,97,0.302063,-6.93319,1.73127,-3.45182,-4.29347,0.404266,2.76133,5.99132,1.43269,97,0.147028,0.170664,0.316873,0.289653,0.935733,0.241865,1.49252,1.14995,0.106746,0,0.545799,NBA,1,Omicron,2,Second dose,0,G_NBA,G_0
153_1,-6.60312,2.04097,-3.43261,-6.24062,0.427178,3.40218,11.5452,1.40303,97,0.160269,-6.70376,2.17029,-3.40216,-6.07518,0.451713,3.50462,11.3322,1.391,97,0.249164,-6.69219,2.14876,-3.39339,-5.96269,0.466795,3.30419,11.7157,1.39717,97,0.137163,0.12513,0.138667,0.294378,0.662909,0.119482,1.60543,0.793883,0.0859887,0,0.262749,NBA,2,Omicron,3,Boosted,0,G_NBA,G_0
464_1,-6.58338,2.44526,-3.29419,-4.45459,0.546712,2.32419,17.514,1.44519,97,0.290314,-6.6323,2.45119,-3.35002,-4.7888,0.617492,2.55804,19.7426,1.46296,97,0.318792,-6.64186,2.42533,-3.36504,-4.77723,0.608271,2.22204,16.9781,1.42513,97,0.154145,0.156484,0.229951,0.274258,0.832765,0.121681,1.44724,6.13954,0.0915423,0,0.396872,NBA,1,Delta,2,Second dose,0,G_NBA,G_0
2482_1,-6.50791,2.64617,-3.52803,-5.54933,1.33893,2.81773,7.64473,1.46351,97,0.221971,-6.57649,2.72881,-3.4314,-5.70041,1.41072,2.26636,9.40188,1.44564,97,0.592635,-6.58452,2.68373,-3.46873,-5.36651,1.39779,2.04721,6.49358,1.43794,97,0.172198,0.161062,0.192678,0.261699,0.839871,0.33203,1.43526,6.46234,0.0985545,0,2.15409,NBA,1,Delta,2,Second dose,0,G_NBA,G_0
1840_1,-6.80129,2.13886,-3.44328,-3.62107,0.418453,2.68797,7.24232,1.43044,97,0.348431,-6.78643,2.07939,-3.44841,-3.7049,0.461191,2.09865,7.5822,1.41768,97,0.227682,-6.78747,2.07476,-3.42957,-3.67999,0.412342,1.97738,6.99803,1.40385,97,0.148636,0.133253,0.168085,0.292453,0.410651,0.17221,0.952614,2.14023,0.0929704,0,0.244274,NBA,2,Omicron,3,Boosted,0,G_NBA,G_0
257_1,-6.74834,2.12902,-3.45847,-5.56843,0.565513,2.14682,10.8822,1.41371,97,0.266236,-6.71621,2.05854,-3.32962,-5.74547,0.588282,2.34559,10.7731,1.42467,97,0.315363,-6.68208,2.16542,-3.41902,-5.342,0.480238,1.93288,7.97582,1.40999,97,0.149636,0.174161,0.235771,0.297551,1.01294,0.246894,1.54333,4.24224,0.10692,0,0.552486,NBA,1,Omicron,3,Boosted,0,G_NBA,G_0
2269_1,-6.65251,2.13601,-3.36761,-4.92129,0.454115,2.07394,14.4396,1.43513,97,0.289287,-6.69131,2.16826,-3.40721,-5.30205,0.548308,2.17955,14.7885,1.42435,97,0.227194,-6.67816,2.23026,-3.38873,-4.82835,0.469724,2.04813,10.4748,1.4195,97,0.163119,0.17593,0.295974,0.237705,0.832479,0.167779,1.2689,5.99585,0.101313,0,0.247661,NBA,2,Omicron,3,Boosted,0,G_NBA,G_0
43_1,-6.73022,2.15952,-3.34368,-4.51785,0.437352,2.39863,17.1161,1.42074,97,0.300999,-6.69091,2.14621,-3.36973,-4.39858,0.39949,2.11534,13.5108,1.42085,97,0.214357,-6.70369,2.17457,-3.36563,-4.16521,0.379942,1.92454,11.9911,1.41265,97,0.163418,0.155245,0.221221,0.259046,0.925826,0.191655,1.67061,4.29251,0.104481,0,0.277064,NBA,2,Omicron,3,Boosted,0,G_NBA,G_0
504_1,-6.57411,2.43116,-3.38128,-5.22019,0.625739,2.63538,14.9715,1.44682,97,0.23416,-6.58005,2.49896,-3.31149,-4.95216,0.595798,2.29603,15.8956,1.4212,97,0.267186,-6.5935,2.45204,-3.38994,-5.00775,0.608092,2.12549,10.6591,1.42723,97,0.145505,0.153026,0.209255,0.249742,0.680217,0.138555,1.34528,5.8929,0.0942021,0,0.227395,NBA,3,Omicron,3,Boosted,0,G_NBA,G_0
814_1,-6.61337,2.55883,-3.37971,-4.2446,0.762381,2.11597,11.7171,1.44851,97,0.278845,-6.65785,2.5654,-3.36562,-4.01396,0.708479,2.46205,12.6391,1.4482,97,0.273491,-6.64258,2.46965,-3.39964,-4.2555,0.745174,2.23112,10.33,1.43464,97,0.119916,0.160773,0.222717,0.308254,0.76151,0.240768,1.56831,4.32561,0.109575,0,0.323894,NBA,2,Omicron,3,Boosted,0,G_NBA,G_0
982_1,-6.59681,2.81361,-3.35905,-4.28992,1.06954,2.68181,9.58316,1.46406,97,0.292052,-6.58618,2.81732,-3.30399,-4.49452,1.15675,2.60554,10.421,1.4413,97,0.272147,-6.57498,2.70275,-3.35375,-4.62529,1.13036,2.30656,8.94685,1.43933,97,0.136303,0.154656,0.22719,0.250824,0.696019,0.243309,1.51796,3.41662,0.098295,0,0.410618,NBA,2,Delta,2,Second dose,0,G_NBA,G_0
2491_1,-6.67131,2.21262,-3.38114,-5.53413,0.672345,1.98905,12.7344,1.42606,97,0.237874,-6.7039,2.21257,-3.39405,-5.84459,0.768904,2.29563,13.0191,1.4399,97,0.327182,-6.69696,2.24584,-3.39937,-5.50687,0.742053,2.0267,9.47887,1.4129,97,0.151647,0.165563,0.182419,0.322737,0.718939,0.211761,1.35396,5.2169,0.109124,0,0.347553,NBA,2,Omicron,3,Boosted,0,G_NBA,G_0
3064_1,-6.72962,2.224,-3.3481,-4.85402,0.742832,2.08502,11.4687,1.42474,97,0.220567,-6.71621,2.23443,-3.41804,-4.78447,0.755908,2.39736,11.7726,1.41393,97,0.305849,-6.73379,2.22395,-3.39948,-4.55411,0.674531,2.13751,10.211,1.41368,97,0.161533,0.15075,0.175006,0.25227,0.966499,0.361346,1.28424,5.90371,0.102906,0,0.500742,NBA,1,Omicron,3,Boosted,0,G_NBA,G_0
576_1,-6.8104,1.9188,-3.41666,-5.51877,0.601223,2.25367,12.666,1.43776,97,0.37416,-6.80151,1.95088,-3.36413,-5.61273,0.67353,2.44215,12.4208,1.43505,97,0.346908,-6.83024,1.87605,-3.39818,-5.67057,0.606921,2.13756,10.2123,1.43868,97,0.164157,0.147349,0.190964,0.276023,1.02347,0.415279,1.27386,5.66328,0.130439,0,0.449465,NBA,1,Omicron,3,Boosted,0,G_NBA,G_0
472_2,-6.65387,2.80797,-3.35937,-1.94028,0.834952,2.07132,14.3957,1.41667,97,0.265458,-6.73759,2.55799,-3.40941,-2.23713,0.71149,2.25709,14.8638,1.43024,97,0.201274,-6.71618,2.59066,-3.38188,-2.27381,0.780005,2.1178,10.7462,1.43808,97,0.181879,0.169385,0.30558,0.269161,0.614799,0.250321,1.33288,7.04283,0.104306,0,0.255497,NBA,1,Omicron,3,Boosted,0,G_NBA,G_0
819_1,-6.58184,2.34476,-3.38501,-4.34513,0.643205,2.2089,13.4095,1.43287,97,0.316884,-6.65357,2.39507,-3.41827,-4.17016,0.543486,2.42764,12.4119,1.44753,97,0.22537,-6.66762,2.38249,-3.40401,-4.27439,0.601081,2.31601,10.9229,1.42807,97,0.144832,0.152174,0.224711,0.271271,0.61971,0.187193,1.36154,3.37661,0.111269,0,0.42521,NBA,3,Delta,2,Second dose,0,G_NBA,G_0
902_1,-6.81601,2.13101,-3.41605,-6.72975,0.934651,2.52683,12.208,1.42343,97,0.253269,-6.76056,2.08229,-3.38063,-6.52811,0.755661,2.3474,11.5058,1.3944,97,0.271237,-6.79096,2.09413,-3.39855,-6.34842,0.707107,2.12494,10.2413,1.39931,97,0.1562,0.148818,0.173838,0.276709,0.634693,0.348998,1.44653,5.68224,0.101252,0,0.330727,NBA,2,Omicron,3,Boosted,0,G_NBA,G_0
2987_1,-6.7809,2.02656,-3.45895,-4.89865,0.727346,2.77757,7.14313,1.3999,97,0.15486,-6.83156,2.12476,-3.47717,-5.21723,0.848336,2.95711,7.33424,1.40855,97,0.234562,-6.80884,2.05563,-3.433,-4.90905,0.723214,2.94829,7.2846,1.39897,97,0.172745,0.170874,0.229644,0.256769,1.11259,0.377426,1.55709,1.8655,0.0947138,0,0.215669,NBA,1,Omicron,3,Boosted,0,G_NBA,G_0
57_1,-6.59761,2.18556,-3.43176,-6.1081,0.644192,2.76591,6.15539,1.41729,97,0.315723,-6.63811,2.24477,-3.4973,-5.81804,0.663336,2.74308,7.39109,1.41288,97,0.269012,-6.67942,2.25834,-3.46076,-5.76154,0.607543,2.58286,5.66664,1.41563,97,0.16254,0.168532,0.215337,0.291377,0.773456,0.276153,1.21705,4.53288,0.0949498,0,0.322003,NBA,2,Omicron,2,Second dose,0,G_NBA,G_0
1724_1,-6.59293,2.39142,-3.48471,-4.53758,1.16967,2.44338,10.4556,1.44993,97,0.235703,-6.69075,2.55805,-3.4481,-3.94527,1.03466,2.46286,8.20276,1.42347,97,0.257855,-6.68954,2.49,-3.46701,-3.86321,0.902879,2.45147,6.05361,1.42261,97,0.158677,0.187801,0.257811,0.254405,0.804882,0.486982,1.09548,4.33984,0.105234,0,0.436807,NBA,2,Delta,3,Boosted,0,G_NBA,G_0
120_1,-6.66503,2.26622,-3.39311,-4.32023,0.483632,2.95394,11.5454,1.42028,97,0.196659,-6.69528,2.22614,-3.35324,-4.90253,0.639941,2.96301,11.7843,1.43491,97,0.278248,-6.70051,2.23887,-3.38745,-4.44372,0.525526,2.76691,11.8003,1.41964,97,0.182513,0.156802,0.168474,0.28717,0.662615,0.146048,1.4345,1.16657,0.0975531,0,0.356233,NBA,1,Omicron,3,Boosted,0,G_NBA,G_0
903_1,-6.69312,2.60134,-3.4965,-5.09944,2.17332,2.60258,11.7973,1.40513,97,0.274747,-6.61883,2.53796,-3.51416,-4.78159,1.85892,2.79566,7.42646,1.42303,97,0.24266,-6.69956,2.55488,-3.44518,-4.6023,2.04329,2.1077,6.29243,1.41296,97,0.158576,0.211472,0.25916,0.356296,1.14079,0.879657,1.34323,4.36745,0.0971024,0,0.393895,NBA,2,Omicron,3,Boosted,0,G_NBA,G_0
1738_1,-6.76763,1.97014,-3.30695,-5.50678,0.443213,2.21298,19.1586,1.42921,97,0.241273,-6.755,1.98315,-3.34086,-5.55115,0.433028,2.25984,18.062,1.41764,97,0.226321,-6.77388,1.96539,-3.36795,-5.40544,0.435496,2.07038,12.9743,1.43213,97,0.13665,0.173682,0.196264,0.242671,0.783847,0.128267,1.24659,5.43921,0.107732,0,0.222553,NBA,3,Omicron,3,Boosted,0,G_NBA,G_0
373_1,-6.74413,2.10833,-3.43884,-5.88569,0.556384,2.34705,13.3033,1.39492,97,0.186544,-6.70276,2.0561,-3.31397,-6.2231,0.627986,1.95322,15.2374,1.39838,97,0.262978,-6.73677,2.12641,-3.39662,-5.97634,0.599223,1.67947,11.3397,1.40777,97,0.161043,0.137853,0.189683,0.265735,0.847358,0.143495,1.12262,6.40864,0.0975168,0,0.264723,NBA,3,Omicron,3,Boosted,0,G_NBA,G_0
2826_1,-6.60232,2.57869,-3.42134,-4.2592,0.917577,4.01186,6.60685,1.43732,97,0.245902,-6.59232,2.54543,-3.49169,-4.37473,0.909445,2.72975,5.20206,1.44742,97,0.352092,-6.64555,2.52685,-3.48033,-4.2801,0.904048,3.17188,5.4562,1.43347,97,0.141305,0.147332,0.217939,0.288781,0.705011,0.377502,1.088,1.11154,0.0982459,0,0.481286,NBA,2,Delta,2,Second dose,0,G_NBA,G_0
1614_1,-6.6462,2.16737,-3.43377,-5.68733,0.588493,2.5095,13.8785,1.41471,97,0.246063,-6.70806,2.24866,-3.41642,-5.48107,0.619307,2.23009,13.1651,1.44257,97,0.252218,-6.68628,2.18657,-3.42141,-5.60343,0.607116,2.14998,9.14756,1.41266,97,0.13195,0.150253,0.174545,0.261516,0.702522,0.163721,1.22299,4.58128,0.103959,0,0.329826,NBA,2,Omicron,3,Boosted,0,G_NBA,G_0
2433_1,-6.69913,1.93497,-3.42914,-6.23016,0.955816,2.20463,8.73764,1.40018,97,0.264549,-6.75697,1.97287,-3.49396,-5.99731,0.830279,2.28677,8.97342,1.42596,97,0.234936,-6.79255,1.99032,-3.43557,-5.68652,0.726447,2.09478,7.51681,1.42356,97,0.150905,0.147278,0.194913,0.31068,0.995048,0.414547,1.20677,5.54352,0.0965612,0,0.237173,NBA,1,Omicron,3,Boosted,0,G_NBA,G_0
1828_1,-6.84124,1.89477,-3.37614,-6.75786,0.862351,1.79303,13.6884,1.43704,97,0.287404,-6.76272,1.82199,-3.35217,-6.64544,0.857725,1.92214,12.1382,1.4276,97,0.272961,-6.83387,1.87538,-3.41133,-6.20498,0.788306,1.79394,9.11438,1.43438,97,0.149852,0.167716,0.184229,0.302898,0.797253,0.327334,0.925777,5.3379,0.10371,0,0.35523,NBA,1,Omicron,3,Boosted,0,G_NBA,G_0
1766_1,-6.61666,2.64892,-3.43028,-4.51973,0.946798,3.96927,7.9758,1.44846,97,0.359426,-6.55797,2.67928,-3.51525,-4.29409,0.89369,3.93786,7.05893,1.42995,97,0.328559,-6.61929,2.56446,-3.45583,-4.31915,0.842564,3.46593,6.94947,1.43683,97,0.167765,0.176777,0.212953,0.220743,0.97755,0.295902,2.33265,1.06814,0.102427,0,0.570347,NBA,2,Omicron,3,Boosted,0,G_NBA,G_0
154_1,-6.71886,2.00486,-3.41104,-5.7048,0.467513,2.07118,19.6543,1.43499,97,0.655831,-6.63458,2.15263,-3.33695,-5.33727,0.435649,2.15232,19.2762,1.42154,97,0.245656,-6.66873,2.18049,-3.33423,-5.36219,0.425273,1.89871,15.4775,1.42274,97,0.137855,0.190184,0.316436,0.264709,0.903578,0.119744,1.13893,5.08763,0.0914418,0,0.357543,NBA,3,Delta,2,Second dose,0,G_NBA,G_0
2335_1,-6.64369,2.5278,-3.42803,-2.54676,0.362109,2.4962,14.4646,1.45514,97,0.373894,-6.63325,2.4184,-3.42264,-2.81299,0.37903,2.26284,13.1272,1.42832,97,0.205735,-6.67387,2.39322,-3.39308,-2.85832,0.37415,2.09914,10.2057,1.42878,97,0.156873,0.165034,0.230099,0.267439,0.485404,0.132928,1.48892,4.54836,0.0964232,0,0.222978,NBA,2,Omicron,3,Boosted,0,G_NBA,G_0
1536_1,-6.67169,2.05095,-3.29855,-6.00947,0.59508,2.24871,14.3513,1.42571,97,0.314015,-6.72473,2.12645,-3.40163,-5.89971,0.620289,2.56671,15.2053,1.42271,97,0.212701,-6.7389,2.10492,-3.39741,-5.86599,0.65337,2.13459,10.2374,1.42728,97,0.155902,0.142828,0.162789,0.296902,0.722271,0.167707,1.45031,6.70978,0.0879191,0,0.243628,NBA,2,Omicron,3,Boosted,0,G_NBA,G_0
2873_1,-6.62315,2.57638,-3.32447,-4.9368,0.769621,2.52702,16.7608,1.41825,97,0.383675,-6.5572,2.5335,-3.3474,-5.1912,0.760732,2.31576,16.3904,1.42748,97,0.311589,-6.61451,2.48337,-3.37127,-4.97526,0.745482,2.12076,11.9833,1.43083,97,0.156839,0.153402,0.241211,0.240136,0.819266,0.155976,1.32448,5.22576,0.0904451,0,0.36083,NBA,2,Omicron,2,Second dose,0,G_NBA,G_0
2024_1,-6.56157,2.73004,-3.37405,-4.65217,0.71047,3.20906,9.32482,1.43705,97,0.406814,-6.51098,2.60205,-3.41281,-5.05675,0.774061,2.98808,9.58214,1.42828,97,0.239028,-6.5593,2.59507,-3.42635,-4.95525,0.789849,3.17913,9.79872,1.45762,97,0.155744,0.185466,0.200322,0.245996,0.722989,0.164063,1.34258,0.89057,0.0941305,0,0.320213,NBA,1,Omicron,3,Boosted,0,G_NBA,G_0
2546_1,-6.55561,2.63306,-3.41895,-4.39416,0.947243,2.30347,12.0751,1.43834,97,0.452173,-6.55694,2.65721,-3.39632,-4.32824,0.939385,2.27642,13.1943,1.4418,97,0.239081,-6.60486,2.61419,-3.39646,-4.17774,0.882919,2.15235,10.4136,1.43901,97,0.147254,0.177935,0.186406,0.258431,0.881329,0.285295,1.12524,6.04854,0.105299,0,0.358201,NBA,1,Omicron,3,Boosted,0,G_NBA,G_0
752_1,-6.65135,2.24707,-3.33413,-5.98809,0.847254,2.41382,11.4886,1.41566,97,0.263274,-6.68361,2.24062,-3.38492,-6.07093,0.7521,2.39527,12.6297,1.427,97,0.201886,-6.71036,2.2291,-3.39738,-5.91361,0.6884,2.26663,10.3522,1.41962,97,0.150236,0.140853,0.173482,0.259322,0.80603,0.328237,1.22067,6.75335,0.111123,0,0.207468,NBA,3,Delta,2,Second dose,0,G_NBA,G_0
262_1,-6.54931,2.75208,-3.37748,-3.96843,0.671223,2.5364,15.154,1.43367,97,0.261449,-6.50722,2.67186,-3.34774,-4.2826,0.710805,2.48289,15.8499,1.44992,97,0.290166,-6.5748,2.62541,-3.35518,-4.30491,0.711927,2.27639,10.9241,1.43993,97,0.138467,0.174691,0.213852,0.302663,0.767845,0.18893,1.35666,4.86169,0.103022,0,0.364928,NBA,2,Omicron,3,Boosted,0,G_NBA,G_0
2199_1,-6.5646,2.56145,-3.37013,-4.63748,0.705917,2.91046,13.7683,1.44406,97,0.254085,-6.59605,2.60176,-3.36915,-4.5282,0.731178,1.94304,14.5008,1.4339,97,0.297087,-6.60661,2.5259,-3.39269,-4.74827,0.789035,1.93857,10.1998,1.4301,97,0.161213,0.162919,0.249459,0.292826,0.830038,0.212984,1.16269,7.60366,0.0861498,0,0.435836,NBA,2,Omicron,2,Second dose,0,G_NBA,G_0
1087_1,-6.5434,2.60478,-3.4181,-5.57464,0.655738,2.31802,11.7102,1.44803,97,0.229125,-6.54687,2.68501,-3.38971,-5.53426,0.72699,2.1576,12.5342,1.42753,97,0.357745,-6.57802,2.62281,-3.40737,-5.51705,0.73941,1.94446,9.16244,1.43299,97,0.169669,0.156881,0.198207,0.284633,0.603469,0.152069,1.25933,4.66237,0.108544,0,0.83555,NBA,2,Omicron,3,Boosted,0,G_NBA,G_0
2921_1,-6.67018,2.47505,-3.3095,-5.64109,1.02911,2.60098,13.8173,1.44121,97,0.198425,-6.63525,2.46495,-3.38434,-5.66987,1.07894,2.34718,13.06,1.40876,97,0.231708,-6.65859,2.46378,-3.39922,-5.55541,1.10876,2.08423,10.1621,1.42411,97,0.147932,0.150889,0.199116,0.283289,0.686641,0.268061,1.26797,5.60911,0.102325,0,0.272002,NBA,1,Omicron,3,Boosted,0,G_NBA,G_0
58_1,-6.59133,2.36851,-3.46036,-5.57709,0.773938,2.85782,6.95291,1.4305,97,0.299164,-6.63397,2.3694,-3.44218,-5.1366,0.601715,3.62894,7.03528,1.44118,97,0.235023,-6.64357,2.36624,-3.43732,-5.14678,0.667614,3.39612,7.0004,1.42731,97,0.166028,0.175432,0.198732,0.257004,0.823399,0.228555,1.46717,1.6463,0.11395,0,0.285448,NBA,1,Omicron,3,Boosted,0,G_NBA,G_0
2848_1,-6.6981,2.13316,-3.37169,-5.7976,0.549931,2.26084,15.8781,1.42026,97,0.291717,-6.71237,2.14001,-3.3641,-6.06906,0.587941,2.07675,15.7295,1.41959,97,0.320223,-6.70575,2.17863,-3.38477,-5.71479,0.569521,2.02728,12.5167,1.40829,97,0.158306,0.163753,0.180758,0.296146,0.801249,0.147997,0.947194,4.46977,0.110045,0,0.642633,NBA,1,Delta,2,Second dose,0,G_NBA,G_0
242_1,-6.76532,2.35981,-3.36441,-4.3004,1.03703,2.09212,9.26559,1.42408,97,0.296923,-6.7291,2.32198,-3.40809,-4.61453,1.30482,2.01382,11.8716,1.41543,97,0.292926,-6.77708,2.37095,-3.43258,-4.25682,1.23296,1.81521,8.01,1.4141,97,0.168794,0.169724,0.22173,0.313819,0.674418,0.407739,1.43028,7.70798,0.101267,0,0.439526,NBA,2,Delta,2,Second dose,0,G_NBA,G_0
2603_1,-6.64608,2.33053,-3.4091,-4.33027,0.81777,2.29031,13.9424,1.41813,97,0.228779,-6.68369,2.41614,-3.37717,-4.39791,0.884421,2.61704,15.3866,1.42066,97,0.256386,-6.7201,2.36713,-3.40291,-4.27826,0.847131,2.21408,10.998,1.42507,97,0.126351,0.18931,0.227657,0.285758,0.92693,0.235707,1.82092,6.06116,0.086654,0,0.330718,NBA,1,Delta,2,Second dose,0,G_NBA,G_0
638_2,-6.73363,2.27898,-3.33816,-3.94148,0.505233,2.66291,15.0586,1.4007,97,0.25088,-6.72978,2.26,-3.36682,-3.82579,0.440002,2.42679,13.8023,1.41474,97,0.234243,-6.71809,2.24114,-3.39413,-3.82881,0.439279,2.13412,10.2431,1.40816,97,0.155811,0.164675,0.195568,0.261716,0.522187,0.168476,1.62103,7.33072,0.101384,0,0.319551,NBA,1,Omicron,2,Second dose,0,G_NBA,G_0
2063_1,-6.78614,2.52352,-3.44532,-2.31263,0.870779,2.53608,7.17803,1.4069,97,0.294308,-6.71836,2.60367,-3.45933,-2.0329,0.819615,2.69662,7.86645,1.42488,97,0.237219,-6.76563,2.35774,-3.52437,-2.53569,0.688098,2.73882,3.99613,1.4203,97,0.159325,0.184674,0.316406,0.264369,0.670542,0.402524,1.41879,5.99383,0.103164,0,0.284192,NBA,1,Delta,-1,No record,0,G_NBA,G_0
2669_1,-6.58867,2.13287,-3.35974,-5.00253,0.491549,2.16627,14.4016,1.4321,97,0.324965,-6.66976,2.22852,-3.39598,-4.92685,0.544573,2.26347,14.4143,1.40951,97,0.282547,-6.68673,2.24031,-3.39005,-4.77287,0.495883,2.03296,10.6016,1.41971,97,0.14578,0.13678,0.186231,0.287285,0.671304,0.159483,1.23584,5.76269,0.099518,0,0.358269,NBA,1,Omicron,3,Boosted,0,G_NBA,G_0
2014_1,-6.55415,2.65928,-3.40067,-5.15481,0.983547,2.12882,10.0125,1.43778,97,0.238391,-6.55066,2.66875,-3.41702,-5.02542,1.03663,2.04669,10.525,1.43906,97,0.293963,-6.5935,2.62234,-3.42507,-4.76862,0.994719,1.85086,8.91651,1.43501,97,0.168659,0.161282,0.218396,0.292208,0.858593,0.276192,1.33175,4.81479,0.0898707,0,0.307559,NBA,2,Delta,2,Second dose,0,G_NBA,G_0
1899_2,-6.86064,1.86875,-3.42848,-6.29797,0.667307,3.48183,7.82301,1.44523,97,0.202926,-6.81003,1.78285,-3.42087,-6.54486,0.725926,3.35943,7.75944,1.46173,97,0.232285,-6.84762,1.78827,-3.43412,-6.45917,0.645499,3.63496,8.00258,1.42606,97,0.160497,0.162529,0.200401,0.311749,0.814372,0.343257,1.48061,0.788961,0.0968716,0,0.235622,NBA,2,Omicron,3,Boosted,0,G_NBA,G_0
924_2,-6.74093,2.38438,-3.46711,-5.85642,1.63431,2.03111,7.9434,1.44002,97,0.326811,-6.71317,2.30931,-3.43913,-5.51708,1.28547,2.38272,6.8065,1.41343,97,0.215214,-6.73957,2.26505,-3.48177,-5.31135,1.13602,2.09623,4.4078,1.43564,97,0.130106,0.174029,0.212798,0.313918,0.937071,0.639993,1.48772,5.58641,0.101586,0,0.199261,NBA,1,Omicron,2,Second dose,0,G_NBA,G_0
994_1,-6.66211,2.58504,-3.39667,-4.28299,1.80192,2.55621,9.8362,1.44115,97,0.315254,-6.65552,2.67461,-3.39304,-3.84574,1.69586,2.50518,10.4469,1.41621,97,0.317513,-6.66731,2.69798,-3.39762,-4.01109,1.83981,2.11427,10.1882,1.42925,97,0.154767,0.149485,0.243227,0.256271,0.693811,0.438159,1.80737,4.68287,0.0988005,0,0.436397,NBA,1,Delta,2,Second dose,0,G_NBA,G_0
491_1,-6.76469,2.07766,-3.38914,-6.17872,0.662323,2.35129,10.3973,1.41669,97,0.245866,-6.74121,2.04922,-3.38345,-6.0456,0.644819,2.24469,13.3469,1.43162,97,0.248191,-6.75342,2.04,-3.40327,-5.83694,0.599755,2.14911,10.4039,1.41002,97,0.154285,0.162086,0.188498,0.285697,0.871125,0.263224,1.17077,6.28772,0.101593,0,0.303386,NBA,2,Delta,-1,No record,0,G_NBA,G_0
2438_1,-6.92371,1.832,-3.4119,-6.57884,1.17235,1.95702,8.84559,1.38879,97,0.232319,-6.87909,1.72476,-3.46262,-6.5633,0.734583,2.00516,8.40408,1.42246,97,0.259709,-6.89163,1.7247,-3.41414,-6.06732,0.657966,2.01615,8.92958,1.41462,97,0.167492,0.207654,0.220385,0.269143,0.898791,0.279167,0.700469,1.16821,0.0895494,0,0.310587,NBA,1,Omicron,3,Boosted,0,G_NBA,G_0
1165_1,-6.7961,1.90969,-3.4068,-6.08153,0.641591,2.10737,14.0323,1.43075,97,0.238725,-6.83406,1.93113,-3.39792,-6.10541,0.636655,2.40152,12.1952,1.43668,97,0.240689,-6.82579,1.83729,-3.40212,-6.25494,0.584166,2.18376,9.75313,1.4355,97,0.159382,0.160145,0.190722,0.275644,0.985348,0.332484,1.57855,3.73422,0.0863145,0,0.261813,NBA,2,Omicron,3,Boosted,0,G_NBA,G_0
358_1,-6.64352,2.31691,-3.29987,-4.3073,0.455438,2.17124,14.9855,1.44641,97,0.292093,-6.64589,2.34979,-3.36033,-4.18946,0.46782,2.26264,15.1739,1.44392,97,0.301332,-6.66627,2.32063,-3.38744,-4.18049,0.441603,2.10369,10.9937,1.42112,97,0.1477,0.168476,0.298411,0.255265,0.788487,0.152262,1.17686,4.9906,0.0925554,0,0.365894,NBA,3,Omicron,3,Boosted,0,G_NBA,G_0
1439_2,-6.60361,2.41407,-3.3517,-5.38795,0.812307,2.26884,12.658,1.44213,97,0.228312,-6.61291,2.41144,-3.40885,-5.29048,0.786899,2.21736,11.3657,1.42776,97,0.300731,-6.67735,2.34399,-3.40057,-5.45556,0.908743,2.15931,10.2278,1.41981,97,0.155147,0.171778,0.261618,0.276463,0.895294,0.243924,1.41538,5.89916,0.094799,0,0.473746,NBA,2,Omicron,3,Boosted,0,G_NBA,G_0
351_1,-6.67876,2.3808,-3.36324,-4.37871,0.518076,2.31461,12.2256,1.43326,97,0.458235,-6.62211,2.3488,-3.35679,-4.46103,0.551745,2.33735,13.0579,1.43485,97,0.288793,-6.66432,2.34075,-3.39624,-4.42439,0.547647,2.13461,10.2416,1.42355,97,0.155895,0.155215,0.176909,0.305754,0.690632,0.216062,1.20329,5.2745,0.11706,0,0.360144,NBA,3,Omicron,3,Boosted,0,G_NBA,G_0
1658_1,-6.69031,2.3705,-3.37678,-3.84811,0.674431,2.15701,12.1581,1.41536,97,0.254576,-6.70404,2.44188,-3.3886,-3.64771,0.604898,2.75098,12.4068,1.43179,97,0.210986,-6.69685,2.3823,-3.39963,-3.6907,0.608465,2.13447,10.2285,1.42236,97,0.155928,0.165095,0.333844,0.275373,0.596836,0.206071,1.34822,5.4076,0.0906208,0,0.277151,NBA,3,Omicron,3,Boosted,0,G_NBA,G_0
83_1,-6.65394,2.33115,-3.38704,-5.56157,0.704629,2.6793,11.5247,1.42348,97,0.223566,-6.64116,2.31408,-3.37317,-5.70253,0.777684,2.33741,12.4296,1.41621,97,0.28893,-6.69996,2.26873,-3.39856,-5.66941,0.850812,2.27451,10.6866,1.41866,97,0.13575,0.180106,0.204603,0.241826,0.84364,0.205081,1.34737,6.58262,0.105285,0,0.326688,NBA,2,Omicron,2,Second dose,0,G_NBA,G_0
2097_1,-6.54968,2.53854,-3.35744,-4.49853,0.698389,2.44201,14.2981,1.42821,97,0.299998,-6.5631,2.64398,-3.39606,-4.29976,0.683014,2.53122,13.9103,1.42967,97,0.266101,-6.59047,2.57762,-3.37846,-4.48759,0.729255,2.38996,10.4948,1.4391,97,0.139376,0.152603,0.207296,0.300414,0.636978,0.190913,1.3678,4.7695,0.0932074,0,0.335805,NBA,3,Omicron,3,Boosted,0,G_NBA,G_0
2580_1,-6.61388,2.41816,-3.52463,-4.22347,0.666414,2.86665,7.9525,1.45134,97,0.325844,-6.60222,2.47558,-3.45237,-4.45262,0.826318,2.42838,8.37963,1.42546,97,0.306185,-6.66234,2.47294,-3.4299,-4.19256,0.769208,2.33368,7.82856,1.42264,97,0.153929,0.153785,0.193125,0.298509,1.00259,0.301963,1.06346,2.68383,0.0979293,0,0.505633,NBA,1,Omicron,3,Boosted,0,G_NBA,G_0
2256_1,-6.54747,2.71245,-3.44705,-5.09832,1.71128,3.06318,10.5901,1.45113,97,0.186823,-6.54273,2.71045,-3.42685,-4.92402,1.57853,2.2188,10.6467,1.44044,97,0.30324,-6.59889,2.71991,-3.40531,-4.946,1.77148,1.98246,9.87343,1.43335,97,0.161303,0.1679,0.191627,0.266502,0.839774,0.419407,1.23991,5.71272,0.0878815,0,0.524426,NBA,2,Omicron,2,Second dose,0,G_NBA,G_0
362_1,-6.62863,2.48053,-3.4043,-5.44418,0.599699,2.18353,9.67816,1.43176,97,0.284427,-6.54403,2.40601,-3.35383,-5.39829,0.556808,2.38776,10.1904,1.44094,97,0.167055,-6.60002,2.40683,-3.42975,-5.33103,0.53383,2.3447,7.86403,1.42762,97,0.154804,0.185631,0.238407,0.297082,0.809103,0.198588,1.14897,5.21276,0.0962536,0,0.148873,NBA,2,Omicron,2,Second dose,0,G_NBA,G_0
2031_2,-6.6324,2.34977,-3.47958,-6.1891,1.17346,1.91257,6.49436,1.4092,97,0.281103,-6.66989,2.35076,-3.44607,-6.11537,1.30008,2.16619,7.57992,1.40828,97,0.281422,-6.73302,2.26825,-3.45472,-5.96493,1.22477,2.05537,6.04339,1.41518,97,0.165972,0.159225,0.21791,0.282759,0.867197,0.444456,0.975798,3.91351,0.0978901,0,0.284558,NBA,2,Omicron,2,Second dose,0,G_NBA,G_0
2054_2,-6.69027,2.38951,-3.41607,-3.67952,0.740007,2.07012,12.5703,1.4214,97,0.229368,-6.67224,2.37767,-3.40446,-3.71684,0.712466,2.37103,11.9099,1.44351,97,0.198775,-6.6963,2.4518,-3.40159,-3.62852,0.76054,2.13835,10.1827,1.42313,97,0.15507,0.178176,0.30466,0.32437,0.954364,0.363996,1.37461,5.97364,0.0949222,0,0.236084,NBA,2,Omicron,3,Boosted,0,G_NBA,G_0
366_1,-6.59608,2.62563,-3.34263,-4.81447,0.601952,1.99005,17.3781,1.40928,97,0.145224,-6.56154,2.53477,-3.43133,-4.94583,0.607766,2.00581,17.4719,1.42351,97,0.329867,-6.58282,2.51546,-3.39776,-4.90917,0.616578,1.69936,13.8853,1.42773,97,0.135676,0.130292,0.188713,0.304358,0.663073,0.135209,1.2436,5.43021,0.0841787,0,0.556346,NBA,2,Omicron,3,Boosted,0,G_NBA,G_0
2414_2,-6.57768,2.51336,-3.43227,-5.05892,1.70562,2.46873,11.5113,1.43332,97,0.252886,-6.56681,2.52181,-3.4497,-4.80969,1.42445,2.49493,12.7538,1.42071,97,0.272472,-6.68191,2.53352,-3.40408,-4.40657,1.33843,2.1001,10.0904,1.42239,97,0.155607,0.201855,0.237506,0.215099,1.04398,0.543064,1.32707,6.66292,0.103594,0,0.342341,NBA,2,Omicron,2,Second dose,0,G_NBA,G_0
870_1,-6.65835,2.36441,-3.3685,-4.97324,0.902114,2.38403,10.5903,1.42487,97,0.336214,-6.67748,2.39596,-3.42909,-5.23222,1.0528,2.17443,12.3104,1.41911,97,0.268883,-6.68186,2.41144,-3.40733,-4.79937,0.990552,2.13897,10.1987,1.42184,97,0.154874,0.197153,0.283008,0.292143,0.852228,0.349906,1.1976,5.60009,0.110842,0,0.371845,NBA,2,Delta,2,Second dose,0,G_NBA,G_0
1968_1,-6.63211,2.22706,-3.33023,-5.24949,0.670033,2.2062,14.2838,1.41221,97,0.24994,-6.66786,2.2613,-3.32357,-5.43728,0.772645,2.49059,15.6947,1.41445,97,0.254445,-6.6769,2.31464,-3.39667,-5.00083,0.713266,2.15223,10.6659,1.42128,97,0.151063,0.178323,0.280012,0.280866,0.94263,0.233978,1.68817,5.75252,0.105142,0,0.350381,NBA,3,Omicron,3,Boosted,0,G_NBA,G_0
2284_1,-6.81181,1.94819,-3.31175,-6.24368,0.491042,2.13782,15.8652,1.41825,97,0.249957,-6.75615,1.89656,-3.30634,-6.33845,0.478856,2.24994,17.052,1.43844,97,0.236013,-6.78785,1.92339,-3.36652,-6.17537,0.493507,2.12143,13.4831,1.40608,97,0.165745,0.1262,0.163085,0.280855,0.783744,0.150765,1.53409,5.69327,0.0953544,0,0.268419,NBA,2,Omicron,3,Boosted,0,G_NBA,G_0
301_1,-6.54734,2.4846,-3.46045,-4.89159,0.672989,2.83609,8.25146,1.46844,97,0.211837,-6.56178,2.60038,-3.49543,-4.76085,0.709599,2.20775,7.81155,1.4448,97,0.215659,-6.59259,2.53131,-3.42568,-4.93557,0.753735,2.22831,7.97317,1.43599,97,0.12802,0.179203,0.226466,0.288355,0.716073,0.192292,0.90126,0.840181,0.107601,0,0.35075,NBA,2,Omicron,2,Second dose,0,G_NBA,G_0
2516_1,-6.64653,2.29057,-3.46163,-3.68802,0.368573,3.2187,7.66899,1.43837,97,0.358407,-6.66701,2.48017,-3.43022,-3.45445,0.489388,2.78803,8.08873,1.43874,97,0.293067,-6.66902,2.35271,-3.42388,-3.66753,0.448736,2.62717,7.79643,1.42776,97,0.162444,0.168501,0.257318,0.267454,0.654966,0.207344,1.61942,1.40043,0.0962386,0,0.354347,NBA,2,Omicron,3,Boosted,0,G_NBA,G_0
396_1,-6.66162,2.45203,-3.40774,-5.4935,1.48963,2.56255,11.375,1.43332,97,0.247708,-6.62963,2.40057,-3.39903,-5.55516,1.38384,2.50502,11.6748,1.41019,97,0.299046,-6.68827,2.43831,-3.41241,-5.03961,1.32765,2.03415,10.0674,1.41929,97,0.15603,0.137907,0.167898,0.293638,1.03231,0.524535,1.23965,6.08076,0.103375,0,0.602909,NBA,3,Omicron,3,Boosted,0,G_NBA,G_0
945_1,-6.65963,2.26345,-3.41659,-5.58388,0.612531,2.15177,15.4285,1.39854,97,0.307315,-6.64887,2.21724,-3.37967,-5.64883,0.613891,2.3185,13.9679,1.44577,97,0.303649,-6.68043,2.24254,-3.41171,-5.35134,0.577291,2.09553,9.3087,1.42351,97,0.146515,0.16632,0.217012,0.283694,0.844521,0.165235,1.39097,5.57097,0.100658,0,0.563367,NBA,2,Omicron,3,Boosted,0,G_NBA,G_0
357_1,-6.60897,2.44487,-3.40491,-4.95726,0.878898,2.15321,10.0723,1.43572,97,0.302631,-6.61299,2.49401,-3.4638,-4.91282,0.931945,2.4918,11.0349,1.43435,97,0.215038,-6.66752,2.4256,-3.38998,-4.73643,0.89035,2.16719,10.3912,1.42517,97,0.152701,0.178651,0.263079,0.26253,0.822258,0.312527,1.48909,5.72918,0.0910584,0,0.243478,NBA,2,Omicron,3,Boosted,0,G_NBA,G_0
260_1,-6.6279,2.41652,-3.33079,-3.93665,0.614086,2.1816,13.6939,1.40915,97,0.207495,-6.6063,2.36267,-3.3836,-3.93929,0.568082,2.37986,14.3294,1.42131,97,0.287471,-6.68671,2.36693,-3.39089,-3.91316,0.571313,2.21263,10.2945,1.42405,97,0.160221,0.169521,0.26045,0.24985,0.683984,0.207747,1.20705,4.61535,0.0873742,0,0.309588,NBA,3,Omicron,3,Boosted,0,G_NBA,G_0
75_1,-6.5962,2.56791,-3.3916,-4.61176,1.08487,2.27926,10.7709,1.45215,97,0.318272,-6.62396,2.6252,-3.37372,-4.37523,1.1077,2.47653,12.6644,1.42553,97,0.234559,-6.65147,2.56324,-3.40745,-4.21182,1.06008,2.13766,10.1763,1.43008,97,0.150821,0.155465,0.204767,0.2828,0.855176,0.32108,1.56497,6.61921,0.0930688,0,0.235458,NBA,2,Omicron,3,Boosted,0,G_NBA,G_0
1514_1,-6.6169,2.51957,-3.37684,-5.1835,0.992659,2.19478,11.3042,1.4369,97,0.207422,-6.61273,2.48578,-3.3832,-5.29865,1.01643,2.17894,12.2442,1.416,97,0.238266,-6.65334,2.43308,-3.40751,-5.05889,0.968863,2.10034,10.2108,1.42439,97,0.160279,0.18174,0.230661,0.2779,0.801931,0.310622,1.09778,5.81127,0.0925899,0,0.299745,NBA,3,Omicron,3,Boosted,0,G_NBA,G_0
117_1,-6.61587,2.55406,-3.41847,-3.56541,0.693639,2.86586,8.71875,1.44274,97,0.30587,-6.65829,2.51783,-3.44274,-3.53782,0.625815,2.4316,8.51208,1.44604,97,0.239258,-6.64466,2.40953,-3.42828,-3.748,0.625146,2.34785,7.92994,1.43636,97,0.153601,0.151621,0.203977,0.231668,0.605521,0.237675,1.26439,2.68709,0.0948246,0,0.313783,NBA,2,Delta,2,Second dose,0,G_NBA,G_0
436_1,-6.53749,2.60845,-3.32195,-5.22333,0.639605,2.46618,17.9742,1.46251,97,0.267378,-6.52752,2.58404,-3.44965,-5.27656,0.612463,2.22706,15.2747,1.45035,97,0.236495,-6.55434,2.56406,-3.36504,-5.16708,0.628002,1.98043,12.6909,1.45077,97,0.129591,0.173211,0.199485,0.298531,0.692308,0.115654,1.32374,5.21243,0.114833,0,0.249514,NBA,2,Omicron,3,Boosted,0,G_NBA,G_0
1904_1,-6.69563,2.3547,-3.41663,-4.38443,0.518594,2.05495,12.7484,1.42685,97,0.248263,-6.63183,2.31003,-3.37281,-4.2018,0.450735,2.25427,14.7108,1.42923,97,0.286347,-6.67321,2.3058,-3.39317,-4.29362,0.483927,2.15386,10.263,1.42275,97,0.15564,0.159777,0.195568,0.310443,0.657298,0.146525,1.13034,5.87585,0.0948102,0,0.381205,NBA,3,Omicron,3,Boosted,0,G_NBA,G_0
2916_1,-6.59723,2.47224,-3.4528,-4.43709,0.750136,2.46972,12.5885,1.42928,97,0.260262,-6.61499,2.46786,-3.31625,-4.20382,0.695014,2.11465,12.5936,1.42821,97,0.278154,-6.67062,2.39317,-3.40256,-4.31527,0.708278,2.13875,10.0348,1.42219,97,0.15228,0.176951,0.23484,0.263004,0.662476,0.252252,1.17841,4.09222,0.0871562,0,0.371492,NBA,2,Omicron,3,Boosted,0,G_NBA,G_0
344_1,-6.56807,2.73717,-3.44847,-4.73543,1.40073,3.04024,10.6453,1.43464,97,0.265863,-6.58712,2.73116,-3.47086,-4.77127,1.3955,2.5056,11.7104,1.44519,97,0.240243,-6.61031,2.66785,-3.39907,-4.84379,1.49303,2.15305,10.3161,1.43397,97,0.154391,0.176393,0.214955,0.267794,0.930409,0.444974,1.53796,5.50928,0.0889067,0,0.193775,NBA,2,Omicron,3,Boosted,0,G_NBA,G_0
988_1,-6.62392,2.41039,-3.3998,-3.8179,0.51252,2.28426,14.5476,1.42033,97,0.256017,-6.70728,2.38622,-3.36675,-4.18839,0.639781,2.24889,15.4434,1.44017,97,0.263861,-6.68861,2.34503,-3.39597,-4.07389,0.576561,2.13711,10.2048,1.42265,97,0.154864,0.160499,0.300594,0.257724,0.592446,0.186816,1.15586,4.96711,0.0976616,0,0.312184,NBA,1,Omicron,2,Second dose,0,G_NBA,G_0
2119_1,-6.65602,2.26285,-3.38401,-5.29339,0.597583,2.29862,13.5963,1.41608,97,0.26257,-6.65645,2.27348,-3.33751,-5.5815,0.605797,2.10784,14.668,1.43326,97,0.271766,-6.66308,2.28769,-3.38875,-5.52042,0.611139,2.06354,10.9422,1.41984,97,0.161877,0.166404,0.200248,0.286671,0.852814,0.180225,1.22388,5.97514,0.0973472,0,0.367426,NBA,2,Omicron,3,Boosted,0,G_NBA,G_0
150_1,-6.64765,2.36905,-3.35165,-6.07814,1.20221,2.43944,12.6042,1.42548,97,0.235592,-6.67485,2.39912,-3.38124,-5.77958,1.13402,2.58777,11.5501,1.40421,97,0.247139,-6.69429,2.36491,-3.39898,-5.76321,1.26203,2.13965,10.2918,1.41932,97,0.155843,0.156843,0.213629,0.270799,0.788757,0.312121,1.28172,6.23463,0.0869731,0,0.330348,NBA,1,Omicron,3,Boosted,0,G_NBA,G_0
1919_1,-6.56038,2.61644,-3.48281,-4.38641,1.00822,3.31148,6.82514,1.43711,97,0.197766,-6.57153,2.57506,-3.5007,-3.99943,0.798389,3.29371,6.91211,1.46605,97,0.316978,-6.62817,2.56752,-3.45914,-3.97681,0.766111,3.1428,6.50433,1.43183,97,0.149962,0.147594,0.217773,0.316584,0.492142,0.295541,2.10154,2.87176,0.110549,0,0.389813,NBA,2,Omicron,3,Boosted,0,G_NBA,G_0
523_1,-6.64135,2.65629,-3.40535,-3.45211,0.907363,2.48254,13.8965,1.45233,97,0.217585,-6.62812,2.58164,-3.41256,-3.37834,0.725823,1.78972,10.4511,1.44703,97,0.278187,-6.64788,2.53486,-3.40207,-3.46606,0.675607,1.64229,8.00475,1.43282,97,0.155571,0.158463,0.193667,0.297041,0.552873,0.245114,0.850711,5.89496,0.0912272,0,0.291672,NBA,2,Omicron,3,Boosted,0,G_NBA,G_0
2317_1,-6.76148,2.28062,-3.51284,-4.54755,0.882523,2.82836,6.30315,1.41497,97,0.230806,-6.73078,2.24052,-3.44268,-4.93433,1.0023,2.72678,6.81061,1.41493,97,0.265009,-6.74105,2.28388,-3.47254,-4.5676,0.844836,2.56834,5.21638,1.40775,97,0.157222,0.191631,0.208527,0.28275,1.05607,0.568551,1.55679,4.35119,0.10753,0,0.440155,NBA,1,Omicron,3,Boosted,0,G_NBA,G_0
2145_1,-6.77249,2.03911,-3.40693,-6.10709,1.23712,2.41047,11.4354,1.40418,97,0.401262,-6.7563,2.00612,-3.43875,-5.92167,0.994138,2.11153,9.7838,1.37474,97,0.387715,-6.81826,2.03739,-3.41816,-5.32817,0.909983,1.94291,8.43048,1.40526,97,0.151631,0.169133,0.207644,0.287788,1.1119,0.408352,0.932376,4.87269,0.0828784,0,0.516045,NBA,2,Omicron,3,Boosted,0,G_NBA,G_0
2441_1,-6.6829,2.29414,-3.29557,-5.05248,0.631965,2.00326,16.41,1.4379,97,0.24695,-6.67329,2.27757,-3.34482,-5.15935,0.659658,2.54695,15.5227,1.4425,97,0.236677,-6.74243,2.1426,-3.38689,-5.30881,0.705355,2.13432,10.9864,1.41455,97,0.156361,0.174884,0.255127,0.250683,0.838289,0.169064,1.28259,5.22357,0.111928,0,0.295512,NBA,2,Omicron,3,Boosted,0,G_NBA,G_0
2322_1,-6.66992,2.29433,-3.38042,-5.58558,0.867234,1.9449,10.8615,1.44905,97,0.247062,-6.64776,2.28441,-3.44145,-5.54261,0.880897,2.11637,11.447,1.39631,97,0.293167,-6.69519,2.35967,-3.40397,-5.54738,1.12006,2.13375,10.2045,1.41821,97,0.153549,0.16892,0.226959,0.300907,0.945604,0.319668,1.27582,5.55772,0.0882009,0,0.375038,NBA,1,Omicron,2,Second dose,0,G_NBA,G_0
103_2,-6.66053,2.50118,-3.48649,-3.76288,0.97999,2.81889,6.77888,1.42275,97,0.282321,-6.67649,2.49672,-3.49411,-3.59565,0.872716,2.76577,5.99143,1.41689,97,0.316358,-6.69012,2.45546,-3.48879,-3.64898,0.745742,2.55657,4.61981,1.42661,97,0.146526,0.166111,0.260693,0.270097,0.648926,0.496748,1.52534,3.085,0.0903154,0,0.488684,NBA,1,Omicron,3,Boosted,0,G_NBA,G_0
2081_1,-6.62006,2.34352,-3.37778,-5.62675,0.50374,2.24231,14.6068,1.42867,97,0.317151,-6.61004,2.36292,-3.33606,-5.59772,0.520934,2.64442,14.5437,1.42576,97,0.213505,-6.61958,2.35356,-3.44446,-5.50261,0.477271,2.28727,9.00201,1.42377,97,0.145397,0.140772,0.170014,0.259214,0.665167,0.120095,2.22604,5.4739,0.0981096,0,0.254957,NBA,1,Omicron,3,Boosted,0,G_NBA,G_0
1923_1,-6.71036,1.99008,-3.29364,-6.738,0.526363,2.12505,19.9278,1.44762,97,0.283078,-6.655,1.93507,-3.3487,-6.54031,0.484829,2.25388,19.767,1.42413,97,0.192614,-6.79214,2.05569,-3.33581,-6.38472,0.546204,2.08785,16.9221,1.41318,97,0.158306,0.161691,0.180687,0.273736,0.608062,0.0770855,1.3662,4.72936,0.0884301,0,0.209685,NBA,2,Omicron,3,Boosted,0,G_NBA,G_0
974_1,-6.63117,2.36286,-3.46384,-5.02162,0.728842,2.26341,9.10256,1.40628,97,0.213045,-6.62907,2.35503,-3.45289,-4.54215,0.595913,3.32723,8.34469,1.44375,97,0.23464,-6.67478,2.34692,-3.42723,-4.67598,0.660693,3.03345,8.34232,1.4236,97,0.158201,0.145383,0.203663,0.262055,0.635669,0.207339,1.96467,1.23519,0.0798889,0,0.256112,NBA,1,Omicron,3,Boosted,0,G_NBA,G_0
281_1,-6.91899,1.59416,-3.35993,-6.70498,0.926742,2.41178,8.57656,1.43631,97,0.192902,-7.01984,1.65038,-3.48236,-6.09087,0.690542,2.87908,10.0368,1.44747,97,0.333578,-6.98599,1.60184,-3.45235,-6.08804,0.590334,2.80317,7.9812,1.42796,97,0.172954,0.134694,0.143664,0.27466,0.904114,0.392504,1.26942,4.16046,0.0865006,0,0.46046,NBA,2,Omicron,3,Boosted,0,G_NBA,G_0
1531_1,-6.7194,1.90315,-3.37289,-5.38903,0.378827,2.55118,16.6962,1.43612,97,0.263403,-6.72194,1.91863,-3.31975,-5.25234,0.384112,2.14618,14.673,1.44626,97,0.291743,-6.76686,1.89918,-3.37913,-5.2703,0.359136,1.97145,10.9969,1.43385,97,0.158164,0.155154,0.171392,0.318811,0.63198,0.135594,1.2176,4.21023,0.0901446,0,0.35568,NBA,3,Omicron,3,Boosted,0,G_NBA,G_0
2531_1,-6.58487,2.52326,-3.34437,-4.12079,0.827439,2.47472,12.4603,1.43995,97,0.300573,-6.61635,2.62467,-3.33666,-3.83099,0.802558,2.3649,12.3509,1.4205,97,0.237629,-6.64283,2.51085,-3.39079,-4.10443,0.798652,2.66749,8.95537,1.42352,97,0.190673,0.160057,0.198017,0.262971,0.473196,0.221817,1.22562,5.19441,0.118504,0,0.366245,NBA,2,Delta,2,Second dose,0,G_NBA,G_0
419_1,-6.81278,1.96038,-3.45352,-6.32554,0.529774,1.63866,6.95322,1.40137,97,0.21232,-6.77041,1.94423,-3.39404,-6.67946,0.899087,2.32661,11.8921,1.41297,97,0.275392,-6.83175,1.98456,-3.43753,-6.44473,0.871761,2.27366,8.75396,1.43213,97,0.155474,0.148589,0.161256,0.286495,0.656831,0.311618,1.21449,5.17627,0.097387,0,0.302765,NBA,1,Delta,2,Second dose,0,G_NBA,G_0
2487_1,-6.74227,1.99521,-3.44734,-5.62826,0.742057,3.19638,7.49632,1.42701,97,0.276631,-6.8251,2.10865,-3.41826,-5.20292,0.898026,2.69592,8.57815,1.41353,97,0.270912,-6.80275,2.05761,-3.44568,-5.0744,0.787613,2.47322,7.46704,1.4051,97,0.168501,0.15848,0.20483,0.28428,0.931738,0.342885,1.44476,2.85504,0.107288,0,0.320746,NBA,1,Delta,2,Second dose,0,G_NBA,G_0
1879_1,-6.57941,2.57963,-3.38351,-5.32246,1.24812,2.57034,7.76576,1.45917,97,0.26254,-6.55661,2.57878,-3.47167,-4.78577,1.13081,2.6664,9.7822,1.42992,97,0.519861,-6.63076,2.58394,-3.42489,-4.94491,1.41169,2.13269,10.1659,1.43084,97,0.15543,0.162447,0.206839,0.258745,0.85881,0.364367,1.44177,8.98989,0.0922865,0,1.31347,NBA,1,Omicron,-1,No record,0,G_NBA,G_0
1353_1,-6.71835,2.3845,-3.35914,-2.80841,0.490435,2.20486,13.4488,1.40801,97,0.196268,-6.77078,2.39546,-3.34537,-3.03841,0.5761,2.29136,14.6599,1.39238,97,0.29117,-6.78231,2.25851,-3.37519,-3.28237,0.591481,2.06361,12.9675,1.41833,97,0.160482,0.157136,0.243135,0.295346,0.576508,0.193347,1.54057,4.9154,0.103852,0,0.336849,NBA,2,Delta,-1,No record,0,G_NBA,G_0
1209_1,-6.51209,2.4267,-3.2885,-5.39067,0.501079,2.41321,18.5316,1.44425,97,0.242435,-6.55973,2.51609,-3.34659,-5.1589,0.510146,2.22545,15.9723,1.40767,97,0.228033,-6.57881,2.46884,-3.37427,-5.23545,0.537095,2.16791,12.9243,1.42988,97,0.134772,0.156826,0.21784,0.261964,0.710163,0.137684,1.0914,4.44861,0.0915708,0,0.240837,NBA,3,Omicron,3,Boosted,0,G_NBA,G_0
493_1,-6.67281,1.99679,-3.37148,-4.9323,0.461398,2.29655,13.0997,1.4395,97,0.304476,-6.70017,2.05113,-3.37223,-5.14988,0.559918,2.34153,12.8248,1.42132,97,0.32767,-6.74648,2.08452,-3.39791,-4.78802,0.456562,1.91899,10.0974,1.42534,97,0.154753,0.16631,0.204386,0.293917,0.859034,0.216587,1.56443,5.86158,0.0892651,0,0.311276,NBA,1,Omicron,3,Boosted,0,G_NBA,G_0
2101_1,-6.61864,2.53284,-3.41452,-2.91625,0.627782,2.52909,11.3097,1.42081,97,0.243935,-6.70144,2.49337,-3.30792,-2.99534,0.58629,2.23659,12.9933,1.43225,97,0.298454,-6.68903,2.46535,-3.39918,-3.08116,0.630909,2.13728,10.3236,1.42794,97,0.154477,0.163908,0.25393,0.27646,0.450528,0.217809,1.23671,5.85124,0.0893798,0,0.310812,NBA,1,Omicron,2,Second dose,0,G_NBA,G_0
3057_1,-6.73462,2.28091,-3.45451,-5.4022,0.960064,2.64374,9.04034,1.38996,97,0.227558,-6.75703,2.22682,-3.43026,-5.33624,0.829956,2.48077,7.90562,1.4243,97,0.305272,-6.74354,2.13738,-3.44329,-5.39767,0.741875,2.28871,7.04266,1.42863,97,0.177164,0.165456,0.194824,0.255579,1.05014,0.396659,1.17349,3.45816,0.0989204,0,0.352176,NBA,2,Omicron,3,Boosted,0,G_NBA,G_0
3021_1,-6.85754,1.81317,-3.40383,-6.42859,0.718685,2.40339,13.0289,1.42302,97,0.252193,-6.77828,1.73544,-3.39031,-6.7031,0.767275,2.23905,14.8132,1.42851,97,0.360985,-6.86014,1.79342,-3.39744,-6.09789,0.68539,2.13547,10.2578,1.43762,97,0.15585,0.152316,0.164126,0.255254,0.905472,0.378414,1.4888,7.71736,0.0887076,0,0.65428,NBA,3,Delta,-1,No record,0,G_NBA,G_0
1577_1,-6.68758,2.38102,-3.42106,-5.58439,0.828324,2.055,14.0385,1.40442,97,0.24082,-6.70899,2.38619,-3.35864,-5.70634,0.844525,2.21587,15.1551,1.3969,97,0.27431,-6.68704,2.34718,-3.39169,-5.49099,0.852141,2.17654,10.4566,1.39818,97,0.154782,0.177807,0.200154,0.256661,0.81358,0.162164,1.2339,7.17847,0.101323,0,0.256933,NBA,2,Omicron,-1,No record,0,G_NBA,G_0
2672_1,-6.73292,2.11249,-3.37275,-5.80191,0.515043,1.89684,14.639,1.40227,97,0.196708,-6.68451,2.05427,-3.33198,-5.79499,0.48191,2.5207,16.7714,1.39528,97,0.273809,-6.71008,2.06437,-3.37293,-5.70156,0.510103,2.29423,11.6289,1.42115,97,0.144212,0.159315,0.180534,0.277619,0.758033,0.122522,1.61375,7.74596,0.0944875,0,0.275685,NBA,2,Omicron,3,Boosted,0,G_NBA,G_0
89_2,-6.71047,2.21246,-3.47165,-5.99924,0.593474,3.07719,7.0496,1.41227,97,0.294974,-6.6945,2.19094,-3.45349,-6.08394,0.556922,3.43608,6.92226,1.39433,97,0.246452,-6.69355,2.17984,-3.43555,-5.74509,0.525964,3.10039,6.99921,1.41467,97,0.157952,0.170035,0.17794,0.279841,0.791067,0.178602,1.33022,0.725107,0.0814451,0,0.287621,NBA,2,Omicron,-1,No record,0,G_NBA,G_0
1751_1,-6.70272,2.16793,-3.42963,-6.26029,0.703756,2.62148,13.1976,1.42966,97,0.226355,-6.75708,2.21553,-3.41376,-6.10601,0.734126,2.60134,11.8941,1.43388,97,0.26863,-6.73359,2.1856,-3.39303,-6.03738,0.689546,2.18082,10.4058,1.40889,97,0.1465,0.143221,0.137175,0.22989,0.607584,0.232835,1.48567,5.17891,0.106198,0,0.318809,NBA,2,Delta,-1,No record,0,G_NBA,G_0
1509_2,-6.57651,2.60155,-3.37955,-4.82483,0.878716,2.83314,10.2243,1.42535,97,0.276345,-6.56058,2.5856,-3.35485,-4.91083,0.919791,2.38418,11.7859,1.44493,97,0.334733,-6.61411,2.57925,-3.40316,-4.8937,0.999844,1.87959,10.2371,1.42966,97,0.137477,0.148913,0.229743,0.265334,0.902275,0.297544,1.16976,6.58043,0.111489,0,0.37806,NBA,2,Omicron,-1,No record,0,G_NBA,G_0
2094_1,-6.68528,2.45382,-3.41297,-4.36443,0.978641,2.11625,8.08288,1.41818,97,0.362944,-6.68232,2.51375,-3.4949,-4.06578,0.958926,2.4571,8.62851,1.44663,97,0.249579,-6.69034,2.43998,-3.44285,-4.06975,0.879368,2.30252,7.00277,1.42232,97,0.162633,0.167817,0.213692,0.303634,0.943181,0.372114,1.19304,3.68315,0.0884504,0,0.238286,NBA,2,Omicron,-1,No record,0,G_NBA,G_0
774_2,-6.64787,2.44706,-3.4087,-4.54892,0.745256,2.52267,11.2086,1.44452,97,0.328871,-6.60689,2.43074,-3.40547,-4.30727,0.65927,2.59199,11.7835,1.44419,97,0.307786,-6.65859,2.41848,-3.39291,-4.31618,0.667015,2.16736,10.4861,1.42808,97,0.134962,0.172562,0.238127,0.275289,0.8076,0.310674,1.39129,5.86419,0.0840123,0,0.420719,NBA,1,Omicron,-1,No record,0,G_NBA,G_0
2057_1,-6.68634,2.3463,-3.43159,-5.74448,1.22245,2.67987,14.2988,1.42847,97,0.334628,-6.65719,2.31494,-3.37516,-5.97023,1.34278,2.43051,11.8912,1.43102,97,0.298629,-6.71397,2.34234,-3.39654,-5.86621,1.46465,2.09814,10.1569,1.42313,97,0.157687,0.146218,0.169271,0.28355,0.984297,0.354343,1.36089,5.23957,0.100819,0,0.374807,NBA,1,Delta,-1,No record,0,G_NBA,G_0
1355_2,-6.68761,1.99188,-3.47953,-4.9702,0.423466,1.88613,12.2115,1.40406,97,0.212304,-6.70252,2.08008,-3.35,-4.87351,0.464344,2.13158,13.8614,1.39456,97,0.280815,-6.7491,2.05312,-3.41087,-4.84859,0.423789,1.82223,9.19479,1.42222,97,0.147104,0.192988,0.215878,0.27227,0.654495,0.174756,1.51476,5.62491,0.0854789,0,0.515783,NBA,1,Omicron,3,Boosted,0,G_NBA,G_0
1143_1,-6.70549,2.43223,-3.61323,-3.61042,1.08201,3.42828,4.86925,1.42956,97,0.197041,-6.72707,2.58777,-3.46068,-3.09591,1.05476,3.55574,5.52721,1.40496,97,0.245863,-6.69973,2.58868,-3.51879,-3.06499,0.909107,3.14205,3.79366,1.42615,97,0.140522,0.165486,0.292651,0.284102,0.602772,0.543266,2.1661,3.58216,0.0897169,0,0.29236,NBA,1,Omicron,2,Second dose,0,G_NBA,G_0
2087_1,-6.64892,2.5333,-3.50806,-5.1777,1.36845,2.60814,5.5966,1.45972,97,0.293347,-6.69729,2.58699,-3.42235,-5.46011,1.70055,2.76558,9.60089,1.44841,97,0.353202,-6.65198,2.52282,-3.47159,-5.24508,1.56007,2.66694,5.37895,1.42749,97,0.146241,0.163554,0.196853,0.24867,0.939297,0.567366,1.35191,6.52953,0.08948,0,0.453252,NBA,2,Omicron,3,Boosted,0,G_NBA,G_0
2328_1,-6.72585,2.24139,-3.27027,-4.9165,0.724622,2.70303,15.9001,1.40322,97,0.269542,-6.71676,2.26348,-3.3341,-4.84623,0.681806,2.32471,13.4154,1.37529,97,0.197798,-6.73003,2.23985,-3.40199,-4.66297,0.647483,2.14542,10.5701,1.40411,97,0.13853,0.140326,0.153858,0.282937,0.559715,0.193085,1.1467,4.53447,0.0872283,0,0.22821,NBA,1,Omicron,3,Boosted,0,G_NBA,G_0
104_1,-6.59898,2.62534,-3.43295,-4.55589,1.03135,2.4306,11.7511,1.44824,97,0.212274,-6.58603,2.61857,-3.35507,-4.55483,1.03835,2.35995,12.6999,1.4481,97,0.302947,-6.61193,2.61045,-3.40216,-4.21433,0.974989,2.15476,10.1891,1.43452,97,0.169172,0.151782,0.218069,0.258691,0.965949,0.336597,1.12327,6.55784,0.0967893,0,0.32439,NBA,1,Omicron,3,Boosted,0,G_NBA,G_0
67_1,-6.6867,2.24809,-3.38596,-6.10983,0.812103,2.31877,13.2471,1.41031,97,0.393563,-6.7159,2.3201,-3.34692,-5.92328,0.801384,2.10969,15.0545,1.41232,97,0.314785,-6.7946,2.15466,-3.39917,-6.3653,0.989359,2.14821,10.3694,1.41285,97,0.151641,0.167829,0.238772,0.28841,0.632661,0.225314,1.04103,7.55783,0.0894989,0,0.478558,NBA,1,Omicron,2,Second dose,0,G_NBA,G_0
273_1,-6.63227,2.46346,-3.38673,-4.18532,0.737387,2.48431,10.0892,1.43609,97,0.288332,-6.64491,2.50047,-3.46738,-3.99678,0.721025,2.50895,11.0351,1.44317,97,0.366746,-6.66468,2.43145,-3.39766,-4.09957,0.677561,2.12807,10.2289,1.42517,97,0.157818,0.171669,0.199885,0.32781,0.55705,0.3127,1.32395,5.8168,0.0977522,0,0.513941,NBA,2,Omicron,3,Boosted,0,G_NBA,G_0
1300_1,-6.60041,2.17022,-3.37004,-3.82079,0.32975,2.94763,13.0816,1.44426,97,0.291712,-6.70989,2.3186,-3.36069,-3.62645,0.331311,2.67122,13.2967,1.43482,97,0.250477,-6.67991,2.2572,-3.39491,-3.71589,0.329096,2.13486,10.173,1.4235,97,0.151702,0.17794,0.253146,0.267854,0.589069,0.111609,1.86472,6.29069,0.107627,0,0.324036,NBA,2,Omicron,3,Boosted,0,G_NBA,G_0
2830_1,-6.6206,2.64848,-3.39035,-3.77163,1.17856,2.69752,12.1661,1.43864,97,0.247919,-6.59476,2.62551,-3.38438,-3.90187,1.53267,2.68759,11.711,1.45387,97,0.246615,-6.6553,2.66193,-3.38629,-3.68434,1.30043,2.14981,10.2984,1.43415,97,0.151877,0.17551,0.247509,0.273231,0.838599,0.967063,1.4258,6.07891,0.102613,0,0.263854,NBA,1,Omicron,3,Boosted,0,G_NBA,G_0
2771_1,-6.68003,2.36666,-3.46342,-3.41321,0.496514,3.5649,6.68969,1.43636,97,0.168171,-6.68619,2.37326,-3.40436,-3.6408,0.617997,3.06377,6.96527,1.45767,97,0.207022,-6.70115,2.3799,-3.44542,-3.38979,0.545705,3.04983,6.77357,1.42287,97,0.153749,0.184031,0.365785,0.258666,1.00259,0.304208,1.70336,3.01684,0.105857,0,0.204154,NBA,2,Omicron,2,Second dose,0,G_NBA,G_0
3061_1,-6.5233,2.69499,-3.43047,-4.29278,0.982723,2.51804,11.9563,1.42739,97,0.361963,-6.60276,2.6903,-3.35316,-4.45212,1.04959,2.33804,12.3319,1.45191,97,0.268954,-6.60407,2.6317,-3.3971,-4.36949,1.01731,2.0131,10.1788,1.43661,97,0.159301,0.154794,0.191041,0.287423,0.654682,0.257727,1.55724,5.37663,0.102784,0,0.398949,NBA,2,Omicron,3,Boosted,0,G_NBA,G_0
2739_2,-6.62319,2.81556,-3.46387,-4.8889,2.24825,2.48158,10.0907,1.45515,97,0.271803,-6.58122,2.75722,-3.44417,-5.19253,2.31073,2.80003,10.7187,1.42537,97,0.201244,-6.5965,2.76947,-3.40263,-4.85521,2.39233,2.2518,10.3847,1.44,97,0.136661,0.159443,0.16256,0.258289,0.901657,0.591856,1.62914,6.66718,0.1012,0,0.213697,NBA,2,Omicron,-1,No record,0,G_NBA,G_0
2880_2,-6.71774,2.26837,-3.33915,-5.34093,0.857422,2.1252,10.7634,1.41133,97,0.248918,-6.69548,2.19638,-3.33163,-5.52899,0.866418,2.55857,11.2242,1.43576,97,0.253558,-6.717,2.26119,-3.41193,-5.01763,0.796821,2.17739,10.3798,1.4141,97,0.152302,0.159414,0.215474,0.269305,1.17446,0.341519,1.37746,5.9857,0.102046,0,0.23229,NBA,1,Omicron,3,Boosted,0,G_NBA,G_0
1017_1,-6.58629,2.7645,-3.42479,-5.13013,1.93076,2.19567,10.6082,1.45049,97,0.238807,-6.50977,2.69157,-3.43738,-5.03468,1.81986,2.04303,11.2416,1.44047,97,0.212753,-6.62716,2.71653,-3.39741,-4.89207,1.95681,2.0665,10.4475,1.43362,97,0.163014,0.185746,0.240541,0.256608,0.908037,0.256395,1.13678,6.23606,0.0864078,0,0.211318,NBA,2,Omicron,-1,No record,0,G_NBA,G_0
2412_1,-6.8537,2.08809,-3.41743,-6.82057,1.5605,3.10721,8.85626,1.41139,97,0.34854,-6.78429,1.98747,-3.52245,-6.03543,0.840844,3.64813,5.87262,1.44376,97,0.252423,-6.79588,1.96632,-3.46138,-6.00043,0.755421,3.55963,5.81362,1.42734,97,0.142102,0.169583,0.17468,0.262758,0.82823,0.392693,1.67302,0.712191,0.0885013,0,0.290053,NBA,1,Omicron,2,Second dose,0,G_NBA,G_0
2658_1,-6.78061,2.20872,-3.42374,-6.33379,0.794277,2.40611,14.6294,1.41303,97,0.264148,-6.76249,2.20098,-3.47351,-6.43394,0.769828,2.25103,12.4807,1.41624,97,0.230565,-6.76146,2.20484,-3.40513,-6.19965,0.82426,2.29481,10.4028,1.41167,97,0.14743,0.142048,0.150985,0.288703,0.793335,0.252858,1.47004,5.14338,0.0702884,0,0.322026,NBA,2,Omicron,3,Boosted,0,G_NBA,G_0
212_1,-6.71829,2.31936,-3.48709,-4.93397,0.868215,2.46006,7.54098,1.41683,97,0.297629,-6.67702,2.22368,-3.39355,-5.72341,1.0941,2.18553,8.9503,1.44531,97,0.264808,-6.72586,2.18931,-3.43603,-5.41605,1.0028,1.9872,6.83159,1.43485,97,0.130583,0.166336,0.183883,0.3067,1.15969,0.385483,1.24664,4.29749,0.100891,0,0.411298,NBA,2,Omicron,2,Second dose,0,G_NBA,G_0
2646_1,-6.67642,2.36726,-3.42187,-5.6155,1.36144,2.42872,10.6396,1.39983,97,0.300808,-6.65535,2.3289,-3.37679,-5.75023,1.35352,2.33449,10.679,1.40968,97,0.296976,-6.70736,2.3753,-3.40722,-5.35744,1.35677,1.98964,10.0274,1.4065,97,0.161089,0.148377,0.165789,0.250097,0.765505,0.321428,1.26757,4.93117,0.0950851,0,0.394325,NBA,2,Omicron,-1,No record,0,G_NBA,G_0
2484_1,-6.59692,2.44503,-3.37701,-4.95615,0.827173,2.8901,11.0667,1.45057,97,0.260781,-6.59754,2.45735,-3.41328,-4.88282,0.731685,2.74936,11.6895,1.46285,97,0.268525,-6.63747,2.45891,-3.4011,-4.64421,0.681129,2.16063,10.1014,1.42309,97,0.146715,0.161129,0.19761,0.292815,0.694581,0.274934,1.51212,8.14316,0.0912116,0,0.412252,NBA,1,Delta,-1,No record,0,G_NBA,G_0
1432_1,-6.73881,2.16843,-3.39329,-6.50478,1.1653,2.3327,16.8046,1.40359,97,0.333361,-6.68166,2.08277,-3.3878,-6.1317,1.05553,2.28062,13.8173,1.4128,97,0.335608,-6.75317,2.16001,-3.4091,-5.6136,1.02141,2.13977,9.78458,1.40871,97,0.156295,0.147016,0.162227,0.25377,0.883305,0.252441,1.29656,5.84781,0.0919747,0,0.466534,NBA,2,Delta,-1,No record,0,G_NBA,G_0
2821_1,-6.71708,2.09181,-3.4019,-6.05094,0.82947,2.55036,12.4009,1.39914,97,0.245149,-6.71353,2.10845,-3.43048,-6.05548,0.824514,2.35734,12.9619,1.38307,97,0.274304,-6.75592,2.11538,-3.39768,-5.80507,0.763178,2.16752,10.1976,1.39971,97,0.151353,0.16021,0.167601,0.279222,0.769282,0.368026,1.40147,5.89272,0.0875816,0,0.337718,NBA,2,Delta,2,Second dose,0,G_NBA,G_0
2842_1,-6.77008,2.25246,-3.37578,-5.65086,1.12302,2.39497,11.2919,1.38935,97,0.343382,-6.66719,2.13982,-3.38499,-5.86904,1.06268,2.24178,13.0707,1.42172,97,0.245237,-6.74988,2.2126,-3.40028,-5.3191,1.00894,2.17265,10.3034,1.41457,97,0.153899,0.178869,0.195935,0.310018,0.903032,0.322958,1.09812,7.91259,0.106169,0,0.31354,NBA,1,Omicron,-1,No record,0,G_NBA,G_0
277_1,-6.68218,2.15935,-3.38119,-5.78828,0.783823,2.62938,17.0232,1.40169,97,0.316052,-6.75234,2.23019,-3.29334,-5.69429,0.824335,2.33553,14.1883,1.39319,97,0.253852,-6.73826,2.16376,-3.39565,-5.59076,0.819933,2.13573,10.246,1.41507,97,0.155847,0.137014,0.158881,0.272682,0.755322,0.198293,1.2669,5.56681,0.096106,0,0.317991,NBA,1,Omicron,-1,No record,0,G_NBA,G_0
587_1,-6.75127,2.28005,-3.42644,-6.15482,1.35755,2.32583,12.344,1.43292,97,0.212313,-6.70194,2.22077,-3.49028,-6.02876,1.12656,2.37951,10.3009,1.43555,97,0.255858,-6.71399,2.28352,-3.45494,-5.3367,1.05211,2.20747,8.78314,1.41039,97,0.162114,0.141559,0.168756,0.290357,0.706298,0.369534,1.3831,6.43447,0.0934417,0,0.261547,NBA,1,Omicron,2,Second dose,0,G_NBA,G_0
3050_1,-6.59771,2.51052,-3.27599,-5.16489,0.810801,2.12211,15.5803,1.44015,97,0.374819,-6.60302,2.4573,-3.40554,-5.24335,0.805584,2.29265,16.0974,1.41689,97,0.281274,-6.62854,2.43824,-3.37773,-5.42326,0.882668,2.1802,13.0182,1.43152,97,0.140514,0.158553,0.19596,0.285473,0.738901,0.15494,1.50784,5.18674,0.103003,0,0.412638,NBA,2,Omicron,3,Boosted,0,G_NBA,G_0
1000_1,-6.61038,2.56215,-3.45581,-5.87573,1.34451,1.9862,7.22383,1.46163,97,0.246019,-6.62209,2.62028,-3.44993,-5.51252,1.40059,1.93783,10.4975,1.43466,97,0.331162,-6.63096,2.57707,-3.46245,-5.4846,1.32493,1.74079,5.5313,1.43616,97,0.160254,0.161511,0.170356,0.276891,0.950122,0.488993,1.09255,7.10786,0.109844,0,0.710296,NBA,1,Omicron,-1,No record,0,G_NBA,G_0
1038_1,-6.67888,2.48388,-3.39369,-5.09247,0.951596,2.01101,14.6493,1.42963,97,0.335607,-6.64399,2.46337,-3.36531,-5.34515,0.984469,2.41625,13.3962,1.43959,97,0.279413,-6.65574,2.44292,-3.3895,-5.13801,0.965572,2.21181,10.9183,1.423,97,0.168026,0.150169,0.190872,0.232037,0.74993,0.171932,1.41258,4.6391,0.116799,0,0.29035,NBA,2,Delta,2,Second dose,0,G_NBA,G_0
94_1,-6.59401,2.50448,-3.34134,-4.07678,0.566025,2.32667,12.189,1.40517,97,0.258233,-6.58519,2.53021,-3.4329,-4.09852,0.597564,1.93123,12.3992,1.39325,97,0.338961,-6.61138,2.5338,-3.3653,-4.0967,0.619038,2.56896,12.8903,1.39859,97,0.136261,0.15644,0.193908,0.241451,0.470495,0.142864,0.892676,2.29157,0.0925396,0,0.471807,NBA,2,Omicron,-1,No record,0,G_NBA,G_0
1367_1,-6.54713,2.62678,-3.34771,-3.57575,0.860145,2.54005,11.555,1.4283,97,0.201066,-6.59527,2.66594,-3.31131,-3.49237,0.868483,2.55891,12.2418,1.44605,97,0.272984,-6.63356,2.62581,-3.40102,-3.58838,0.857358,2.29328,10.6056,1.44119,97,0.142423,0.147626,0.215616,0.290006,0.54804,0.273182,1.80225,4.94435,0.0907776,0,0.512708,NBA,2,Omicron,-1,No record,0,G_NBA,G_0
1786_1,-6.56842,2.61969,-3.33502,-4.47148,0.801692,2.43447,9.83336,1.42931,97,0.221942,-6.60086,2.57337,-3.39086,-4.60339,0.79635,2.61255,9.64225,1.4562,97,0.240795,-6.60757,2.54303,-3.41411,-4.37644,0.73292,2.29102,9.32309,1.43449,97,0.146836,0.154912,0.221277,0.256013,0.752272,0.273217,1.471,2.67485,0.109546,0,0.262218,NBA,2,Omicron,-1,No record,0,G_NBA,G_0
2276_2,-6.76143,2.07527,-3.44843,-6.23037,0.780385,3.79046,7.44734,1.42911,97,0.252433,-6.76961,2.08188,-3.3744,-6.31925,0.786177,2.90135,7.11483,1.42614,97,0.21163,-6.77731,2.04821,-3.43729,-6.15577,0.732557,2.75086,7.06368,1.44074,97,0.143888,0.134106,0.160277,0.282422,0.623974,0.2989,1.30836,1.12656,0.0906368,0,0.19775,NBA,2,Omicron,-1,No record,0,G_NBA,G_0
1575_1,-6.64588,2.27898,-3.37377,-6.00807,0.761991,2.13181,14.6956,1.44525,97,0.384464,-6.63268,2.32621,-3.36146,-5.98672,0.838722,2.04663,15.0441,1.4086,97,0.240562,-6.67802,2.36446,-3.39044,-5.75051,0.864988,2.00845,10.9703,1.41677,97,0.17063,0.155425,0.194573,0.283681,0.718973,0.156571,1.06048,6.10844,0.0928425,0,0.244605,NBA,3,Omicron,3,Boosted,0,G_NBA,G_0
2287_1,-6.66115,1.76258,-3.41796,-6.43841,1.21256,2.15134,13.0953,1.42244,97,0.215543,-6.79417,1.94894,-3.43755,-4.57992,0.5359,2.41284,14.3293,1.42375,97,0.251704,-6.81309,2.01198,-3.39595,-4.15133,0.45566,2.07116,10.7049,1.4078,97,0.143924,0.160387,0.177864,0.303428,0.940446,0.327012,1.97166,6.89472,0.105423,0,0.301644,NBA,1,Omicron,3,Boosted,0,G_NBA,G_0
2410_1,-6.77076,2.05414,-3.32994,-5.49334,0.732921,2.29796,9.90021,1.42307,97,0.231096,-6.75228,2.02897,-3.41755,-5.68496,0.729373,2.33495,9.44908,1.42513,97,0.263961,-6.77614,2.05327,-3.40013,-5.40832,0.720904,2.80275,9.95944,1.42421,97,0.160298,0.173194,0.209154,0.298266,0.787453,0.24406,1.17966,1.48875,0.104165,0,0.346939,NBA,2,Omicron,3,Boosted,0,G_NBA,G_0
604_1,-6.48612,2.40711,-3.32685,-5.05138,0.466867,2.17398,13.8113,1.40038,97,0.192102,-6.51626,2.43185,-3.43983,-5.20194,0.526513,2.20551,13.2111,1.38272,97,0.27335,-6.57216,2.46056,-3.38522,-5.05194,0.540883,2.0878,10.0629,1.40507,97,0.153409,0.160986,0.1758,0.270425,0.667001,0.145209,1.26384,5.08962,0.0773971,0,0.33554,NBA,1,Omicron,-1,No record,0,G_NBA,G_0
2499_1,-6.58853,2.77586,-3.48335,-6.0161,2.05332,2.39818,8.44355,1.4251,97,0.326124,-6.55425,2.72105,-3.49499,-5.79378,1.73794,3.0158,6.84118,1.41243,97,0.264841,-6.59341,2.65734,-3.52278,-5.69628,1.68444,2.9595,4.24581,1.42974,97,0.147447,0.185462,0.24088,0.251647,0.732422,0.591436,1.38498,5.15157,0.0874976,0,0.306505,NBA,1,Omicron,-1,No record,0,G_NBA,G_0
469_1,-6.72228,2.1041,-3.39594,-5.8641,0.650828,2.3136,13.1769,1.44233,97,0.287391,-6.71441,2.09557,-3.37589,-6.14886,0.771214,2.2995,13.4175,1.40721,97,0.227786,-6.74797,2.11996,-3.40097,-5.97697,0.761086,2.05508,9.47773,1.42582,97,0.148063,0.160017,0.161694,0.270804,0.784375,0.222805,1.35886,5.31166,0.091576,0,0.236523,NBA,1,Omicron,-1,No record,0,G_NBA,G_0
1131_1,-6.6941,2.2205,-3.40704,-6.1042,0.638963,2.14988,10.7451,1.412,97,0.223077,-6.69112,2.20999,-3.4173,-6.10939,0.619206,2.18745,11.8793,1.3915,97,0.244477,-6.71098,2.21458,-3.41893,-5.99344,0.608767,2.00968,8.28505,1.39779,97,0.133785,0.175795,0.182363,0.281097,0.759461,0.188826,1.24411,6.14427,0.101208,0,0.27949,NBA,1,Omicron,3,Boosted,0,G_NBA,G_0
2334_1,-6.81584,1.77123,-3.49426,-5.58304,0.574963,2.15826,7.75325,1.42058,97,0.318742,-6.87426,1.89465,-3.37034,-5.22735,0.742475,2.45332,10.6246,1.42729,97,0.231534,-6.88074,1.84248,-3.41993,-5.10268,0.637088,1.79641,8.307,1.43396,97,0.153599,0.171685,0.214261,0.308044,0.898911,0.411357,1.55087,5.382,0.0983969,0,0.228583,NBA,3,Omicron,3,Boosted,0,G_NBA,G_0
2361_1,-6.65842,2.23928,-3.39366,-4.61531,0.635465,2.53102,11.7775,1.41381,97,0.294713,-6.64711,2.18483,-3.44707,-4.76189,0.643481,2.58905,11.2394,1.42001,97,0.262229,-6.71964,2.25906,-3.39728,-4.57768,0.633209,2.22011,10.4155,1.41832,97,0.140264,0.194376,0.224402,0.29358,0.873324,0.287267,1.54006,4.69406,0.0898832,0,0.265211,NBA,2,Omicron,-1,No record,0,G_NBA,G_0
2330_1,-6.67525,2.47033,-3.44554,-4.09043,0.539565,2.67336,6.7773,1.38706,97,0.204466,-6.66035,2.34133,-3.42247,-4.4378,0.607364,3.13748,7.11413,1.41512,97,0.254108,-6.6607,2.34705,-3.43625,-4.22845,0.504306,2.53036,7.02612,1.40528,97,0.155785,0.149167,0.198233,0.282078,0.71845,0.300837,1.64336,1.16916,0.0907326,0,0.264981,NBA,1,Omicron,2,Second dose,0,G_NBA,G_0
770_1,-6.67176,2.40613,-3.46547,-4.77399,0.660576,3.28048,9.72715,1.41897,97,0.224646,-6.68311,2.27782,-3.45433,-5.13048,0.691534,3.36201,9.53508,1.41857,97,0.317512,-6.68344,2.29918,-3.41336,-5.01655,0.72145,3.51269,9.93323,1.41965,97,0.157383,0.156851,0.281427,0.255175,0.762373,0.206134,2.42611,1.00874,0.0858107,0,0.381383,NBA,2,Omicron,3,Boosted,0,G_NBA,G_0
2121_1,-6.63236,2.48686,-3.41277,-3.35924,0.576974,2.20853,13.3799,1.42302,97,0.332189,-6.68977,2.51427,-3.40054,-3.43611,0.676052,2.60877,11.2647,1.43535,97,0.263787,-6.69533,2.40025,-3.40184,-3.60733,0.620038,2.15443,10.3148,1.42263,97,0.151882,0.175971,0.267439,0.276349,0.637196,0.29506,1.59421,5.48526,0.0884715,0,0.275441,NBA,2,Omicron,-1,No record,0,G_NBA,G_0
3042_1,-6.52269,2.62323,-3.42138,-5.60991,0.748387,1.80793,11.0257,1.44571,97,0.276158,-6.51614,2.64998,-3.46192,-5.55773,0.762164,2.07808,11.5884,1.43546,97,0.201108,-6.5644,2.64086,-3.40652,-5.38226,0.689141,1.5642,7.98767,1.43244,97,0.149949,0.148804,0.187514,0.301948,0.604949,0.147329,1.17393,5.42287,0.0906114,0,0.319301,NBA,2,Omicron,-1,No record,0,G_NBA,G_0
223_1,-6.76227,2.26759,-3.36729,-3.89694,0.681488,2.03413,14.6151,1.40731,97,0.20027,-6.7518,2.30102,-3.3534,-3.85001,0.714862,2.40729,13.4107,1.42769,97,0.275869,-6.77511,2.26667,-3.40546,-3.86694,0.694441,2.21427,10.1773,1.41472,97,0.15193,0.166474,0.22056,0.268102,0.764445,0.250984,1.162,4.97749,0.0933249,0,0.338933,NBA,2,Omicron,-1,No record,0,G_NBA,G_0
1888_1,-6.6825,2.38578,-3.43812,-4.76575,1.1663,2.72937,7.3129,1.42599,97,0.34082,-6.64978,2.38886,-3.4181,-4.8773,1.17781,2.11247,7.23607,1.43542,97,0.210421,-6.72063,2.42609,-3.47829,-4.40234,1.04637,2.30781,5.75141,1.42811,97,0.151849,0.163852,0.222047,0.308199,1.12647,0.519708,1.13594,4.32023,0.112256,0,0.241246,NBA,3,Omicron,3,Boosted,0,G_NBA,G_0
2300_1,-6.65636,2.30342,-3.35987,-5.1481,0.620974,2.26521,10.7352,1.41536,97,0.198652,-6.62319,2.27485,-3.32678,-5.15347,0.642238,2.6088,11.4797,1.42339,97,0.252255,-6.67136,2.33078,-3.39125,-4.97761,0.672939,2.24313,11.4956,1.42328,97,0.150491,0.126828,0.165459,0.281531,0.857725,0.207409,1.48324,2.20226,0.0893605,0,0.382804,NBA,3,Delta,2,Second dose,0,G_NBA,G_0
1991_1,-6.54035,2.5324,-3.43901,-5.1134,0.934005,2.49858,9.64126,1.44899,97,0.243621,-6.57154,2.59817,-3.44032,-4.89808,0.892174,2.56771,8.66796,1.44802,97,0.273402,-6.59607,2.56285,-3.43439,-4.77758,0.826934,2.2769,7.54045,1.43305,97,0.15599,0.172268,0.238302,0.268336,0.881711,0.303357,1.55552,4.02079,0.100523,0,0.294703,NBA,3,Omicron,3,Boosted,0,G_NBA,G_0
958_1,-6.79745,1.59859,-3.33177,-6.63909,0.647593,1.97226,16.0887,1.42912,97,0.18766,-6.8705,1.67149,-3.40875,-6.99588,0.691951,2.04152,12.8225,1.42804,97,0.206839,-6.86949,1.66274,-3.37699,-6.45703,0.646078,1.85519,11.7252,1.43354,97,0.150614,0.117254,0.124542,0.273563,0.867182,0.253645,1.29169,5.77907,0.0896994,0,0.178493,NBA,3,Omicron,3,Boosted,0,G_NBA,G_0
1849_1,-6.58605,2.79134,-3.37361,-4.11122,0.952778,2.37386,15.6841,1.44591,97,0.242339,-6.55059,2.68939,-3.44077,-4.15224,0.909359,2.49429,13.8618,1.45365,97,0.241772,-6.60074,2.63759,-3.39647,-4.10147,0.868021,2.18303,10.2789,1.44067,97,0.145908,0.170351,0.20914,0.254789,0.665757,0.226721,1.4174,4.91961,0.10938,0,0.28254,NBA,1,Omicron,-1,No record,0,G_NBA,G_0
2971_1,-6.74501,2.26663,-3.3453,-5.92875,0.946954,2.47827,12.6953,1.43618,97,0.491817,-6.7086,2.25679,-3.38798,-5.96291,0.774185,2.22627,10.9377,1.43298,97,0.291712,-6.73214,2.2356,-3.39894,-6.01847,0.956069,2.13693,10.2185,1.42385,97,0.152662,0.146903,0.219859,0.264365,0.919918,0.259408,1.12619,5.46152,0.111014,0,0.407391,NBA,1,Omicron,-1,No record,0,G_NBA,G_0
921_1,-6.68261,2.00782,-3.39483,-5.85845,0.653733,2.34264,16.2003,1.38986,97,0.367151,-6.69053,2.00878,-3.32575,-5.96566,0.619076,2.42365,13.7686,1.4016,97,0.235718,-6.75711,2.08287,-3.40773,-5.71531,0.675596,2.14269,10.4816,1.38899,97,0.15979,0.165736,0.171547,0.265858,0.881658,0.202963,1.50804,5.86599,0.098544,0,0.265419,NBA,1,Delta,2,Second dose,0,G_NBA,G_0
2571_1,-6.5849,2.6228,-3.35129,-3.89237,1.38705,2.56307,11.5006,1.43871,97,0.38315,-6.63129,2.71386,-3.37176,-3.89517,1.47295,2.12152,12.3239,1.4374,97,0.237312,-6.66071,2.66232,-3.42116,-4.06872,1.55127,2.1661,9.82686,1.42865,97,0.15285,0.161573,0.264915,0.258699,0.84123,0.399808,1.04018,5.88801,0.09761,0,0.24636,NBA,1,Omicron,3,Boosted,0,G_NBA,G_0
942_2,-6.82199,2.30443,-3.46827,-4.12691,1.14815,2.85664,8.17438,1.40611,97,0.265925,-6.70548,2.24347,-3.39971,-4.87491,1.5796,2.66272,10.0865,1.42843,97,0.285498,-6.81412,2.3243,-3.44198,-4.30275,1.53665,2.00054,8.48474,1.39206,97,0.138966,0.17476,0.203631,0.261534,1.26923,0.715678,1.33937,6.095,0.106262,0,0.401838,NBA,2,Omicron,-1,No record,0,G_NBA,G_0
308_1,-6.76261,2.32672,-3.46888,-6.06396,1.32192,2.53978,6.04109,1.37283,97,0.285134,-6.73288,2.29849,-3.44521,-6.28962,1.49096,2.47642,6.77163,1.39277,97,0.341868,-6.73229,2.30338,-3.46157,-5.98498,1.38722,2.54005,5.82607,1.38102,97,0.171267,0.163052,0.185427,0.302428,0.823962,0.635723,1.04285,4.97913,0.0955885,0,0.455508,NBA,1,Delta,2,Second dose,0,G_NBA,G_0
445_1,-6.82278,2.02107,-3.28223,-4.66097,0.317488,2.04165,15.9872,1.39333,97,0.393413,-6.80834,1.97142,-3.32122,-4.90406,0.362274,2.33521,16.5451,1.40538,97,0.245252,-6.77879,1.93571,-3.37783,-4.93706,0.384095,2.1397,11.9743,1.40497,97,0.151013,0.174099,0.177699,0.276447,0.601529,0.138697,1.23113,6.27281,0.106769,0,0.203637,NBA,1,Omicron,3,Boosted,0,G_NBA,G_0
1042_1,-6.60528,2.39355,-3.34419,-4.55903,0.565998,2.83929,16.7032,1.41451,97,0.3309,-6.65704,2.38296,-3.37798,-4.35591,0.51061,2.34648,14.4979,1.44557,97,0.257317,-6.67366,2.28784,-3.37697,-4.55736,0.510588,2.13576,11.21,1.4227,97,0.156314,0.179249,0.28268,0.308906,0.65818,0.135088,1.22714,4.09732,0.0938142,0,0.266473,NBA,3,Omicron,3,Boosted,0,G_NBA,G_0
2154_2,-6.75336,2.02025,-3.39624,-5.55285,0.830441,1.88556,14.3148,1.46277,97,0.267399,-6.75673,2.15188,-3.34953,-5.0456,0.783591,2.26464,15.3414,1.41373,97,0.279537,-6.81475,2.02665,-3.37257,-5.55538,1.00185,2.22594,10.9945,1.44222,97,0.150177,0.177513,0.197333,0.266237,0.980845,0.325704,1.54052,5.56939,0.104269,0,0.368106,NBA,1,Omicron,-1,No record,0,G_NBA,G_0
224_1,-6.83738,2.17877,-3.33686,-3.58265,0.422843,1.93859,14.2586,1.41468,97,0.413965,-6.8761,2.04013,-3.3488,-4.09624,0.565087,2.24482,13.3447,1.43483,97,0.275615,-6.84311,1.95141,-3.40179,-4.09962,0.479493,2.01757,10.2185,1.42229,97,0.167229,0.17272,0.183426,0.258982,0.655819,0.251919,1.25763,4.54903,0.100928,0,0.258209,NBA,2,Omicron,3,Boosted,0,G_NBA,G_0
923_2,-6.79179,2.0359,-3.49951,-4.85961,0.677533,2.73014,5.23447,1.42083,97,0.181729,-6.77892,2.11874,-3.43936,-5.54829,1.41542,2.3545,8.63494,1.39621,97,0.223913,-6.81504,2.1468,-3.42619,-4.83941,1.1897,2.58969,6.78243,1.39052,97,0.164856,0.190212,0.209126,0.282844,1.00791,0.718789,1.32865,4.95713,0.0828127,0,0.212048,NBA,1,Omicron,-1,No record,0,G_NBA,G_0
2365_1,-6.53677,2.62491,-3.43697,-5.37569,1.70673,2.75362,8.9332,1.44796,97,0.35383,-6.59707,2.71816,-3.47639,-4.47572,1.43976,2.71267,10.5101,1.45561,97,0.215471,-6.6183,2.6861,-3.43149,-4.66133,1.66347,2.13456,10.1162,1.43638,97,0.155909,0.170991,0.208129,0.232605,0.921606,0.389588,1.38081,5.98329,0.0971562,0,0.228512,NBA,2,Delta,2,Second dose,0,G_NBA,G_0
2425_1,-6.7034,2.40524,-3.30756,-3.33925,0.648726,2.05141,15.5805,1.42785,97,0.239016,-6.66328,2.36509,-3.34593,-3.30614,0.605408,2.39223,14.239,1.41335,97,0.332172,-6.69411,2.43215,-3.40178,-3.2737,0.644963,2.26012,10.2582,1.4306,97,0.148196,0.199553,0.263619,0.225724,0.486959,0.237238,1.30382,5.35634,0.100672,0,0.383371,NBA,2,Omicron,3,Boosted,0,G_NBA,G_0
551_1,-6.7065,2.23948,-3.42203,-4.24242,0.707262,2.28776,13.4237,1.41331,97,0.195486,-6.70982,2.22984,-3.38696,-4.36729,0.784777,2.48617,12.1219,1.41534,97,0.234592,-6.75335,2.22656,-3.39162,-4.25745,0.674354,2.12256,10.2834,1.41267,97,0.146295,0.15755,0.188147,0.278859,0.625959,0.410322,1.34021,6.82543,0.103697,0,0.221337,NBA,3,Omicron,-1,No record,0,G_NBA,G_0
702_1,-6.63328,2.23079,-3.34884,-5.31298,0.537854,2.41544,14.1337,1.41189,97,0.310396,-6.66628,2.22876,-3.38147,-5.52748,0.590541,2.43113,13.4408,1.42868,97,0.280557,-6.71004,2.15967,-3.39533,-5.54111,0.589694,2.35658,10.4053,1.41986,97,0.155016,0.176251,0.238803,0.272801,0.857488,0.169963,1.1898,4.91371,0.105255,0,0.416573,NBA,3,Omicron,-1,No record,0,G_NBA,G_0
226_1,-6.72944,2.25253,-3.35041,-3.3127,0.341614,2.44718,14.3504,1.42749,97,0.251011,-6.71355,2.21593,-3.35159,-3.31997,0.322385,2.41594,16.285,1.42409,97,0.291729,-6.7114,2.23163,-3.39061,-3.2756,0.324213,2.16516,10.1036,1.40766,97,0.156624,0.17113,0.217102,0.29736,0.388016,0.115213,1.39387,5.81417,0.102955,0,0.333114,NBA,2,Omicron,3,Boosted,0,G_NBA,G_0
3023_1,-6.72764,2.2562,-3.41028,-4.64167,1.30234,2.64116,11.5394,1.40081,97,0.290026,-6.75781,2.2885,-3.4214,-4.01027,0.838703,2.28671,9.72268,1.39568,97,0.217716,-6.78493,2.28088,-3.41856,-4.02757,0.884162,2.18646,10.6316,1.40604,97,0.125263,0.185262,0.19986,0.273591,0.745747,0.454005,1.23781,4.28559,0.0805048,0,0.201979,NBA,3,Delta,2,Second dose,0,G_NBA,G_0
2514_1,-6.77732,2.18066,-3.34477,-5.83684,0.57329,2.06365,13.3226,1.41262,97,0.263644,-6.68042,2.09738,-3.37224,-5.69232,0.539699,2.52437,15.5438,1.39569,97,0.279743,-6.7172,2.11044,-3.41664,-5.5387,0.51892,2.415,9.60796,1.41457,97,0.147675,0.155287,0.180098,0.281318,0.693097,0.167694,1.29102,5.54543,0.107051,0,0.366178,NBA,3,Omicron,3,Boosted,0,G_NBA,G_0
975_1,-6.56657,2.59756,-3.40449,-4.72719,0.870111,2.23734,9.06007,1.42821,97,0.293069,-6.55045,2.55498,-3.38868,-4.93402,0.904303,2.11484,9.29444,1.45769,97,0.234865,-6.60434,2.56005,-3.42967,-4.61116,0.890562,2.16186,8.91357,1.42865,97,0.18091,0.17715,0.198562,0.260322,0.799958,0.238995,0.907132,3.05358,0.118704,0,0.27454,NBA,2,Omicron,3,Boosted,0,G_NBA,G_0
2216_1,-6.66948,2.38455,-3.53153,-3.45213,0.832021,2.68348,4.194,1.41523,97,0.244952,-6.72747,2.53217,-3.47413,-3.31406,1.00108,3.55827,5.43935,1.44756,97,0.315715,-6.74269,2.36995,-3.5114,-3.65569,0.87392,3.50183,3.63352,1.40795,97,0.145814,0.138887,0.242945,0.25517,0.623647,0.509171,1.59819,5.20761,0.0865448,0,0.463185,NBA,1,Omicron,2,Second dose,0,G_NBA,G_0
2727_1,-6.62124,2.3116,-3.26228,-4.93214,0.533023,2.59436,14.0809,1.43814,97,0.263593,-6.59073,2.24533,-3.36918,-5.14796,0.54053,2.58597,14.2802,1.4218,97,0.222453,-6.6521,2.31748,-3.39409,-4.7747,0.513897,2.13884,10.2173,1.42612,97,0.156068,0.163702,0.169419,0.304248,0.767572,0.174629,1.66971,5.01908,0.0948228,0,0.250715,NBA,unknown,Omicron,2,Second dose,0,G_NBA,G_0
986_1,-6.59491,2.39347,-3.46131,-4.90716,0.748791,2.85636,8.21923,1.46045,97,0.317612,-6.62903,2.52688,-3.42718,-4.55083,0.679584,2.57389,7.64717,1.40777,97,0.307163,-6.63943,2.45842,-3.42391,-4.69122,0.776533,3.08003,8.54498,1.43058,97,0.144281,0.162888,0.190834,0.249691,0.892584,0.209542,1.3244,1.34059,0.10215,0,0.524934,NBA,2,Omicron,-1,No record,0,G_NBA,G_0
2605_1,-6.58893,2.53607,-3.40583,-4.19849,0.720963,2.57768,14.4548,1.41802,97,0.206689,-6.60141,2.52299,-3.36611,-4.16725,0.708648,2.33583,14.7289,1.43131,97,0.251092,-6.64108,2.47792,-3.39026,-4.20439,0.726706,2.21804,10.3411,1.42993,97,0.155606,0.16742,0.237507,0.302379,0.863456,0.25012,1.41052,5.57713,0.0959527,0,0.268633,NBA,1,Omicron,2,Second dose,0,G_NBA,G_0
785_1,-6.64316,2.65,-3.40562,-2.80821,0.765276,2.46022,12.9363,1.44839,97,0.232004,-6.63997,2.66537,-3.33065,-3.01484,0.888054,2.60871,14.6105,1.43776,97,0.255687,-6.69144,2.62258,-3.34511,-3.1286,0.852381,2.26724,9.99402,1.41585,97,0.139722,0.168627,0.250968,0.252789,0.578269,0.194783,1.56601,6.08721,0.086851,0,0.402926,NBA,2,Delta,2,Second dose,0,G_NBA,G_0
1913_1,-6.69224,2.10049,-3.3341,-6.20477,0.606437,2.4191,15.3741,1.40424,97,0.294516,-6.74799,2.17953,-3.3142,-6.16627,0.634666,2.13708,15.7984,1.41261,97,0.306187,-6.73472,2.13909,-3.39123,-6.06127,0.633532,1.91588,10.4289,1.40409,97,0.158242,0.116073,0.133765,0.264294,0.601662,0.133466,1.2923,5.89219,0.0971466,0,0.391698,NBA,2,Omicron,3,Boosted,0,G_NBA,G_0
384_1,-6.79874,2.05621,-3.58751,-6.12231,0.823144,3.75762,5.39867,1.41596,97,0.298474,-6.75745,2.01268,-3.48609,-6.22606,0.996365,3.92852,6.38412,1.45955,97,0.262284,-6.77395,1.98894,-3.44769,-6.16411,0.804775,4.216,5.60022,1.42435,97,0.154634,0.140883,0.177911,0.260475,0.841541,0.622561,1.52053,3.18192,0.0970878,0,0.585259,NBA,1,Omicron,3,Boosted,0,G_NBA,G_0
283_1,-6.74357,2.33726,-3.50498,-4.71446,0.845511,2.92834,5.93897,1.41129,97,0.181379,-6.70184,2.31301,-3.43924,-4.84017,0.869953,3.30364,6.17699,1.40419,97,0.355869,-6.72264,2.29418,-3.46609,-4.59856,0.788368,3.11303,5.97495,1.40712,97,0.182222,0.201806,0.220615,0.263975,0.730784,0.375197,1.48683,1.67464,0.0773607,0,0.542677,NBA,1,Omicron,2,Second dose,0,G_NBA,G_0
1676_1,-6.58682,2.68435,-3.41511,-4.95029,0.794424,2.08331,12.7442,1.45547,97,0.30628,-6.53692,2.64175,-3.44561,-5.11091,0.825933,2.44325,12.8843,1.45794,97,0.314851,-6.56389,2.61357,-3.38688,-4.94857,0.782692,2.21437,10.4578,1.44486,97,0.141538,0.174652,0.218449,0.269082,0.780305,0.248891,1.34136,5.937,0.0946952,0,0.519233,NBA,3,Omicron,3,Boosted,0,G_NBA,G_0
2868_1,-6.73337,2.13295,-3.37582,-5.53844,0.749925,2.2722,12.3807,1.43256,97,0.193444,-6.6943,2.06333,-3.38732,-5.90079,0.76258,2.4091,12.8549,1.42331,97,0.250946,-6.76615,2.11023,-3.38707,-5.51654,0.713414,2.36653,9.04064,1.41272,97,0.149574,0.162819,0.167518,0.283871,0.859743,0.31837,1.50601,6.64895,0.103704,0,0.334147,NBA,2,Delta,2,Second dose,0,G_NBA,G_0
718_1,-6.64749,1.99985,-3.33823,-5.1527,0.328503,2.57302,15.5443,1.43383,97,0.224936,-6.65518,2.00429,-3.34842,-5.16464,0.353213,2.66988,14.0949,1.42344,97,0.262952,-6.67173,2.13412,-3.40021,-4.78703,0.312059,2.19629,9.43609,1.40897,97,0.135785,0.181617,0.238358,0.288225,0.668398,0.125767,1.65825,5.25525,0.0886723,0,0.303553,NBA,1,Omicron,2,Second dose,0,G_NBA,G_0
2293_1,-6.70711,2.70924,-3.41594,-3.24285,0.890055,2.52913,5.95777,1.44313,97,0.253654,-6.63306,2.60392,-3.40138,-3.1567,0.776594,2.68222,6.25201,1.42299,97,0.323287,-6.68195,2.49961,-3.46911,-3.36076,0.728913,2.58041,5.1528,1.42865,97,0.166915,0.162401,0.25902,0.23721,0.551453,0.318784,1.28098,3.21707,0.0949033,0,0.387753,NBA,1,Omicron,2,Second dose,0,G_NBA,G_0
2944_1,-6.62723,2.42416,-3.36649,-4.52375,0.663045,2.16023,11.6629,1.42425,97,0.263842,-6.65495,2.42991,-3.41622,-4.52284,0.623248,2.23118,10.9433,1.42978,97,0.219322,-6.66104,2.39498,-3.39865,-4.52738,0.685413,2.2382,10.2025,1.42699,97,0.152323,0.153465,0.203869,0.261498,0.819238,0.230494,1.23102,5.62454,0.100122,0,0.242544,NBA,2,Omicron,3,Boosted,0,G_NBA,G_0
2417_1,-6.88943,1.88966,-3.46121,-5.97609,1.05064,2.2471,7.19536,1.39507,97,0.273164,-6.75699,1.69697,-3.40948,-6.32381,0.824873,2.73764,6.85078,1.40807,97,0.327561,-6.87429,1.80495,-3.43684,-5.59572,0.623989,2.31353,6.60714,1.41612,97,0.148663,0.159321,0.201479,0.240496,0.884126,0.682807,1.13738,3.53497,0.0940432,0,0.395345,NBA,1,Omicron,2,Second dose,0,G_NBA,G_0
2262_1,-6.69432,2.21101,-3.4253,-4.49965,0.887439,2.44468,7.66703,1.39369,97,0.278433,-6.75013,2.25592,-3.40228,-4.46543,0.938281,2.22019,7.75468,1.41734,97,0.245454,-6.7443,2.29499,-3.43248,-4.16855,0.829313,2.13998,6.98607,1.3964,97,0.151398,0.165106,0.190803,0.31107,0.745225,0.429126,1.13119,2.97842,0.0872237,0,0.305098,NBA,1,Omicron,2,Second dose,0,G_NBA,G_0
2746_1,-6.65202,2.12134,-3.46968,-6.01367,0.491198,2.28798,13.0731,1.42299,97,0.20244,-6.72393,2.16111,-3.31996,-6.11753,0.569415,2.30977,12.764,1.41413,97,0.263,-6.71747,2.14442,-3.39019,-5.95279,0.521193,1.72052,9.02411,1.40658,97,0.156066,0.165675,0.184109,0.295335,0.710135,0.156913,1.41533,4.80878,0.0891293,0,0.36139,NBA,2,Omicron,3,Boosted,0,G_NBA,G_0
251_1,-6.81377,2.08421,-3.36978,-4.64062,0.952264,2.00522,12.6278,1.41697,97,0.274247,-6.75121,2.06079,-3.4553,-4.68694,0.956424,2.27001,11.0483,1.39801,97,0.274202,-6.82645,2.10448,-3.4043,-4.2777,0.848097,1.87789,9.71922,1.42011,97,0.143532,0.183438,0.199349,0.280874,0.758932,0.414662,1.67715,5.06606,0.105059,0,0.48931,NBA,1,Omicron,2,Second dose,0,G_NBA,G_0
2631_1,-6.66676,2.44044,-3.48487,-3.48737,0.648648,3.50838,5.85322,1.43108,97,0.211759,-6.73559,2.47878,-3.44546,-3.95795,0.954079,2.85348,6.54769,1.42927,97,0.266131,-6.73617,2.36218,-3.47518,-3.99277,0.856591,2.84964,5.56984,1.41162,97,0.158183,0.172542,0.260805,0.262786,0.981045,0.449774,1.49238,3.65146,0.0951799,0,0.256598,NBA,1,Omicron,2,Second dose,0,G_NBA,G_0
228_1,-6.74451,2.16414,-3.35555,-5.61845,0.849058,2.18037,14.0853,1.40395,97,0.161783,-6.71866,2.13797,-3.39712,-5.68482,0.859893,2.42607,13.5216,1.41037,97,0.280741,-6.74346,2.1598,-3.3932,-5.4982,0.870236,1.98751,10.0651,1.39673,97,0.148957,0.179587,0.184151,0.279447,0.730138,0.235538,1.3997,5.86373,0.087103,0,0.285289,NBA,1,Omicron,2,Second dose,0,G_NBA,G_0
3030_1,-6.68761,2.28334,-3.4534,-5.54466,0.660827,3.73328,5.92295,1.41757,97,0.182035,-6.64541,2.24083,-3.51869,-5.47791,0.553286,3.84159,5.91692,1.44156,97,0.245501,-6.64336,2.26018,-3.45837,-5.12877,0.497673,4.12245,5.97847,1.41369,97,0.150054,0.167226,0.214086,0.25324,0.730587,0.235198,1.13843,0.374481,0.0934973,0,0.264163,NBA,1,Omicron,2,Second dose,0,G_NBA,G_0
2513_1,-6.6154,2.67743,-3.40539,-4.85768,1.14259,2.74492,11.5362,1.46405,97,0.226335,-6.58854,2.66821,-3.37445,-5.01318,1.27761,2.21136,11.8675,1.42754,97,0.2527,-6.61992,2.59282,-3.39589,-4.90355,1.20638,2.1052,10.2728,1.43095,97,0.157976,0.147758,0.226749,0.259112,0.827063,0.429715,0.924101,7.07749,0.0927437,0,0.252895,NBA,1,Omicron,3,Boosted,0,G_NBA,G_0
2719_1,-6.53646,2.67035,-3.49296,-5.1698,1.05478,2.12104,9.00894,1.46282,97,0.243943,-6.50729,2.71685,-3.37928,-5.14669,1.12287,2.19568,12.9754,1.46078,97,0.294334,-6.56796,2.68838,-3.42242,-4.94135,1.1,1.95425,9.92212,1.44139,97,0.165823,0.150425,0.222781,0.269773,0.802321,0.249919,1.21453,6.34211,0.114173,0,0.361796,NBA,2,Omicron,3,Boosted,0,G_NBA,G_0
2732_1,-6.63102,2.46143,-3.46442,-5.741,1.01067,2.88938,6.21683,1.43524,97,0.272611,-6.58447,2.38511,-3.48817,-5.68366,0.987611,3.15687,6.87923,1.4526,97,0.207245,-6.64553,2.4604,-3.47008,-5.22674,0.936669,3.25383,6.25497,1.43867,97,0.155656,0.155072,0.171069,0.240987,0.726151,0.350788,1.88586,3.86991,0.0878357,0,0.205907,NBA,1,Omicron,2,Second dose,0,G_NBA,G_0
2186_1,-6.75065,2.21623,-3.38013,-4.39446,0.600442,1.31942,9.70713,1.42529,97,0.230594,-6.72915,2.16252,-3.3891,-4.50539,0.674111,1.59886,11.4263,1.4007,97,0.242907,-6.69771,2.23286,-3.42417,-3.82991,0.365231,1.2106,7.2106,1.419,97,0.152524,0.161702,0.24387,0.320104,1.0252,0.428363,1.05083,7.65223,0.0930487,0,0.331387,NBA,1,Omicron,2,Second dose,0,G_NBA,G_0
178_1,-6.74823,2.3412,-3.44369,-4.00082,0.511206,2.28693,14.8679,1.38954,97,0.310718,-6.72742,2.26562,-3.36496,-4.18879,0.545424,2.31745,15.4372,1.423,97,0.275416,-6.71443,2.26372,-3.39424,-4.12035,0.532807,2.15572,10.2713,1.40643,97,0.157209,0.157199,0.202986,0.278333,0.702351,0.223417,1.24365,6.15171,0.0940542,0,0.471027,NBA,1,Omicron,3,Boosted,0,G_NBA,G_0
2120_1,-6.76709,1.99667,-3.39223,-6.36635,0.844008,2.36508,13.0273,1.41731,97,0.27426,-6.85542,2.09753,-3.36976,-6.22899,0.903717,2.57642,14.0277,1.4079,97,0.229006,-6.80218,2.01571,-3.37053,-6.10712,0.898598,2.3477,11.0527,1.40458,97,0.170269,0.15302,0.18926,0.262053,0.896002,0.225655,1.98507,4.27761,0.0899772,0,0.247472,NBA,1,Omicron,3,Boosted,0,G_NBA,G_0
2763_1,-6.67548,2.3728,-3.40993,-5.93943,0.83158,1.88452,11.2343,1.39939,97,0.304771,-6.62178,2.30652,-3.38589,-6.01621,0.832396,2.34656,11.9834,1.43512,97,0.23054,-6.74401,2.29749,-3.42619,-6.05445,0.911817,2.36204,9.45015,1.41811,97,0.0927475,0.151802,0.215888,0.296592,0.62567,0.194229,1.57926,4.87828,0.0994929,0,0.237535,NBA,1,Omicron,3,Boosted,0,G_NBA,G_0
2083_1,-6.6343,2.00165,-3.43651,-6.35581,0.590435,3.0301,7.48521,1.41394,97,0.289613,-6.73909,2.11563,-3.44662,-6.09173,0.558534,3.18792,7.47244,1.41447,97,0.274091,-6.73185,2.09889,-3.43629,-6.02978,0.54508,3.12824,7.48604,1.41779,97,0.154591,0.134381,0.178187,0.274932,0.701052,0.160275,1.24937,0.683108,0.105554,0,0.328262,NBA,1,Delta,2,Second dose,0,G_NBA,G_0
232_1,-6.76787,2.18335,-3.50751,-3.92022,1.10259,3.23825,4.32535,1.41755,97,0.303348,-6.73694,2.17365,-3.4029,-3.89225,1.10488,3.65666,6.47598,1.42641,97,0.22178,-6.81314,2.2126,-3.53624,-3.99,0.846985,3.63661,3.00168,1.39603,97,0.128676,0.152633,0.194526,0.266474,0.524783,0.782185,2.21521,5.43389,0.0888616,0,0.218606,NBA,1,Omicron,3,Boosted,0,G_NBA,G_0
2807_1,-6.69624,2.35099,-3.45879,-4.69859,0.925402,2.39558,6.69785,1.42053,97,0.168181,-6.69861,2.44388,-3.44387,-4.83515,1.185,2.53028,8.6691,1.41405,97,0.213164,-6.71501,2.38932,-3.4517,-4.67148,1.09294,2.66919,6.68489,1.43177,97,0.159999,0.174025,0.253331,0.314954,0.973844,0.454587,1.57729,4.55398,0.086255,0,0.183483,NBA,1,Omicron,2,Second dose,0,G_NBA,G_0
516_1,-6.7693,2.2395,-3.46179,-4.35235,0.617801,2.51148,5.80048,1.42851,97,0.25255,-6.70528,2.17055,-3.40389,-4.63273,0.752845,2.95965,6.65222,1.39807,97,0.302763,-6.7464,2.19101,-3.45905,-4.30892,0.623884,2.74399,6.17809,1.40269,97,0.172127,0.146525,0.180505,0.259578,0.89277,0.472454,1.49162,2.68631,0.096032,0,0.300689,NBA,1,Omicron,2,Second dose,0,G_NBA,G_0
2653_1,-6.5381,2.42104,-3.36938,-5.37719,0.832426,2.39583,16.175,1.41139,97,0.266521,-6.58755,2.53623,-3.33398,-5.04566,0.828482,2.22479,15.9009,1.36731,97,0.2784,-6.61503,2.51105,-3.39162,-5.00551,0.828695,2.02578,11.0118,1.40489,97,0.144667,0.199211,0.22041,0.259088,0.674651,0.147976,1.273,5.81282,0.100601,0,0.379051,NBA,1,Omicron,2,Second dose,0,G_NBA,G_0
2208_1,-6.66625,2.57086,-3.38926,-5.95264,0.885918,2.25422,14.2376,1.40697,97,0.246885,-6.64255,2.51814,-3.36025,-5.79032,0.828056,2.20863,13.4911,1.42557,97,0.245082,-6.63875,2.48663,-3.41312,-5.80211,0.847002,2.3478,9.80659,1.43176,97,0.165038,0.181635,0.216405,0.302266,0.591301,0.164542,1.18316,6.50837,0.0992034,0,0.270812,NBA,1,Omicron,2,Second dose,0,G_NBA,G_0
1290_1,-6.83566,1.98927,-3.34608,-6.63706,1.05898,3.7651,6.85618,1.41284,97,0.265402,-6.76795,1.91817,-3.44888,-6.41237,0.738572,4.15937,6.31578,1.40948,97,0.341908,-6.80784,1.9179,-3.44216,-6.07941,0.653747,3.15225,6.00554,1.42504,97,0.160095,0.143878,0.155341,0.270109,0.789119,0.346286,2.36582,0.818792,0.10849,0,0.568779,NBA,1,Omicron,2,Second dose,0,G_NBA,G_0
2021_1,-6.69794,2.33853,-3.46557,-4.682,1.18584,2.1579,7.31713,1.41077,97,0.309717,-6.68611,2.34341,-3.49673,-4.78971,1.29244,2.48013,7.08154,1.40678,97,0.205663,-6.73197,2.34953,-3.42931,-4.37217,1.11539,2.41169,5.66678,1.40345,97,0.135731,0.151501,0.197327,0.290506,0.904756,0.611642,1.37934,3.39393,0.103648,0,0.204792,NBA,1,Omicron,2,Second dose,0,G_NBA,G_0
3022_1,-6.65747,2.3691,-3.49168,-5.03615,1.03227,2.22288,7.15433,1.42817,97,0.231943,-6.65478,2.34262,-3.4633,-4.84526,0.896604,2.26696,6.94375,1.42809,97,0.255342,-6.65465,2.3492,-3.46395,-4.5122,0.682777,2.148,5.6009,1.40558,97,0.208975,0.18107,0.269916,0.279119,1.10821,0.46671,1.0938,3.61609,0.0906054,0,0.259659,NBA,1,Omicron,2,Second dose,0,G_NBA,G_0
2437_1,-6.68591,2.51552,-3.45103,-3.41902,0.688615,2.97771,6.34004,1.44262,97,0.277081,-6.67771,2.4279,-3.46097,-4.02836,0.990732,2.56476,7.8486,1.43463,97,0.174961,-6.73221,2.40211,-3.4616,-3.88815,0.858896,2.42836,6.25207,1.41696,97,0.143654,0.137362,0.252142,0.27499,0.939632,0.473272,1.50513,4.40131,0.0959604,0,0.143126,NBA,1,Omicron,3,Boosted,0,G_NBA,G_0
363_1,-6.64208,2.40535,-3.44215,-3.16242,0.538061,2.63966,11.8232,1.38745,97,0.293164,-6.71194,2.43091,-3.44723,-3.19597,0.549594,2.24939,11.1095,1.40902,97,0.241505,-6.70442,2.40203,-3.39705,-3.29934,0.591678,2.12594,10.2263,1.404,97,0.156094,0.15017,0.191383,0.266143,0.494079,0.226615,1.23971,4.87481,0.0955596,0,0.24578,NBA,1,Omicron,2,Second dose,0,G_NBA,G_0
2688_1,-6.77905,2.05494,-3.36586,-6.38484,0.582375,2.22487,12.8379,1.38683,97,0.291064,-6.70569,1.96529,-3.40026,-6.45461,0.516752,2.2058,11.9637,1.4198,97,0.508444,-6.77503,2.02295,-3.42048,-6.25871,0.559418,2.07521,9.27378,1.39291,97,0.147577,0.130742,0.15018,0.302995,0.746373,0.149178,1.18043,4.09143,0.110106,0,0.975562,NBA,1,Omicron,2,Second dose,0,G_NBA,G_0
2321_1,-6.66255,2.33728,-3.33985,-4.76322,0.768007,2.37976,14.21,1.41039,97,0.29501,-6.6171,2.27527,-3.39646,-5.15296,0.909537,2.34551,13.8021,1.40128,97,0.384731,-6.68745,2.36452,-3.40305,-4.65534,0.848234,2.06241,9.91603,1.40014,97,0.206054,0.164686,0.187437,0.263342,0.948093,0.30481,1.70578,7.35008,0.0808242,0,0.420336,NBA,1,Omicron,2,Second dose,0,G_NBA,G_0
300_1,-6.84583,2.00511,-3.36598,-6.26557,0.807122,2.01477,14.604,1.43262,97,0.240476,-6.79679,1.97997,-3.38535,-6.30465,0.811354,2.3414,15.4821,1.40204,97,0.274022,-6.82925,1.98347,-3.39772,-6.19387,0.861786,2.50071,10.9866,1.41775,97,0.147665,0.148893,0.146194,0.253751,0.875166,0.233079,1.2123,5.23688,0.0888755,0,0.256156,NBA,1,Omicron,3,Boosted,0,G_NBA,G_0
45_1,-6.59996,2.54079,-3.35323,-4.04967,0.805192,2.42069,10.8893,1.45246,97,0.236607,-6.599,2.58756,-3.41794,-3.88396,0.770156,2.48368,12.4194,1.43391,97,0.363667,-6.63632,2.55114,-3.3969,-3.88331,0.776083,2.1145,10.2522,1.4325,97,0.149907,0.169941,0.227213,0.29215,0.674356,0.309389,1.36817,5.62504,0.103481,0,0.502022,NBA,1,Omicron,3,Boosted,0,G_NBA,G_0
3051_1,-6.74389,2.14708,-3.23999,-5.29894,0.573478,2.61523,27.5386,1.39641,97,0.290897,-6.72448,2.12845,-3.26148,-5.36324,0.57786,2.33859,26.631,1.41227,97,0.270791,-6.72727,2.14745,-3.27441,-5.31838,0.594581,2.10057,21.9722,1.40371,97,0.142868,0.150865,0.188707,0.237264,0.723064,0.0949416,1.23611,5.42591,0.0933146,0,0.322587,NBA,3,Delta,-1,No record,0,G_NBA,G_0
2628_1,-6.83282,1.92209,-3.38946,-6.51646,0.647836,2.26456,12.8584,1.43044,97,0.430802,-6.74942,1.82198,-3.36341,-6.3995,0.554485,2.18478,13.1217,1.44881,97,0.319922,-6.82506,1.88753,-3.40275,-6.37902,0.650814,1.96988,10.2744,1.43171,97,0.149354,0.156735,0.156609,0.286467,0.75652,0.258255,1.36832,6.7739,0.104553,0,0.39669,NBA,3,Delta,2,Second dose,0,G_NBA,G_0
2457_1,-6.66096,2.46816,-3.45273,-4.51189,0.834889,2.27838,10.862,1.43382,97,0.292506,-6.64294,2.45891,-3.41243,-4.74628,0.914073,2.59538,10.5013,1.42763,97,0.279406,-6.67522,2.4184,-3.4003,-4.41306,0.828391,2.14548,10.0713,1.42108,97,0.149017,0.164198,0.197522,0.254823,1.15021,0.404291,2.055,4.97321,0.108644,0,0.366608,NBA,2,Delta,2,Second dose,0,G_NBA,G_0
304_1,-6.55071,2.56503,-3.35688,-3.38903,0.776828,2.38775,11.9664,1.45258,97,0.264161,-6.5825,2.64325,-3.35586,-3.43341,0.836496,2.45629,11.9898,1.43233,97,0.207422,-6.64113,2.61149,-3.39373,-3.53649,0.873422,2.13428,10.2498,1.43462,97,0.155947,0.164891,0.248877,0.264972,0.745461,0.368219,1.42839,5.04015,0.116478,0,0.217664,NBA,3,Delta,-1,No record,0,G_NBA,G_0
2616_1,-6.80888,2.2214,-3.43326,-6.81695,1.20683,2.38457,12.9104,1.39516,97,0.294556,-6.78004,2.20093,-3.38257,-6.6467,1.09747,2.05862,12.7048,1.39837,97,0.269785,-6.80488,2.21201,-3.41668,-6.42398,1.08542,2.04625,8.61345,1.39541,97,0.153455,0.153614,0.182099,0.26786,0.618059,0.245489,1.4686,6.03627,0.09494,0,0.395692,NBA,2,Delta,-1,No record,0,G_NBA,G_0
541_1,-6.76898,2.21142,-3.42119,-3.44693,0.515131,2.49494,12.4915,1.41192,97,0.293764,-6.77006,2.18506,-3.42043,-3.90156,0.615057,2.44624,11.3383,1.40946,97,0.249808,-6.78556,2.14165,-3.39676,-3.70711,0.50689,2.09625,10.2072,1.41259,97,0.15394,0.163908,0.223364,0.265307,0.863378,0.306631,1.21133,4.93444,0.100774,0,0.31496,NBA,2,Delta,-1,No record,0,G_NBA,G_0
2943_1,-6.7821,2.21349,-3.32712,-4.45569,0.611765,2.21016,13.8684,1.41746,97,0.24494,-6.75497,2.22881,-3.33148,-4.42292,0.615658,2.00787,15.0237,1.40378,97,0.219637,-6.75758,2.18431,-3.34655,-4.47676,0.616863,1.73407,12.0034,1.41019,97,0.140095,0.157401,0.203459,0.230185,0.537146,0.165344,1.32423,6.27024,0.104029,0,0.208114,NBA,1,Delta,-1,No record,0,G_NBA,G_0
1896_1,-6.6348,2.51748,-3.46323,-4.51746,0.817371,2.22537,8.90321,1.4463,97,0.261882,-6.66594,2.56621,-3.45632,-4.276,0.784175,2.59266,9.32551,1.42809,97,0.281968,-6.64819,2.46499,-3.39964,-4.28017,0.742707,2.25222,9.52722,1.42779,97,0.144043,0.158769,0.182039,0.280156,0.779573,0.248889,1.43696,2.80797,0.0872992,0,0.404473,NBA,2,Delta,2,Second dose,0,G_NBA,G_0
1746_1,-6.89052,1.81883,-3.37847,-6.92734,0.930645,2.30394,12.1985,1.41545,97,0.300664,-6.90202,1.79849,-3.43483,-6.88412,0.748207,2.30955,10.0549,1.43702,97,0.182049,-6.89898,1.7883,-3.3898,-6.73462,0.67598,2.1701,10.1898,1.42317,97,0.15015,0.170902,0.185699,0.265258,0.774015,0.312126,1.12078,4.53137,0.102448,0,0.148397,NBA,1,Delta,-1,No record,0,G_NBA,G_0
1746_2,-6.69273,2.55558,-3.4311,-3.65806,0.795677,2.45511,12.3628,1.45767,97,0.194199,-6.67628,2.54565,-3.43695,-3.51013,0.698922,2.81241,11.2081,1.45358,97,0.248103,-6.66845,2.45693,-3.40816,-3.6053,0.651977,2.56043,9.43387,1.42845,97,0.152523,0.180217,0.219451,0.273469,0.651887,0.236072,1.62932,3.9942,0.0940239,0,0.251691,NBA,1,Omicron,-1,No record,0,G_NBA,G_0
2665_1,-6.81897,1.99212,-3.30732,-6.37595,0.476351,2.08615,15.1806,1.39826,97,0.295151,-6.7883,1.94307,-3.36512,-6.62565,0.533835,1.89181,14.2875,1.41468,97,0.254273,-6.81301,1.9622,-3.38429,-6.42687,0.527744,2.02414,11.4943,1.39538,97,0.179884,0.154752,0.167696,0.366073,0.643953,0.196465,1.17501,5.44192,0.0952894,0,0.29657,NBA,2,Delta,-1,No record,0,G_NBA,G_0
188_1,-6.6875,2.34216,-3.40887,-5.85762,0.782587,1.94061,11.4568,1.39491,97,0.336131,-6.68182,2.36418,-3.44167,-5.94764,0.866173,2.07158,12.5326,1.40158,97,0.332423,-6.69445,2.34333,-3.40203,-5.87583,0.9678,2.12339,10.2896,1.40357,97,0.15781,0.150241,0.168061,0.2695,0.799248,0.220928,1.18317,6.10779,0.0926482,0,0.34709,NBA,2,Delta,2,Second dose,0,G_NBA,G_0
706_1,-6.67287,2.48514,-3.44481,-5.25568,0.905761,2.04235,10.8744,1.41005,97,0.297596,-6.64783,2.44129,-3.3688,-5.3918,0.90514,2.23416,12.721,1.45397,97,0.275389,-6.65816,2.42864,-3.40141,-5.49046,1.06963,2.16286,10.2644,1.42219,97,0.15927,0.151704,0.178535,0.281061,0.819682,0.265102,1.38783,6.5633,0.106119,0,0.281697,NBA,1,Delta,-1,No record,0,G_NBA,G_0
426_1,-6.73181,2.21285,-3.39461,-5.29029,1.01295,2.3797,10.984,1.4059,97,0.345157,-6.71799,2.20863,-3.41612,-5.06014,0.880119,2.32962,11.8661,1.41186,97,0.263193,-6.75542,2.18896,-3.40221,-4.97967,0.856545,2.24788,10.287,1.40953,97,0.145201,0.162649,0.195289,0.274216,0.774837,0.439854,1.43785,5.99423,0.0898173,0,0.341709,NBA,2,Delta,-1,No record,0,G_NBA,G_0
199_1,-6.69802,2.49927,-3.40414,-5.78549,1.02394,2.05706,9.78789,1.40206,97,0.322895,-6.68329,2.45407,-3.36531,-5.96054,0.983761,2.19241,12.0075,1.43671,97,0.269363,-6.68549,2.4447,-3.3911,-5.93532,1.18861,2.12941,10.7093,1.41947,97,0.171778,0.172363,0.202065,0.253003,0.679285,0.283895,1.18465,6.92114,0.0775793,0,0.414654,NBA,1,Delta,-1,No record,0,G_NBA,G_0
804_1,-6.69948,2.46435,-3.39992,-3.71991,0.853846,2.65703,11.6657,1.42736,97,0.231712,-6.70626,2.45399,-3.38066,-3.76127,0.885174,2.3234,11.4876,1.43536,97,0.354485,-6.73276,2.39142,-3.40456,-3.84729,0.881011,2.18964,10.1594,1.41791,97,0.138641,0.176599,0.279549,0.258044,0.858814,0.359785,1.15572,5.57034,0.106203,0,0.441824,NBA,2,Delta,-1,No record,0,G_NBA,G_0
697_1,-6.87375,2.06398,-3.3396,-6.69326,0.665687,1.84876,14.0473,1.43569,97,0.174253,-6.84096,2.01935,-3.31201,-6.70889,0.719613,2.48762,12.9765,1.40919,97,0.31095,-6.83151,2.0098,-3.40377,-6.51545,0.682704,2.1457,9.60713,1.42605,97,0.154271,0.152172,0.175073,0.273607,0.605264,0.19682,1.43938,3.83104,0.103272,0,0.426429,NBA,1,Omicron,3,Boosted,0,G_NBA,G_0
738_1,-6.71307,2.09892,-3.40663,-4.94619,0.869965,2.19351,11.3446,1.41988,97,0.227298,-6.70135,2.16979,-3.40236,-4.10459,0.629006,2.10322,11.9516,1.4255,97,0.233876,-6.75147,2.25178,-3.40055,-3.70837,0.555281,2.04265,10.2133,1.41484,97,0.169366,0.15352,0.240283,0.26034,1.05773,0.381225,1.10199,5.47645,0.093036,0,0.210436,NBA,1,Delta,-1,No record,0,G_NBA,G_0
1796_1,-6.76202,2.12981,-3.47488,-4.76094,0.936253,2.39589,8.62803,1.41727,97,0.271412,-6.76743,2.14305,-3.48781,-4.56723,0.859821,2.40504,7.70195,1.41023,97,0.361594,-6.80607,2.12909,-3.40492,-4.38599,0.856209,2.83022,7.88777,1.40952,97,0.168732,0.174109,0.192211,0.353705,0.976217,0.500017,1.39413,3.01862,0.0878329,0,0.421441,NBA,2,Delta,-1,No record,0,G_NBA,G_0
204_1,-6.64864,2.55024,-3.50956,-3.2872,1.0015,2.82647,7.73226,1.44657,97,0.32033,-6.64266,2.58746,-3.47687,-3.06154,0.790851,2.97768,5.7886,1.42656,97,0.245758,-6.68822,2.50941,-3.48177,-3.09675,0.693288,2.70657,5.34405,1.4335,97,0.135357,0.174686,0.21935,0.276183,0.560144,0.38867,1.462,2.60672,0.0845576,0,0.384359,NBA,2,Omicron,-1,No record,0,G_NBA,G_0
963_1,-6.68272,2.32486,-3.49309,-4.35064,0.893644,1.89739,7.2217,1.41423,97,0.331354,-6.71478,2.26934,-3.43584,-5.01661,1.13289,2.08888,8.78045,1.40052,97,0.242612,-6.757,2.32458,-3.44463,-4.39637,0.999627,1.91497,6.97313,1.42465,97,0.14605,0.155275,0.190438,0.268255,1.1139,0.513153,1.05632,4.74064,0.103142,0,0.305794,NBA,1,Delta,-1,No record,0,G_NBA,G_0
3066_1,-6.63104,2.49322,-3.44874,-4.34081,0.776835,1.71996,8.2487,1.4157,97,0.310293,-6.63087,2.42644,-3.42537,-4.35415,0.694867,1.93695,7.52494,1.41763,97,0.236027,-6.66471,2.39198,-3.42639,-4.38532,0.658005,1.81186,7.15694,1.42466,97,0.145855,0.151499,0.197558,0.277463,0.484584,0.227307,0.859284,2.01963,0.101285,0,0.267189,NBA,3,Omicron,3,Boosted,0,G_NBA,G_0
834_1,-6.71633,2.29958,-3.35893,-4.42461,1.14383,2.70475,11.7748,1.38488,97,0.263926,-6.71595,2.31809,-3.4452,-4.41872,1.1415,2.46652,11.1322,1.38673,97,0.294441,-6.75969,2.30041,-3.39494,-4.24286,0.96701,2.18033,10.2723,1.39683,97,0.165197,0.184238,0.188563,0.279277,0.676112,0.684974,1.15371,5.08605,0.088481,0,0.307419,NBA,1,Delta,-1,No record,0,G_NBA,G_0
2869_1,-6.77344,2.01963,-3.48043,-6.47853,1.17955,2.09057,8.01966,1.40472,97,0.260533,-6.78766,1.99307,-3.37866,-6.30357,1.05665,1.92045,6.35636,1.43395,97,0.228961,-6.80254,2.01866,-3.46162,-5.95119,0.876246,1.94852,5.69742,1.40605,97,0.166019,0.136611,0.187491,0.236387,0.813162,0.643094,0.466164,2.33431,0.0936181,0,0.266099,NBA,2,Delta,2,Second dose,0,G_NBA,G_0
287_1,-6.71242,2.22131,-3.35675,-5.97812,1.10791,2.77219,7.4362,1.4145,97,0.367376,-6.67815,2.19385,-3.40133,-5.94915,0.978308,2.95643,6.75866,1.43134,97,0.293015,-6.7342,2.22229,-3.47604,-5.5044,0.862063,2.66265,5.30467,1.4047,97,0.157236,0.175054,0.185648,0.284191,0.924789,0.438426,1.59798,3.81902,0.0968438,0,0.403554,NBA,1,Omicron,2,Second dose,0,G_NBA,G_0
1657_1,-6.67124,2.4411,-3.3957,-5.18907,0.904159,2.44351,11.3659,1.42857,97,0.278517,-6.62742,2.40956,-3.4108,-5.32235,0.896767,2.58332,11.462,1.43697,97,0.245412,-6.65166,2.39947,-3.39629,-5.04377,0.798361,2.12358,10.2342,1.4236,97,0.15667,0.180694,0.199926,0.282248,0.841781,0.365786,1.24672,6.09721,0.106565,0,0.293355,NBA,1,Delta,2,Second dose,0,G_NBA,G_0
683_1,-6.78309,2.0096,-3.39065,-6.29694,0.99145,2.08995,11.307,1.41188,97,0.357391,-6.74718,1.96387,-3.43145,-6.28907,0.850812,2.40439,12.2861,1.41076,97,0.276267,-6.79392,1.97898,-3.40005,-6.0292,0.730362,2.14333,10.2797,1.4165,97,0.143539,0.191821,0.213422,0.321769,0.702465,0.509941,1.32578,6.94216,0.0949912,0,0.316101,NBA,1,Omicron,2,Second dose,0,G_NBA,G_0
2001_1,-6.66893,2.28171,-3.36948,-5.32255,0.692443,2.36291,13.5273,1.41753,97,0.268993,-6.65169,2.27581,-3.34141,-5.02676,0.630333,2.39014,15.0427,1.40988,97,0.27177,-6.6805,2.29086,-3.41186,-5.22446,0.712074,2.12457,10.0903,1.41924,97,0.154247,0.186292,0.288186,0.257142,0.929774,0.209671,1.23768,6.10995,0.103428,0,0.250532,NBA,2,Omicron,3,Boosted,0,G_NBA,G_0
2469_1,-6.85013,2.13346,-3.48381,-5.40278,0.840478,1.71358,6.05006,1.40632,97,0.290215,-6.76081,2.07689,-3.43158,-5.83364,1.013,1.98957,7.47775,1.38135,97,0.326881,-6.78327,2.07183,-3.43384,-5.43367,0.862239,1.9277,6.32519,1.40152,97,0.153445,0.144172,0.154391,0.249987,1.04993,0.515484,0.780941,3.42207,0.0848435,0,0.581318,NBA,1,Omicron,3,Boosted,0,G_NBA,G_0
121_1,-6.75634,2.15919,-3.42855,-5.46317,0.574277,2.27126,9.76932,1.44829,97,0.268152,-6.64598,2.08542,-3.39311,-6.07503,0.681969,1.9827,11.1489,1.42581,97,0.257131,-6.70943,2.16863,-3.40012,-5.49848,0.62113,1.85537,9.72213,1.41521,97,0.155477,0.173577,0.203714,0.280292,0.935568,0.256728,1.01544,5.14325,0.107723,0,0.413046,NBA,2,Omicron,3,Boosted,0,G_NBA,G_0
480_1,-6.6211,2.49637,-3.37381,-5.86986,1.22549,2.12582,10.1479,1.39861,97,0.253775,-6.6603,2.58008,-3.46256,-5.18293,0.998939,2.3438,9.18641,1.42631,97,0.285669,-6.63046,2.47611,-3.4471,-5.21048,0.953626,2.4257,7.60002,1.43061,97,0.152839,0.162031,0.214498,0.327434,0.8096,0.320252,1.21965,4.8737,0.0922417,0,0.368688,NBA,2,Omicron,3,Boosted,0,G_NBA,G_0
1068_1,-6.6373,2.13613,-3.4173,-6.01745,0.800855,3.28438,8.24872,1.41455,97,0.164363,-6.68611,2.19179,-3.42026,-5.97051,0.897004,3.14658,8.76944,1.41771,97,0.260841,-6.72804,2.22905,-3.41162,-5.6383,0.89278,3.32185,8.73475,1.40024,97,0.152318,0.144046,0.16536,0.295014,0.673743,0.188366,1.71586,1.3325,0.0874717,0,0.323026,NBA,3,Omicron,3,Boosted,0,G_NBA,G_0
1698_1,-6.688,2.20851,-3.36835,-6.79552,1.88915,2.61309,10.7368,1.42036,97,0.27987,-6.69365,2.20412,-3.43752,-6.10656,1.11612,2.69333,6.39262,1.40071,97,0.339523,-6.74017,2.21819,-3.4738,-5.82907,0.973224,2.43757,4.48117,1.42576,97,0.161427,0.145167,0.179298,0.284851,0.906879,0.549762,0.866022,4.33476,0.0963747,0,0.673222,NBA,1,Omicron,3,Boosted,0,G_NBA,G_0
1874_1,-6.68019,2.19955,-3.47101,-4.46719,0.660425,2.53607,8.95033,1.42965,97,0.236915,-6.69882,2.28704,-3.40323,-4.01322,0.534956,2.5256,8.76729,1.38966,97,0.256856,-6.69233,2.31521,-3.41522,-3.84791,0.48731,2.59559,8.83806,1.42216,97,0.158099,0.187619,0.320705,0.270557,0.775367,0.253703,1.08572,1.26807,0.106204,0,0.316702,NBA,3,Omicron,3,Boosted,0,G_NBA,G_0
1159_1,-6.79993,2.18805,-3.35179,-5.14247,0.633847,3.19951,8.82395,1.42734,97,0.365205,-6.67636,1.99745,-3.47413,-5.71955,0.648569,2.39356,7.74377,1.43457,97,0.258161,-6.79754,2.05089,-3.40448,-5.86035,0.938214,2.76911,8.7892,1.43883,97,0.126398,0.14829,0.216322,0.281052,0.862491,0.339901,1.25027,2.49838,0.108631,0,0.250317,NBA,1,Omicron,3,Boosted,0,G_NBA,G_0
2663_1,-6.65436,2.68252,-3.45639,-3.62724,1.218,2.31151,8.42389,1.43417,97,0.242447,-6.67926,2.74097,-3.5634,-3.5089,1.30738,2.41376,7.86716,1.42711,97,0.268737,-6.68335,2.60388,-3.47295,-3.62916,1.22042,2.29169,5.77428,1.4304,97,0.131385,0.186036,0.263899,0.30066,0.622046,0.46829,1.15899,3.9233,0.110801,0,0.386173,NBA,2,Delta,3,Boosted,0,G_NBA,G_0
673_1,-6.61639,2.80873,-3.48135,-4.84714,2.26941,2.70067,10.2546,1.44407,97,0.234021,-6.57385,2.7536,-3.46513,-4.94837,2.43355,2.57444,10.2907,1.43466,97,0.283122,-6.62501,2.7487,-3.4279,-4.8499,2.59302,2.13825,10.1492,1.4352,97,0.155507,0.16675,0.217617,0.28053,0.982836,0.656178,1.37129,7.8794,0.112312,0,0.324283,NBA,2,Omicron,3,Boosted,0,G_NBA,G_0
409_1,-6.77031,2.1499,-3.29232,-5.93656,0.773407,1.75336,14.0776,1.42002,97,0.239099,-6.70186,2.07484,-3.38419,-5.74456,0.701152,2.33911,14.4288,1.40569,97,0.230728,-6.75628,2.11208,-3.39987,-5.70502,0.773802,2.08794,10.0349,1.41499,97,0.154719,0.154773,0.17453,0.239994,0.774522,0.202337,1.44914,4.80202,0.0926005,0,0.259935,NBA,1,Omicron,3,Boosted,0,G_NBA,G_0
1375_1,-6.66252,2.10928,-3.33767,-4.26729,0.445553,2.55515,13.9033,1.39708,97,0.270237,-6.69572,2.18516,-3.35886,-4.11809,0.449025,2.37926,14.7101,1.41023,97,0.219096,-6.71605,2.22953,-3.39902,-4.07712,0.459355,2.14117,10.2748,1.40995,97,0.155454,0.154098,0.238699,0.248336,0.468928,0.140137,1.1735,4.48105,0.0908439,0,0.224508,NBA,2,Omicron,3,Boosted,0,G_NBA,G_0
2554_1,-6.7824,2.02919,-3.44525,-6.27466,0.699597,2.06306,10.5814,1.4361,97,0.385937,-6.76583,2.01747,-3.40921,-6.18724,0.636803,2.0599,11.2273,1.42715,97,0.182214,-6.76961,1.9966,-3.41551,-6.09314,0.581624,1.93874,8.20875,1.41896,97,0.14095,0.135652,0.137332,0.307195,0.672943,0.221509,0.984407,5.35885,0.0967306,0,0.226022,NBA,1,Omicron,3,Boosted,0,G_NBA,G_0
2291_1,-6.71671,2.44177,-3.28994,-2.24397,0.656851,2.14661,16.0377,1.43864,97,0.286477,-6.67441,2.62015,-3.3312,-1.99273,0.676666,2.32845,13.1407,1.42613,97,0.243378,-6.70885,2.5472,-3.3817,-2.17034,0.673406,2.26587,10.2752,1.43293,97,0.157716,0.185326,0.194212,0.317627,0.541068,0.216266,1.15816,4.74054,0.117026,0,0.359511,NBA,1,Omicron,3,Boosted,0,G_NBA,G_0
2824_1,-6.74953,2.19244,-3.43899,-4.99318,0.705935,2.70747,8.22267,1.40259,97,0.269483,-6.75325,2.19688,-3.4573,-5.44731,0.905796,3.1628,8.80198,1.41538,97,0.365933,-6.75836,2.16398,-3.42542,-5.18779,0.840508,3.03405,8.64135,1.41499,97,0.159315,0.18608,0.185972,0.247804,0.85699,0.322682,1.47474,2.09082,0.095173,0,0.670166,NBA,3,Omicron,3,Boosted,0,G_NBA,G_0
2015_1,-6.7331,2.14139,-3.43739,-5.33029,0.667829,2.60826,13.8359,1.41516,97,0.300712,-6.70025,2.1235,-3.29858,-5.27208,0.643392,2.43492,15.0419,1.42309,97,0.371787,-6.74302,2.09677,-3.41303,-5.22364,0.639841,2.16304,9.72721,1.43254,97,0.128912,0.16514,0.195108,0.288785,0.743939,0.196997,1.42004,5.20976,0.106538,0,1.12684,NBA,1,Omicron,3,Boosted,0,G_NBA,G_0
2185_1,-6.60005,2.47502,-3.38623,-4.75038,0.690032,2.20711,14.4885,1.42289,97,0.235721,-6.59107,2.45396,-3.44247,-4.92034,0.719169,2.3834,14.3759,1.45354,97,0.348121,-6.6303,2.44796,-3.39096,-4.90912,0.763527,2.15585,10.2688,1.42888,97,0.15503,0.140792,0.206331,0.277694,0.848777,0.195584,1.67963,6.00109,0.094222,0,0.519875,NBA,1,Omicron,3,Boosted,0,G_NBA,G_0
764_1,-6.69162,2.39604,-3.3601,-2.83487,0.507307,2.47621,12.329,1.45769,97,0.238505,-6.70822,2.4386,-3.48081,-2.82413,0.539352,2.23141,11.6584,1.41807,97,0.303554,-6.74207,2.33951,-3.39583,-3.07405,0.569331,2.04729,10.2471,1.4164,97,0.167994,0.173925,0.267514,0.278931,0.634589,0.204006,1.45552,4.91878,0.10936,0,0.335008,NBA,1,Omicron,3,Boosted,0,G_NBA,G_0
993_1,-6.67322,2.30512,-3.3575,-5.33404,0.431866,2.75758,15.0799,1.40394,97,0.275569,-6.63301,2.2553,-3.36418,-5.41444,0.419149,2.42822,14.6458,1.39828,97,0.242371,-6.65422,2.25055,-3.39481,-5.21814,0.41061,2.1604,10.319,1.41224,97,0.147282,0.172556,0.195705,0.286757,0.714872,0.123629,1.42524,4.09003,0.0925174,0,0.309953,NBA,2,Omicron,2,Second dose,0,G_NBA,G_0
1761_2,-6.56457,2.59737,-3.44085,-5.13525,1.07419,2.42369,10.4187,1.37336,97,0.290858,-6.58901,2.61287,-3.36963,-5.36478,1.13427,2.39887,12.0043,1.39806,97,0.263758,-6.59595,2.60627,-3.40206,-4.9808,1.05156,2.16215,10.2346,1.39105,97,0.153417,0.153961,0.210574,0.303006,0.849599,0.439775,1.1274,6.8377,0.0940169,0,0.265602,NBA,1,Omicron,-1,No record,0,G_NBA,G_0
1672_1,-6.75652,2.27115,-3.45518,-5.97722,1.53139,3.73015,4.9431,1.39571,97,0.276239,-6.72906,2.22711,-3.50324,-5.98385,1.20763,4.05988,4.20561,1.39074,97,0.424093,-6.74718,2.22877,-3.50782,-5.86392,1.0559,3.94581,3.67761,1.38358,97,0.212121,0.129308,0.171347,0.313759,0.786746,0.642565,2.22235,2.54454,0.102701,0,0.54953,NBA,1,Omicron,-1,No record,0,G_NBA,G_0
400_1,-6.60575,2.63773,-3.46192,-3.94403,1.15184,3.01208,5.78607,1.45119,97,0.282328,-6.64795,2.68752,-3.50612,-3.73448,1.08575,3.41609,7.74279,1.45153,97,0.309925,-6.6436,2.58261,-3.51323,-3.82112,0.977916,3.20383,4.5959,1.4339,97,0.151781,0.183145,0.217444,0.296073,0.621193,0.478513,1.6182,7.15684,0.111489,0,0.437024,NBA,1,Omicron,2,Second dose,0,G_NBA,G_0
1228_1,-6.82456,1.94915,-3.48867,-5.23328,0.895071,2.71547,7.09037,1.40754,97,0.335777,-6.78244,1.87543,-3.46361,-5.43507,0.900893,4.22057,7.70928,1.42662,97,0.228759,-6.87052,1.96743,-3.42434,-4.89318,0.766781,3.52676,7.71954,1.41288,97,0.140898,0.1894,0.191661,0.248107,0.73702,0.548032,2.39442,2.6339,0.0870559,0,0.249177,NBA,1,Omicron,2,Second dose,0,G_NBA,G_0
1132_1,-6.55571,2.71278,-3.48933,-5.23219,1.12624,1.93722,9.12934,1.45483,97,0.291116,-6.52501,2.73653,-3.46571,-5.24247,1.18441,2.16029,9.65221,1.45414,97,0.295899,-6.57819,2.71184,-3.42045,-5.41507,1.35261,2.30923,8.99567,1.43705,97,0.156721,0.173894,0.214919,0.261487,0.70349,0.244278,1.34472,5.51679,0.0955505,0,0.438536,NBA,1,Delta,2,Second dose,0,G_NBA,G_0
16_1,-6.91786,2.04239,-3.43369,-3.90678,0.603888,1.85214,6.21891,1.42074,97,0.260974,-6.82063,1.96206,-3.50649,-4.12119,0.709132,2.44673,8.26467,1.40935,97,0.17255,-6.83337,1.93181,-3.51643,-4.01227,0.457107,1.83092,4.83942,1.38584,97,0.190304,0.158986,0.218687,0.310407,0.619671,0.408379,1.61488,7.64032,0.0916248,0,0.142334,NBA,1,Omicron,3,Boosted,0,G_NBA,G_0
928_1,-6.54509,2.73905,-3.3582,-5.64248,1.28638,2.91838,13.2304,1.44877,97,0.31728,-6.51215,2.75752,-3.30724,-5.51387,1.27758,2.55591,13.4458,1.44106,97,0.283316,-6.58127,2.73722,-3.40331,-5.38024,1.2726,2.35587,8.98897,1.43251,97,0.163138,0.1485,0.219271,0.225285,0.763976,0.208767,1.58139,6.75935,0.0921424,0,0.351084,NBA,2,Delta,2,Second dose,0,G_NBA,G_0
2843_1,-6.6961,2.23076,-3.35214,-5.7499,0.903344,2.21051,12.5315,1.41127,97,0.248656,-6.64892,2.16911,-3.3868,-5.44709,0.797691,2.63782,12.2548,1.42734,97,0.278248,-6.70336,2.25705,-3.39302,-5.04201,0.767353,2.36099,11.6358,1.41802,97,0.14285,0.169748,0.198725,0.290993,0.85434,0.189122,1.42706,3.11864,0.105186,0,0.398469,NBA,2,Omicron,3,Boosted,0,G_NBA,G_0
2591_1,-6.55494,2.64485,-3.31004,-5.73315,0.789949,1.4157,7.20912,1.46359,97,0.288844,-6.56234,2.73674,-3.39134,-5.47609,0.852425,1.58851,8.23101,1.4262,97,0.253875,-6.5709,2.6486,-3.37587,-5.44962,0.779038,1.4558,6.69872,1.42475,97,0.16371,0.158653,0.197154,0.263553,0.623916,0.262449,0.693433,3.73742,0.0838193,0,0.280106,NBA,1,Omicron,3,Boosted,0,G_NBA,G_0
2714_1,-6.60419,2.75742,-3.47531,-4.28821,1.28545,2.31267,8.05794,1.42815,97,0.402378,-6.62224,2.68276,-3.39232,-4.59818,1.43771,2.14995,9.01105,1.43259,97,0.181934,-6.60959,2.58925,-3.5006,-4.45142,1.4392,1.81722,6.42965,1.41828,97,0.160377,0.180543,0.214434,0.279055,0.786925,0.543747,0.900555,6.02041,0.114985,0,0.176828,NBA,2,Omicron,3,Boosted,0,G_NBA,G_0
3015_1,-6.71387,2.12194,-3.38761,-5.99249,0.907405,2.19913,11.8852,1.41754,97,0.226236,-6.70647,2.1364,-3.39301,-5.41496,0.777508,2.07032,13.0688,1.42507,97,0.245898,-6.75872,2.17315,-3.42265,-5.41068,0.928037,2.39364,9.92243,1.41418,97,0.134241,0.134099,0.146718,0.250139,0.741859,0.23391,1.19906,6.24143,0.0867852,0,0.300552,NBA,1,Omicron,3,Boosted,0,G_NBA,G_0
2737_1,-6.88601,1.89123,-3.4632,-5.51288,0.530417,1.79815,12.1141,1.39341,97,0.215591,-6.75523,1.74586,-3.32908,-5.68962,0.631077,2.50532,15.69,1.40544,97,0.272898,-6.84681,1.8356,-3.37546,-5.47272,0.605041,2.18479,13.7666,1.41999,97,0.138643,0.118071,0.130338,0.258568,0.957958,0.263066,1.72516,5.36748,0.0906733,0,0.31434,NBA,1,Omicron,3,Boosted,0,G_NBA,G_0
1854_1,-6.73186,2.32508,-3.44982,-4.97392,0.661822,2.37079,7.49502,1.44615,97,0.205837,-6.65272,2.24089,-3.4039,-5.28996,0.741134,2.55898,8.26293,1.43289,97,0.290559,-6.67954,2.26235,-3.4494,-5.05758,0.641192,1.90126,7.06099,1.41504,97,0.170663,0.190406,0.238002,0.249242,0.71667,0.281169,1.30247,2.97377,0.103297,0,0.320746,NBA,1,Omicron,3,Boosted,0,G_NBA,G_0
641_1,-6.64781,2.65411,-3.40973,-3.94133,1.15043,2.64247,10.1338,1.42438,97,0.368025,-6.62394,2.61571,-3.3585,-4.14769,1.31704,2.33427,11.9931,1.43611,97,0.252743,-6.66663,2.59277,-3.40188,-4.01135,1.2419,2.11735,10.1142,1.42749,97,0.157954,0.165282,0.243672,0.26983,0.779782,0.472216,1.18451,6.00926,0.105213,0,0.334681,NBA,2,Omicron,-1,No record,0,G_NBA,G_0
475_1,-6.62101,2.54249,-3.41562,-4.06618,0.757545,2.57031,7.37965,1.4074,97,0.179812,-6.67177,2.55251,-3.32652,-3.85129,0.707853,2.97255,7.76422,1.45252,97,0.340156,-6.64784,2.46804,-3.45275,-3.93908,0.658631,2.85691,6.93012,1.42379,97,0.187872,0.167454,0.255305,0.232479,0.597756,0.244254,1.16672,3.54437,0.0936265,0,0.508753,NBA,2,Omicron,3,Boosted,0,G_NBA,G_0
2748_1,-6.80462,2.0627,-3.28778,-5.34561,0.756277,2.72575,15.2237,1.41682,97,0.294692,-6.7235,1.9712,-3.38191,-5.61094,0.723709,2.37004,14.7771,1.40969,97,0.222164,-6.7944,2.02116,-3.39017,-5.20527,0.691762,2.16893,10.5661,1.42159,97,0.121347,0.177607,0.195205,0.276309,0.938453,0.225941,1.19937,6.02595,0.0801565,0,0.229421,NBA,1,Omicron,3,Boosted,0,G_NBA,G_0
2197_1,-6.66722,2.05996,-3.28329,-5.76904,0.439429,2.20164,16.8662,1.40781,97,0.22982,-6.63987,2.04293,-3.34151,-6.07038,0.480119,2.61913,15.5122,1.41206,97,0.199953,-6.70459,2.15317,-3.39198,-5.73195,0.478869,2.22234,10.4191,1.41037,97,0.146642,0.165854,0.217907,0.295022,0.653597,0.112855,2.05926,5.26073,0.0988277,0,0.217395,NBA,1,Omicron,3,Boosted,0,G_NBA,G_0
201_1,-6.62492,2.2855,-3.4274,-5.17848,0.535518,2.12709,11.6667,1.44454,97,0.388263,-6.6234,2.31108,-3.4316,-4.92773,0.492976,2.18101,11.1755,1.43889,97,0.217027,-6.63507,2.33702,-3.40787,-4.81429,0.481284,1.95308,9.14879,1.42787,97,0.139439,0.158232,0.193556,0.304341,0.825274,0.17616,1.29979,4.75236,0.107603,0,0.24418,NBA,3,Omicron,3,Boosted,0,G_NBA,G_0
2123_1,-6.60707,2.34545,-3.44375,-6.1006,0.680387,2.46139,10.3208,1.41021,97,0.243805,-6.64813,2.34596,-3.45423,-5.94175,0.620798,2.57007,9.65226,1.4256,97,0.289022,-6.66284,2.38965,-3.40154,-5.78936,0.720979,2.12213,10.2437,1.42052,97,0.153861,0.165834,0.181287,0.296116,0.651709,0.182997,1.26466,4.37362,0.0998347,0,0.424689,NBA,1,Omicron,3,Boosted,0,G_NBA,G_0
2952_1,-6.53872,2.81056,-3.05373,-4.22948,1.28311,3.28635,28.0919,1.43446,97,0.257425,-6.48245,2.65066,-3.225,-5.25793,1.334,2.58107,15.9226,1.45392,97,0.218918,-6.57721,2.69483,-3.42561,-5.04753,1.32005,2.27307,8.55778,1.44319,97,0.134548,0.176991,0.197754,0.364587,0.788831,0.271765,1.5684,10.4007,0.0989344,0,0.218698,NBA,2,Delta,2,Second dose,0,G_NBA,G_0
26_1,-6.58279,2.66987,-3.24672,-4.2802,1.15967,2.90814,17.9474,1.4239,97,0.343538,-6.56433,2.6909,-3.33248,-4.4147,1.20815,2.47047,15.1377,1.43815,97,0.324326,-6.62601,2.62311,-3.36787,-4.43547,1.18947,2.17256,10.3359,1.43172,97,0.150934,0.166221,0.230015,0.291416,0.732505,0.247884,1.55794,6.94577,0.10223,0,0.524064,NBA,1,Omicron,3,Boosted,0,G_NBA,G_0
1910_1,-6.72841,1.72466,-3.40103,-6.09163,0.667132,1.64413,5.05795,1.43878,97,0.33633,-6.73445,1.83463,-3.45687,-6.5241,1.28717,1.78266,9.13774,1.42297,97,0.297493,-6.88782,1.90051,-3.49986,-6.42533,1.01736,1.74304,4.66885,1.42277,97,0.149779,0.0950522,0.136642,0.265368,1.14984,0.890994,0.706091,6.45232,0.0961717,0,0.484631,NBA,1,Omicron,3,Boosted,0,G_NBA,G_0
2454_1,-6.59777,2.54342,-3.43355,-3.96528,0.583127,2.22677,14.5356,1.44946,97,0.206468,-6.57656,2.5383,-3.46749,-4.17996,0.653838,2.32053,14.4544,1.42417,97,0.283874,-6.61862,2.53018,-3.40023,-4.04939,0.642289,2.10867,10.1737,1.43247,97,0.149032,0.141796,0.203492,0.312157,0.632514,0.170717,1.45219,6.51132,0.0976792,0,0.478056,NBA,3,Omicron,3,Boosted,0,G_NBA,G_0
56_1,-6.588,2.73972,-3.34993,-3.20918,1.22372,2.04131,13.2289,1.44617,97,0.224332,-6.62385,2.75206,-3.40379,-2.99841,1.07675,2.16214,11.3306,1.42661,97,0.269681,-6.65104,2.67703,-3.38297,-3.11939,1.04301,1.99793,9.17321,1.43296,97,0.162786,0.149688,0.236686,0.288471,0.595841,0.254083,1.19794,4.67889,0.122394,0,0.337638,NBA,2,Omicron,3,Boosted,0,G_NBA,G_0
970_1,-6.66291,2.09031,-3.3653,-5.6133,0.468848,2.42407,15.434,1.41065,97,0.320696,-6.70464,2.10519,-3.36991,-5.72579,0.512547,2.54821,13.9872,1.42413,97,0.305815,-6.68408,2.16603,-3.40109,-5.26258,0.431739,2.14226,10.0001,1.40874,97,0.149463,0.148457,0.239646,0.276849,0.748948,0.140985,1.37307,4.2192,0.0990743,0,0.511746,NBA,3,Omicron,3,Boosted,0,G_NBA,G_0
2762_1,-6.6279,2.54245,-3.33577,-5.32065,0.668301,2.33667,15.1993,1.44364,97,0.285594,-6.54653,2.4561,-3.29783,-5.51629,0.595794,1.99309,12.1533,1.46154,97,0.231094,-6.59667,2.47606,-3.39578,-5.4659,0.675909,1.92331,9.53568,1.42935,97,0.163228,0.122972,0.179956,0.280689,0.724027,0.166161,1.24608,5.54748,0.11707,0,0.256887,NBA,1,Delta,2,Second dose,0,G_NBA,G_0
1284_1,-6.84103,2.13304,-3.51787,-4.77438,0.969502,4.13063,5.30361,1.41638,97,0.310963,-6.80311,2.13334,-3.42955,-4.67592,0.921318,4.22733,5.18466,1.41307,97,0.210914,-6.81639,2.09671,-3.4762,-4.50904,0.775039,4.021,4.85549,1.41241,97,0.135177,0.169827,0.203837,0.312188,0.845595,0.610449,1.98416,2.14678,0.102702,0,0.199936,NBA,1,Omicron,2,Second dose,0,G_NBA,G_0
368_1,-6.90238,1.91817,-3.41613,-6.61643,0.460777,2.31375,15.1384,1.44938,97,0.223435,-6.86437,1.86612,-3.36574,-6.84175,0.506819,2.32695,13.3217,1.45976,97,0.327343,-6.92213,1.85296,-3.39477,-6.78951,0.524424,2.13978,10.1879,1.46382,97,0.169877,0.170198,0.1541,0.272092,0.736026,0.223358,1.46382,4.86984,0.115251,0,0.429059,NBA,2,Omicron,3,Boosted,0,G_NBA,G_0
1584_1,-6.69654,2.29362,-3.38313,-5.8121,1.93771,2.20377,10.1946,1.39018,97,0.236091,-6.75434,2.34793,-3.35931,-5.70007,1.78302,2.24807,9.7806,1.39066,97,0.295417,-6.76332,2.31548,-3.44958,-5.40607,1.92551,1.93009,6.86825,1.40554,97,0.179484,0.141079,0.173536,0.266855,1.03147,0.538456,1.39425,4.95977,0.103513,0,0.402783,NBA,1,Omicron,3,Boosted,0,G_NBA,G_0
2393_1,-6.7172,2.03894,-3.39507,-5.86148,0.47046,2.21488,13.8764,1.40667,97,0.329376,-6.69177,1.99639,-3.32859,-6.00018,0.474686,2.18495,15.1656,1.41391,97,0.278644,-6.72512,2.0477,-3.39938,-5.75118,0.46671,1.96681,9.97656,1.41295,97,0.152235,0.152896,0.202567,0.247542,0.695887,0.140799,1.24982,6.61232,0.0902551,0,0.383508,NBA,3,Omicron,3,Boosted,0,G_NBA,G_0
165_1,-6.71113,2.05186,-3.2877,-5.20708,0.5144,2.31871,15.9287,1.41171,97,0.285107,-6.72628,2.07124,-3.41594,-4.65214,0.408799,2.4569,14.4966,1.42536,97,0.27376,-6.75645,2.07869,-3.39304,-4.71385,0.434401,2.18004,10.2448,1.41535,97,0.15644,0.174038,0.171939,0.291024,0.637226,0.168113,1.44399,4.84017,0.0902503,0,0.358397,NBA,2,Omicron,3,Boosted,0,G_NBA,G_0
2636_2,-6.71548,2.24349,-3.40621,-2.26699,0.394915,2.81311,9.07618,1.41956,97,0.238885,-6.7063,2.3961,-3.43082,-1.9343,0.386297,2.38865,7.85956,1.43669,97,0.335217,-6.72676,2.31124,-3.4352,-2.02067,0.319371,2.12145,7.00238,1.42581,97,0.190285,0.183563,0.376357,0.297464,0.757162,0.162775,1.38493,2.84133,0.0965156,0,0.360773,NBA,1,Omicron,3,Boosted,0,G_NBA,G_0
811_1,-6.79132,1.52039,-3.31789,-6.14483,0.593599,2.40202,18.9992,1.42288,97,0.287742,-6.96808,1.69199,-3.41527,-6.23946,0.638966,2.24406,12.2226,1.41311,97,0.25989,-6.92855,1.65506,-3.36344,-5.58215,0.565092,2.11856,13.7135,1.41149,97,0.152689,0.114987,0.126532,0.260088,0.914297,0.274541,1.15894,7.72413,0.0847568,0,0.275566,NBA,1,Omicron,3,Boosted,0,G_NBA,G_0
2455_1,-6.73199,2.07855,-3.41141,-4.93508,0.461242,2.18435,15.9103,1.40282,97,0.269971,-6.67467,2.01271,-3.35698,-5.3426,0.497067,2.27979,14.5531,1.4138,97,0.28053,-6.73632,2.06459,-3.38378,-4.90359,0.4392,1.97822,10.7306,1.41064,97,0.155685,0.154155,0.167607,0.293623,0.918467,0.203236,1.36639,4.80381,0.0901364,0,0.350466,NBA,3,Omicron,3,Boosted,0,G_NBA,G_0
254_1,-6.80427,2.03199,-3.3894,-6.56268,0.483038,2.43544,13.8361,1.4094,97,0.279848,-6.83978,2.05374,-3.37323,-6.68634,0.541325,2.28407,15.8754,1.422,97,0.29633,-6.81878,2.01766,-3.40942,-6.50336,0.513677,2.16133,9.93865,1.42264,97,0.139812,0.173064,0.176419,0.302621,0.66213,0.158207,1.29794,6.91527,0.101438,0,0.375244,NBA,1,Omicron,3,Boosted,0,G_NBA,G_0
2903_1,-6.68179,2.05571,-3.39602,-5.59642,0.704511,2.11129,14.5963,1.38395,97,0.249248,-6.7387,2.1056,-3.34744,-5.42819,0.684936,2.71316,14.4532,1.42715,97,0.353836,-6.77638,2.14355,-3.37558,-5.16892,0.686727,2.34408,13.7665,1.40534,97,0.145634,0.142587,0.166518,0.259261,0.898292,0.202642,2.23277,4.01522,0.102869,0,0.451032,NBA,1,Omicron,2,Second dose,0,G_NBA,G_0
217_1,-6.5888,2.4243,-3.35643,-4.80941,0.51499,2.41975,16.1484,1.42701,97,0.266641,-6.50599,2.38454,-3.3712,-4.61305,0.467842,2.06809,17.0549,1.41909,97,0.24721,-6.61834,2.40462,-3.35871,-4.64609,0.488105,1.9647,12.4824,1.43501,97,0.143056,0.167321,0.20326,0.285732,0.637122,0.130715,1.03471,4.94473,0.0919407,0,0.416836,NBA,2,Omicron,3,Boosted,0,G_NBA,G_0
319_1,-6.71772,2.02081,-3.3421,-5.77976,0.487459,2.40619,13.6823,1.41081,97,0.2983,-6.72302,2.04963,-3.38281,-5.71011,0.528647,2.5892,14.8506,1.39262,97,0.280165,-6.73781,2.03522,-3.42058,-5.62909,0.51224,2.23839,10.4632,1.40267,97,0.150688,0.14798,0.15939,0.236888,0.684195,0.152871,1.59327,5.20509,0.0991792,0,0.356485,NBA,2,Omicron,2,Second dose,0,G_NBA,G_0
2369_1,-6.74715,2.00896,-3.34166,-4.8194,0.383062,2.20654,16.4954,1.41355,97,0.251142,-6.71225,2.00614,-3.39319,-4.79525,0.352512,2.81624,14.6556,1.39748,97,0.323265,-6.74532,2.01881,-3.39245,-4.59142,0.33247,2.26756,10.9796,1.39975,97,0.164888,0.167226,0.191995,0.346691,0.732346,0.127855,2.14839,3.87747,0.106428,0,0.431304,NBA,2,Omicron,3,Boosted,0,G_NBA,G_0
53_1,-6.67433,2.38778,-3.46792,-4.37965,0.856377,2.47785,11.813,1.44158,97,0.264052,-6.71468,2.38488,-3.40252,-4.46589,0.974952,2.22956,11.6321,1.41597,97,0.261414,-6.70922,2.36806,-3.39891,-4.22204,0.805745,2.13461,10.2321,1.41946,97,0.155897,0.176141,0.217404,0.271391,0.835997,0.502439,1.13791,6.87072,0.0929191,0,0.465182,NBA,1,Omicron,3,Boosted,0,G_NBA,G_0
1036_1,-6.73186,2.73098,-2.87505,-2.47087,0.669704,2.5264,27.8186,1.37655,97,0.409353,-6.64813,2.50891,-2.86053,-2.8927,0.660471,2.29299,27.0026,1.35381,97,0.293155,-6.61881,2.65756,-2.89431,-2.89949,0.848402,1.98272,22.9933,1.37173,97,0.138419,0.152013,0.206707,0.173756,0.459365,0.168633,1.3469,4.03083,0.0762103,0,0.459257,NBA,1,Omicron,2,Second dose,0,G_NBA,G_0
303_1,-6.68212,2.25218,-3.43396,-4.99179,1.05349,1.86108,9.27614,1.41619,97,0.289962,-6.70711,2.20047,-3.40243,-5.34228,1.18171,1.84823,10.2986,1.42713,97,0.247818,-6.79534,2.18578,-3.40437,-4.7594,1.06792,1.91586,8.94718,1.40208,97,0.216082,0.198311,0.252154,0.211851,1.07257,0.454386,1.17221,5.74945,0.103913,0,0.229232,NBA,1,Omicron,2,Second dose,0,G_NBA,G_0
2917_1,-6.69205,2.36725,-3.31299,-3.97593,0.612407,1.97312,15.6616,1.42439,97,0.281679,-6.73292,2.38354,-3.32809,-4.2127,0.684956,2.16107,14.5079,1.40384,97,0.233648,-6.69771,2.35992,-3.40147,-3.84449,0.593869,2.06007,10.1666,1.42261,97,0.158055,0.147103,0.220995,0.254248,1.12086,0.303515,1.38908,6.27303,0.096619,0,0.309691,NBA,1,Omicron,3,Boosted,0,G_NBA,G_0
15_1,-6.59285,2.72539,-3.40131,-5.14452,1.38955,2.90172,10.5236,1.42837,97,0.162229,-6.55238,2.59569,-3.39564,-5.39447,1.30598,2.2621,11.4475,1.4475,97,0.273697,-6.62901,2.619,-3.42732,-5.06062,1.27116,2.17366,8.00206,1.43494,97,0.140477,0.144035,0.188463,0.299973,0.71426,0.215873,1.1924,7.14453,0.0998508,0,0.364673,NBA,1,Omicron,3,Boosted,0,G_NBA,G_0
1089_1,-6.65028,2.39728,-3.43817,-5.46163,1.27884,2.2694,10.1327,1.41085,97,0.277175,-6.71223,2.49311,-3.45927,-5.42602,1.26689,2.41924,10.1691,1.41693,97,0.203456,-6.68152,2.44295,-3.42643,-5.29434,1.22553,2.20347,7.30979,1.42464,97,0.116717,0.140314,0.173982,0.296284,0.906097,0.328595,1.28771,4.8679,0.106308,0,0.270327,NBA,1,Omicron,2,Second dose,0,G_NBA,G_0
430_1,-6.81863,1.84234,-3.43768,-5.91649,0.618813,2.34173,10.1138,1.43037,97,0.265655,-6.75853,1.84502,-3.40034,-6.11415,0.726351,2.35798,12.643,1.39905,97,0.25659,-6.84004,1.85353,-3.39807,-5.7652,0.638572,2.13244,10.2383,1.42352,97,0.156258,0.148746,0.160349,0.24903,0.911857,0.402262,1.39232,6.7882,0.108984,0,0.286451,NBA,1,Omicron,-1,No record,0,G_NBA,G_0
2104_1,-6.78485,2.03089,-3.42949,-4.6184,0.429046,2.28858,11.6155,1.42381,97,0.308639,-6.74034,2.04929,-3.428,-4.6155,0.437772,2.46312,13.9942,1.41872,97,0.337806,-6.76806,2.02516,-3.4,-4.53906,0.398241,2.19868,10.3126,1.41755,97,0.161887,0.141909,0.195535,0.276616,0.749869,0.184218,1.41273,7.44721,0.0906264,0,0.530129,NBA,1,Omicron,-1,No record,0,G_NBA,G_0
2769_1,-6.69666,2.36003,-3.4388,-5.32782,0.819112,2.47011,11.5913,1.42665,97,0.225903,-6.6595,2.3116,-3.4463,-5.2814,0.76463,2.6105,12.2676,1.42654,97,0.27663,-6.68405,2.32556,-3.39981,-5.10614,0.802213,2.12963,10.2659,1.42193,97,0.155352,0.14695,0.180109,0.296487,0.915437,0.30782,1.66483,6.00383,0.0823584,0,0.294668,NBA,2,Omicron,-1,No record,0,G_NBA,G_0
1150_1,-6.73554,2.29099,-3.37547,-5.73234,0.989412,2.58629,14.7669,1.41295,97,0.25004,-6.70323,2.22935,-3.39612,-5.41657,0.871296,2.14639,13.1347,1.40471,97,0.268804,-6.69562,2.26882,-3.40327,-5.00395,0.829501,1.89258,10.0411,1.40554,97,0.163562,0.132073,0.171418,0.286134,0.967319,0.294459,1.40724,5.67656,0.0934528,0,0.451516,NBA,2,Omicron,3,Boosted,0,G_NBA,G_0
1866_1,-6.60329,2.49602,-3.4496,-4.39059,1.51488,2.76378,8.27287,1.4433,97,0.242342,-6.7235,2.65279,-3.47137,-3.95037,1.46378,2.8727,7.06309,1.40982,97,0.248483,-6.70292,2.49544,-3.49535,-4.0833,1.31764,2.68537,4.70631,1.42827,97,0.139214,0.195396,0.25004,0.295467,0.898491,0.590389,1.53505,4.28839,0.0930751,0,0.236583,NBA,2,Omicron,3,Boosted,0,G_NBA,G_0
2659_1,-6.74896,2.39813,-3.51845,-4.08781,0.849397,2.49832,8.27476,1.39982,97,0.309883,-6.70437,2.32814,-3.37738,-4.34062,0.901143,2.62878,9.36977,1.4192,97,0.222055,-6.72671,2.35538,-3.4297,-4.1237,0.821719,2.57691,7.72018,1.40173,97,0.163916,0.196373,0.278635,0.275793,0.828589,0.351555,1.38129,5.89934,0.106469,0,0.30289,NBA,2,Omicron,2,Second dose,0,G_NBA,G_0
2510_1,-6.82113,2.2349,-3.47758,-4.48578,0.603419,1.98937,6.46179,1.40036,97,0.216345,-6.75526,2.10132,-3.44186,-5.15871,0.833742,1.96993,7.16175,1.42147,97,0.227253,-6.76914,2.08233,-3.44965,-4.92696,0.625001,1.9272,6.03599,1.41117,97,0.192308,0.141006,0.175918,0.295163,1.02256,0.462933,0.762936,2.68412,0.101685,0,0.257789,NBA,1,Omicron,3,Boosted,0,G_NBA,G_0
2060_1,-6.59609,2.21681,-3.375,-5.40367,0.783612,2.75282,12.6832,1.44102,97,0.27618,-6.64575,2.32323,-3.35498,-5.00462,0.749381,2.72106,12.247,1.39475,97,0.250287,-6.69084,2.32397,-3.3868,-4.80323,0.718825,2.23197,10.9958,1.42008,97,0.149233,0.145777,0.174231,0.263253,0.725549,0.171742,1.46471,3.06358,0.0870459,0,0.283642,NBA,2,Omicron,3,Boosted,0,G_NBA,G_0
263_1,-6.79965,2.46661,-3.44973,-3.52026,1.11591,3.43494,5.21223,1.40144,97,0.19182,-6.76951,2.38502,-3.40052,-3.47415,0.822618,3.43806,4.70604,1.41481,97,0.189703,-6.76656,2.2723,-3.5053,-3.59303,0.68231,3.45585,3.70462,1.41023,97,0.152746,0.166748,0.268412,0.248352,0.759773,0.516281,1.6836,3.36747,0.0899667,0,0.191085,NBA,2,Omicron,2,Second dose,0,G_NBA,G_0
881_1,-6.59133,2.62225,-3.40918,-4.06311,0.973414,2.75858,10.6064,1.47747,97,0.327551,-6.60755,2.64656,-3.45496,-3.85028,0.887784,2.2042,10.2815,1.43351,97,0.383703,-6.61891,2.5927,-3.40799,-3.8889,0.836814,2.12922,10.2328,1.43835,97,0.152563,0.168904,0.215049,0.278143,0.688582,0.428727,1.28023,4.87741,0.098362,0,0.691864,NBA,2,Omicron,3,Boosted,0,G_NBA,G_0
2997_1,-6.58656,2.51256,-3.34084,-3.7865,0.701894,2.1658,13.8277,1.44779,97,0.20058,-6.59157,2.56045,-3.38759,-3.92633,0.745817,2.22147,15.343,1.44631,97,0.320165,-6.64779,2.51386,-3.38761,-3.82332,0.714479,2.05068,11.0469,1.43184,97,0.148647,0.137818,0.221539,0.266924,0.743683,0.209373,1.11251,6.81161,0.104055,0,0.470695,NBA,1,Omicron,3,Boosted,0,G_NBA,G_0
985_1,-6.64737,2.21842,-3.3719,-5.85942,0.573829,2.1908,16.4029,1.39334,97,0.263321,-6.68758,2.23929,-3.32001,-5.76897,0.53972,2.05502,15.2221,1.40874,97,0.246495,-6.68221,2.27114,-3.38087,-5.71147,0.621658,2.23263,12.9324,1.40367,97,0.135662,0.165436,0.204033,0.266325,0.699651,0.124863,1.07908,5.58157,0.0945654,0,0.327548,NBA,1,Omicron,2,Second dose,0,G_NBA,G_0
695_1,-6.80739,2.34332,-3.40997,-3.84266,0.855215,2.65553,9.8068,1.4037,97,0.221955,-6.7646,2.28319,-3.41086,-3.40386,0.527679,2.52285,8.07211,1.38371,97,0.259707,-6.74825,2.21278,-3.43687,-3.50461,0.472026,2.32901,6.87173,1.40737,97,0.153585,0.175547,0.25067,0.26474,0.546603,0.299137,1.40829,4.65699,0.0712837,0,0.305404,NBA,1,Omicron,3,Boosted,0,G_NBA,G_0
2505_1,-6.54327,2.61151,-3.43261,-4.20667,0.554435,2.95694,9.78142,1.43829,97,0.48101,-6.56452,2.63963,-3.39994,-3.92963,0.494934,3.08491,9.60944,1.43043,97,0.283233,-6.57884,2.56209,-3.40607,-4.09874,0.49625,3.03949,9.9282,1.43987,97,0.163715,0.166695,0.201482,0.26898,0.478854,0.133585,1.48737,0.678904,0.0890713,0,0.324982,NBA,2,Omicron,3,Boosted,0,G_NBA,G_0
482_1,-6.73066,2.3632,-3.47775,-4.05608,1.19769,3.23768,4.96658,1.41179,97,0.279982,-6.72023,2.37745,-3.43581,-4.72324,1.81003,2.75819,7.51226,1.40272,97,0.22315,-6.75696,2.41145,-3.54157,-4.22086,1.54126,2.58657,3.96965,1.41724,97,0.121809,0.180874,0.208984,0.307649,1.41459,1.03555,1.31785,5.99142,0.1009,0,0.27895,NBA,1,Omicron,2,Second dose,0,G_NBA,G_0
1922_1,-6.60811,2.57032,-3.31791,-3.17106,0.356469,2.2935,18.1796,1.4332,97,0.342496,-6.60496,2.42645,-3.25292,-3.37868,0.346737,2.05654,17.4756,1.46002,97,0.278835,-6.63949,2.43899,-3.38087,-3.3803,0.34239,1.88404,13.9905,1.42818,97,0.141858,0.160496,0.191615,0.25641,0.464069,0.119498,1.05166,4.97608,0.0941524,0,0.367435,NBA,1,Omicron,2,Second dose,0,G_NBA,G_0
2460_1,-6.89358,1.9545,-3.3602,-6.21187,0.735634,2.08815,14.476,1.37853,97,0.293509,-6.81979,1.8685,-3.34926,-6.47974,0.791385,2.5703,16.2055,1.43751,97,0.308765,-6.86003,1.89601,-3.40595,-6.00823,0.732013,2.14847,10.7084,1.42324,97,0.184302,0.173673,0.183275,0.279868,0.980492,0.309181,1.39288,6.55541,0.119003,0,0.325795,NBA,2,Omicron,3,Boosted,0,G_NBA,G_0
2093_1,-6.76234,1.91138,-3.37456,-6.07409,0.669787,2.4878,19.4068,1.39114,97,0.354629,-6.73434,1.90861,-3.35614,-6.07886,0.639745,2.42851,18.7079,1.39819,97,0.233454,-6.79701,1.9432,-3.33057,-5.76956,0.630253,2.13729,16.9209,1.41888,97,0.139958,0.156706,0.150846,0.253473,0.852146,0.156702,1.52856,4.2837,0.112077,0,0.262837,NBA,2,Omicron,3,Boosted,0,G_NBA,G_0
966_1,-6.7074,2.10546,-3.35992,-4.53652,0.472699,3.11627,6.80659,1.40248,97,0.289328,-6.76185,2.13231,-3.42195,-4.29683,0.390406,3.66609,7.18275,1.39731,97,0.27269,-6.73928,2.10061,-3.43673,-4.29951,0.379381,3.38328,7.21626,1.40578,97,0.153315,0.148043,0.167861,0.290408,0.568299,0.164886,1.49599,0.63013,0.0946494,0,0.316376,NBA,1,Delta,2,Second dose,0,G_NBA,G_0
1863_1,-6.75254,2.1739,-3.40784,-6.05155,0.686747,2.33348,10.462,1.42661,97,0.305455,-6.77704,2.16377,-3.46084,-6.25109,0.70465,2.37054,10.5517,1.42031,97,0.202523,-6.75638,2.15033,-3.4023,-6.18554,0.767778,2.19771,10.1932,1.42157,97,0.157304,0.153709,0.176189,0.297911,0.780769,0.253221,1.42948,7.55134,0.1001,0,0.183784,NBA,1,Omicron,2,Second dose,0,G_NBA,G_0
2654_1,-6.58329,2.68736,-3.35751,-4.65967,1.15813,2.4298,12.2496,1.44237,97,0.240413,-6.54883,2.65333,-3.3557,-4.7781,1.22909,2.60501,13.5849,1.44638,97,0.227954,-6.60221,2.64279,-3.40309,-4.65374,1.20846,2.19412,10.1366,1.43475,97,0.157509,0.163845,0.203716,0.285923,0.783527,0.295347,1.6234,7.30065,0.0989587,0,0.266706,NBA,3,Omicron,3,Boosted,0,G_NBA,G_0
394_1,-6.7358,2.29291,-3.3236,-3.78674,0.560972,2.25127,14.4207,1.42988,97,0.279053,-6.72649,2.2159,-3.4841,-4.0013,0.544912,2.65576,12.6599,1.41121,97,0.275317,-6.73746,2.23756,-3.39587,-3.91543,0.533558,2.18314,10.2383,1.41921,97,0.150931,0.141735,0.179006,0.26202,0.519315,0.223545,1.9876,6.5559,0.0914572,0,0.284497,NBA,2,Omicron,3,Boosted,0,G_NBA,G_0
675_1,-6.58172,2.53148,-3.40355,-3.38364,0.482952,2.12056,7.40727,1.45711,97,0.418674,-6.60745,2.55427,-3.4445,-3.44108,0.54539,2.34219,7.78287,1.44177,97,0.258234,-6.63043,2.50369,-3.42741,-3.60918,0.535151,2.40614,7.59999,1.4319,97,0.162632,0.150235,0.239135,0.242451,0.601059,0.187199,1.06234,1.27852,0.107944,0,0.393356,NBA,1,Omicron,3,Boosted,0,G_NBA,G_0
1061_1,-6.64255,2.35675,-3.31775,-4.68667,0.850709,2.22513,14.6007,1.44288,97,0.350663,-6.61356,2.39156,-3.42393,-4.60203,0.838446,2.36392,11.7139,1.41803,97,0.373163,-6.6949,2.39078,-3.3994,-4.50199,0.852544,2.12942,10.2809,1.41801,97,0.159562,0.1819,0.288389,0.285199,0.910958,0.289058,1.2035,4.52059,0.0964391,0,0.772481,NBA,1,Delta,2,Second dose,0,G_NBA,G_0
417_1,-6.64745,2.46129,-3.41132,-5.394,1.0122,2.25722,10.3215,1.43557,97,0.25641,-6.64827,2.46031,-3.36075,-5.17387,0.921887,2.42527,12.0093,1.40954,97,0.298282,-6.64805,2.46197,-3.40388,-5.2217,1.06511,2.13479,10.2143,1.42599,97,0.15592,0.149828,0.187373,0.306455,0.95992,0.356506,1.5675,6.22776,0.0969615,0,0.818135,NBA,1,Omicron,3,Boosted,0,G_NBA,G_0
749_1,-6.65193,2.25471,-3.46886,-5.97371,0.637928,1.94212,11.8607,1.402,97,0.267697,-6.68027,2.2718,-3.3843,-6.01415,0.679072,2.34097,12.8159,1.4199,97,0.209416,-6.70726,2.2535,-3.40744,-5.9447,0.674672,2.22721,9.19833,1.42496,97,0.141328,0.170442,0.179415,0.244056,0.728835,0.163312,1.36719,4.6382,0.100196,0,0.229696,NBA,3,Omicron,3,Boosted,0,G_NBA,G_0
325_1,-6.56515,2.65774,-3.30063,-5.05987,0.813512,2.55743,15.0448,1.42288,97,0.311689,-6.54102,2.5305,-3.35328,-5.46668,0.845065,2.39395,13.3501,1.44214,97,0.266219,-6.58977,2.55215,-3.39025,-5.26426,0.822446,2.2526,10.4455,1.43439,97,0.142698,0.186171,0.188527,0.283258,0.579813,0.179062,1.09773,4.07897,0.0990336,0,0.445611,NBA,2,Omicron,3,Boosted,0,G_NBA,G_0
2816_1,-6.65874,2.45804,-3.45195,-5.09522,0.63698,2.31128,8.29658,1.44055,97,0.335204,-6.63288,2.38705,-3.4012,-5.27672,0.763197,2.5932,9.45309,1.43385,97,0.261564,-6.64345,2.37661,-3.4222,-5.15356,0.726453,2.32228,8.79642,1.43029,97,0.144351,0.175717,0.219864,0.268536,0.925187,0.235434,1.57126,2.75199,0.0924974,0,0.345152,NBA,3,Omicron,2,Second dose,0,G_NBA,G_0
1718_1,-6.62455,2.62206,-3.52767,-4.44207,1.65612,2.91127,9.17324,1.45033,97,0.23209,-6.62192,2.58344,-3.42934,-4.85933,1.69146,2.91337,7.90091,1.43952,97,0.239418,-6.67578,2.57939,-3.48853,-4.28954,1.50497,2.65281,4.85904,1.43371,97,0.155073,0.204855,0.252952,0.256008,1.23255,0.75892,1.54611,6.33785,0.0994977,0,0.455966,NBA,2,Omicron,2,Second dose,0,G_NBA,G_0
1556_1,-6.67422,2.19641,-3.43634,-5.81813,0.731953,2.58053,15.3549,1.40682,97,0.243924,-6.66934,2.17188,-3.31212,-5.4409,0.694779,2.24672,15.3058,1.39754,97,0.205444,-6.72589,2.16323,-3.39129,-5.35127,0.685342,2.07383,10.8822,1.41973,97,0.167223,0.186207,0.206924,0.294982,0.727588,0.178922,1.32512,6.59609,0.0952414,0,0.199269,NBA,3,Omicron,3,Boosted,0,G_NBA,G_0
1898_1,-6.58056,2.5421,-3.39914,-4.67955,0.452322,2.33894,13.4867,1.41763,97,0.253105,-6.56201,2.49412,-3.37232,-5.09427,0.574099,2.66921,13.3801,1.42831,97,0.29391,-6.5858,2.47015,-3.39885,-5.02947,0.575902,2.21112,10.3986,1.43691,97,0.128303,0.175857,0.222248,0.25132,0.719976,0.17216,1.4463,5.73765,0.101698,0,0.427701,NBA,2,Omicron,3,Boosted,0,G_NBA,G_0
2050_1,-6.57281,2.63651,-3.44763,-4.24764,1.28203,2.01523,7.31772,1.45201,97,0.280552,-6.62318,2.67815,-3.43226,-4.15353,1.3086,2.13735,9.88757,1.44422,97,0.230048,-6.62579,2.64458,-3.46107,-3.789,1.18313,2.0177,6.70034,1.42529,97,0.152513,0.163483,0.185789,0.24151,0.76065,0.51402,1.35239,6.25588,0.103649,0,0.264776,NBA,2,Omicron,2,Second dose,0,G_NBA,G_0
2606_1,-6.69952,2.23144,-3.40443,-4.46234,0.482492,2.01162,13.9969,1.4238,97,0.261604,-6.6769,2.29323,-3.39721,-4.22628,0.482169,2.47093,15.1179,1.43307,97,0.313616,-6.67863,2.29155,-3.39581,-4.12192,0.45276,2.11558,10.205,1.42365,97,0.163945,0.172578,0.226984,0.308615,0.767347,0.169153,1.41035,5.74528,0.0972922,0,0.340007,NBA,3,Omicron,3,Boosted,0,G_NBA,G_0
2679_1,-6.6114,2.20794,-3.45767,-4.99372,0.663832,3.02284,7.46117,1.45098,97,0.215789,-6.68754,2.23642,-3.46178,-4.72663,0.637592,2.89711,7.32924,1.44735,97,0.264501,-6.68726,2.26311,-3.44549,-4.44669,0.500718,2.48622,6.91569,1.41936,97,0.175336,0.171543,0.200857,0.31401,0.593023,0.252158,1.58667,1.50152,0.112844,0,0.301986,NBA,3,Omicron,2,Second dose,0,G_NBA,G_0
661_1,-6.57264,2.62637,-3.43828,-4.56106,0.842876,2.31778,11.7614,1.43562,97,0.26999,-6.55945,2.60785,-3.41271,-4.74085,0.873409,2.24817,12.1573,1.45905,97,0.25621,-6.60086,2.58657,-3.40062,-4.4967,0.847773,2.21445,10.2454,1.43938,97,0.143624,0.1701,0.208098,0.265537,0.833802,0.277258,1.18409,6.37633,0.109564,0,0.308993,NBA,2,Omicron,3,Boosted,0,G_NBA,G_0
2346_1,-6.62756,2.47587,-3.38483,-4.81558,0.717948,2.05535,12.4582,1.43735,97,0.296046,-6.6192,2.49717,-3.46987,-4.46457,0.617891,2.38977,12.3388,1.44565,97,0.265312,-6.63428,2.42653,-3.40922,-4.84567,0.76265,2.22064,10.1403,1.42977,97,0.171165,0.183821,0.226793,0.295934,0.857911,0.219572,1.32166,6.30566,0.0893282,0,0.335837,NBA,1,Omicron,-1,No record,0,G_NBA,G_0
2473_1,-6.59171,2.37324,-3.37771,-4.38616,0.571698,2.11821,13.5557,1.43924,97,0.233479,-6.6172,2.43503,-3.36224,-4.2145,0.558657,2.30899,15.3113,1.42021,97,0.278321,-6.64093,2.39169,-3.40333,-4.32132,0.540643,2.10421,9.12061,1.42762,97,0.144473,0.161279,0.205939,0.295549,0.664708,0.189386,1.46105,8.51339,0.0942896,0,0.547079,NBA,3,Omicron,3,Boosted,0,G_NBA,G_0
1778_1,-6.68008,2.27298,-3.40579,-5.33454,0.768742,1.69093,11.6344,1.42283,97,0.286163,-6.64783,2.24378,-3.28643,-5.42018,0.829525,2.34921,13.7945,1.41385,97,0.251398,-6.70113,2.30031,-3.40777,-5.10602,0.837394,2.24644,9.62906,1.41896,97,0.148423,0.152877,0.200012,0.294035,0.832657,0.218611,1.55691,5.65327,0.0934975,0,0.33036,NBA,2,Omicron,2,Second dose,0,G_NBA,G_0
688_1,-6.64853,2.26366,-3.42945,-5.97253,0.794943,2.08663,7.08261,1.43657,97,0.347529,-6.65217,2.26734,-3.50568,-5.78197,0.778158,2.54767,7.55354,1.42002,97,0.237584,-6.68393,2.31258,-3.45651,-5.50973,0.666138,2.17287,6.35156,1.41965,97,0.156534,0.164698,0.19179,0.24993,0.961054,0.335961,1.12975,3.11625,0.104296,0,0.362202,NBA,1,Omicron,3,Boosted,0,G_NBA,G_0
1706_1,-6.58502,2.54009,-3.44229,-5.44111,1.07254,2.41902,7.79833,1.43223,97,0.20444,-6.54531,2.52007,-3.39918,-5.25438,1.08192,2.68514,8.91345,1.4215,97,0.314354,-6.61725,2.54599,-3.45545,-4.8986,1.00757,2.49798,6.60269,1.43088,97,0.167065,0.186816,0.201281,0.286445,0.943787,0.354108,1.52133,5.83128,0.0948826,0,0.412128,NBA,1,Omicron,-1,No record,0,G_NBA,G_0
2240_1,-6.6875,2.29949,-3.36594,-6.05848,0.814726,3.07541,9.41868,1.42036,97,0.223667,-6.644,2.27079,-3.40699,-6.27422,0.858538,2.92845,9.51491,1.4311,97,0.22024,-6.69142,2.31564,-3.41545,-5.8275,0.826311,2.3359,9.01434,1.41952,97,0.147281,0.135203,0.165509,0.307125,0.700807,0.164948,2.32887,2.24256,0.106936,0,0.284503,NBA,3,Delta,-1,No record,0,G_NBA,G_0
324_1,-6.5264,2.69233,-3.35265,-5.08745,1.05241,2.20244,13.2341,1.44714,97,0.251218,-6.51505,2.65647,-3.35829,-4.95335,0.973442,2.30467,11.5849,1.44422,97,0.314692,-6.57714,2.63238,-3.4263,-4.81091,0.969964,2.29315,10.3634,1.44155,97,0.145294,0.159785,0.210132,0.293025,0.663368,0.187292,1.26062,4.96374,0.0949806,0,0.410451,NBA,1,Delta,-1,No record,0,G_NBA,G_0
113_1,-6.81173,1.59969,-3.3953,-5.98956,0.56556,4.12912,7.58471,1.45805,97,0.313425,-6.88604,1.68754,-3.45891,-5.61314,0.508961,3.61864,7.65063,1.43435,97,0.211283,-6.90851,1.68416,-3.4349,-5.40121,0.474364,3.80983,7.95384,1.43875,97,0.125978,0.144244,0.138847,0.250571,0.939537,0.318434,1.26398,0.66902,0.103651,0,0.289441,NBA,2,Omicron,-1,No record,0,G_NBA,G_0
832_1,-6.62959,2.41919,-3.40035,-5.22753,0.970821,2.49836,9.43082,1.41928,97,0.268567,-6.64145,2.43538,-3.50315,-5.32335,1.00996,2.32062,9.84436,1.41539,97,0.271964,-6.63228,2.37975,-3.45419,-5.28245,0.942509,2.08844,7.34974,1.42987,97,0.154326,0.150551,0.231301,0.269239,0.869754,0.347086,1.3891,7.30416,0.0961301,0,0.353019,NBA,3,Omicron,-1,No record,0,G_NBA,G_0
1927_1,-6.56474,2.54563,-3.36809,-5.15531,1.03743,2.60116,8.9083,1.41476,97,0.370692,-6.55412,2.56013,-3.40017,-5.45129,1.1342,2.4283,9.18461,1.43102,97,0.325381,-6.60656,2.538,-3.45634,-5.13403,1.07984,2.7496,7.70665,1.4356,97,0.157762,0.168945,0.204269,0.308378,0.833764,0.264449,1.36478,3.60326,0.0837206,0,0.355824,NBA,1,Delta,-1,No record,0,G_NBA,G_0
1683_1,-6.50747,2.70105,-3.3106,-4.69636,0.887961,2.77451,14.4702,1.43268,97,0.24541,-6.4609,2.5762,-3.29583,-4.80574,0.826242,2.43977,14.0038,1.43776,97,0.263737,-6.56177,2.65036,-3.38178,-4.74826,0.902814,2.22635,10.3142,1.44374,97,0.127374,0.171255,0.190019,0.29723,0.739223,0.185076,1.21601,5.15725,0.0856445,0,0.247247,NBA,1,Delta,-1,No record,0,G_NBA,G_0
1836_1,-6.56037,2.61216,-3.37742,-4.61767,0.8736,2.59821,14.1352,1.42688,97,0.248318,-6.61727,2.67497,-3.36519,-4.53636,0.856357,2.37168,15.4588,1.47696,97,0.249415,-6.60259,2.55863,-3.39414,-4.43821,0.806065,2.18105,10.4668,1.43922,97,0.133482,0.159378,0.231376,0.256774,0.840668,0.209209,1.31522,7.88389,0.110026,0,0.358871,NBA,1,Delta,-1,No record,0,G_NBA,G_0
956_1,-6.75267,1.954,-3.35702,-6.36837,0.484894,2.13299,14.9499,1.41678,97,0.212898,-6.76844,1.97773,-3.36602,-6.33301,0.510402,2.25798,15.3104,1.44552,97,0.329502,-6.77001,1.96096,-3.39629,-6.16207,0.469106,2.15421,10.2155,1.42198,97,0.152638,0.170176,0.172654,0.256749,0.653861,0.172334,1.10067,5.57404,0.0974256,0,0.411079,NBA,2,Omicron,3,Boosted,0,G_NBA,G_0
243_1,-6.75732,2.11927,-3.41701,-4.67589,0.522673,2.37514,13.8508,1.42099,97,0.243522,-6.74334,2.11947,-3.35861,-4.50179,0.478639,2.37631,14.6809,1.40842,97,0.242589,-6.75644,2.10503,-3.39542,-4.56636,0.496475,2.18754,10.2754,1.40964,97,0.14456,0.153549,0.203307,0.288541,0.549121,0.193204,1.27742,7.09747,0.0962889,0,0.27685,NBA,3,Omicron,2,Second dose,0,G_NBA,G_0
1748_1,-6.68196,1.72186,-3.2064,-6.21329,0.306984,2.52049,18.0479,1.4372,97,0.207212,-6.78252,1.76507,-3.21577,-6.32851,0.318416,2.24361,18.2296,1.47735,97,0.258892,-6.8025,1.76382,-3.36481,-6.12592,0.304654,2.05072,14.1515,1.45423,97,0.155299,0.154688,0.162932,0.303045,0.743019,0.0964235,1.19508,5.59685,0.10917,0,0.25063,NBA,3,Omicron,3,Boosted,0,G_NBA,G_0
913_1,-6.65725,2.50545,-3.39735,-5.79981,0.846285,2.31982,13.3023,1.41573,97,0.324284,-6.62709,2.52241,-3.32612,-5.85396,0.869511,2.37356,15.1648,1.40394,97,0.259075,-6.66935,2.42291,-3.38893,-5.79643,0.875299,2.24955,10.9415,1.42346,97,0.140914,0.153263,0.21049,0.208666,0.756757,0.108422,1.33218,6.85804,0.0866833,0,0.314987,NBA,1,Delta,-1,No record,0,G_NBA,G_0
2478_1,-6.75571,2.29657,-3.50256,-4.62189,1.11766,3.14796,5.65982,1.39934,97,0.197299,-6.72645,2.31381,-3.47664,-4.10863,0.846571,3.44183,4.80961,1.40453,97,0.282277,-6.73167,2.29961,-3.47917,-4.03569,0.731427,3.33547,4.49024,1.40806,97,0.163721,0.155102,0.258007,0.30402,0.680624,0.428088,1.6045,1.79348,0.0970596,0,0.32827,NBA,1,Omicron,2,Second dose,0,G_NBA,G_0
901_1,-6.74992,2.60253,-3.49223,-2.06514,0.567672,2.81811,8.55367,1.44356,97,0.429487,-6.70112,2.56393,-3.47628,-2.26943,0.647774,2.63912,10.2497,1.4376,97,0.326317,-6.7249,2.46345,-3.4348,-2.30826,0.58956,2.35424,7.97524,1.42394,97,0.185486,0.163827,0.308639,0.259585,0.793468,0.24014,1.47675,4.8342,0.0972598,0,0.331959,NBA,2,Delta,2,Second dose,0,G_NBA,G_0
2547_1,-6.71412,2.32891,-3.44013,-5.18663,1.21919,2.81266,8.11699,1.41452,97,0.269064,-6.6966,2.3562,-3.40374,-5.27403,1.3421,2.51645,9.55788,1.40718,97,0.232855,-6.72712,2.30701,-3.42237,-5.11769,1.16525,2.28631,8.031,1.41507,97,0.139425,0.187539,0.205933,0.303956,0.923321,0.726717,1.34197,5.83718,0.0952552,0,0.279642,NBA,1,Delta,-1,No record,0,G_NBA,G_0
1402_1,-6.63615,2.55617,-3.33862,-4.97939,1.2314,2.5789,14.3565,1.42244,97,0.163134,-6.64098,2.58838,-3.36017,-4.68111,1.22168,2.25923,14.1258,1.43322,97,0.25188,-6.66639,2.51197,-3.39943,-4.80991,1.24683,2.19377,10.0466,1.42199,97,0.151611,0.169496,0.247619,0.27807,0.779689,0.245307,1.23806,6.03223,0.0838757,0,0.390119,NBA,2,Delta,2,Second dose,0,G_NBA,G_0
298_1,-6.76532,2.12804,-3.41287,-5.21429,0.94716,2.31538,12.8433,1.38613,97,0.274295,-6.78426,2.14289,-3.35132,-5.07994,0.887218,2.11531,12.022,1.41591,97,0.246229,-6.79654,2.15483,-3.40432,-4.90357,0.890016,2.24562,10.6365,1.41809,97,0.13264,0.171503,0.181332,0.275235,0.946262,0.37263,1.10231,5.55126,0.103285,0,0.24229,NBA,1,Delta,-1,No record,0,G_NBA,G_0
2139_1,-6.57557,2.74771,-3.51047,-4.98218,1.41149,1.93579,8.38772,1.43508,97,0.160428,-6.5672,2.74626,-3.44423,-5.05691,1.52628,2.42561,10.6305,1.42907,97,0.252326,-6.59405,2.70304,-3.44497,-4.8839,1.5293,2.13928,7.90382,1.4408,97,0.135403,0.18222,0.206251,0.281507,0.78889,0.313555,1.72518,5.97752,0.0924594,0,0.420806,NBA,2,Delta,-1,No record,0,G_NBA,G_0
359_1,-6.62705,2.62346,-3.43195,-3.29391,0.962971,2.45425,9.963,1.44239,97,0.391043,-6.65945,2.65175,-3.38695,-3.38289,1.02163,2.1524,10.9615,1.4334,97,0.2314,-6.66965,2.58056,-3.39832,-3.38624,0.945621,2.01322,10.3335,1.43009,97,0.14854,0.179588,0.266832,0.279789,0.658987,0.394653,0.976664,5.24496,0.113047,0,0.317225,NBA,2,Delta,-1,No record,0,G_NBA,G_0
2775_1,-6.61108,2.4277,-3.345,-3.20761,0.325524,2.67409,13.4292,1.4701,97,0.295016,-6.59116,2.46844,-3.41263,-3.14124,0.347545,2.47577,14.4174,1.43887,97,0.324137,-6.62485,2.42202,-3.39849,-3.19236,0.312314,2.13538,9.31076,1.4362,97,0.174176,0.225617,0.239933,0.257286,0.479145,0.112185,1.56794,5.6811,0.105772,0,0.353895,NBA,2,Omicron,3,Boosted,0,G_NBA,G_0
887_1,-6.68311,2.42634,-3.41841,-5.30803,1.24122,2.29235,11.4172,1.42692,97,0.260529,-6.68779,2.44908,-3.42116,-5.19108,1.11552,2.41411,11.0763,1.43566,97,0.253476,-6.67737,2.4245,-3.40172,-4.80323,1.00606,2.13392,10.2204,1.42189,97,0.155323,0.157658,0.260716,0.284496,0.910783,0.477735,1.36087,5.60386,0.0858911,0,0.234105,NBA,2,Omicron,-1,No record,0,G_NBA,G_0
2897_1,-6.78382,2.04639,-3.41412,-5.14214,1.04874,2.10026,12.7165,1.44708,97,0.22734,-6.80253,2.11239,-3.46787,-4.37639,0.495832,1.40603,7.42587,1.42822,97,0.271447,-6.77701,2.04228,-3.43029,-4.4189,0.508722,1.41028,7.86809,1.41174,97,0.176964,0.18362,0.196396,0.258877,0.564478,0.200719,0.559372,1.788,0.0936514,0,0.341564,NBA,1,Omicron,3,Boosted,0,G_NBA,G_0
1972_1,-6.65747,2.82155,-3.46903,-3.02144,0.79866,2.89787,6.45877,1.44939,97,0.435925,-6.62077,2.64064,-3.43764,-3.61019,1.00616,2.54955,8.67279,1.41631,97,0.298473,-6.64851,2.59762,-3.4499,-3.57354,0.937764,2.31476,6.88417,1.43134,97,0.169801,0.149208,0.210694,0.292242,0.561871,0.345777,1.46779,5.04071,0.102137,0,0.396885,NBA,1,Delta,-1,No record,0,G_NBA,G_0
2633_1,-6.6945,2.3464,-3.37939,-5.01476,0.702211,2.3488,13.2021,1.39875,97,0.247187,-6.69518,2.33896,-3.32763,-5.04403,0.726767,2.02732,12.6658,1.41831,97,0.224272,-6.68754,2.26939,-3.38984,-4.78258,0.703041,1.90214,12.59,1.4032,97,0.142661,0.154944,0.197677,0.24042,0.916099,0.239191,1.06485,3.50792,0.101087,0,0.201358,NBA,1,Delta,-1,No record,0,G_NBA,G_0
180_1,-6.70505,2.34052,-3.40021,-5.86628,1.05246,2.39683,17.1559,1.40842,97,0.394805,-6.69926,2.28332,-3.34114,-6.21795,1.05356,2.02914,15.7358,1.40275,97,0.304255,-6.70749,2.29904,-3.38536,-5.78434,1.03142,1.70989,12.9281,1.41251,97,0.164902,0.139149,0.150806,0.279951,0.680596,0.198607,1.39277,6.56127,0.0811593,0,0.548111,NBA,2,Delta,-1,No record,0,G_NBA,G_0
2152_1,-6.78334,1.97056,-3.4393,-6.00319,0.814547,3.22508,5.97238,1.43147,97,0.240113,-6.77353,1.95476,-3.50343,-6.24721,1.01158,2.68303,6.44517,1.42254,97,0.244469,-6.80994,1.98659,-3.45246,-5.701,0.869803,2.42985,7.05321,1.41623,97,0.159863,0.149621,0.151792,0.278379,0.89247,0.538352,1.24983,3.27188,0.0935182,0,0.271231,NBA,1,Delta,-1,No record,0,G_NBA,G_0
2564_1,-6.69676,2.38223,-3.33691,-2.40549,0.456837,2.34478,13.2794,1.41992,97,0.324914,-6.67259,2.40543,-3.37923,-2.19582,0.356678,2.55626,12.0505,1.41833,97,0.326541,-6.72603,2.37746,-3.39689,-2.35861,0.421586,2.13584,10.228,1.42378,97,0.15609,0.171268,0.225785,0.263172,0.450139,0.148103,1.63215,4.94596,0.0812575,0,0.560459,NBA,1,Delta,-1,No record,0,G_NBA,G_0
1571_1,-6.58944,2.58168,-3.34288,-4.00544,0.430833,2.51884,16.3954,1.43994,97,0.286431,-6.57652,2.57542,-3.30784,-4.10698,0.454548,2.37022,15.8291,1.4696,97,0.366861,-6.57175,2.52472,-3.35374,-4.10911,0.426613,2.16079,11.5868,1.439,97,0.167887,0.152764,0.176829,0.267946,0.396637,0.124969,1.26488,4.6974,0.106769,0,0.446168,NBA,1,Omicron,3,Boosted,0,G_NBA,G_0
1442_1,-6.61604,2.10634,-3.42227,-5.52167,0.652477,2.419,13.0379,1.41167,97,0.280985,-6.65144,2.17646,-3.28585,-5.39068,0.660911,2.70905,14.3125,1.43195,97,0.230543,-6.71784,2.20141,-3.35734,-5.12555,0.655219,2.62938,13.8446,1.41196,97,0.150226,0.158072,0.227606,0.280679,0.820885,0.130143,1.4724,3.05734,0.103324,0,0.27803,NBA,3,Omicron,3,Boosted,0,G_NBA,G_0
1650_1,-6.76422,2.00886,-3.37643,-6.27842,0.490381,1.98242,11.6355,1.40948,97,0.250131,-6.76507,2.01441,-3.36492,-6.25594,0.504557,2.5736,13.6381,1.43926,97,0.287257,-6.75492,2.02964,-3.41497,-6.22555,0.489603,2.04875,9.00374,1.40289,97,0.12328,0.167566,0.186827,0.299086,0.719952,0.201616,1.73644,5.36498,0.0951478,0,0.338517,NBA,2,Delta,2,Second dose,0,G_NBA,G_0
2068_1,-6.70308,2.24957,-3.38523,-6.08704,0.725332,2.34508,10.9763,1.39967,97,0.206614,-6.71723,2.26462,-3.31795,-5.98918,0.722693,2.8833,11.344,1.41267,97,0.295766,-6.71323,2.2199,-3.41037,-5.98426,0.65758,2.28666,10.4121,1.40651,97,0.152444,0.197709,0.186172,0.303517,0.691722,0.279683,1.3983,6.0622,0.0927425,0,0.422966,NBA,3,Omicron,3,Boosted,0,G_NBA,G_0
2238_1,-6.66487,2.26676,-3.37805,-3.54748,0.477821,2.33995,15.2111,1.41405,97,0.302696,-6.65646,2.27488,-3.39309,-3.6562,0.463196,2.25776,13.2475,1.41667,97,0.227947,-6.70032,2.32856,-3.39745,-3.16792,0.4105,2.15434,10.2739,1.42268,97,0.155733,0.169792,0.282099,0.275243,1.2443,0.202026,1.38904,5.83359,0.0915118,0,0.277075,NBA,2,Delta,-1,No record,0,G_NBA,G_0
2032_1,-6.70578,2.24912,-3.38095,-6.08178,0.742373,2.446,10.2655,1.41283,97,0.501655,-6.68808,2.20524,-3.39239,-6.23933,0.726203,2.43266,9.92418,1.42611,97,0.279606,-6.73111,2.25825,-3.40454,-6.05273,0.791873,2.57773,9.81838,1.41649,97,0.135659,0.137188,0.180855,0.282698,0.667407,0.211332,1.17071,2.59012,0.0960028,0,0.445771,NBA,1,Delta,-1,No record,0,G_NBA,G_0
1213_1,-6.62715,2.52783,-3.37044,-4.45309,0.942863,2.76996,12.2034,1.43661,97,0.251124,-6.62042,2.58975,-3.40111,-4.28072,1.06434,2.47277,11.1555,1.42298,97,0.241881,-6.6606,2.50948,-3.39864,-4.2546,0.947954,2.13854,10.244,1.42672,97,0.155237,0.164772,0.223728,0.273766,0.929293,0.492384,1.16324,5.83528,0.107417,0,0.28387,NBA,1,Omicron,3,Boosted,0,G_NBA,G_0
2477_1,-6.5734,2.52974,-3.3665,-5.67115,0.92292,2.21147,13.4693,1.45321,97,0.311183,-6.54871,2.59759,-3.38313,-5.18915,0.841921,2.71119,12.0675,1.4576,97,0.260081,-6.58567,2.55649,-3.39491,-5.30904,0.924285,2.48073,10.2559,1.43771,97,0.150515,0.147345,0.197968,0.249929,0.75701,0.194608,2.24807,4.04664,0.091015,0,0.557962,NBA,2,Omicron,3,Boosted,0,G_NBA,G_0
1221_1,-6.59413,2.52459,-3.51943,-3.6398,1.01482,2.75659,6.08113,1.43176,97,0.40985,-6.63,2.53244,-3.47653,-3.48014,0.96342,2.73467,5.49329,1.446,97,0.246663,-6.65255,2.57072,-3.49266,-3.35752,0.875187,2.58394,4.62863,1.42545,97,0.134563,0.132162,0.229157,0.263562,0.437803,0.375512,1.33089,2.65452,0.101458,0,0.341669,NBA,2,Delta,-1,No record,0,G_NBA,G_0
1739_1,-6.78374,2.10439,-3.42381,-5.7483,0.506667,1.93629,12.7854,1.4199,97,0.210312,-6.76372,2.05571,-3.37828,-6.01867,0.569748,2.5084,15.7988,1.42217,97,0.248467,-6.72761,2.09017,-3.39492,-5.65765,0.533798,2.26609,10.8069,1.41783,97,0.138768,0.169525,0.227222,0.272066,0.788694,0.168405,1.43356,5.37458,0.0830443,0,0.257956,NBA,1,Delta,-1,No record,0,G_NBA,G_0
796_1,-6.71408,2.22471,-3.35174,-6.27045,0.609249,1.98653,14.5648,1.38044,97,0.191872,-6.73218,2.24183,-3.38519,-6.05172,0.581088,2.3223,11.4612,1.37971,97,0.282329,-6.71383,2.21794,-3.41225,-6.12032,0.653586,2.19019,10.4013,1.38985,97,0.137249,0.133158,0.152152,0.316905,0.64285,0.144332,1.23575,4.50334,0.114532,0,0.437703,NBA,3,Delta,-1,No record,0,G_NBA,G_0
1798_1,-6.54863,2.6357,-3.36743,-5.55302,1.34897,2.21747,14.1708,1.42907,97,0.199899,-6.65862,2.74053,-3.3255,-5.50435,1.40195,2.36107,14.7997,1.44062,97,0.274722,-6.61698,2.62535,-3.38611,-5.46658,1.34732,2.30771,10.0316,1.42904,97,0.139528,0.15142,0.18713,0.237361,0.659156,0.138354,1.31894,6.4681,0.0989889,0,0.380186,NBA,1,Delta,-1,No record,0,G_NBA,G_0
1045_1,-7.0037,1.68745,-3.33512,-7.4601,0.737128,1.93488,16.3426,1.43045,97,0.252671,-6.88833,1.5533,-3.31928,-7.13276,0.501817,2.57567,16.9772,1.41804,97,0.236891,-6.94827,1.5917,-3.34892,-6.94463,0.50923,2.29526,16.7358,1.4119,97,0.122755,0.183852,0.203025,0.327175,0.866722,0.225533,1.02048,1.38829,0.0879293,0,0.323599,NBA,2,Delta,-1,No record,0,G_NBA,G_0
2215_1,-6.66527,2.70377,-3.39474,-4.03502,1.62404,2.62357,8.59277,1.44082,97,0.248967,-6.61009,2.68855,-3.50465,-3.93007,1.43976,2.59395,7.40812,1.4516,97,0.259875,-6.6431,2.66305,-3.47679,-3.82676,1.31,2.41126,5.73328,1.43397,97,0.148666,0.17743,0.243193,0.258151,0.825763,0.592704,1.28904,4.06646,0.0827049,0,0.34347,NBA,1,Delta,-1,No record,0,G_NBA,G_0
762_1,-6.5969,2.76364,-3.40622,-5.49435,1.38765,2.96106,9.80377,1.4325,97,0.269453,-6.60178,2.71275,-3.4969,-5.5088,1.10921,2.99617,6.59461,1.41719,97,0.241202,-6.57931,2.63837,-3.46895,-5.40548,1.05973,2.7933,6.06383,1.44042,97,0.16669,0.170288,0.215029,0.257649,0.739711,0.341289,1.55868,2.67606,0.108702,0,0.189524,NBA,1,Delta,-1,No record,0,G_NBA,G_0
1997_1,-7.05984,1.78381,-3.35787,-6.81098,1.07118,1.84735,12.3462,1.42034,97,0.366237,-6.88143,1.58432,-3.37491,-7.45637,1.0646,1.99407,12.7945,1.45295,97,0.309378,-6.93492,1.62246,-3.36439,-7.01424,0.92138,1.81175,12.8662,1.4211,97,0.156602,0.118663,0.186317,0.284019,0.949306,0.556128,0.954743,2.97413,0.10427,0,0.379039,NBA,2,Delta,-1,No record,0,G_NBA,G_0
1498_1,-6.63111,2.48578,-3.37747,-5.26017,1.23694,2.39628,14.3561,1.41661,97,0.260118,-6.63149,2.51492,-3.34754,-4.7854,1.02086,2.03412,11.1477,1.42545,97,0.299893,-6.66931,2.4841,-3.40272,-4.59238,0.973007,2.04555,9.21485,1.42373,97,0.165831,0.160849,0.252665,0.256945,0.943146,0.295169,0.814471,6.95172,0.102135,0,0.434968,NBA,2,Omicron,-1,No record,0,G_NBA,G_0
1460_1,-6.71842,2.10351,-3.35321,-5.88709,0.680694,2.47117,12.5835,1.39893,97,0.190472,-6.71469,2.07106,-3.44362,-5.93375,0.692074,2.19802,11.6698,1.3907,97,0.286766,-6.73346,2.12291,-3.39756,-5.5235,0.649938,2.13522,10.2233,1.40612,97,0.156193,0.158783,0.199216,0.269238,0.868931,0.249068,1.24262,5.52514,0.0839404,0,0.579463,NBA,3,Omicron,-1,No record,0,G_NBA,G_0
2434_1,-6.68514,2.33289,-3.43124,-4.46045,0.638219,2.50448,7.7545,1.42475,97,0.30901,-6.63503,2.31332,-3.41249,-4.32992,0.603996,2.74774,7.6862,1.44186,97,0.200113,-6.68644,2.32391,-3.44256,-4.39967,0.597801,2.73923,7.53458,1.42371,97,0.151877,0.169026,0.199621,0.290942,0.738893,0.280318,1.35695,1.615,0.104962,0,0.187365,NBA,3,Omicron,3,Boosted,0,G_NBA,G_0
1629_1,-6.56113,2.59646,-3.30569,-5.41654,0.826903,2.35143,9.63162,1.44789,97,0.36,-6.58294,2.60213,-3.40017,-5.50935,0.80956,2.31476,9.66159,1.44138,97,0.25014,-6.5975,2.56133,-3.40785,-5.43255,0.846788,2.40259,9.7854,1.43369,97,0.136191,0.158995,0.196801,0.249035,0.682209,0.202642,1.04416,2.83062,0.095879,0,0.278606,NBA,2,Omicron,3,Boosted,0,G_NBA,G_0
552_1,-6.62535,2.42151,-3.39177,-4.79311,0.441285,2.44144,13.97,1.41828,97,0.201099,-6.59806,2.35222,-3.34371,-4.95799,0.43385,2.40663,15.3573,1.41295,97,0.308786,-6.62371,2.31836,-3.39087,-4.91985,0.434073,2.16725,10.2696,1.42733,97,0.154518,0.16613,0.211066,0.309883,0.536006,0.108956,1.43723,6.24245,0.0858956,0,0.531956,NBA,3,Omicron,3,Boosted,0,G_NBA,G_0
1743_1,-6.68779,1.91885,-3.39385,-6.16418,0.442888,3.7296,9.72626,1.44436,97,0.334007,-6.64847,1.87919,-3.42724,-6.3685,0.463246,2.6039,9.24638,1.4308,97,0.226575,-6.75465,1.98976,-3.40461,-5.93394,0.428335,3.17014,9.68272,1.41072,97,0.157298,0.120228,0.136487,0.265677,0.710194,0.130698,0.995965,0.874672,0.102984,0,0.214264,NBA,1,Omicron,3,Boosted,0,G_NBA,G_0
2312_1,-6.70546,2.53726,-3.41827,-4.82365,1.14848,2.15694,12.8741,1.40596,97,0.29526,-6.59774,2.39585,-3.44184,-4.75712,0.844211,1.5678,7.81881,1.42081,97,0.323555,-6.67301,2.43217,-3.40344,-4.61615,0.918909,1.62234,7.94269,1.4345,97,0.146785,0.183807,0.2032,0.283641,0.724074,0.306496,0.711657,3.47636,0.0970717,0,0.394823,NBA,1,Omicron,3,Boosted,0,G_NBA,G_0
1750_1,-6.59466,2.26874,-3.35948,-5.55136,0.49801,2.01366,12.1911,1.40055,97,0.449772,-6.62588,2.32641,-3.36954,-5.66285,0.591539,2.63201,13.4593,1.4215,97,0.234012,-6.65139,2.31419,-3.40809,-5.57621,0.60171,2.30383,9.32587,1.42341,97,0.154129,0.14912,0.182412,0.289464,0.741777,0.150403,1.5778,5.06492,0.071698,0,0.334041,NBA,3,Omicron,2,Second dose,0,G_NBA,G_0
2735_1,-6.60737,2.49474,-3.34388,-5.82259,0.744546,1.85171,12.4593,1.43597,97,0.216082,-6.57681,2.51242,-3.35898,-5.62279,0.766643,2.05085,14.381,1.43347,97,0.370097,-6.63098,2.52367,-3.39142,-5.71079,0.868627,1.98655,11.9442,1.42427,97,0.175723,0.174918,0.221578,0.343224,0.722946,0.190823,0.991714,5.69476,0.0752895,0,0.678482,NBA,1,Delta,-1,No record,0,G_NBA,G_0
1054_1,-6.63726,2.72958,-3.51426,-3.87445,1.52152,2.08201,9.34612,1.43956,97,0.209696,-6.66395,2.63087,-3.45354,-3.97694,1.44122,2.22228,8.62028,1.42808,97,0.225797,-6.669,2.62813,-3.486,-3.72188,1.3694,2.03251,5.70825,1.41915,97,0.122364,0.168542,0.216533,0.286597,1.07984,0.568864,0.961989,4.58502,0.0872808,0,0.268733,NBA,1,Omicron,-1,No record,0,G_NBA,G_0
846_1,-6.72908,2.14667,-3.41267,-5.67708,0.564218,2.40398,12.9248,1.41031,97,0.382112,-6.7048,2.13458,-3.4036,-5.71086,0.568246,2.27601,12.4702,1.4024,97,0.247303,-6.73141,2.13534,-3.38948,-5.61648,0.586134,2.14737,10.2671,1.41051,97,0.14745,0.145603,0.173028,0.268548,0.769675,0.188185,1.27121,5.15798,0.0901651,0,0.291362,NBA,1,Omicron,-1,No record,0,G_NBA,G_0
2581_1,-6.79436,1.98076,-3.40476,-5.99586,0.942553,2.50686,8.17519,1.4379,97,0.225918,-6.80849,1.96544,-3.36592,-5.6115,0.724238,2.71564,8.11644,1.41415,97,0.241522,-6.80013,1.96099,-3.43752,-5.41028,0.635511,2.28301,7.24167,1.41767,97,0.140761,0.145637,0.157872,0.255686,0.797596,0.338128,1.00381,2.58654,0.0986742,0,0.286428,NBA,2,Omicron,-1,No record,0,G_NBA,G_0
2218_1,-6.70642,2.19468,-3.32123,-6.259,0.549031,2.00149,14.9692,1.4332,97,0.231404,-6.69195,2.14396,-3.37464,-6.14674,0.502354,2.39877,15.3225,1.42215,97,0.277106,-6.71924,2.16948,-3.40505,-5.96635,0.491562,2.18692,10.049,1.42811,97,0.140057,0.157834,0.187763,0.323951,0.668345,0.11375,1.35736,5.88421,0.104825,0,0.457028,NBA,3,Omicron,2,Second dose,0,G_NBA,G_0
915_1,-6.66573,2.44911,-3.37517,-4.15989,0.919342,2.4792,9.77542,1.42584,97,0.267962,-6.59617,2.4723,-3.4159,-3.39512,0.599588,2.31591,8.28584,1.42417,97,0.276492,-6.68124,2.43127,-3.43293,-3.65952,0.635098,2.33791,7.98625,1.4252,97,0.162188,0.159714,0.240676,0.299498,0.574642,0.238175,1.15451,2.41461,0.104513,0,0.380878,NBA,2,Omicron,3,Boosted,0,G_NBA,G_0
1590_1,-6.57531,2.5783,-3.22999,-4.64527,0.605555,2.69183,19.6702,1.42739,97,0.285263,-6.54759,2.5282,-3.20726,-4.70393,0.636029,2.5945,22.0335,1.46435,97,0.24057,-6.59895,2.47988,-3.31056,-4.69757,0.59099,2.30592,16.9788,1.43545,97,0.125443,0.157659,0.249221,0.289796,0.619818,0.206507,1.22055,5.79538,0.106292,0,0.377466,NBA,3,Omicron,-1,No record,0,G_NBA,G_0
2324_1,-6.67286,2.30232,-3.41532,-4.92641,0.603062,2.44625,11.8426,1.41271,97,0.222125,-6.64011,2.28169,-3.40941,-4.84293,0.6155,2.30711,12.6167,1.40378,97,0.324657,-6.65825,2.28131,-3.3939,-4.74289,0.567781,2.05851,10.5711,1.41103,97,0.150573,0.148756,0.202768,0.279815,0.667529,0.26034,1.3565,6.48117,0.105899,0,0.56271,NBA,3,Omicron,2,Second dose,0,G_NBA,G_0
2362_1,-6.69211,2.17873,-3.40036,-5.71335,0.77195,2.31606,15.1793,1.41816,97,0.218188,-6.71332,2.18019,-3.42523,-5.52905,0.717695,2.3924,14.101,1.42919,97,0.234455,-6.72481,2.19184,-3.38878,-5.23422,0.696438,2.1384,10.2642,1.40463,97,0.158773,0.16073,0.170746,0.294617,0.911303,0.230279,1.36385,4.52116,0.0933551,0,0.300454,NBA,1,Delta,-1,No record,0,G_NBA,G_0
2112_1,-6.57584,2.6723,-3.47753,-4.41788,1.35243,2.58122,10.2836,1.4426,97,0.264983,-6.59556,2.7149,-3.44994,-4.08445,1.16961,1.96595,9.53348,1.43578,97,0.253042,-6.63883,2.63991,-3.4529,-3.85506,1.07032,1.84187,7.45057,1.43096,97,0.145381,0.161178,0.234582,0.268231,0.943375,0.463227,1.00349,5.93591,0.0806143,0,0.445127,NBA,2,Omicron,-1,No record,0,G_NBA,G_0
1525_1,-6.64824,2.29649,-3.39953,-6.08844,0.624066,2.43007,11.8903,1.44104,97,0.261238,-6.70551,2.36114,-3.41521,-5.97959,0.636794,2.42865,11.2444,1.41531,97,0.257761,-6.68089,2.3057,-3.39565,-5.89052,0.63333,2.14948,10.3361,1.41628,97,0.148129,0.172192,0.192712,0.269324,0.719718,0.248824,1.82725,5.82374,0.0899216,0,0.338572,NBA,1,Omicron,-1,No record,0,G_NBA,G_0
3069_1,-6.67303,2.22949,-3.40658,-4.36027,0.487179,2.27581,7.70617,1.46395,97,0.436865,-6.67956,2.22578,-3.45369,-4.76985,0.585844,2.0091,7.4883,1.43655,97,0.23422,-6.69171,2.27968,-3.42362,-4.3667,0.538732,2.05747,7.90514,1.4215,97,0.172384,0.178411,0.23179,0.252866,0.840588,0.241152,0.917287,1.69445,0.0874848,0,0.317999,NBA,2,Omicron,-1,No record,0,G_NBA,G_0
175_1,-6.78403,1.90239,-3.38167,-6.39967,0.72507,3.82993,5.0106,1.43275,97,0.337638,-6.81056,1.94222,-3.48248,-6.49772,0.835061,4.1354,5.06149,1.41555,97,0.245507,-6.8258,1.90608,-3.47682,-6.36867,0.754053,3.71896,4.95284,1.43062,97,0.144527,0.151783,0.170248,0.272155,0.80065,0.352665,1.57789,0.548864,0.0879649,0,0.274835,NBA,1,Omicron,-1,No record,0,G_NBA,G_0
1196_1,-6.57537,2.43584,-3.45731,-4.07271,0.657504,2.61024,12.7666,1.42818,97,0.323797,-6.56926,2.48005,-3.41694,-4.18057,0.740844,2.4353,11.8242,1.43377,97,0.263523,-6.66019,2.46951,-3.40277,-4.06716,0.701597,2.14505,10.2841,1.4294,97,0.14963,0.158472,0.226188,0.2757,0.933803,0.279192,1.58494,4.98512,0.0984951,0,0.275155,NBA,1,Omicron,-1,No record,0,G_NBA,G_0
1825_1,-6.76211,2.16588,-3.39958,-5.85208,0.631709,2.52309,10.8846,1.42918,97,0.284718,-6.68021,2.0856,-3.40906,-5.83287,0.590841,1.92312,10.8869,1.4286,97,0.334366,-6.71386,2.14736,-3.40181,-5.43759,0.579277,2.11104,10.0993,1.41597,97,0.151789,0.155664,0.188569,0.241389,0.969063,0.206222,0.900683,3.34232,0.106197,0,0.482674,NBA,2,Omicron,-1,No record,0,G_NBA,G_0
1522_1,-6.58749,2.49348,-3.5121,-5.3261,1.54912,3.82269,5.66937,1.42089,97,0.270896,-6.62078,2.59448,-3.55258,-5.10766,1.46928,3.7765,4.25127,1.41853,97,0.315017,-6.65281,2.52969,-3.53918,-4.8352,1.20792,4.19781,3.38733,1.44834,97,0.131176,0.174873,0.232013,0.273032,0.96994,0.747967,1.73983,2.43784,0.0953153,0,0.495308,NBA,2,Omicron,-1,No record,0,G_NBA,G_0
1394_1,-6.64087,2.52049,-3.4321,-5.06465,0.635718,2.1336,12.1026,1.43746,97,0.272253,-6.59745,2.4699,-3.39157,-5.18194,0.664698,2.94679,13.3387,1.43615,97,0.253495,-6.61939,2.44193,-3.39835,-5.33604,0.743758,2.14498,10.3439,1.42659,97,0.156016,0.179517,0.218225,0.2704,0.789191,0.195136,1.69057,6.89159,0.0836258,0,0.272543,NBA,1,Omicron,-1,No record,0,G_NBA,G_0
2138_1,-6.73176,2.35391,-3.34823,-4.86754,0.601919,2.02094,18.8105,1.41097,97,0.243596,-6.68076,2.20566,-3.36154,-5.19648,0.586818,1.64805,15.3556,1.41844,97,0.242409,-6.70065,2.23213,-3.36709,-5.26033,0.721273,1.55464,14.99,1.41758,97,0.151619,0.172121,0.212272,0.244491,0.695017,0.177025,1.00464,6.05654,0.0951274,0,0.203701,NBA,3,Omicron,-1,No record,0,G_NBA,G_0
831_1,-6.59929,2.68637,-3.55903,-3.94429,1.39084,3.33881,6.40997,1.45041,97,0.285021,-6.59917,2.69331,-3.45013,-4.34529,1.793,3.63596,7.314,1.46944,97,0.263609,-6.64525,2.68555,-3.54808,-3.98971,1.39678,4.52211,3.76391,1.45117,97,0.13918,0.174562,0.225768,0.28749,1.07449,0.858036,1.89731,4.69112,0.0949674,0,0.315469,NBA,2,Omicron,-1,No record,0,G_NBA,G_0
465_1,-6.84674,1.98955,-3.36743,-5.82705,0.936455,2.62526,10.3932,1.3835,97,0.47662,-6.83665,1.99048,-3.4295,-5.99189,0.867658,2.40812,10.2618,1.38535,97,0.387288,-6.83771,1.96512,-3.39421,-5.61109,0.761707,2.12459,10.3453,1.39567,97,0.185059,0.173116,0.176283,0.264735,0.971443,0.41919,1.29254,5.53535,0.0942374,0,0.630763,NBA,2,Omicron,-1,No record,0,G_NBA,G_0
1388_1,-6.60406,2.59876,-3.40147,-2.98967,0.693382,2.58362,10.65,1.42191,97,0.286404,-6.58542,2.6488,-3.38811,-3.03779,0.854198,2.39031,11.7386,1.43642,97,0.252716,-6.65613,2.5975,-3.39815,-3.09751,0.770512,2.1381,10.2235,1.43465,97,0.156036,0.137258,0.277463,0.297233,0.549097,0.380559,1.52806,5.66448,0.100655,0,0.334975,NBA,1,Omicron,-1,No record,0,G_NBA,G_0
1573_1,-6.57216,2.64338,-3.52547,-4.99678,0.943601,1.97114,8.24919,1.45445,97,0.204098,-6.57007,2.613,-3.46136,-4.95984,0.898922,2.39777,8.71436,1.43647,97,0.30938,-6.59087,2.57966,-3.4363,-4.65772,0.876891,2.73857,8.46121,1.43667,97,0.158461,0.172621,0.204963,0.226251,0.811363,0.249932,1.37406,3.08968,0.0828092,0,0.507135,NBA,2,Omicron,-1,No record,0,G_NBA,G_0
2495_1,-6.89089,1.67441,-3.39126,-6.57373,0.657687,2.08123,10.9044,1.40132,97,0.241236,-6.92565,1.72831,-3.34967,-6.54632,0.81134,2.33739,11.9918,1.39202,97,0.297491,-6.8973,1.67164,-3.39096,-6.45726,0.65911,2.11435,10.046,1.41344,97,0.157836,0.188711,0.219031,0.265046,1.0165,0.482416,1.111,5.81337,0.090328,0,0.406331,NBA,2,Omicron,-1,No record,0,G_NBA,G_0
1579_1,-6.55858,2.72739,-3.32207,-5.29193,1.03746,2.01674,14.3962,1.45274,97,0.38499,-6.53406,2.64526,-3.41011,-5.12615,0.961983,2.28736,14.5681,1.42547,97,0.291791,-6.56951,2.61621,-3.41485,-5.01289,0.945012,2.10367,10.9838,1.43853,97,0.153099,0.160851,0.195114,0.281356,0.719821,0.173188,1.23092,5.57881,0.103649,0,0.379131,NBA,2,Omicron,-1,No record,0,G_NBA,G_0
1551_1,-6.60071,2.31153,-3.3675,-5.92484,0.592617,2.58493,11.196,1.41224,97,0.247058,-6.64383,2.32613,-3.40602,-5.95836,0.627463,2.51823,11.2242,1.43535,97,0.261657,-6.66721,2.36034,-3.40117,-5.75276,0.710337,2.26447,10.3993,1.40407,97,0.157926,0.14948,0.184212,0.243465,0.722172,0.196155,1.20777,5.50648,0.0970107,0,0.282306,NBA,2,Omicron,2,Second dose,0,G_NBA,G_0
338_1,-6.71304,2.29185,-3.43579,-6.12252,1.17638,2.38188,11.7496,1.41431,97,0.231015,-6.67788,2.33689,-3.3786,-5.96748,1.05489,2.14849,10.952,1.41734,97,0.349527,-6.68611,2.32921,-3.40638,-5.51004,0.995907,2.12513,10.2501,1.41841,97,0.156971,0.191851,0.291689,0.250397,0.890188,0.34265,1.04688,6.57128,0.0834188,0,0.491082,NBA,2,Omicron,-1,No record,0,G_NBA,G_0
2202_1,-6.6358,2.34321,-3.42786,-5.81751,0.917769,2.15575,11.3912,1.43055,97,0.226466,-6.66082,2.35232,-3.37009,-5.96656,1.00958,2.24533,13.9013,1.42695,97,0.282011,-6.66464,2.38925,-3.40956,-5.54265,0.977484,2.14222,9.22479,1.42165,97,0.155034,0.189165,0.222975,0.294587,0.907034,0.23053,1.09521,7.27248,0.100088,0,0.323414,NBA,2,Omicron,-1,No record,0,G_NBA,G_0
2694_1,-6.70765,2.22461,-3.35111,-5.3526,0.698618,2.82149,9.73854,1.42736,97,0.254562,-6.68263,2.1371,-3.37414,-5.77286,0.683188,2.51724,9.04385,1.43948,97,0.301902,-6.74208,2.13363,-3.40201,-5.68927,0.703266,2.34924,9.77804,1.43595,97,0.161166,0.176332,0.229878,0.279322,0.99244,0.2768,1.46653,1.73297,0.0938655,0,0.329437,NBA,1,Omicron,-1,No record,0,G_NBA,G_0
2237_1,-6.67568,2.48556,-3.3681,-4.94169,0.816133,2.20965,13.9783,1.418,97,0.223325,-6.62206,2.40521,-3.34938,-4.91151,0.769019,2.34075,13.0323,1.41374,97,0.238428,-6.65763,2.41244,-3.3958,-4.95481,0.835565,2.13738,10.3025,1.42454,97,0.156099,0.147691,0.20312,0.288975,0.898429,0.270236,1.16161,6.12154,0.0901028,0,0.322425,NBA,3,Omicron,-1,No record,0,G_NBA,G_0
2116_1,-6.7689,2.20587,-3.42727,-6.02708,0.863322,2.20083,11.1289,1.40729,97,0.383457,-6.73409,2.13684,-3.37482,-6.29436,0.903816,2.32437,11.9547,1.41276,97,0.207327,-6.74179,2.19894,-3.39363,-5.83916,0.889324,2.26951,10.4779,1.41159,97,0.144627,0.163552,0.19975,0.317079,1.00621,0.276897,1.5241,4.49718,0.0902899,0,0.201509,NBA,3,Omicron,-1,No record,0,G_NBA,G_0
1829_1,-6.61623,2.36449,-3.40672,-4.52083,0.554733,2.80855,11.9625,1.42271,97,0.30591,-6.60602,2.36432,-3.39545,-4.56136,0.557842,2.55723,12.3539,1.44453,97,0.287083,-6.64546,2.36939,-3.3973,-4.41251,0.508431,2.23459,10.3682,1.42768,97,0.146027,0.140625,0.187905,0.293151,0.652426,0.228783,1.47037,5.37387,0.0811751,0,0.415377,NBA,2,Omicron,-1,No record,0,G_NBA,G_0
2147_1,-6.72828,2.17073,-3.46097,-5.18463,0.712253,2.56583,11.202,1.44644,97,0.293078,-6.69241,2.14316,-3.45059,-4.97199,0.563184,2.44609,11.098,1.4088,97,0.238697,-6.76028,2.14371,-3.4034,-5.05983,0.730205,2.31642,10.2477,1.42658,97,0.131289,0.182296,0.233524,0.281822,0.932936,0.238853,1.65087,5.89788,0.103566,0,0.258223,NBA,2,Omicron,-1,No record,0,G_NBA,G_0
2887_1,-6.70608,2.29016,-3.48309,-6.26223,2.11067,2.34516,8.94545,1.40935,97,0.230278,-6.74768,2.37859,-3.42745,-6.16175,2.27701,2.20727,9.31774,1.39472,97,0.276513,-6.71129,2.34224,-3.39485,-6.13242,2.55027,1.85972,9.54772,1.38722,97,0.157304,0.130192,0.147161,0.286593,0.942789,0.603856,1.08098,4.58997,0.0974973,0,0.373903,NBA,1,Omicron,2,Second dose,0,G_NBA,G_0
2640_1,-6.79363,1.95029,-3.36618,-6.11737,0.586004,2.14179,12.8992,1.42873,97,0.232349,-6.7803,1.9436,-3.41411,-5.90439,0.585156,2.04915,14.1604,1.43164,97,0.309477,-6.79897,1.94891,-3.39689,-5.66937,0.565124,2.13335,10.2906,1.41654,97,0.153314,0.139735,0.160289,0.255224,0.800574,0.226895,1.1734,8.22338,0.090797,0,0.440266,NBA,2,Omicron,-1,No record,0,G_NBA,G_0
1441_1,-6.70417,1.97991,-3.28185,-6.2219,0.518943,2.14297,17.7608,1.42989,97,0.209447,-6.6917,1.98347,-3.35975,-6.12101,0.515323,2.23358,16.4612,1.41286,97,0.329455,-6.72557,2.0316,-3.38726,-5.8623,0.481185,1.99666,11.3909,1.41439,97,0.186546,0.150512,0.176591,0.32367,0.707649,0.153654,1.34171,6.72734,0.0814508,0,0.372481,NBA,3,Omicron,-1,No record,0,G_NBA,G_0
2720_1,-6.6473,2.75651,-3.40925,-3.76278,1.17979,2.87511,8.73654,1.43184,97,0.179757,-6.63241,2.74522,-3.49281,-3.71828,0.979332,2.97575,7.26001,1.4757,97,0.246198,-6.62375,2.66053,-3.46167,-3.67088,0.900705,2.74208,5.93734,1.43688,97,0.133227,0.173954,0.236911,0.216759,0.603377,0.373415,1.75753,4.44808,0.0748032,0,0.345328,NBA,1,Omicron,-1,No record,0,G_NBA,G_0
2829_1,-6.70387,2.29452,-3.43601,-5.14255,0.824062,2.21952,14.0057,1.43121,97,0.204626,-6.70805,2.26127,-3.3614,-5.0478,0.777017,2.41442,12.5799,1.42092,97,0.303916,-6.72804,2.27989,-3.39427,-4.90555,0.851541,2.00254,10.0459,1.41681,97,0.146388,0.143314,0.171656,0.276508,1.06912,0.339639,1.45113,5.70909,0.090011,0,0.413048,NBA,1,Omicron,-1,No record,0,G_NBA,G_0
1725_1,-6.62502,2.60378,-3.40379,-4.33296,0.846362,2.1674,13.2604,1.43468,97,0.251613,-6.61668,2.58865,-3.35591,-4.3676,0.857852,2.42346,13.8131,1.44449,97,0.20706,-6.63619,2.51907,-3.39372,-4.25851,0.798856,2.26898,10.4982,1.43151,97,0.136627,0.167165,0.212783,0.280094,0.953411,0.284612,1.15623,5.55351,0.0962574,0,0.18281,NBA,1,Omicron,-1,No record,0,G_NBA,G_0
2296_1,-6.63795,2.58286,-3.41089,-3.85607,0.920784,2.79408,10.9769,1.43551,97,0.318656,-6.65768,2.61505,-3.42657,-3.56778,0.720637,2.35216,12.0432,1.41797,97,0.252801,-6.67103,2.49649,-3.39233,-3.8064,0.776602,2.24938,10.3052,1.4309,97,0.147802,0.178077,0.239966,0.29184,0.701685,0.307355,1.33989,6.00235,0.101532,0,0.288158,NBA,1,Omicron,-1,No record,0,G_NBA,G_0
1059_1,-6.66399,2.10616,-3.34272,-5.05048,0.497567,2.10966,14.2273,1.40476,97,0.400447,-6.70402,2.13236,-3.39225,-5.33531,0.580907,2.24895,14.0613,1.43118,97,0.302554,-6.73568,2.15504,-3.39711,-5.28937,0.669086,2.20496,10.5446,1.41543,97,0.164194,0.165216,0.211791,0.254237,0.740627,0.199208,1.1806,6.03443,0.0870608,0,0.644366,NBA,2,Omicron,-1,No record,0,G_NBA,G_0
80_1,-6.5749,2.72264,-3.49438,-4.19977,2.06883,2.38394,9.72812,1.46988,97,0.19815,-6.64307,2.83944,-3.38694,-3.88406,1.90881,2.70808,9.1437,1.43366,97,0.220579,-6.6465,2.76669,-3.42284,-3.91749,1.99091,2.09985,9.64303,1.43276,97,0.161741,0.170491,0.229123,0.256022,0.879051,0.666672,1.20971,5.50662,0.0978468,0,0.275609,NBA,2,Omicron,-1,No record,0,G_NBA,G_0
3005_1,-6.61799,2.56479,-3.38257,-2.94219,0.470412,2.2845,12.8996,1.43694,97,0.277473,-6.65421,2.69525,-3.38551,-2.90888,0.547194,2.36287,13.4021,1.41866,97,0.214208,-6.63398,2.52756,-3.39712,-3.13453,0.509745,2.09537,10.3123,1.43889,97,0.137706,0.143104,0.251766,0.30071,0.523744,0.198467,1.31448,5.69029,0.0929892,0,0.200203,NBA,1,Omicron,-1,No record,0,G_NBA,G_0
1032_1,-6.67559,2.2499,-3.37717,-5.01911,0.803189,2.94446,15.3377,1.42505,97,0.333496,-6.69244,2.30178,-3.39395,-4.71717,0.726069,2.34569,12.664,1.39318,97,0.266725,-6.70621,2.29604,-3.40112,-4.53113,0.706205,2.238,10.2661,1.40683,97,0.162922,0.159227,0.17791,0.256745,0.993553,0.308935,1.29508,5.66338,0.0777393,0,0.522767,NBA,1,Omicron,-1,No record,0,G_NBA,G_0
1365_1,-6.68858,2.05222,-3.30471,-4.97602,0.341395,2.51587,15.4117,1.42721,97,0.339895,-6.68032,2.05316,-3.42751,-5.15004,0.390901,2.2566,14.467,1.42452,97,0.265898,-6.71604,2.01919,-3.39459,-5.08217,0.353435,2.09643,10.3365,1.43982,97,0.146265,0.128186,0.19124,0.29494,0.69529,0.131783,1.10739,5.87063,0.0929517,0,0.489254,NBA,1,Omicron,-1,No record,0,G_NBA,G_0
1998_1,-6.69993,2.13702,-3.4053,-5.67794,0.599645,2.64687,12.0505,1.41261,97,0.311664,-6.74174,2.17912,-3.3423,-5.53726,0.594898,2.64534,12.0241,1.40043,97,0.2374,-6.71353,2.14592,-3.3832,-5.32606,0.556802,2.10949,11.0017,1.40752,97,0.151045,0.19655,0.237134,0.25655,0.89394,0.167109,1.2815,1.27119,0.0998017,0,0.272698,NBA,2,Omicron,-1,No record,0,G_NBA,G_0
1990_1,-6.66269,2.32399,-3.3322,-4.02618,0.319277,2.71865,17.6024,1.41222,97,0.24396,-6.64876,2.28091,-3.3185,-4.18185,0.318609,2.31939,15.1857,1.40255,97,0.289651,-6.6403,2.2612,-3.37958,-4.05071,0.29279,2.07131,11.0029,1.41312,97,0.141318,0.161417,0.207631,0.310507,0.711466,0.111714,1.34141,5.37655,0.0935883,0,0.65757,NBA,1,Omicron,-1,No record,0,G_NBA,G_0
1340_1,-6.94051,1.58035,-3.34534,-7.46153,1.20494,2.51825,14.2616,1.41747,97,0.209431,-6.82208,1.35943,-3.32105,-7.15589,0.780701,2.77115,14.7292,1.43057,97,0.259027,-6.96462,1.49626,-3.36403,-6.92662,0.761074,2.5467,14.1013,1.42648,97,0.147813,0.0800843,0.0882149,0.306002,0.658449,0.290986,1.17217,0.941185,0.102274,0,0.332351,NBA,2,Omicron,-1,No record,0,G_NBA,G_0
1890_1,-6.6759,2.35055,-3.46977,-4.02603,0.891827,2.46524,6.75926,1.44021,97,0.317048,-6.72687,2.40254,-3.41906,-3.97233,0.867506,2.71877,7.63041,1.44835,97,0.184435,-6.73533,2.35851,-3.4391,-3.96819,0.816904,2.75089,6.67067,1.41137,97,0.158384,0.151038,0.1762,0.254645,0.546048,0.347394,1.66366,4.24121,0.0881572,0,0.19754,NBA,1,Omicron,-1,No record,0,G_NBA,G_0
2492_1,-6.79821,1.78008,-3.39098,-5.13936,0.483323,2.47025,12.6579,1.43318,97,0.278102,-6.82432,1.80019,-3.41021,-5.29264,0.536936,2.31852,11.5184,1.40742,97,0.29626,-6.88207,1.7595,-3.39674,-5.42126,0.535773,2.08638,10.2215,1.42577,97,0.154792,0.141104,0.180388,0.303524,1.16958,0.321138,1.3585,5.94493,0.118598,0,0.457171,NBA,1,Omicron,-1,No record,0,G_NBA,G_0
2279_1,-6.67083,2.32302,-3.37561,-5.69549,0.931531,2.65514,12.275,1.41713,97,0.274164,-6.64641,2.33238,-3.36236,-5.80661,0.947073,2.58273,12.5375,1.39718,97,0.260477,-6.68568,2.34665,-3.39794,-5.68478,1.02486,2.14113,10.2259,1.41928,97,0.157953,0.164492,0.197411,0.382417,0.792751,0.282927,1.52418,5.14592,0.101736,0,0.310408,NBA,1,Omicron,-1,No record,0,G_NBA,G_0
2539_1,-6.65939,2.06438,-3.39797,-6.00028,0.578267,1.95981,15.517,1.41392,97,0.269487,-6.70534,2.09723,-3.37718,-5.69847,0.547081,2.40569,14.4119,1.42532,97,0.294132,-6.7077,2.14368,-3.3967,-5.38135,0.527421,2.15892,10.3675,1.41588,97,0.156115,0.173336,0.248503,0.287037,0.938988,0.160923,1.33223,5.20112,0.0867893,0,0.41416,NBA,2,Omicron,-1,No record,0,G_NBA,G_0
2124_1,-6.61762,2.36705,-3.35493,-5.91859,0.479347,2.45073,15.5859,1.4106,97,0.278379,-6.592,2.34951,-3.33323,-6.02077,0.493622,2.57308,15.2942,1.41195,97,0.355258,-6.64909,2.38793,-3.37948,-5.81183,0.480632,2.20462,11.2445,1.41458,97,0.172389,0.122983,0.149937,0.262487,0.532456,0.137939,1.57709,4.94529,0.0839377,0,0.558401,NBA,1,Omicron,-1,No record,0,G_NBA,G_0
2399_1,-6.61507,2.42483,-3.38007,-5.66766,0.850579,2.47501,12.0962,1.42039,97,0.404119,-6.62176,2.43302,-3.37761,-5.28003,0.775723,2.41709,13.1864,1.42088,97,0.257615,-6.64621,2.42838,-3.39819,-5.62029,0.972267,2.51514,10.3655,1.42754,97,0.154525,0.157166,0.173435,0.289914,0.822863,0.272861,1.4507,8.70333,0.0981855,0,0.331091,NBA,1,Omicron,-1,No record,0,G_NBA,G_0
1745_1,-6.63884,2.46169,-3.40417,-5.18266,1.0114,2.5302,11.9514,1.42503,97,0.358809,-6.63186,2.48975,-3.34714,-5.12932,0.96478,2.3366,11.877,1.41163,97,0.223432,-6.65107,2.44417,-3.39749,-4.86955,0.899701,2.14673,10.2292,1.42503,97,0.157143,0.19316,0.251627,0.248444,1.03097,0.352722,1.26858,6.12257,0.0919795,0,0.220567,NBA,1,Omicron,-1,No record,0,G_NBA,G_0
1057_1,-6.78127,1.98137,-3.46701,-5.52074,0.773621,2.19991,11.1873,1.42026,97,0.231958,-6.78232,1.99464,-3.41219,-5.5689,0.784122,2.41935,10.6799,1.42641,97,0.209522,-6.81958,1.97816,-3.39681,-5.22545,0.69268,2.11949,10.2334,1.41915,97,0.155725,0.170148,0.185024,0.237657,0.93807,0.405489,1.25856,5.63426,0.104216,0,0.261622,NBA,1,Omicron,3,Boosted,0,G_NBA,G_0
3014_1,-6.57133,2.63293,-3.40988,-4.76803,0.684492,2.19604,12.7454,1.44368,97,0.223216,-6.53941,2.55725,-3.42834,-4.98705,0.693918,2.04082,10.7504,1.45692,97,0.279947,-6.58883,2.55653,-3.40315,-5.14305,0.836136,2.21062,10.2584,1.43538,97,0.14796,0.148208,0.201985,0.285887,0.740283,0.187054,1.05952,4.58643,0.107836,0,0.286718,NBA,3,Omicron,-1,No record,0,G_NBA,G_0
1510_1,-6.59684,2.66581,-3.31625,-4.15084,0.844366,2.35927,13.3104,1.45194,97,0.260107,-6.57056,2.64961,-3.42673,-3.87194,0.731279,2.38119,12.3633,1.44484,97,0.270262,-6.60827,2.60152,-3.40886,-4.0633,0.806479,2.19194,10.2557,1.44719,97,0.14196,0.151565,0.20794,0.267901,0.604722,0.232555,1.26822,5.34558,0.0950362,0,0.261006,NBA,2,Omicron,-1,No record,0,G_NBA,G_0
2367_1,-6.65765,2.51425,-3.38783,-3.53584,0.733547,2.56189,12.4797,1.42837,97,0.407494,-6.68837,2.51769,-3.42577,-3.44968,0.778084,2.41905,11.4163,1.42644,97,0.238565,-6.69339,2.41791,-3.3981,-3.59264,0.651725,2.12188,10.2281,1.42347,97,0.156333,0.173811,0.251985,0.282764,0.625632,0.418351,1.26484,5.60245,0.0950031,0,0.259567,NBA,2,Omicron,-1,No record,0,G_NBA,G_0
591_1,-6.6684,2.75994,-3.54017,-3.51663,1.22773,2.32554,8.57661,1.43996,97,0.270143,-6.60519,2.61651,-3.4465,-3.55528,1.04054,2.92421,6.78732,1.43287,97,0.293076,-6.66245,2.57893,-3.46736,-3.47793,0.933796,2.66427,5.70641,1.43723,97,0.158573,0.157254,0.217735,0.280971,0.699987,0.458278,1.61073,2.76347,0.0828944,0,0.328177,NBA,1,Omicron,-1,No record,0,G_NBA,G_0
1860_1,-6.7642,2.05606,-3.31013,-6.58158,0.495386,2.43545,14.8196,1.39186,97,0.28076,-6.72982,2.03873,-3.35635,-6.01292,0.43262,2.17276,15.2353,1.37906,97,0.336693,-6.74042,2.03393,-3.38487,-6.01264,0.417011,2.0287,11.3748,1.39817,97,0.154863,0.139238,0.154604,0.275043,0.706922,0.121697,1.06053,7.39575,0.0861513,0,0.782546,NBA,1,Omicron,-1,No record,0,G_NBA,G_0
237_1,-6.73404,2.29449,-3.40608,-3.94806,0.76115,2.63158,8.17867,1.44137,97,0.313312,-6.6751,2.42429,-3.43603,-3.45507,0.638616,2.84827,8.23023,1.41588,97,0.21376,-6.73285,2.34352,-3.45794,-3.8248,0.72635,3.36132,7.95186,1.4293,97,0.148879,0.179532,0.257691,0.263074,0.681319,0.278717,1.30063,2.98909,0.101325,0,0.199797,NBA,1,Omicron,-1,No record,0,G_NBA,G_0
2344_1,-6.59097,2.69731,-3.42822,-4.51391,1.4339,2.97348,12.0332,1.42312,97,0.323521,-6.61983,2.7062,-3.41611,-4.12581,1.232,2.31541,9.61484,1.42057,97,0.236604,-6.62875,2.63662,-3.44113,-4.20929,1.21329,2.2567,7.99172,1.4286,97,0.173475,0.146375,0.200808,0.264073,0.533216,0.265679,1.5753,3.92079,0.0948992,0,0.238263,NBA,1,Omicron,-1,No record,0,G_NBA,G_0
1714_1,-6.64043,2.53448,-3.51678,-5.52737,0.771685,2.72047,7.90871,1.43298,97,0.25302,-6.60492,2.48787,-3.47214,-5.26934,0.678454,3.06925,8.12222,1.45291,97,0.294014,-6.58458,2.42316,-3.43668,-5.35683,0.701398,3.20848,8.26368,1.42844,97,0.145259,0.156361,0.223028,0.29351,0.847894,0.234522,1.56234,2.18136,0.101307,0,0.354786,NBA,2,Omicron,-1,No record,0,G_NBA,G_0
497_1,-6.62444,2.716,-3.45344,-4.62815,1.20031,2.51538,10.0314,1.43572,97,0.23148,-6.53812,2.60392,-3.40031,-4.86206,1.18656,2.26497,10.1471,1.41416,97,0.216902,-6.61586,2.62461,-3.4424,-4.42838,1.14205,2.01683,8.21483,1.43187,97,0.129361,0.172377,0.206168,0.254348,0.945664,0.336222,1.11275,5.36628,0.103307,0,0.240028,NBA,1,Omicron,-1,No record,0,G_NBA,G_0
2044_1,-6.59304,2.59795,-3.43231,-4.60608,0.941258,2.32687,8.1906,1.44723,97,0.247334,-6.56842,2.57933,-3.45022,-4.41144,0.914953,2.85363,8.79459,1.44295,97,0.177801,-6.61381,2.5701,-3.41396,-4.18628,0.853784,2.52337,7.99962,1.4339,97,0.128369,0.152248,0.218303,0.284526,0.766156,0.287813,1.82746,2.8648,0.100425,0,0.170993,NBA,1,Omicron,-1,No record,0,G_NBA,G_0
2348_1,-6.60952,2.74036,-3.43552,-5.34697,0.660483,2.28866,8.50767,1.45406,97,0.201403,-6.54043,2.68528,-3.44218,-5.58292,0.704212,2.58232,8.89417,1.44581,97,0.249261,-6.56614,2.59915,-3.4197,-5.4323,0.639734,2.2439,8.57414,1.43424,97,0.157499,0.149614,0.214995,0.281738,0.600126,0.137458,1.29921,1.15022,0.0937634,0,0.312033,NBA,1,Omicron,-1,No record,0,G_NBA,G_0
421_1,-6.58177,2.57745,-3.48099,-3.83668,0.70239,3.04605,8.08461,1.44974,97,0.348496,-6.59895,2.64805,-3.45761,-3.80923,0.788186,3.05803,8.3532,1.42176,97,0.21921,-6.62334,2.57753,-3.4301,-3.76253,0.710471,2.84023,7.65464,1.43218,97,0.163554,0.153071,0.195895,0.242437,0.546583,0.270703,1.92483,3.44393,0.0800877,0,0.326158,NBA,3,Omicron,-1,No record,0,G_NBA,G_0
2280_1,-6.69981,2.1234,-3.39466,-4.97756,0.627113,2.25647,16.3476,1.44904,97,0.243492,-6.72336,2.14133,-3.33076,-5.07991,0.660865,2.08948,15.7803,1.45152,97,0.31,-6.75687,2.12411,-3.37679,-4.90579,0.616965,1.93649,11.8016,1.43006,97,0.139612,0.165188,0.263046,0.342337,0.976275,0.205175,0.975953,4.89999,0.104102,0,0.448766,NBA,2,Omicron,-1,No record,0,G_NBA,G_0
2644_1,-6.71096,2.04096,-3.37048,-5.99008,0.851836,2.02749,10.0557,1.44971,97,0.236322,-6.74876,2.10077,-3.32325,-6.09444,0.956324,2.5563,11.8871,1.42803,97,0.286022,-6.7721,2.10783,-3.39923,-5.59733,0.877679,2.29484,10.3508,1.42242,97,0.149135,0.164525,0.173033,0.299945,0.927048,0.364705,1.54413,6.22553,0.104131,0,0.537125,NBA,1,Omicron,-1,No record,0,G_NBA,G_0
2444_1,-6.58355,2.58192,-3.33688,-3.38955,0.608967,2.76654,10.6954,1.4585,97,0.273631,-6.60932,2.6612,-3.31707,-3.40441,0.673932,2.33867,10.6087,1.42469,97,0.229241,-6.64948,2.50597,-3.3919,-3.59,0.620697,2.09025,10.1814,1.43226,97,0.157771,0.168381,0.241164,0.264302,0.641137,0.182085,1.51463,1.98462,0.0983372,0,0.325838,NBA,2,Omicron,-1,No record,0,G_NBA,G_0
947_1,-6.70367,2.34519,-3.33595,-5.80748,0.368689,2.40816,13.9817,1.38225,97,0.270608,-6.66366,2.27389,-3.3541,-6.10498,0.360705,2.67393,11.5439,1.39265,97,0.309658,-6.68305,2.31207,-3.39746,-5.96614,0.374246,2.1908,10.2917,1.39716,97,0.156186,0.138345,0.178889,0.271781,0.516916,0.122623,1.92825,4.42344,0.109216,0,0.576993,NBA,1,Omicron,-1,No record,0,G_NBA,G_0
522_1,-6.67686,2.38526,-3.42926,-5.70268,0.632444,2.25358,13.0447,1.41692,97,0.218056,-6.65495,2.30226,-3.36442,-5.82481,0.612623,2.32944,12.548,1.4201,97,0.331448,-6.64879,2.32458,-3.40492,-5.66814,0.592279,2.14766,8.89684,1.4198,97,0.152526,0.179508,0.217822,0.263463,0.722719,0.194077,1.22753,5.26435,0.0993935,0,0.362356,NBA,2,Omicron,-1,No record,0,G_NBA,G_0
1805_1,-6.67338,2.131,-3.37515,-6.18727,0.79352,2.23633,12.153,1.4167,97,0.223139,-6.7051,2.17305,-3.36678,-6.08104,0.794053,2.40896,13.0398,1.39416,97,0.2475,-6.74314,2.19401,-3.39732,-5.98346,0.891225,2.21986,10.4503,1.41553,97,0.164913,0.137899,0.166615,0.288225,0.761998,0.244611,1.35267,6.41531,0.095174,0,0.294378,NBA,2,Omicron,-1,No record,0,G_NBA,G_0
553_1,-6.58052,2.37023,-3.39799,-4.89159,0.779235,2.35539,13.5774,1.4418,97,0.368552,-6.63325,2.37088,-3.36269,-4.92672,0.798915,1.96549,12.7028,1.43169,97,0.299082,-6.66337,2.40283,-3.38602,-4.68833,0.788787,2.24415,11.279,1.4233,97,0.161165,0.157785,0.224179,0.280878,1.12831,0.267207,1.27035,6.39606,0.0945363,0,0.40368,NBA,2,Omicron,-1,No record,0,G_NBA,G_0
1358_1,-6.65225,2.48196,-3.55201,-4.81583,1.3557,3.31929,6.41784,1.42651,97,0.232811,-6.65224,2.51706,-3.44841,-5.17634,1.60933,2.76095,8.15411,1.44114,97,0.275548,-6.66658,2.56194,-3.40433,-5.65972,2.3199,2.06254,10.3847,1.42733,97,0.197428,0.175694,0.26387,0.300774,1.08973,0.678348,1.48262,5.51991,0.104224,0,0.274817,NBA,1,Omicron,-1,No record,0,G_NBA,G_0
2586_1,-6.59195,2.74826,-3.41517,-4.81301,1.68188,2.08121,11.6095,1.45657,97,0.322814,-6.52434,2.70135,-3.4299,-5.0886,1.79403,2.44282,13.9832,1.42437,97,0.316547,-6.60227,2.7362,-3.39458,-4.75954,1.78999,2.1346,10.2474,1.43661,97,0.155899,0.173499,0.188861,0.280116,0.772739,0.157806,1.25139,5.28532,0.0985466,0,0.537473,NBA,1,Omicron,-1,No record,0,G_NBA,G_0
1885_1,-6.76549,1.87862,-3.45135,-6.57815,0.390107,2.35029,13.169,1.42374,97,0.312748,-6.76281,1.92395,-3.35817,-6.16179,0.357603,2.30484,13.3427,1.41239,97,0.253183,-6.75168,1.90253,-3.39255,-5.97949,0.322827,2.14809,9.94012,1.40896,97,0.156591,0.155262,0.172587,0.287043,0.724874,0.144493,1.23004,5.13195,0.100953,0,0.25909,NBA,3,Omicron,-1,No record,0,G_NBA,G_0
2323_1,-6.48219,2.58802,-3.3494,-4.80818,0.98085,2.30973,16.8053,1.45156,97,0.226045,-6.53355,2.70212,-3.38036,-4.45465,1.00903,2.45712,15.9899,1.43032,97,0.211344,-6.57969,2.64886,-3.38117,-4.5193,0.985197,2.14198,11.0544,1.44238,97,0.129866,0.150585,0.246196,0.260248,0.727394,0.216173,1.51461,4.93515,0.0940081,0,0.263347,NBA,2,Omicron,-1,No record,0,G_NBA,G_0
2315_1,-6.63737,2.45444,-3.39209,-4.85177,0.81406,2.58816,9.60165,1.42664,97,0.333715,-6.62621,2.48205,-3.39735,-4.6335,0.823413,2.18722,9.65036,1.43286,97,0.293825,-6.66202,2.41381,-3.41906,-4.54461,0.762514,1.97512,8.44844,1.42817,97,0.152502,0.178888,0.222883,0.313588,1.01987,0.312761,1.2147,3.98176,0.115071,0,0.403848,NBA,1,Omicron,-1,No record,0,G_NBA,G_0
2091_1,-6.63477,2.52927,-3.29827,-5.24861,0.839118,2.2456,13.3675,1.44432,97,0.188295,-6.59076,2.53633,-3.31262,-5.14265,0.833562,2.93182,14.3298,1.44425,97,0.31275,-6.61722,2.49967,-3.33696,-5.02512,0.800094,2.31714,12.0167,1.42173,97,0.176268,0.151916,0.222341,0.29639,0.629043,0.128689,1.97344,3.51576,0.103281,0,0.332782,NBA,3,Omicron,-1,No record,0,G_NBA,G_0
145_1,-6.62302,2.43605,-3.41992,-4.55967,1.05484,2.09226,11.6404,1.39801,97,0.223302,-6.61696,2.5061,-3.31645,-4.96575,1.24048,2.43467,13.1613,1.4218,97,0.242581,-6.6775,2.49738,-3.41227,-4.6539,1.20195,2.23117,9.99506,1.42307,97,0.135951,0.179502,0.265864,0.239955,0.849474,0.294561,1.23509,5.08606,0.106663,0,0.249504,NBA,1,Omicron,-1,No record,0,G_NBA,G_0
483_1,-6.79632,2.07722,-3.45394,-6.06819,0.713608,2.14062,12.6885,1.4356,97,0.230045,-6.73809,2.0122,-3.39105,-6.23667,0.693949,2.36826,12.5718,1.39547,97,0.240564,-6.76138,2.03415,-3.39811,-5.86388,0.689487,2.10503,10.1019,1.41619,97,0.159154,0.161503,0.183203,0.256771,0.846117,0.320679,1.25623,6.65486,0.100187,0,0.274032,NBA,2,Omicron,-1,No record,0,G_NBA,G_0
64_1,-6.75681,2.22114,-3.35126,-6.33886,0.923321,2.23381,14.0437,1.4064,97,0.339106,-6.75663,2.22636,-3.41642,-6.27439,0.842375,2.39611,13.3004,1.3896,97,0.25502,-6.75583,2.20711,-3.3934,-6.17046,0.953814,2.23499,11.0342,1.40871,97,0.138493,0.126729,0.14872,0.302459,0.751724,0.202649,1.41488,5.93023,0.101092,0,0.316664,NBA,1,Omicron,-1,No record,0,G_NBA,G_0
3029_1,-6.66663,2.50103,-3.3465,-2.86046,0.61361,2.27283,11.5663,1.44623,97,0.229942,-6.67376,2.47973,-3.38297,-2.95645,0.629395,2.75997,12.2457,1.43255,97,0.326781,-6.70164,2.41985,-3.40112,-3.00393,0.532061,2.22637,10.3204,1.42824,97,0.148691,0.169594,0.253437,0.296488,0.581039,0.367672,1.36918,6.56829,0.106355,0,0.597326,NBA,2,Omicron,-1,No record,0,G_NBA,G_0
179_1,-6.68928,2.40931,-3.46027,-3.73046,0.883409,2.09804,8.81186,1.44189,97,0.307417,-6.74456,2.48285,-3.46524,-3.6059,0.863944,2.54843,10.3546,1.43549,97,0.2169,-6.69898,2.45445,-3.4361,-3.55151,0.7577,2.32602,7.66484,1.4214,97,0.144547,0.191451,0.274737,0.275389,0.748122,0.369552,1.49221,6.71626,0.0925722,0,0.219686,NBA,1,Omicron,-1,No record,0,G_NBA,G_0
2784_1,-6.62083,2.54064,-3.38858,-4.38012,0.698514,2.37809,13.1636,1.43231,97,0.251416,-6.60744,2.53997,-3.37875,-4.4751,0.742846,2.20265,12.2144,1.44566,97,0.259994,-6.62921,2.47615,-3.3995,-4.43894,0.689812,2.0756,10.1599,1.43075,97,0.148434,0.16696,0.245289,0.271945,0.84904,0.247426,0.993217,4.81023,0.107394,0,0.451521,NBA,2,Omicron,-1,No record,0,G_NBA,G_0
601_1,-6.74027,2.17664,-3.37515,-5.23962,0.543117,2.29336,15.2273,1.40626,97,0.290978,-6.69838,2.11326,-3.3766,-5.42348,0.537797,2.31837,13.6788,1.40441,97,0.21749,-6.70827,2.16923,-3.40202,-5.24988,0.596931,2.22657,10.156,1.40888,97,0.144959,0.15835,0.213308,0.268964,0.876351,0.208785,1.18642,5.17258,0.0889182,0,0.256903,NBA,2,Omicron,-1,No record,0,G_NBA,G_0
1946_1,-6.55092,2.44907,-3.31289,-4.33677,0.769322,2.14394,19.8864,1.42751,97,0.313909,-6.59503,2.50286,-3.23768,-4.50474,0.844963,2.14248,20.3206,1.44112,97,0.33991,-6.62662,2.54273,-3.24587,-4.26051,0.811977,1.96311,15.9738,1.42293,97,0.164291,0.189877,0.186553,0.208364,0.584236,0.111689,1.10533,5.26461,0.097823,0,0.499585,NBA,1,Omicron,-1,No record,0,G_NBA,G_0
1882_1,-6.70585,2.18115,-3.36865,-5.98217,0.511769,2.11082,13.3868,1.41125,97,0.315245,-6.74598,2.22731,-3.38939,-5.96599,0.519075,2.20871,12.6822,1.41962,97,0.312312,-6.69956,2.21236,-3.40005,-5.94409,0.558653,2.16078,10.2505,1.41642,97,0.146455,0.152752,0.183195,0.311992,0.662117,0.185282,0.987892,4.87944,0.101098,0,0.382664,NBA,3,Omicron,-1,No record,0,G_NBA,G_0
900_1,-6.57384,2.46505,-3.45856,-4.87064,0.661082,2.18237,12.5504,1.45398,97,0.382316,-6.55299,2.47634,-3.36809,-4.92657,0.717047,2.18855,12.4122,1.45436,97,0.359045,-6.62287,2.48904,-3.39559,-5.06919,0.868355,2.18623,10.3571,1.43055,97,0.14618,0.164913,0.217504,0.241984,1.02749,0.235353,1.17061,5.34134,0.103855,0,0.76966,NBA,1,Omicron,-1,No record,0,G_NBA,G_0
2485_1,-6.65206,2.46442,-3.39608,-5.11206,0.889077,2.318,10.2625,1.41996,97,0.4621,-6.63047,2.43896,-3.46346,-5.09869,0.937806,2.45781,11.1126,1.42672,97,0.263994,-6.65365,2.41886,-3.41818,-4.92048,0.858945,2.24414,8.64305,1.42188,97,0.158889,0.159827,0.185073,0.275308,0.806063,0.318895,1.33341,5.46791,0.084825,0,0.280035,NBA,1,Omicron,-1,No record,0,G_NBA,G_0
1249_1,-6.58243,2.70002,-3.34635,-5.66992,0.82921,1.97456,15.4055,1.42318,97,0.222577,-6.52871,2.62207,-3.37047,-5.35256,0.671687,1.97049,12.2564,1.43444,97,0.293579,-6.57314,2.61537,-3.36557,-5.34458,0.734127,1.7478,12.5476,1.4315,97,0.141629,0.139442,0.190663,0.285137,0.671826,0.159931,1.26944,3.32989,0.100176,0,0.324863,NBA,1,Omicron,-1,No record,0,G_NBA,G_0
722_1,-6.52387,2.72387,-3.37619,-4.75989,1.11373,2.27129,12.1142,1.44191,97,0.303231,-6.54918,2.74924,-3.36704,-4.9184,1.12902,2.39837,12.4823,1.44951,97,0.310733,-6.57838,2.67493,-3.40152,-4.66879,1.07606,2.13764,10.279,1.44189,97,0.157576,0.171368,0.200852,0.27818,0.786881,0.33243,1.32469,5.11934,0.0886462,0,0.357308,NBA,1,Omicron,-1,No record,0,G_NBA,G_0
2037_1,-6.60435,2.22631,-3.42392,-5.92022,0.614327,2.15766,13.0149,1.42919,97,0.284365,-6.65412,2.24948,-3.41058,-5.72363,0.549049,2.4699,12.7125,1.4366,97,0.214032,-6.67395,2.26427,-3.39038,-5.62365,0.606077,2.15436,10.2666,1.41915,97,0.155591,0.177456,0.205988,0.259104,0.75168,0.206341,1.34097,4.45483,0.101347,0,0.233897,NBA,1,Omicron,-1,No record,0,G_NBA,G_0
2134_1,-6.61512,2.65801,-3.38293,-3.64812,0.936467,2.4404,10.7725,1.41732,97,0.296546,-6.58314,2.59785,-3.41768,-3.8499,0.918827,2.48973,10.8226,1.43271,97,0.182231,-6.65449,2.53992,-3.39866,-3.78303,0.793702,2.24622,10.3394,1.43511,97,0.14956,0.143358,0.241506,0.27416,0.712981,0.503959,1.3187,6.40583,0.0890435,0,0.203654,NBA,1,Omicron,-1,No record,0,G_NBA,G_0
2377_1,-6.53937,2.62952,-3.36489,-5.24907,0.733164,2.30213,12.8323,1.45909,97,0.255105,-6.54327,2.56214,-3.32905,-5.23416,0.703216,2.37445,12.3493,1.44596,97,0.289776,-6.56675,2.5726,-3.3956,-5.11,0.717103,2.13064,10.245,1.43661,97,0.156176,0.151281,0.21822,0.293636,0.730004,0.183845,1.48342,5.43758,0.105013,0,0.302103,NBA,3,Omicron,-1,No record,0,G_NBA,G_0
659_1,-6.50375,2.66522,-3.35183,-4.74902,0.881108,2.70144,13.8641,1.45918,97,0.262053,-6.54712,2.71123,-3.41541,-4.46319,0.8603,2.40757,13.1698,1.46793,97,0.310975,-6.56899,2.63764,-3.39005,-4.44323,0.809183,2.02297,10.1555,1.44412,97,0.15619,0.147811,0.219897,0.292726,0.622395,0.267396,1.95446,5.92798,0.113757,0,0.35367,NBA,1,Omicron,-1,No record,0,G_NBA,G_0
2463_1,-6.64395,2.35017,-3.43825,-5.71718,1.38314,2.63942,7.9825,1.40503,97,0.23459,-6.69481,2.41831,-3.35872,-5.8013,1.5923,2.33869,8.94946,1.41548,97,0.217468,-6.70313,2.39625,-3.45208,-5.29931,1.56191,2.21912,6.48453,1.40621,97,0.134125,0.134633,0.200091,0.249899,1.00813,0.502122,1.09294,5.03991,0.0898238,0,0.233421,NBA,2,Omicron,-1,No record,0,G_NBA,G_0
648_1,-6.59821,2.6995,-3.32444,-3.78946,0.640388,2.73599,14.084,1.44616,97,0.253397,-6.55623,2.65275,-3.33386,-4.03384,0.706113,2.4456,13.5607,1.42994,97,0.280063,-6.60014,2.56839,-3.39179,-4.13817,0.668153,2.13425,9.54804,1.43244,97,0.150702,0.165341,0.243343,0.264738,0.641903,0.193906,1.57487,4.724,0.108369,0,0.330517,NBA,1,Omicron,2,Second dose,0,G_NBA,G_0
2681_1,-6.56722,2.60872,-3.49942,-5.19126,0.856236,2.65331,9.75467,1.42251,97,0.265373,-6.55808,2.59734,-3.43,-5.22419,0.86173,3.13246,9.86014,1.42662,97,0.263746,-6.58772,2.55379,-3.40989,-5.07204,0.80427,2.76481,9.00924,1.43516,97,0.157645,0.17417,0.18207,0.323665,0.684006,0.219192,1.22503,2.19918,0.0986244,0,0.252261,NBA,1,Omicron,-1,No record,0,G_NBA,G_0
518_1,-6.60569,2.69093,-3.27999,-5.16657,0.855394,2.1983,16.1195,1.46412,97,0.334731,-6.59265,2.72133,-3.32888,-4.81897,0.785418,2.50231,15.3423,1.44777,97,0.316499,-6.56799,2.59859,-3.3862,-5.01208,0.804961,2.32285,11.0479,1.4451,97,0.150644,0.168662,0.235845,0.225032,0.673702,0.151775,1.56381,6.80116,0.0914782,0,0.443674,NBA,2,Omicron,-1,No record,0,G_NBA,G_0
3052_1,-6.5982,2.77609,-3.3662,-4.01149,1.16144,2.78051,12.4114,1.45142,97,0.25321,-6.57123,2.67701,-3.38103,-4.32702,1.20654,2.60191,12.7392,1.43756,97,0.255084,-6.61358,2.63564,-3.39783,-4.24467,1.15909,2.26382,10.2986,1.43387,97,0.138439,0.16857,0.258809,0.276906,0.814276,0.354401,1.53328,6.54895,0.0922482,0,0.390064,NBA,1,Omicron,-1,No record,0,G_NBA,G_0
2136_1,-6.59563,2.45219,-3.35265,-4.33506,0.563434,2.4979,10.7668,1.41117,97,0.328419,-6.65579,2.40709,-3.39718,-4.43794,0.561812,2.77863,10.4269,1.44149,97,0.247297,-6.67765,2.30201,-3.39654,-4.46346,0.534954,2.13451,10.2406,1.42137,97,0.156202,0.167212,0.241598,0.308596,0.623981,0.180672,2.10323,2.01887,0.0955581,0,0.229945,NBA,1,Omicron,-1,No record,0,G_NBA,G_0
664_1,-6.54457,2.6395,-3.35812,-4.16903,0.706925,2.37633,14.1365,1.41292,97,0.284504,-6.55896,2.61175,-3.3092,-4.13423,0.694355,2.41056,14.6754,1.44198,97,0.344637,-6.60345,2.55115,-3.3851,-4.15387,0.662474,2.18358,10.2881,1.43562,97,0.145706,0.162228,0.204958,0.2539,0.61637,0.213964,1.32479,5.63729,0.093196,0,0.571983,NBA,1,Omicron,-1,No record,0,G_NBA,G_0
1762_1,-6.6407,2.38245,-3.36659,-4.08649,0.749244,2.36084,9.71975,1.42787,97,0.286349,-6.72486,2.42693,-3.38302,-4.14799,0.775353,2.28942,10.5723,1.42571,97,0.220086,-6.70656,2.34862,-3.41556,-4.03928,0.696427,2.11183,9.12981,1.41856,97,0.158202,0.196429,0.225659,0.253964,0.801436,0.331939,1.4172,4.97711,0.0987808,0,0.245482,NBA,2,Omicron,-1,No record,0,G_NBA,G_0
2783_1,-6.70952,2.45556,-3.48785,-5.51468,1.5314,2.41331,6.22592,1.40991,97,0.275009,-6.6348,2.38565,-3.52546,-4.98187,1.17712,2.87927,6.59987,1.42361,97,0.409714,-6.70744,2.36579,-3.50427,-4.73146,1.00484,2.74973,4.78004,1.42784,97,0.166318,0.156585,0.247872,0.300405,1.4357,0.666641,1.81713,3.88268,0.0874062,0,0.719074,NBA,3,Omicron,-1,No record,0,G_NBA,G_0
2391_1,-6.69296,2.30552,-3.41952,-5.35674,1.13555,2.54357,12.4094,1.41179,97,0.244586,-6.70556,2.33391,-3.38039,-4.98344,0.955717,2.46909,12.0941,1.41607,97,0.270715,-6.71519,2.34786,-3.39973,-5.21647,1.23499,2.10668,10.2066,1.41578,97,0.154044,0.158132,0.184616,0.297266,0.875049,0.336093,1.46451,7.40089,0.0871828,0,0.326589,NBA,2,Omicron,-1,No record,0,G_NBA,G_0
579_1,-6.57582,2.6494,-3.42121,-5.35545,1.0172,2.29747,10.0734,1.42597,97,0.262038,-6.55555,2.61956,-3.36757,-5.24821,1.03774,2.60785,14.4767,1.45985,97,0.266907,-6.59206,2.58277,-3.42236,-5.01569,1.01087,2.25861,10.1186,1.43412,97,0.149401,0.160043,0.197999,0.291944,0.841317,0.234177,1.43744,9.49777,0.105533,0,0.276836,NBA,1,Delta,-1,No record,0,G_NBA,G_0
595_1,-6.72999,2.10874,-3.42372,-5.79279,0.69634,2.13516,14.7914,1.42271,97,0.311833,-6.67835,2.03193,-3.39605,-6.18352,0.70966,1.93611,13.3955,1.41232,97,0.251249,-6.73494,2.1497,-3.41193,-5.63957,0.691685,1.80495,9.72087,1.41588,97,0.126059,0.150786,0.202157,0.280093,0.83476,0.245688,0.973148,5.96275,0.0907022,0,0.313826,NBA,1,Omicron,-1,No record,0,G_NBA,G_0
2266_1,-6.89047,1.83263,-3.34192,-6.58121,0.517585,2.48921,13.258,1.3969,97,0.284229,-6.71631,1.64271,-3.39322,-7.18885,0.53995,2.1211,13.3312,1.41243,97,0.366443,-6.886,1.79803,-3.36953,-6.78946,0.609827,1.97445,13.5742,1.41228,97,0.163277,0.153255,0.165893,0.28525,0.714059,0.178825,1.35908,2.57693,0.0951769,0,0.930514,NBA,1,Omicron,-1,No record,0,G_NBA,G_0
406_1,-6.61771,2.60957,-3.41089,-3.74452,0.907781,2.81261,11.6208,1.43146,97,0.340999,-6.57707,2.62763,-3.46071,-3.78158,0.910984,2.38857,12.0003,1.4417,97,0.201123,-6.64694,2.6012,-3.41474,-3.82287,0.96116,2.54898,10.3931,1.4349,97,0.151041,0.188368,0.21036,0.280017,0.571797,0.348713,1.2257,6.3985,0.0894814,0,0.236506,NBA,2,Omicron,-1,No record,0,G_NBA,G_0
1818_1,-6.88572,1.53799,-3.39074,-6.75344,0.686324,2.85019,13.758,1.40588,97,0.247914,-6.94477,1.61307,-3.37169,-7.26636,0.82986,2.1568,17.0681,1.42812,97,0.247148,-6.93516,1.59088,-3.40709,-6.80699,0.729053,2.15738,10.2374,1.40671,97,0.152223,0.134094,0.175637,0.279414,1.02412,0.416353,1.49116,10,0.104141,0,0.356195,NBA,1,Omicron,-1,No record,0,G_NBA,G_0
2893_1,-6.646,2.32231,-3.35548,-5.83445,0.753918,2.26535,12.8259,1.43451,97,0.249602,-6.64552,2.33147,-3.40311,-5.68778,0.717869,2.69848,11.0993,1.40864,97,0.299846,-6.65824,2.35973,-3.39783,-5.63497,0.744902,2.13147,10.2376,1.42206,97,0.155617,0.134737,0.161709,0.315958,0.684995,0.296751,2.35072,5.11552,0.0917124,0,0.496177,NBA,2,Omicron,-1,No record,0,G_NBA,G_0
959_1,-6.61559,2.4966,-3.30378,-4.16514,0.665896,2.31545,13.3229,1.37324,97,0.231676,-6.65311,2.43973,-3.40049,-4.21404,0.623753,2.57597,13.5552,1.40135,97,0.282153,-6.65643,2.42238,-3.40268,-4.15357,0.631033,2.10238,10.3099,1.40235,97,0.151115,0.178326,0.209535,0.263939,0.894487,0.233248,1.60227,6.06495,0.104635,0,0.378121,NBA,1,Omicron,-1,No record,0,G_NBA,G_0
2354_1,-6.66654,2.30255,-3.37433,-5.99997,0.465145,1.97277,11.7398,1.42227,97,0.300647,-6.6584,2.26255,-3.38123,-5.87624,0.447017,2.68903,12.6626,1.42673,97,0.210448,-6.6564,2.3029,-3.39706,-5.79721,0.454052,2.13005,10.2378,1.42035,97,0.156021,0.164959,0.188167,0.288198,0.811328,0.153153,1.51578,5.6944,0.0998194,0,0.23709,NBA,1,Omicron,-1,No record,0,G_NBA,G_0
124_1,-6.54886,2.61803,-3.34871,-5.08247,0.613679,2.12176,13.8867,1.42669,97,0.276586,-6.57259,2.60865,-3.37306,-5.13161,0.663434,2.66603,13.4021,1.45994,97,0.232991,-6.56241,2.56766,-3.37567,-5.21641,0.63183,2.30739,8.99836,1.43895,97,0.130736,0.166181,0.215058,0.297429,0.761323,0.190301,1.4484,5.57777,0.10909,0,0.297655,NBA,1,Omicron,-1,No record,0,G_NBA,G_0
2905_1,-6.56375,2.60157,-3.43343,-4.73109,0.778773,2.22248,10.1867,1.42393,97,0.264115,-6.57123,2.59638,-3.35544,-4.87534,0.908408,2.18709,12.0806,1.44123,97,0.300455,-6.58392,2.56993,-3.39506,-4.75726,0.916696,2.05241,10.1331,1.43144,97,0.151353,0.175861,0.243193,0.252996,0.840453,0.298985,1.36545,5.22664,0.091425,0,0.437893,NBA,3,Omicron,-1,No record,0,G_NBA,G_0
1574_1,-6.5986,2.47079,-3.40188,-4.63401,0.556534,2.18317,14.8037,1.42405,97,0.448783,-6.58963,2.41951,-3.3519,-4.77979,0.535054,2.24822,15.1896,1.41958,97,0.274691,-6.617,2.41791,-3.36018,-4.67204,0.528226,2.19475,11.0094,1.43462,97,0.136902,0.154792,0.206711,0.242483,0.781078,0.157014,1.17288,5.32957,0.0913212,0,0.327269,NBA,3,Omicron,-1,No record,0,G_NBA,G_0
1034_1,-6.77216,2.01985,-3.38709,-4.96108,0.535076,2.65165,11.383,1.43211,97,0.373157,-6.81334,2.04615,-3.38186,-5.23946,0.672579,2.58241,12.925,1.42113,97,0.306964,-6.78441,2.01823,-3.39909,-4.84032,0.501602,2.12992,10.2369,1.41646,97,0.155902,0.163968,0.191047,0.267889,0.865758,0.397783,1.80775,7.04259,0.0952577,0,0.383873,NBA,1,Omicron,-1,No record,0,G_NBA,G_0
2695_1,-6.56184,2.62631,-3.33812,-5.41244,0.570189,2.35312,10.7319,1.45606,97,0.36628,-6.53089,2.60528,-3.31841,-5.52817,0.585249,2.76933,11.2058,1.45994,97,0.273917,-6.55462,2.57218,-3.41594,-5.44463,0.562796,2.40236,10.2458,1.43877,97,0.138804,0.1654,0.208629,0.240071,0.524896,0.148486,1.74438,1.81321,0.0999867,0,0.355355,NBA,3,Omicron,-1,No record,0,G_NBA,G_0
2122_1,-6.66379,2.31189,-3.41038,-5.20103,0.712839,2.49435,13.8675,1.4439,97,0.301086,-6.61085,2.32628,-3.43386,-4.99667,0.628364,2.32228,12.6401,1.4312,97,0.261734,-6.66668,2.32952,-3.39449,-5.10905,0.716231,2.24753,10.2825,1.42228,97,0.145902,0.154092,0.200086,0.303064,0.860908,0.207159,1.39491,5.59074,0.100901,0,0.299263,NBA,1,Omicron,-1,No record,0,G_NBA,G_0
2277_1,-6.55412,2.40905,-3.41066,-4.63853,0.620806,2.73625,7.17606,1.44618,97,0.353394,-6.5956,2.50505,-3.4433,-4.613,0.701509,2.90269,7.06524,1.45704,97,0.290117,-6.61514,2.4609,-3.44253,-4.54951,0.61277,2.42826,6.44874,1.43026,97,0.135156,0.1516,0.200396,0.257992,0.814911,0.269465,1.73253,2.24294,0.0942488,0,0.436194,NBA,1,Omicron,-1,No record,0,G_NBA,G_0
2305_1,-6.57429,2.56213,-3.34119,-4.59002,0.738437,2.64963,14.1703,1.44913,97,0.243995,-6.55881,2.53195,-3.33532,-4.52643,0.700975,2.47679,14.5495,1.43868,97,0.316715,-6.6122,2.51891,-3.39461,-4.35235,0.67206,2.38507,10.3752,1.43287,97,0.143971,0.154589,0.193076,0.26862,0.76139,0.225038,1.14912,6.61575,0.109922,0,0.615781,NBA,1,Omicron,-1,No record,0,G_NBA,G_0
1163_1,-6.71725,2.27833,-3.43631,-4.29004,0.819427,1.91464,8.96314,1.41212,97,0.201384,-6.70339,2.42445,-3.45509,-3.8107,0.756255,1.89683,9.72732,1.41256,97,0.293039,-6.72705,2.35331,-3.42563,-3.89373,0.776892,2.14408,8.17383,1.41427,97,0.188096,0.193424,0.298596,0.280009,1.01323,0.350149,0.838038,5.75553,0.0941214,0,0.318922,NBA,2,Omicron,-1,No record,0,G_NBA,G_0
2645_1,-6.61729,2.39929,-3.32762,-4.70916,0.487316,2.54832,13.9659,1.4275,97,0.304313,-6.60325,2.39588,-3.40295,-4.73678,0.482383,2.28471,13.2665,1.4362,97,0.273068,-6.61912,2.35877,-3.38776,-4.75284,0.4812,2.18765,10.0366,1.4304,97,0.145209,0.153423,0.177575,0.287486,0.718348,0.183535,1.15697,4.2292,0.101639,0,0.295206,NBA,1,Omicron,-1,No record,0,G_NBA,G_0
2993_1,-6.87053,1.60045,-3.33654,-6.81381,0.814482,2.41583,15.961,1.40766,97,0.287197,-6.86719,1.58223,-3.35871,-6.6292,0.65394,2.09817,13.9697,1.40936,97,0.215588,-6.91937,1.60614,-3.39203,-6.73168,0.655666,2.02638,11.1415,1.41814,97,0.145485,0.166227,0.185332,0.268175,0.976357,0.37786,1.46459,5.56611,0.0869015,0,0.220839,NBA,1,Omicron,-1,No record,0,G_NBA,G_0
459_1,-6.78574,2.02317,-3.38856,-6.19866,0.497707,2.3093,14.0704,1.40738,97,0.33843,-6.74201,1.9892,-3.37913,-6.33924,0.485381,2.36816,14.8283,1.41688,97,0.289969,-6.7631,1.99697,-3.39801,-6.07636,0.498545,2.13536,10.262,1.4011,97,0.162864,0.190957,0.200698,0.294709,0.708301,0.170077,1.08986,6.51949,0.0996157,0,0.29503,NBA,3,Omicron,-1,No record,0,G_NBA,G_0
2989_1,-6.87796,1.91399,-3.42089,-6.70719,1.04432,2.07538,9.85452,1.39229,97,0.243407,-6.79747,1.80971,-3.43072,-6.89082,0.952106,2.29556,9.89564,1.38764,97,0.245839,-6.86952,1.9062,-3.39765,-6.7551,1.11795,2.1346,10.2365,1.39901,97,0.155898,0.187005,0.214658,0.263623,0.744537,0.479613,1.13251,5.01408,0.090278,0,0.28443,NBA,1,Omicron,-1,No record,0,G_NBA,G_0
1035_1,-6.59764,2.52146,-3.42285,-5.26272,0.906641,2.34491,9.53673,1.42916,97,0.35919,-6.57328,2.51736,-3.4386,-5.16633,0.908913,2.49058,10.3955,1.4537,97,0.290231,-6.61965,2.5113,-3.4009,-5.04884,0.932867,2.18175,10.1404,1.42641,97,0.136734,0.178075,0.220364,0.3145,0.876454,0.321982,1.58412,4.74663,0.087362,0,0.274399,NBA,1,Omicron,-1,No record,0,G_NBA,G_0
383_1,-6.5335,2.41385,-3.46441,-5.15993,0.567457,2.26617,11.9391,1.43895,97,0.214216,-6.57391,2.48529,-3.37702,-5.41075,0.731675,2.19857,14.7742,1.42612,97,0.222332,-6.59373,2.45311,-3.40562,-5.32657,0.695596,2.08126,10.8991,1.43274,97,0.124608,0.154856,0.1886,0.244828,0.824604,0.218708,1.05097,6.1007,0.090642,0,0.263622,NBA,1,Omicron,-1,No record,0,G_NBA,G_0
2611_1,-6.64639,2.46405,-3.35993,-5.47566,1.02626,2.25697,10.365,1.40454,97,0.284509,-6.60088,2.37358,-3.39389,-5.7068,1.0994,2.35748,12.8114,1.43777,97,0.195389,-6.65605,2.42622,-3.40803,-5.33738,1.08052,2.08302,10.1583,1.42041,97,0.15718,0.154571,0.186665,0.324018,0.818558,0.244722,1.25546,5.3933,0.113629,0,0.210734,NBA,1,Omicron,-1,No record,0,G_NBA,G_0
1063_1,-6.74888,2.17407,-3.42437,-4.90114,0.842425,2.36215,10.7696,1.41262,97,0.399626,-6.72602,2.17971,-3.40864,-5.03608,0.822656,2.35685,10.8557,1.41219,97,0.310047,-6.75808,2.19397,-3.40347,-4.57544,0.710832,2.17549,10.1887,1.4114,97,0.15325,0.165406,0.195772,0.265245,1.16837,0.404165,1.00565,3.91011,0.107032,0,0.597082,NBA,2,Omicron,-1,No record,0,G_NBA,G_0
891_1,-6.71104,2.02649,-3.34894,-5.64756,0.617557,2.11979,13.1636,1.40691,97,0.229078,-6.7351,2.12009,-3.36653,-4.75122,0.475253,2.6254,13.4563,1.39968,97,0.291456,-6.75456,2.07121,-3.36586,-4.8957,0.501047,2.51044,13.345,1.4107,97,0.149731,0.182114,0.223314,0.330209,0.799318,0.197197,1.44321,3.62388,0.0870399,0,0.417493,NBA,3,Omicron,-1,No record,0,G_NBA,G_0
3011_1,-6.62044,2.65654,-3.42745,-5.77454,1.72728,2.05788,12.6558,1.44115,97,0.24546,-6.59514,2.65538,-3.50122,-5.43106,1.43225,2.4662,9.51854,1.44407,97,0.27619,-6.6275,2.58719,-3.46858,-5.22185,1.36639,2.27526,5.60445,1.42824,97,0.164544,0.167477,0.268089,0.285909,0.933776,0.496186,1.09932,6.5756,0.100738,0,0.235556,NBA,2,Omicron,-1,No record,0,G_NBA,G_0
2396_1,-6.79403,2.00903,-3.4464,-5.35898,0.686092,2.25553,12.0094,1.40818,97,0.203656,-6.81102,2.00337,-3.33818,-5.06521,0.606997,2.54374,13.8158,1.39891,97,0.239095,-6.80598,2.00222,-3.39687,-5.04659,0.615731,2.13086,10.2523,1.41814,97,0.155425,0.154327,0.174611,0.261248,0.56816,0.29019,1.61177,7.05266,0.105022,0,0.238964,NBA,2,Omicron,-1,No record,0,G_NBA,G_0
2271_1,-6.62416,2.57376,-3.41331,-3.71028,0.59834,2.38307,12.736,1.44614,97,0.273994,-6.58787,2.46514,-3.39223,-4.02035,0.600842,2.13424,12.0415,1.44884,97,0.270247,-6.63379,2.48535,-3.39199,-3.8538,0.587073,2.01548,9.98714,1.42952,97,0.149528,0.155814,0.237305,0.309308,0.672232,0.236422,1.29132,5.13606,0.11009,0,0.323512,NBA,2,Omicron,-1,No record,0,G_NBA,G_0
2857_1,-6.5779,2.4431,-3.41043,-5.18435,0.56851,2.53488,13.222,1.43889,97,0.24059,-6.58782,2.47824,-3.36525,-5.45433,0.565237,2.57784,13.7509,1.44536,97,0.294652,-6.59579,2.44297,-3.39665,-5.38081,0.611788,2.23324,10.4632,1.43149,97,0.145512,0.158454,0.203815,0.30936,0.794836,0.166882,1.78707,5.84471,0.0861401,0,0.364452,NBA,1,Omicron,-1,No record,0,G_NBA,G_0
470_1,-6.70094,2.09679,-3.46745,-6.07326,0.87767,2.22847,6.08869,1.41197,97,0.227829,-6.71081,2.12254,-3.45263,-6.21148,1.21792,2.00317,7.83544,1.38728,97,0.402083,-6.71453,2.10686,-3.50937,-6.06761,1.06638,1.87896,4.9527,1.40623,97,0.162947,0.173097,0.204798,0.31109,0.996123,0.575997,0.915735,5.47561,0.0933363,0,0.607897,NBA,2,Omicron,-1,No record,0,G_NBA,G_0
1978_1,-6.74312,2.22415,-3.45455,-5.92136,0.972116,2.98301,8.74135,1.41322,97,0.308555,-6.74244,2.26654,-3.50308,-6.09628,1.09115,2.62583,11.2986,1.40814,97,0.262084,-6.72903,2.2443,-3.39713,-5.65304,1.02659,2.10404,10.4702,1.41389,97,0.154205,0.170228,0.203517,0.295221,0.90367,0.40195,1.65897,7.09928,0.0967703,0,0.388351,NBA,2,Omicron,-1,No record,0,G_NBA,G_0
1507_1,-6.57868,2.50464,-3.36182,-4.3059,0.872007,2.47867,12.104,1.42838,97,0.264628,-6.5713,2.51939,-3.40129,-4.16119,0.814537,2.3795,11.9983,1.44648,97,0.257814,-6.64583,2.53102,-3.40477,-4.0276,0.797686,2.34256,10.4058,1.43286,97,0.143393,0.185813,0.217779,0.210492,0.78169,0.274447,1.17275,5.67507,0.108897,0,0.265913,NBA,2,Omicron,-1,No record,0,G_NBA,G_0
756_1,-6.53987,2.57731,-3.30386,-4.5784,0.776321,3.13598,16.3757,1.43302,97,0.25723,-6.56828,2.62139,-3.39088,-4.21651,0.646486,2.2662,15.9964,1.4465,97,0.243255,-6.61152,2.54511,-3.35313,-4.44887,0.713123,2.23678,11.9898,1.43429,97,0.131178,0.176297,0.228508,0.27595,0.680717,0.210102,1.35713,5.17759,0.104452,0,0.316388,NBA,1,Omicron,-1,No record,0,G_NBA,G_0
2246_1,-6.80448,2.17996,-3.37785,-4.84579,0.715275,2.87028,11.2083,1.40435,97,0.324985,-6.74799,2.13395,-3.38036,-5.29344,0.797685,2.55306,11.671,1.41366,97,0.259268,-6.77571,2.11834,-3.39789,-4.77911,0.667468,2.15465,10.2639,1.41283,97,0.154322,0.159705,0.20519,0.267952,1.22609,0.448994,1.85956,6.25466,0.10605,0,0.277581,NBA,2,Omicron,-1,No record,0,G_NBA,G_0
2707_1,-6.55626,2.66061,-3.43896,-4.48669,0.960548,2.41652,12.9689,1.43216,97,0.289356,-6.53527,2.59626,-3.37757,-4.2324,0.797649,2.57714,14.1508,1.43909,97,0.382606,-6.60265,2.5905,-3.39005,-4.10605,0.774266,2.17508,10.3591,1.438,97,0.149302,0.176746,0.21934,0.269357,0.841838,0.249677,1.42168,7.31656,0.0991764,0,0.569261,NBA,2,Omicron,-1,No record,0,G_NBA,G_0
822_1,-6.61505,2.58308,-3.36864,-5.49081,0.894059,2.30399,13.7989,1.45036,97,0.220922,-6.57033,2.55461,-3.39199,-5.37267,0.810668,2.51185,12.3437,1.43555,97,0.392789,-6.60613,2.51631,-3.40594,-5.37173,0.880712,2.38731,10.4641,1.43361,97,0.131163,0.154012,0.189915,0.250598,0.798974,0.191081,1.50943,5.28126,0.105851,0,0.510195,NBA,2,Omicron,-1,No record,0,G_NBA,G_0
842_1,-6.50783,2.53127,-3.36588,-5.30904,0.801749,2.50256,12.5137,1.4638,97,0.286665,-6.54107,2.64141,-3.32347,-4.63174,0.762148,2.45251,14.2487,1.45748,97,0.21383,-6.58436,2.56351,-3.40493,-4.83309,0.800772,2.4581,10.3977,1.43985,97,0.125378,0.176102,0.223005,0.205528,0.825922,0.241524,1.57606,5.45931,0.110902,0,0.257393,NBA,1,Omicron,-1,No record,0,G_NBA,G_0
2900_1,-6.67593,2.46495,-3.40218,-4.69608,0.946484,2.36207,12.3913,1.42957,97,0.313001,-6.61217,2.44112,-3.47356,-4.82007,0.947852,2.45155,10.7499,1.43238,97,0.278796,-6.66363,2.44008,-3.40047,-4.60426,0.9801,2.14593,9.71233,1.42116,97,0.193181,0.174937,0.20841,0.278985,0.961982,0.366346,1.46313,5.8876,0.108709,0,0.379905,NBA,1,Omicron,-1,No record,0,G_NBA,G_0
2874_1,-6.8557,1.94755,-3.43846,-4.79535,0.59256,2.38095,11.8761,1.43162,97,0.236533,-6.84086,1.98057,-3.40145,-4.44481,0.455321,2.64884,11.6108,1.40159,97,0.240037,-6.79083,2.03295,-3.39584,-4.13093,0.402479,2.14697,10.2039,1.40676,97,0.153946,0.175103,0.24558,0.264485,0.662431,0.237888,1.67635,5.03696,0.0992275,0,0.229727,NBA,1,Omicron,-1,No record,0,G_NBA,G_0
1792_1,-6.67035,2.52358,-3.39981,-4.58473,1.09487,2.78258,9.95435,1.42716,97,0.477103,-6.69755,2.57943,-3.34215,-4.71074,1.20069,2.54187,11.0122,1.42096,97,0.329654,-6.66983,2.48274,-3.42438,-4.59828,1.11176,2.25864,8.56923,1.42242,97,0.171765,0.208485,0.270741,0.292216,0.905615,0.399522,1.45821,5.17923,0.101458,0,0.435998,NBA,3,Omicron,-1,No record,0,G_NBA,G_0
2988_1,-6.69822,2.19446,-3.37391,-4.59926,0.519976,2.37274,13.5302,1.42884,97,0.265281,-6.65987,2.17222,-3.37049,-4.60779,0.479425,2.25126,12.7649,1.4243,97,0.228097,-6.70826,2.20037,-3.3939,-4.49053,0.471716,2.14963,10.2555,1.41713,97,0.156713,0.170565,0.218748,0.300822,0.787339,0.195765,1.24691,5.77084,0.0939979,0,0.307207,NBA,1,Omicron,-1,No record,0,G_NBA,G_0
411_1,-6.67288,2.22367,-3.40756,-5.11362,0.6003,2.94904,13.4295,1.42615,97,0.236112,-6.69922,2.21996,-3.42192,-4.95205,0.566275,2.29015,13.0069,1.42095,97,0.230195,-6.69937,2.22829,-3.39628,-4.79937,0.553946,2.13629,10.2413,1.4176,97,0.15594,0.160691,0.203389,0.293451,0.921617,0.250204,1.169,5.41887,0.0961089,0,0.247096,NBA,1,Omicron,-1,No record,0,G_NBA,G_0
3068_1,-6.71089,2.24851,-3.43365,-4.25978,0.513859,2.96732,8.52875,1.40971,97,0.353381,-6.74014,2.24766,-3.40486,-4.58001,0.638665,2.44218,9.35585,1.40765,97,0.207491,-6.71388,2.22317,-3.42527,-4.45119,0.559584,2.29118,8.01603,1.40309,97,0.163423,0.167725,0.222785,0.255466,0.78298,0.269379,1.18943,3.46165,0.0860238,0,0.166777,NBA,2,Omicron,-1,No record,0,G_NBA,G_0
580_1,-6.51714,2.52253,-3.48563,-5.09391,0.717781,2.28073,12.6287,1.47976,97,0.196505,-6.53472,2.60327,-3.34497,-5.02466,0.746039,2.45475,12.3521,1.44869,97,0.260469,-6.57258,2.57957,-3.39852,-4.9128,0.762632,2.23414,10.4014,1.43768,97,0.131304,0.162844,0.204585,0.281791,0.859455,0.20946,1.4281,4.87034,0.100546,0,0.255924,NBA,1,Omicron,-1,No record,0,G_NBA,G_0
2878_1,-6.72129,2.44812,-3.44759,-5.2665,1.33534,2.29158,10.1561,1.39501,97,0.561035,-6.68119,2.40477,-3.44734,-5.25578,1.23706,2.68077,11.3552,1.40109,97,0.322939,-6.69186,2.39723,-3.40539,-5.01212,1.13044,2.1228,9.95736,1.39516,97,0.152356,0.169032,0.215333,0.274847,0.883835,0.52465,1.28276,5.61445,0.0982509,0,0.517498,NBA,2,Omicron,-1,No record,0,G_NBA,G_0
2572_1,-6.73997,2.16525,-3.50084,-5.65658,0.799641,2.64162,10.7448,1.44535,97,0.234715,-6.7145,2.13315,-3.40881,-5.98283,0.923372,2.61094,11.5834,1.41879,97,0.272442,-6.75419,2.17714,-3.40262,-6.0085,1.12359,2.13919,10.2642,1.42146,97,0.156403,0.159275,0.162374,0.25442,0.906316,0.351533,1.50214,6.29229,0.110845,0,0.355956,NBA,1,Omicron,-1,No record,0,G_NBA,G_0
2423_1,-6.78808,1.90787,-3.33328,-5.48326,0.428584,2.20831,15.2687,1.4278,97,0.22159,-6.74283,1.835,-3.28764,-5.70806,0.441934,2.1494,17.1716,1.40938,97,0.220571,-6.79795,1.89415,-3.36783,-5.33583,0.408004,2.0708,12.2073,1.42496,97,0.165557,0.176122,0.177015,0.265164,0.871334,0.175052,1.24526,7.2813,0.0901208,0,0.277869,NBA,3,Omicron,-1,No record,0,G_NBA,G_0
3062_1,-6.5066,2.55494,-3.34957,-4.56594,0.501685,2.59962,16.2087,1.4494,97,0.271388,-6.44509,2.50263,-3.3643,-4.65197,0.514709,2.45063,15.55,1.46091,97,0.333346,-6.55927,2.55651,-3.38658,-4.47031,0.489611,2.13115,10.6627,1.44618,97,0.142156,0.157108,0.198083,0.260912,0.548859,0.142681,1.47501,5.47478,0.109089,0,0.485651,NBA,2,Omicron,-1,No record,0,G_NBA,G_0
473_1,-6.84227,1.95419,-3.42574,-5.52644,0.603258,2.6894,11.9201,1.41213,97,0.236275,-6.78276,1.88741,-3.44465,-5.9407,0.71307,2.79743,10.9259,1.43372,97,0.268779,-6.82007,1.90079,-3.40239,-5.7667,0.601951,2.2179,10.2594,1.41986,97,0.140895,0.12894,0.16153,0.245904,1.05449,0.454652,1.59646,5.34211,0.102094,0,0.357964,NBA,1,Omicron,-1,No record,0,G_NBA,G_0
519_1,-6.69861,2.51762,-3.46532,-5.4483,1.1719,2.76287,6.78574,1.41984,97,0.238166,-6.65182,2.38123,-3.4505,-5.51475,1.06932,2.79397,6.74673,1.41862,97,0.259806,-6.71107,2.27292,-3.46653,-5.42992,0.971536,2.64341,5.51808,1.41826,97,0.152288,0.175281,0.26785,0.247826,0.80344,0.433308,1.19484,3.51075,0.095377,0,0.281076,NBA,2,Omicron,3,Boosted,0,G_NBA,G_0
669_1,-6.59479,2.59746,-3.32806,-4.35793,0.955252,2.67121,10.76,1.44184,97,0.287634,-6.58869,2.56894,-3.42307,-4.4259,0.837486,2.44758,10.8346,1.44693,97,0.238615,-6.62226,2.54506,-3.39037,-4.20005,0.802469,2.32051,10.6042,1.43715,97,0.145686,0.15255,0.220821,0.255381,0.926967,0.324932,1.30799,5.73167,0.117712,0,0.241709,NBA,1,Omicron,-1,No record,0,G_NBA,G_0
485_1,-6.90122,1.65696,-3.37433,-6.99857,0.804052,2.22271,12.3339,1.42759,97,0.232223,-6.89129,1.64774,-3.41328,-6.67737,0.859473,2.09874,13.9384,1.42913,97,0.260994,-6.89528,1.59017,-3.42272,-7.0302,0.767377,1.88617,8.00918,1.42138,97,0.147887,0.140196,0.170913,0.276515,0.79386,0.439601,1.18072,6.07139,0.110378,0,0.4268,NBA,1,Omicron,-1,No record,0,G_NBA,G_0
434_1,-6.61748,2.48467,-3.3891,-4.84465,0.852474,2.36676,12.0098,1.43426,97,0.343537,-6.6388,2.43914,-3.39325,-5.08121,0.908004,2.62536,15.2699,1.43176,97,0.255426,-6.6649,2.41603,-3.40147,-5.05427,0.971813,2.12691,10.2425,1.42164,97,0.155772,0.131148,0.196893,0.218445,0.758318,0.235978,1.51562,8.84131,0.0952688,0,0.346967,NBA,2,Omicron,-1,No record,0,G_NBA,G_0
1261_1,-6.58023,2.57289,-3.50655,-4.73864,0.832363,1.97829,6.93255,1.43646,97,0.25493,-6.60498,2.60775,-3.40371,-5.30659,1.29017,2.74063,12.806,1.40643,97,0.327779,-6.62471,2.57164,-3.42299,-5.01253,1.27996,2.13414,10.116,1.42783,97,0.148533,0.173522,0.218389,0.254233,0.924141,0.307939,1.95173,7.03922,0.0831922,0,0.3775,NBA,1,Omicron,-1,No record,0,G_NBA,G_0
1560_1,-6.66957,2.33021,-3.34578,-5.11989,0.56111,2.45408,14.2478,1.41924,97,0.400003,-6.64947,2.31477,-3.3753,-5.29324,0.577513,2.4954,13.6909,1.42634,97,0.268583,-6.65367,2.31331,-3.39998,-5.28299,0.59503,2.10988,9.40338,1.42121,97,0.152594,0.154389,0.202195,0.261499,0.802798,0.19684,1.6814,6.24406,0.0927759,0,0.355159,NBA,1,Omicron,-1,No record,0,G_NBA,G_0
3071_1,-6.87616,1.79713,-3.36669,-5.97906,0.656579,3.24614,10.0155,1.41677,97,0.272395,-6.79772,1.69075,-3.36786,-6.01715,0.504039,3.59404,9.88,1.43737,97,0.272129,-6.85799,1.75158,-3.39172,-5.61621,0.493243,3.66376,10.3424,1.41872,97,0.156324,0.120569,0.115087,0.229607,0.770634,0.195142,2.21862,0.702866,0.105097,0,0.304381,NBA,2,Omicron,-1,No record,0,G_NBA,G_0
1407_1,-6.54884,2.51388,-3.54059,-3.91624,0.894593,2.86721,5.25956,1.46983,97,0.262126,-6.59234,2.66152,-3.48368,-3.88614,1.11371,2.56005,7.40031,1.4459,97,0.226142,-6.62277,2.59753,-3.48465,-3.85563,1.00294,2.48567,5.74037,1.4336,97,0.153494,0.147932,0.203784,0.254691,0.605799,0.44433,1.18761,4.63435,0.111529,0,0.348874,NBA,1,Omicron,-1,No record,0,G_NBA,G_0
2078_1,-6.69786,2.15075,-3.46108,-5.98013,0.595389,2.29275,11.4084,1.41379,97,0.370589,-6.72457,2.16662,-3.38519,-5.86544,0.575891,2.56524,12.7806,1.41669,97,0.271294,-6.70891,2.17349,-3.39756,-5.80578,0.60239,2.17554,10.1808,1.41671,97,0.151714,0.165201,0.191429,0.31131,0.733356,0.205566,1.76229,6.23729,0.0918548,0,0.44652,NBA,1,Omicron,-1,No record,0,G_NBA,G_0
413_1,-6.53769,2.62638,-3.43284,-5.28655,0.868568,2.46901,9.88888,1.43619,97,0.157113,-6.60663,2.76399,-3.41669,-4.90261,0.832045,2.27453,9.48892,1.45294,97,0.26284,-6.56259,2.60521,-3.41032,-5.03314,0.833339,2.44692,9.87396,1.44016,97,0.176983,0.15061,0.242496,0.278504,0.674999,0.18157,1.05163,1.40179,0.10824,0,0.320093,NBA,2,Omicron,-1,No record,0,G_NBA,G_0
2959_1,-6.63924,2.21345,-3.35735,-5.81731,0.499383,2.67422,12.7027,1.43706,97,0.232284,-6.62461,2.23391,-3.39785,-5.62996,0.487488,2.22477,13.6564,1.41932,97,0.310618,-6.66007,2.25443,-3.39667,-5.56975,0.512011,2.13283,10.2415,1.42102,97,0.156451,0.13277,0.166602,0.291131,0.684648,0.144413,1.2912,4.89835,0.0798435,0,0.550686,NBA,1,Omicron,-1,No record,0,G_NBA,G_0
2440_1,-6.7443,2.02101,-3.39524,-6.22888,0.6586,2.33462,12.809,1.44478,97,0.188536,-6.70958,1.99941,-3.39237,-6.18557,0.558752,2.44515,11.5132,1.41684,97,0.292739,-6.76459,2.03939,-3.41509,-6.10217,0.612459,2.13129,8.59116,1.42385,97,0.131275,0.162181,0.178322,0.27193,0.752474,0.179978,1.53145,5.44577,0.0997597,0,0.328792,NBA,1,Omicron,-1,No record,0,G_NBA,G_0
2409_1,-6.65264,2.37105,-3.29271,-4.78645,0.560404,2.08988,14.2168,1.39961,97,0.264701,-6.65782,2.41269,-3.35882,-4.70294,0.550399,2.46921,13.8545,1.38591,97,0.239764,-6.64279,2.35374,-3.39569,-4.67285,0.533966,2.13459,10.2436,1.40578,97,0.155895,0.158909,0.194984,0.257654,0.700252,0.205422,1.35854,5.895,0.096418,0,0.282291,NBA,1,Omicron,-1,No record,0,G_NBA,G_0
2166_1,-6.56355,2.58233,-3.36958,-5.28073,0.91618,2.22,11.7291,1.45118,97,0.308527,-6.54252,2.61157,-3.39051,-5.09459,0.904749,2.42033,13.3627,1.44505,97,0.25532,-6.59009,2.60015,-3.40154,-5.23405,1.0152,2.14354,10.246,1.43312,97,0.153723,0.155798,0.202761,0.28677,0.717208,0.203639,1.36011,6.29886,0.101836,0,0.262776,NBA,1,Omicron,-1,No record,0,G_NBA,G_0
2456_1,-6.54902,2.61933,-3.4502,-5.34547,1.29913,2.4545,11.0903,1.42667,97,0.270554,-6.57074,2.72798,-3.40939,-5.01485,1.27934,2.65821,11.2482,1.44007,97,0.295271,-6.61286,2.61748,-3.39628,-4.9536,1.23663,2.09341,10.3425,1.43254,97,0.156438,0.178549,0.259383,0.255671,0.847424,0.540077,1.29005,5.78709,0.0979674,0,0.357822,NBA,3,Omicron,-1,No record,0,G_NBA,G_0
2994_1,-6.55815,2.46744,-3.28493,-5.46887,0.516311,2.3146,14.4833,1.431,97,0.301961,-6.57277,2.48843,-3.37292,-5.51231,0.514924,2.55328,15.5086,1.44148,97,0.293192,-6.58069,2.43259,-3.39917,-5.41443,0.486371,2.33535,10.0463,1.43652,97,0.143566,0.15442,0.185577,0.227896,0.719228,0.119501,1.44221,5.32867,0.104738,0,0.389664,NBA,1,Omicron,-1,No record,0,G_NBA,G_0
2018_1,-6.54306,2.47053,-3.42755,-4.53242,0.586155,2.44761,14.8472,1.46554,97,0.436268,-6.55997,2.46513,-3.37117,-4.637,0.607545,2.18402,13.2539,1.4391,97,0.250715,-6.6106,2.46293,-3.39677,-4.46768,0.575971,2.17133,10.2723,1.4322,97,0.154237,0.14585,0.197432,0.276041,0.692369,0.234165,1.0125,5.95466,0.100003,0,0.281792,NBA,1,Omicron,-1,No record,0,G_NBA,G_0
663_1,-6.65998,2.59568,-3.41832,-3.04439,0.805359,2.27507,10.3764,1.43983,97,0.33706,-6.65856,2.60514,-3.42352,-2.96321,0.717345,2.52052,12.2077,1.43913,97,0.322004,-6.68612,2.5202,-3.37119,-3.01939,0.666667,2.26064,10.002,1.42969,97,0.146136,0.171645,0.242048,0.257582,0.55727,0.351518,1.28465,6.10749,0.100169,0,0.457314,NBA,2,Omicron,-1,No record,0,G_NBA,G_0
2779_1,-6.68734,2.46088,-3.45996,-5.31459,0.60113,2.13576,11.6323,1.43431,97,0.175912,-6.6415,2.43236,-3.3538,-5.21364,0.577529,2.19354,10.9182,1.42022,97,0.323291,-6.62637,2.35753,-3.42033,-5.25152,0.540123,2.00602,8.13573,1.42653,97,0.161067,0.178182,0.208649,0.265266,0.731706,0.165232,1.04234,4.84275,0.090236,0,0.426627,NBA,1,Omicron,-1,No record,0,G_NBA,G_0
1428_1,-6.54728,2.74554,-3.48791,-5.13867,2.00301,2.97994,8.48664,1.45815,97,0.297656,-6.5801,2.79259,-3.48798,-4.66099,1.83648,2.66146,8.60931,1.45159,97,0.274642,-6.6173,2.74795,-3.42636,-4.54422,1.94829,1.89514,9.92617,1.4428,97,0.1692,0.155393,0.206838,0.253788,0.923089,0.497341,1.38675,5.61573,0.10222,0,0.364855,NBA,2,Omicron,-1,No record,0,G_NBA,G_0
2388_1,-6.69104,2.13951,-3.33438,-5.27334,0.705358,2.27618,13.6249,1.43415,97,0.212478,-6.68661,2.11026,-3.39722,-5.27461,0.678341,2.08991,12.8838,1.40813,97,0.289924,-6.75389,2.13821,-3.39521,-5.21236,0.740039,2.13457,10.2452,1.41225,97,0.155896,0.12319,0.137758,0.28199,0.732456,0.193972,1.24773,4.31577,0.0907983,0,0.344801,NBA,2,Omicron,-1,No record,0,G_NBA,G_0
2285_1,-6.68405,2.25893,-3.40421,-5.47134,0.776447,2.11965,11.7906,1.41435,97,0.328221,-6.66626,2.27498,-3.34453,-5.36185,0.801468,2.45489,13.2402,1.42029,97,0.260445,-6.69774,2.29299,-3.39915,-5.30483,0.844049,2.15799,10.2452,1.42019,97,0.156847,0.153555,0.231229,0.275676,0.895323,0.259348,1.62934,6.18458,0.100349,0,0.251109,NBA,2,Omicron,-1,No record,0,G_NBA,G_0
2333_1,-6.70297,2.19239,-3.40641,-5.6639,0.530419,2.28436,12.1844,1.40809,97,0.31699,-6.71762,2.18646,-3.43423,-5.82794,0.62115,2.05815,11.5171,1.39636,97,0.260146,-6.707,2.15662,-3.40015,-5.69985,0.639596,1.91887,9.9156,1.41171,97,0.165308,0.14734,0.163261,0.305983,0.77971,0.189591,1.09164,3.96546,0.0883094,0,0.270265,NBA,1,Omicron,-1,No record,0,G_NBA,G_0
2255_1,-6.63475,2.20777,-3.39783,-4.73505,0.568436,2.36097,11.8353,1.40233,97,0.296348,-6.64415,2.22633,-3.37743,-4.5285,0.542996,2.61125,13.3667,1.41976,97,0.242018,-6.70501,2.27404,-3.39633,-4.43306,0.529305,2.1648,10.0614,1.40508,97,0.143049,0.169522,0.231428,0.331428,0.682054,0.246008,1.42567,6.09074,0.101926,0,0.242859,NBA,1,Omicron,-1,No record,0,G_NBA,G_0
59_1,-6.70131,2.33117,-3.37539,-5.92049,0.522598,2.55319,11.6863,1.38944,97,0.205836,-6.67778,2.28408,-3.40508,-6.19845,0.574685,2.56851,12.2862,1.40037,97,0.271344,-6.68609,2.28135,-3.3898,-5.9247,0.525082,2.23038,10.4211,1.40219,97,0.151098,0.135994,0.157524,0.276488,0.557449,0.156924,1.54854,5.01157,0.10384,0,0.368749,NBA,1,Omicron,-1,No record,0,G_NBA,G_0
1352_1,-6.73951,2.11868,-3.35875,-3.93495,0.429164,2.45887,12.6658,1.41777,97,0.29434,-6.73265,2.1222,-3.33474,-4.2874,0.557173,2.29206,13.1728,1.42305,97,0.269193,-6.78782,2.08622,-3.40899,-4.13059,0.491495,2.09595,10.0889,1.41652,97,0.143017,0.178231,0.231223,0.315615,1.09817,0.328595,1.31557,6.16533,0.096756,0,0.411378,NBA,2,Omicron,-1,No record,0,G_NBA,G_0
2847_1,-6.61164,2.60494,-3.32681,-4.53302,0.760781,2.71433,13.1698,1.42133,97,0.286929,-6.6011,2.59125,-3.36239,-4.38085,0.687934,2.20032,12.9572,1.44185,97,0.218657,-6.60873,2.5181,-3.39391,-4.54522,0.7188,2.21913,10.2816,1.433,97,0.151249,0.158432,0.215922,0.266711,0.617982,0.218214,1.15446,5.42879,0.0893792,0,0.294119,NBA,1,Omicron,-1,No record,0,G_NBA,G_0
2356_1,-6.67841,2.3531,-3.39289,-5.26513,0.750415,2.04846,11.8994,1.39809,97,0.2828,-6.67143,2.36857,-3.42087,-5.58722,0.847344,2.21114,12.5335,1.40622,97,0.217017,-6.67187,2.36903,-3.40908,-5.50244,0.936217,2.1214,10.0623,1.42059,97,0.141471,0.1788,0.221267,0.294233,0.88921,0.280802,1.38072,7.17768,0.0870121,0,0.204593,NBA,1,Omicron,-1,No record,0,G_NBA,G_0
2143_1,-6.72692,2.20573,-3.42928,-5.92137,0.760371,2.23667,12.0112,1.40746,97,0.333144,-6.67517,2.146,-3.38608,-5.99243,0.735663,2.39377,13.5114,1.40844,97,0.286751,-6.73942,2.21302,-3.40431,-5.63101,0.744719,2.16907,10.8794,1.40512,97,0.150022,0.146302,0.187421,0.271052,0.796965,0.260737,1.29792,8.12302,0.0942895,0,0.326533,NBA,2,Omicron,-1,No record,0,G_NBA,G_0
1436_1,-6.61909,2.60882,-3.36016,-2.90767,0.804793,2.85794,10.8775,1.43047,97,0.258778,-6.61651,2.56465,-3.41892,-3.16554,0.917819,2.27845,10.5529,1.45265,97,0.279355,-6.67682,2.55661,-3.40707,-3.06143,0.763021,2.15088,10.1569,1.42936,97,0.16572,0.172113,0.280496,0.267199,0.498247,0.486078,1.18937,5.42022,0.0976655,0,0.342201,NBA,2,Omicron,-1,No record,0,G_NBA,G_0
827_1,-6.63315,2.51387,-3.39523,-4.01761,0.872798,2.54271,13.134,1.42368,97,0.249188,-6.59806,2.5083,-3.43672,-4.00031,0.8587,2.59589,11.8962,1.43928,97,0.310778,-6.6768,2.46754,-3.39631,-3.89697,0.76532,2.19885,10.3142,1.42639,97,0.148983,0.184024,0.268965,0.272093,0.949365,0.392257,1.58946,5.83997,0.111514,0,0.555877,NBA,2,Omicron,-1,No record,0,G_NBA,G_0
946_1,-6.61515,2.02648,-3.38666,-5.93415,0.439677,2.37178,12.771,1.4075,97,0.285109,-6.69502,2.08755,-3.38767,-5.89447,0.470437,2.42667,13.1534,1.43523,97,0.348975,-6.69376,2.14013,-3.3983,-5.64248,0.480145,2.20443,10.4019,1.41859,97,0.152207,0.158887,0.195674,0.249759,0.808726,0.183442,1.48608,5.66745,0.102792,0,0.576814,NBA,1,Omicron,-1,No record,0,G_NBA,G_0
424_1,-6.70957,2.20832,-3.39237,-4.52773,0.654534,2.58002,12.83,1.39522,97,0.263457,-6.74673,2.21768,-3.41636,-4.52703,0.740376,2.46034,13.2042,1.4188,97,0.256692,-6.74811,2.21548,-3.40067,-4.28323,0.64832,2.14256,10.2439,1.41543,97,0.155104,0.154449,0.182034,0.282778,0.925587,0.334355,1.43941,6.23919,0.109815,0,0.299143,NBA,1,Omicron,-1,No record,0,G_NBA,G_0
636_1,-6.67099,2.06521,-3.40704,-5.56154,0.704135,2.32951,12.8085,1.42586,97,0.224539,-6.68631,2.06069,-3.34968,-5.32576,0.647725,2.41361,11.4834,1.41496,97,0.35214,-6.7692,2.12763,-3.39945,-5.22138,0.755864,2.10228,10.2813,1.41472,97,0.159481,0.147019,0.183901,0.279135,0.800848,0.231727,1.54201,5.85932,0.095058,0,0.453055,NBA,1,Omicron,-1,No record,0,G_NBA,G_0
2380_1,-6.53368,2.48612,-3.43716,-4.83662,0.515853,1.72321,8.12018,1.4275,97,0.300134,-6.55311,2.48534,-3.45637,-5.19463,0.658508,1.95442,9.38575,1.43644,97,0.227566,-6.58824,2.46127,-3.4097,-5.00765,0.588952,1.86685,8.69249,1.43024,97,0.144413,0.194712,0.217753,0.236745,0.755123,0.24139,0.748396,2.91414,0.0900746,0,0.260125,NBA,2,Omicron,-1,No record,0,G_NBA,G_0
2972_1,-6.47791,2.65593,-3.45653,-5.47958,0.882214,2.24098,10.1016,1.4358,97,0.260518,-6.56334,2.74353,-3.44621,-5.19562,0.899988,2.19533,11.7415,1.4516,97,0.254525,-6.56011,2.67906,-3.39933,-5.2931,0.952728,2.13455,10.2285,1.43913,97,0.155841,0.141612,0.228455,0.228192,0.683906,0.206404,1.27126,5.22045,0.0972904,0,0.315852,NBA,2,Omicron,-1,No record,0,G_NBA,G_0
2602_1,-6.6955,2.3041,-3.39085,-4.68487,1.03329,2.35559,10.5259,1.42113,97,0.284934,-6.7028,2.35589,-3.43268,-4.49219,0.932605,2.24998,9.16069,1.41384,97,0.272308,-6.72873,2.32082,-3.39706,-4.22271,0.843217,2.11596,10.1565,1.41146,97,0.143661,0.177045,0.262365,0.271474,1.24875,0.447291,1.23292,4.87711,0.102515,0,0.44957,NBA,3,Omicron,-1,No record,0,G_NBA,G_0
2651_1,-6.57037,2.48398,-3.35765,-5.19159,0.790749,2.46366,17.8391,1.47306,97,0.404617,-6.56138,2.50616,-3.27734,-4.75764,0.704216,2.45872,17.2822,1.42279,97,0.341928,-6.60539,2.49305,-3.38596,-4.8886,0.74954,2.34563,10.9915,1.4263,97,0.138096,0.168413,0.208652,0.266814,0.815369,0.180395,1.27176,7.26567,0.100739,0,0.420243,NBA,2,Omicron,-1,No record,0,G_NBA,G_0
1060_1,-6.6649,2.52932,-3.45554,-2.97245,0.756285,2.83124,10.7296,1.4223,97,0.29086,-6.63454,2.51044,-3.36366,-2.93976,0.739886,2.66768,12.1469,1.41969,97,0.279391,-6.72166,2.43254,-3.4006,-3.04427,0.667664,2.19538,10.3742,1.42621,97,0.149351,0.173723,0.326252,0.272595,0.662508,0.335232,1.6792,7.08482,0.0960185,0,0.379695,NBA,1,Omicron,-1,No record,0,G_NBA,G_0
581_1,-6.77234,2.34766,-3.46087,-3.41638,0.637177,3.15799,6.40143,1.42243,97,0.269781,-6.78692,2.34061,-3.44836,-3.43329,0.655691,3.02564,5.84557,1.42457,97,0.276959,-6.79058,2.22875,-3.46005,-3.47385,0.576468,2.9243,5.9365,1.41448,97,0.162469,0.198261,0.265519,0.265763,0.752054,0.326315,1.48917,0.774699,0.0989946,0,0.325651,NBA,2,Omicron,-1,No record,0,G_NBA,G_0
2242_1,-6.78304,1.84648,-3.40031,-5.70363,0.641594,2.51499,12.7904,1.44603,97,0.256614,-6.78842,1.85613,-3.38743,-5.57367,0.672447,2.47974,12.5711,1.42267,97,0.244412,-6.83705,1.88233,-3.39555,-5.07376,0.504201,2.10964,10.2019,1.42022,97,0.161973,0.163435,0.193215,0.286904,0.997589,0.53918,1.52931,7.37081,0.105199,0,0.298474,NBA,1,Omicron,-1,No record,0,G_NBA,G_0
2914_1,-6.79813,2.11471,-3.35984,-5.53209,0.775678,2.10671,12.8026,1.42096,97,0.224151,-6.74827,2.04908,-3.36646,-5.52831,0.649203,2.37516,11.757,1.42048,97,0.264113,-6.77194,2.04707,-3.39807,-5.44474,0.694315,2.18169,10.2775,1.41624,97,0.155617,0.168816,0.195071,0.239491,0.852282,0.282778,1.43474,5.11344,0.0889146,0,0.271831,NBA,1,Omicron,-1,No record,0,G_NBA,G_0
1299_1,-6.70313,2.31516,-3.40137,-5.95555,1.26573,2.72295,9.17041,1.42577,97,0.328167,-6.71343,2.36859,-3.4623,-5.3277,1.06773,2.82155,8.42953,1.43118,97,0.212664,-6.68947,2.3347,-3.45003,-4.89454,0.996347,2.72284,7.91808,1.41118,97,0.147807,0.161747,0.191143,0.247544,1.03394,0.356999,1.46083,2.27265,0.0881933,0,0.27766,NBA,1,Omicron,-1,No record,0,G_NBA,G_0
2597_1,-6.6093,2.58454,-3.44129,-4.99246,1.64182,2.57089,10.9069,1.44735,97,0.259467,-6.61165,2.68771,-3.46386,-4.48942,1.41887,2.65839,10.4997,1.41702,97,0.275115,-6.64948,2.58812,-3.46366,-4.37393,1.36056,2.34836,6.69538,1.43061,97,0.149818,0.162394,0.208938,0.260064,1.0793,0.476441,1.35162,6.51245,0.110211,0,0.371172,NBA,2,Omicron,-1,No record,0,G_NBA,G_0
2113_1,-6.62999,2.41971,-3.34918,-4.91266,0.679329,2.51906,13.7735,1.43864,97,0.297783,-6.59538,2.38473,-3.40724,-5.02673,0.632203,2.21085,13.7746,1.45482,97,0.241448,-6.63816,2.40725,-3.40107,-4.82278,0.670896,2.19552,10.2891,1.42758,97,0.154598,0.145123,0.221092,0.277217,0.77453,0.194773,1.42968,7.00847,0.0890541,0,0.284047,NBA,1,Omicron,-1,No record,0,G_NBA,G_0
2332_1,-6.66196,2.04453,-3.40585,-6.14261,0.55095,2.4357,11.1424,1.41361,97,0.241717,-6.71596,2.08545,-3.3662,-5.88175,0.574558,2.25131,11.4635,1.4225,97,0.359862,-6.73276,2.09646,-3.40147,-5.81205,0.560972,2.12442,10.2399,1.41544,97,0.15828,0.151474,0.174538,0.270064,0.626553,0.221647,1.21366,4.18309,0.0889321,0,0.4937,NBA,1,Omicron,-1,No record,0,G_NBA,G_0
2435_1,-6.73741,2.28826,-3.37845,-5.51885,1.12379,2.21071,13.4017,1.39947,97,0.302006,-6.70725,2.25162,-3.43579,-5.40873,1.02143,2.64959,12.1232,1.39811,97,0.263874,-6.73331,2.25074,-3.39748,-5.08739,0.940327,2.14603,10.3335,1.39833,97,0.155342,0.15455,0.177648,0.270541,0.765942,0.406597,1.5542,5.70722,0.0936692,0,0.36121,NBA,1,Omicron,-1,No record,0,G_NBA,G_0
1543_1,-6.60067,2.30759,-3.31333,-5.83265,0.703717,2.63973,13.5547,1.41372,97,0.253905,-6.66033,2.36917,-3.369,-5.61045,0.687486,2.38217,11.2906,1.43565,97,0.210013,-6.64441,2.35102,-3.40612,-5.47167,0.683604,2.18349,10.1286,1.42621,97,0.160778,0.136703,0.177573,0.30123,0.721972,0.243474,1.28252,4.5555,0.0908111,0,0.231654,NBA,2,Omicron,-1,No record,0,G_NBA,G_0
1665_1,-6.77555,1.90273,-3.46712,-5.7106,0.613338,2.64183,12.1726,1.40828,97,0.26079,-6.8098,1.92464,-3.4266,-5.66629,0.704174,2.36335,11.5892,1.42601,97,0.296606,-6.82045,1.9072,-3.38885,-5.4648,0.605231,2.11994,10.2379,1.4147,97,0.167115,0.136068,0.200118,0.251938,0.803561,0.435901,1.3492,5.97823,0.103931,0,0.305533,NBA,1,Omicron,-1,No record,0,G_NBA,G_0
1384_1,-6.55621,2.68044,-3.40663,-5.28302,1.07603,2.84158,12.3032,1.44923,97,0.226507,-6.57389,2.70585,-3.43154,-5.2421,1.07526,2.58468,12.2191,1.45664,97,0.276121,-6.5634,2.65283,-3.40334,-5.15318,0.996829,2.13631,10.2412,1.43751,97,0.154537,0.16823,0.221094,0.24691,0.673617,0.420369,1.99642,5.56064,0.0991738,0,0.275414,NBA,3,Omicron,-1,No record,0,G_NBA,G_0
3035_1,-6.7663,2.05857,-3.43117,-5.27735,0.738859,2.17653,12.1006,1.42188,97,0.264848,-6.77232,2.04337,-3.40605,-5.3391,0.693141,2.55662,13.4396,1.41057,97,0.277171,-6.79157,2.03208,-3.3985,-4.97483,0.591038,2.12307,10.2505,1.41612,97,0.153041,0.170357,0.210873,0.247824,1.13539,0.370386,1.36753,7.19187,0.100342,0,0.345999,NBA,2,Omicron,-1,No record,0,G_NBA,G_0
PLT-TH1-004,-6.6645,2.11156,-3.32586,-4.25231,0.437223,2.64038,9.53196,4.21325,97,0.264939,-6.73229,2.22819,-3.41802,-3.79833,0.41103,2.4279,10.1016,4.23986,97,0.363512,-6.68635,2.24624,-3.3957,-3.77211,0.3735,2.1377,8.43412,4.17673,97,0.159881,0.212547,0.431436,0.239241,0.744664,0.163933,1.16046,2.5609,0.28333,0,0.6132,Platcov,3,Delta,2,NA,0,G_Platcov,G_0
PLT-TH1-007,-6.66172,2.29058,-3.25858,-4.69407,0.643377,2.77948,18.546,4.18305,97,0.357128,-6.72325,2.3871,-3.31857,-4.18317,0.541828,2.20798,17.5568,4.16952,97,0.206748,-6.68098,2.33356,-3.35733,-4.54175,0.631276,2.18562,14.6609,4.1683,97,0.154945,0.181676,0.332258,0.266702,0.595074,0.158914,1.32277,6.34423,0.312774,0,0.213698,Platcov,3,Delta,2,NA,0,G_Platcov,G_0
PLT-TH1-017,-6.6687,2.50914,-3.42919,-3.8805,0.971841,2.64853,10.3585,4.24756,97,0.199444,-6.66793,2.51155,-3.47565,-3.42456,0.808451,2.56343,12.3728,4.20335,97,0.228213,-6.69336,2.42207,-3.40627,-3.71248,0.849699,2.32136,10.0212,4.20246,97,0.149578,0.154775,0.348986,0.263054,0.740267,0.233164,1.46157,5.78418,0.265458,0,0.287078,Platcov,3,Delta,2,NA,0,G_Platcov,G_0
PLT-TH1-018,-6.69606,2.28192,-3.41139,-5.61029,0.43616,2.60579,10.1318,4.13743,97,0.198813,-6.70778,2.08608,-3.3541,-6.03996,0.481898,2.62128,10.5333,4.16459,97,0.181288,-6.68884,2.15038,-3.40573,-5.75771,0.447447,2.31439,10.4322,4.13233,97,0.14172,0.162664,0.305858,0.244816,0.841276,0.138511,1.38301,1.87708,0.285625,0,0.166959,Platcov,3,Delta,1,NA,0,G_Platcov,G_0
PLT-TH1-020,-6.6221,2.23441,-3.23314,-4.96348,0.57271,2.16828,18.6052,4.19559,97,0.338164,-6.62123,2.34217,-3.23314,-4.96935,0.631983,2.70147,19.4332,4.14415,97,0.213118,-6.65733,2.36266,-3.29916,-4.86034,0.614544,2.34275,14.9065,4.16063,97,0.132934,0.163264,0.302102,0.290524,0.749085,0.140505,1.37303,5.31746,0.297782,0,0.183254,Platcov,3,Delta,2,NA,0,G_Platcov,G_0
PLT-TH1-028,-6.69572,2.23572,-3.44485,-5.27285,0.770529,2.66391,7.44532,4.21499,97,0.292956,-6.68789,2.38086,-3.45094,-5.10934,0.800114,2.48467,8.0323,4.1492,97,0.28497,-6.68603,2.30591,-3.453,-5.32117,0.860231,3.20849,7.28408,4.17021,97,0.162992,0.16599,0.278413,0.333328,1.03656,0.266476,1.40982,3.745,0.268301,0,0.354241,Platcov,3,Delta,2,NA,0,G_Platcov,G_0
PLT-TH1-035,-6.72695,2.4445,-3.46679,-4.54421,0.919918,2.76829,9.70036,4.16834,97,0.423299,-6.66632,2.51445,-3.47869,-4.3791,0.866222,3.05378,8.83948,4.23755,97,0.293349,-6.71127,2.49116,-3.49254,-4.30936,0.821832,2.81225,7.16846,4.15111,97,0.143566,0.210571,0.339799,0.288265,1.0566,0.262488,1.60701,5.347,0.266446,0,0.48712,Platcov,3,Delta,2,NA,0,G_Platcov,G_0
PLT-TH1-036,-6.7376,2.10725,-3.40981,-5.17178,0.573701,2.70029,11.0123,4.2355,97,0.232226,-6.70242,2.15269,-3.40526,-4.89185,0.516908,3.02674,10.3812,4.17641,97,0.24244,-6.68129,2.23664,-3.39027,-4.61306,0.441107,2.13706,10.3755,4.16725,97,0.156125,0.191592,0.325288,0.248591,0.795766,0.245468,2.08986,1.97664,0.30035,0,0.261526,Platcov,3,Delta,2,NA,0,G_Platcov,G_0
PLT-TH1-041,-6.69907,2.1567,-3.40273,-5.76177,0.562278,2.4404,19.2659,4.17208,97,0.281808,-6.63498,2.10013,-3.31345,-5.81779,0.568974,2.73935,20.3568,4.16253,97,0.265355,-6.68655,2.20351,-3.33997,-5.57245,0.556707,2.32232,16.2204,4.15065,97,0.142067,0.191273,0.306824,0.30518,0.813662,0.140845,1.40295,6.24012,0.309962,0,0.310984,Platcov,3,Delta,2,NA,0,G_Platcov,G_0
PLT-TH1-049,-6.70002,2.15807,-3.42162,-4.86552,0.544234,2.16385,11.9703,4.19367,97,0.294359,-6.64554,2.28697,-3.40668,-4.7309,0.574057,2.25423,11.4202,4.17891,97,0.274455,-6.67795,2.27804,-3.39158,-4.66812,0.542891,1.98978,12.4301,4.1899,97,0.128939,0.168339,0.324971,0.239433,0.72564,0.217723,1.28371,4.72704,0.275054,0,0.462761,Platcov,3,Delta,2,NA,0,G_Platcov,G_0
PLT-TH57-002,-6.72951,2.42725,-3.45285,-3.49832,0.691312,2.88551,7.36615,4.26794,97,0.238308,-6.73277,2.35477,-3.46524,-3.09024,0.483136,3.61549,5.65584,4.18879,97,0.318597,-6.70404,2.33781,-3.46455,-3.08194,0.431831,2.68755,5.26723,4.19478,97,0.14594,0.18285,0.274254,0.303018,0.419391,0.192999,2.32083,0.574771,0.292478,0,0.387247,Platcov,3,Delta,2,NA,0,G_Platcov,G_0
PLT-TH1-053,-6.65176,2.30535,-3.40832,-4.99927,0.810134,2.30965,11.6373,4.2114,97,0.187177,-6.70134,2.23474,-3.40343,-4.92383,0.740883,2.33971,9.25454,4.1726,97,0.26864,-6.6812,2.40153,-3.42143,-4.57803,0.662698,2.07625,6.18085,4.17129,97,0.131645,0.179315,0.323986,0.285511,0.814766,0.299269,1.16431,4.38494,0.274875,0,0.469822,Platcov,3,Delta,2,NA,0,G_Platcov,G_0
PLT-TH1-068,-6.64494,2.28375,-3.3996,-4.73616,0.734301,2.47247,7.24991,4.19413,97,0.239089,-6.61787,2.36182,-3.40049,-4.83791,0.812756,2.27199,10.9579,4.06997,97,0.24476,-6.6768,2.37191,-3.43002,-4.49946,0.70209,1.99541,5.98774,4.18293,97,0.144378,0.165728,0.299627,0.288183,1.13523,0.356905,1.00606,12.1472,0.234053,0,0.275725,Platcov,3,BA.1,3,NA,0,G_Platcov,G_0
PLT-TH1-069,-6.74843,2.21479,-3.51232,-5.73858,0.623842,2.36975,7.21169,4.08406,97,0.310227,-6.69862,2.15601,-3.50895,-5.81689,0.592489,2.63608,7.41745,4.10119,97,0.248551,-6.69379,2.17982,-3.44278,-5.68722,0.555128,2.38032,7.12511,4.14044,97,0.148244,0.155015,0.292829,0.318474,0.83898,0.208187,1.46871,1.90602,0.293471,0,0.268956,Platcov,3,BA.1,2,NA,0,G_Platcov,G_0
PLT-TH58-004,-6.7056,2.45892,-3.49043,-3.51045,0.787832,2.45773,8.23649,4.20358,97,0.292211,-6.64413,2.53585,-3.40724,-3.31227,0.786714,2.47141,8.86266,4.27579,97,0.29888,-6.69043,2.46135,-3.45867,-3.28486,0.689017,2.33925,6.63653,4.19495,97,0.174057,0.191602,0.33526,0.278525,1.15188,0.367756,1.32245,4.45265,0.302711,0,0.385267,Platcov,3,BA.1,2,NA,0,G_Platcov,G_0
PLT-TH58-002,-6.65453,2.47643,-3.43868,-5.02265,1.19144,2.33503,6.59586,4.16034,97,0.215979,-6.73008,2.49157,-3.46211,-5.28532,1.30393,2.82168,7.71767,4.10604,97,0.202296,-6.68669,2.42996,-3.49361,-5.19556,1.25839,2.46781,6.21948,4.19767,97,0.125271,0.188141,0.26221,0.261146,1.16698,0.355346,2.05885,4.03963,0.25473,0,0.225054,Platcov,3,BA.1,2,NA,0,G_Platcov,G_0
PLT-TH1-072,-6.71219,2.40349,-3.23298,-3.52316,0.548225,2.23861,21.7234,4.22942,97,0.399831,-6.67835,2.42423,-3.24458,-3.43652,0.554283,2.03529,19.23,4.15601,97,0.203254,-6.66457,2.47312,-3.23778,-3.37379,0.550166,1.90563,16.9504,4.19691,97,0.164946,0.180638,0.307884,0.247829,0.617356,0.174342,1.18413,5.22714,0.291986,0,0.236487,Platcov,3,BA.1,2,NA,0,G_Platcov,G_0
PLT-TH1-077,-6.65331,2.4985,-3.48784,-4.07345,1.24187,2.1621,8.27347,4.26498,97,0.24733,-6.69511,2.6283,-3.45368,-2.98121,0.842543,3.50606,6.13139,4.24445,97,0.256236,-6.71407,2.57501,-3.51626,-2.89467,0.759089,3.02709,5.74331,4.23347,97,0.154139,0.176606,0.273144,0.246024,0.877428,0.353415,2.71668,1.69577,0.29172,0,0.281451,Platcov,3,BA.1,2,NA,0,G_Platcov,G_0
PLT-TH1-081,-6.63428,2.55821,-3.05758,-3.42618,0.750331,2.47853,22.3668,4.17921,97,0.344724,-6.55815,2.96774,-3.06134,-3.61425,1.17104,2.23854,21.3326,4.14653,97,0.222324,-6.56061,2.91864,-3.05097,-3.65561,1.14326,2.07447,15.9327,4.16382,97,0.142467,0.137357,0.269782,0.262363,0.704139,0.283818,1.16493,6.3182,0.316757,0,0.231896,Platcov,3,BA.1,2,NA,0,G_Platcov,G_0
PLT-TH1-086,-6.71491,2.29247,-3.35887,-4.52843,0.658277,2.18074,17.3986,4.21547,97,0.245026,-6.68522,2.33241,-3.34062,-4.19922,0.581746,2.29994,15.0991,4.22738,97,0.272921,-6.68866,2.30046,-3.34281,-4.12549,0.54345,2.03554,15.7408,4.1788,97,0.16562,0.196711,0.335505,0.298844,0.93849,0.211186,1.22247,6.17142,0.260231,0,0.325053,Platcov,3,BA.1,2,NA,0,G_Platcov,G_0
PLT-TH1-098,-6.64772,2.27426,-3.49723,-6.03797,1.52258,1.90558,8.16907,4.14808,97,0.19026,-6.71309,2.32334,-3.42006,-6.15339,1.7186,2.14051,12.2138,4.16937,97,0.270672,-6.73841,2.4044,-3.40977,-6.13295,1.70335,1.85887,10.4484,4.08814,97,0.147594,0.172735,0.246927,0.242443,0.961579,0.396946,1.3158,6.99027,0.309712,0,0.365921,Platcov,3,BA.2,3,NA,0,G_Platcov,G_0
PLT-TH1-099,-6.63928,2.32497,-3.4508,-4.98194,0.800134,2.42036,9.80013,4.13694,97,0.180895,-6.69907,2.24474,-3.43536,-5.52494,0.928145,2.15959,11.1926,4.21061,97,0.300099,-6.67692,2.35057,-3.42908,-5.09946,0.880706,1.88652,7.70853,4.16509,97,0.164896,0.178213,0.252398,0.271242,1.03086,0.262497,1.28297,6.199,0.337176,0,0.301085,Platcov,3,BA.1,2,NA,0,G_Platcov,G_0
PLT-TH1-107,-6.65313,2.2767,-3.25044,-5.23092,0.48774,2.31614,20.8982,4.17735,97,0.242628,-6.6078,2.36766,-3.25534,-5.24187,0.522211,2.79548,21.3482,4.17494,97,0.290306,-6.65231,2.30339,-3.26616,-5.17098,0.487588,2.15663,15.8857,4.1471,97,0.156464,0.179491,0.348089,0.29986,0.743681,0.136286,1.7502,5.86942,0.314522,0,0.293724,Platcov,3,BA.2,3,NA,0,G_Platcov,G_0
PLT-BR3-002,-6.64561,2.29272,-3.40865,-5.74458,0.950183,2.40171,14.1587,4.1863,97,0.246205,-6.6809,2.32924,-3.35079,-5.56786,0.927071,2.33122,13.9908,4.19115,97,0.247473,-6.68572,2.32627,-3.39767,-5.38398,0.903664,2.20764,10.3197,4.15919,97,0.145827,0.177146,0.262666,0.228415,0.914604,0.192117,0.984555,5.83726,0.308482,0,0.301191,Platcov,3,BA.1,2,NA,0,G_Platcov,G_0
PLT-BR3-004,-6.6576,2.4197,-3.27732,-4.08904,0.695239,2.36823,14.8782,4.21593,97,0.185293,-6.67466,2.41921,-3.43595,-4.03829,0.646021,2.34648,13.5972,4.22039,97,0.253984,-6.68332,2.39017,-3.38869,-3.98772,0.620221,2.22059,10.1994,4.19145,97,0.150704,0.182733,0.292653,0.251036,0.733729,0.202573,1.21267,7.01569,0.274113,0,0.307835,Platcov,3,BA.1,0,NA,0,G_Platcov,G_0
PLT-TH1-115,-6.66235,2.49719,-3.35865,-4.09533,0.760834,2.31862,13.4629,4.19142,97,0.255355,-6.63373,2.40341,-3.31212,-4.4665,0.810047,2.62619,13.988,4.16399,97,0.345688,-6.67481,2.425,-3.38814,-4.18007,0.754447,2.13205,10.1713,4.1868,97,0.158071,0.180913,0.245438,0.284068,0.917483,0.270342,1.3596,4.53592,0.255347,0,0.388987,Platcov,3,BA.2,3,NA,0,G_Platcov,G_0
PLT-TH1-120,-6.78796,2.18025,-3.47326,-6.26314,1.02758,2.13726,13.4329,4.10371,97,0.195863,-6.70672,2.07405,-3.43825,-6.47522,0.964454,2.13479,10.7444,4.14114,97,0.344223,-6.73701,2.1961,-3.43826,-5.95817,0.904063,1.81759,9.06711,4.11864,97,0.173031,0.207636,0.301276,0.30151,0.894176,0.361924,1.59713,5.58025,0.276384,0,0.534746,Platcov,3,BA.1,3,NA,0,G_Platcov,G_0
PLT-TH1-128,-6.60136,2.8679,-3.36153,-4.65009,3.81849,2.68307,13.942,4.31588,97,0.198847,-6.613,2.86346,-3.44346,-4.69618,3.68732,2.66577,12.5603,4.34909,97,0.196487,-6.65582,2.86212,-3.4323,-4.86323,3.56052,2.33656,10.5677,4.29185,97,0.131894,0.1604,0.235372,0.272416,1.45367,0.936631,1.52428,7.96549,0.280139,0,0.184341,Platcov,3,BA.2,3,NA,0,G_Platcov,G_0
PLT-TH1-129,-6.64549,2.04664,-3.33429,-5.37371,0.471906,2.15457,15.0188,4.20025,97,0.316373,-6.67006,2.27373,-3.31379,-4.51927,0.392171,1.67194,15.9629,4.1258,97,0.280447,-6.6716,2.18505,-3.34986,-4.60534,0.351963,1.44857,13.9793,4.17337,97,0.144134,0.16641,0.310506,0.289513,0.788881,0.139902,1.21332,7.04327,0.249234,0,0.78097,Platcov,3,BA.2,3,NA,0,G_Platcov,G_0
PLT-TH1-137,-6.72023,2.20698,-3.44426,-5.91837,0.689091,2.06561,7.92531,4.10439,97,0.26856,-6.71273,2.16696,-3.41825,-5.92123,0.682955,2.03402,7.30867,4.1004,97,0.303035,-6.69834,2.20929,-3.45228,-5.71607,0.620037,1.901,6.02,4.13728,97,0.162543,0.170265,0.307958,0.314105,0.783493,0.333277,0.969581,5.02677,0.249087,0,0.477071,Platcov,3,BA.2,3,NA,0,G_Platcov,G_0
PLT-TH1-141,-6.70963,2.15866,-3.51535,-5.62895,0.575279,2.39375,6.32018,4.23155,97,0.224652,-6.71446,2.21488,-3.42078,-5.60711,0.634079,2.56047,6.26387,4.11323,97,0.241941,-6.686,2.22135,-3.44362,-5.49985,0.596292,2.39181,6.32264,4.15198,97,0.161465,0.187762,0.290416,0.314356,0.998333,0.229515,1.55458,0.665414,0.268925,0,0.287744,Platcov,3,BA.2,2,NA,0,G_Platcov,G_0
PLT-TH1-142,-6.66861,2.29106,-3.36421,-5.10635,0.752103,2.04843,10.2529,4.20507,97,0.244799,-6.72623,2.3484,-3.38165,-4.78873,0.724294,2.58655,11.3622,4.09241,97,0.280264,-6.6802,2.33034,-3.40587,-5.11499,0.828314,2.15837,10.245,4.17204,97,0.155267,0.177523,0.299718,0.273626,0.809771,0.252547,1.60612,4.22451,0.27136,0,0.316736,Platcov,3,BA.2,3,NA,0,G_Platcov,G_0
PLT-BR3-008,-6.6079,2.54787,-3.26456,-3.56529,0.764161,2.08773,18.2854,4.17727,97,0.298068,-6.65494,2.37467,-3.24016,-3.35069,0.582046,2.03686,17.4838,4.24452,97,0.283372,-6.68958,2.38385,-3.28211,-3.25019,0.522979,1.79138,17.85,4.19791,97,0.179177,0.179117,0.298989,0.270772,0.784872,0.296758,1.18532,7.08701,0.304776,0,0.242102,Platcov,3,BA.2,2,NA,0,G_Platcov,G_0
PLT-TH57-009,-6.6631,2.46809,-3.42603,-3.81055,1.12625,1.90576,10.863,4.13712,97,0.232646,-6.74058,2.52218,-3.47461,-3.14497,0.929185,2.62554,11.8245,4.27927,97,0.317117,-6.72568,2.56931,-3.45725,-2.90209,0.890014,2.41281,10.518,4.24425,97,0.155168,0.180451,0.234415,0.266639,0.858983,0.270867,1.54876,5.25741,0.287103,0,0.408273,Platcov,3,BA.1,3,NA,0,G_Platcov,G_0
PLT-TH1-144,-6.70642,2.13365,-3.30605,-6.20778,0.65119,2.40907,20.6706,4.19915,97,0.30815,-6.68749,2.05307,-3.44057,-6.2423,0.641571,2.29027,21.1524,4.12663,97,0.207757,-6.72051,2.17026,-3.34486,-6.00327,0.648229,2.14057,16.8393,4.11606,97,0.157449,0.189356,0.302688,0.29697,0.904132,0.109018,1.33879,6.28553,0.252693,0,0.255778,Platcov,3,BA.2,3,NA,0,G_Platcov,G_0
PLT-TH57-010,-6.65705,2.2807,-3.45068,-5.3826,0.652201,2.42686,9.33237,4.12755,97,0.299362,-6.64832,2.1727,-3.39618,-5.91772,0.710706,2.34882,8.8835,4.11483,97,0.284404,-6.68791,2.23271,-3.42401,-5.44602,0.664501,2.2927,7.17133,4.15122,97,0.152084,0.172085,0.262067,0.291556,0.941357,0.227004,0.999394,3.63695,0.238685,0,0.531729,Platcov,3,BA.2,3,NA,0,G_Platcov,G_0
PLT-TH1-156,-6.65414,2.58027,-3.26586,-4.08846,0.593767,2.39875,19.4906,4.11354,97,0.277761,-6.66882,2.32471,-3.22554,-4.48855,0.576987,1.9349,19.8059,4.17329,97,0.322774,-6.65756,2.38975,-3.32782,-4.41883,0.594347,1.7324,15.9154,4.17142,97,0.150748,0.199924,0.249687,0.290109,0.66657,0.183715,1.21038,6.88713,0.265589,0,0.444615,Platcov,3,BA.2,4,NA,0,G_Platcov,G_0
PLT-TH1-158,-6.78549,2.20855,-3.21592,-4.77353,0.639358,2.32615,18.2077,4.13323,97,0.27205,-6.66369,2.33106,-3.30251,-4.04018,0.435344,2.55533,20.539,4.21137,97,0.344789,-6.68637,2.2618,-3.33123,-4.20114,0.430473,2.13804,15.9692,4.17967,97,0.168255,0.188222,0.315275,0.259245,0.638317,0.149709,1.62906,5.8661,0.298149,0,0.399603,Platcov,3,BA.2,2,NA,0,G_Platcov,G_0
PLT-TH1-162,-6.69675,2.16292,-3.32398,-5.74238,0.587179,2.02182,13.2141,4.14032,97,0.332613,-6.67246,2.12475,-3.36088,-6.00963,0.622104,2.17405,15.5024,4.1585,97,0.255094,-6.69886,2.20867,-3.36443,-5.65267,0.585463,1.9083,13.8713,4.14385,97,0.16131,0.1726,0.357494,0.273987,0.948215,0.155285,1.28092,8.25188,0.245759,0,0.246806,Platcov,3,BA.2,2,NA,0,G_Platcov,G_0
PLT-TH1-168,-6.63904,2.38741,-3.38162,-4.41858,0.436398,2.41032,8.23438,4.15156,97,0.276913,-6.69616,2.03615,-3.37607,-5.41339,0.542721,2.40462,8.82546,4.15708,97,0.283898,-6.67832,2.21416,-3.41946,-4.81969,0.452969,2.24282,8.20045,4.16496,97,0.158505,0.200881,0.317778,0.272443,0.764826,0.254494,1.19448,2.10884,0.278506,0,0.542219,Platcov,3,BA.2,3,NA,0,G_Platcov,G_0
PLT-TH1-175,-6.65609,2.44883,-3.37709,-4.6223,1.111,2.54578,14.0554,4.20863,97,0.212839,-6.662,2.53896,-3.42605,-4.29602,1.02248,2.37462,11.7233,4.29248,97,0.243717,-6.68755,2.44912,-3.41375,-4.23749,0.973679,2.15503,10.3888,4.19312,97,0.154479,0.152056,0.309036,0.28289,0.918195,0.268655,1.14123,5.49123,0.322742,0,0.362252,Platcov,3,BA.2,2,NA,0,G_Platcov,G_0
PLT-TH1-179,-6.69419,2.326,-3.35982,-3.93681,0.394843,2.40486,16.1913,4.18415,97,0.267283,-6.61709,2.21103,-3.25764,-4.10901,0.387684,2.14677,15.5466,4.18843,97,0.298053,-6.68395,2.22402,-3.3626,-4.09319,0.348387,1.89912,12.2697,4.18004,97,0.162511,0.189078,0.339412,0.292626,0.655285,0.140556,1.17747,6.36619,0.324205,0,0.429968,Platcov,3,BA.2,2,NA,0,G_Platcov,G_0
PLT-TH1-185,-6.68632,2.21635,-3.34026,-5.09887,0.526824,2.39842,9.16021,4.17744,97,0.328835,-6.65377,2.23054,-3.42417,-5.20535,0.556692,2.2956,9.25633,4.17188,97,0.364218,-6.67687,2.22544,-3.41918,-5.08422,0.509957,2.1382,7.88883,4.15992,97,0.157359,0.206952,0.262293,0.276391,0.863201,0.251218,1.20781,2.53088,0.278404,0,1.11509,Platcov,3,BA.2,4,NA,0,G_Platcov,G_0
PLT-TH1-187,-6.71998,2.10955,-3.43584,-6.26266,0.492947,3.22375,10.7489,4.08903,97,0.246515,-6.71933,2.17518,-3.4489,-6.14585,0.469911,2.63887,10.3654,4.20752,97,0.295775,-6.72761,2.14465,-3.39382,-6.07258,0.449624,2.14268,10.4227,4.11297,97,0.152716,0.19485,0.255824,0.290039,0.586276,0.125326,1.51797,1.77707,0.305041,0,0.366295,Platcov,3,BA.2,2,NA,0,G_Platcov,G_0
PLT-TH1-188,-6.70694,2.27285,-3.38078,-6.04342,0.873472,2.37605,12.9564,4.21457,97,0.235811,-6.75688,2.09955,-3.40201,-6.17966,0.892469,2.1824,11.1068,4.13647,97,0.190865,-6.77642,2.12351,-3.38876,-6.26487,0.938303,2.22459,10.4012,4.11551,97,0.153571,0.190627,0.214618,0.267581,0.713558,0.291606,1.32089,4.3399,0.265268,0,0.26112,Platcov,3,BA.2,3,NA,0,G_Platcov,G_0
PLT-TH1-202,-6.67692,2.19786,-3.38029,-4.97208,0.674693,2.1268,10.9976,4.28511,97,0.229972,-6.64368,2.3702,-3.41439,-4.65922,0.68452,2.5146,10.8549,4.20834,97,0.248286,-6.68168,2.33939,-3.40499,-4.66362,0.695639,2.13086,10.1916,4.17255,97,0.157228,0.20678,0.284875,0.262257,0.951955,0.204281,1.22254,3.39008,0.280003,0,0.4562,Platcov,3,BA.2,4,NA,0,G_Platcov,G_0
PLT-TH1-205,-6.70255,2.20069,-3.46134,-5.32332,0.607844,2.22464,8.86272,4.17943,97,0.238231,-6.67463,2.22285,-3.43276,-5.168,0.566863,2.70712,9.06098,4.16982,97,0.315931,-6.67566,2.24336,-3.42494,-5.0623,0.554691,2.48889,7.757,4.1657,97,0.149191,0.175658,0.275165,0.24344,0.67152,0.152722,1.4537,2.1624,0.323389,0,0.686501,Platcov,3,BA.2,3,NA,0,G_Platcov,G_0
PLT-TH1-215,-6.6599,2.19733,-3.36502,-5.63565,0.654766,2.19768,15.7978,4.14504,97,0.219611,-6.64059,2.30818,-3.34959,-5.51849,0.724509,2.20555,14.103,4.16317,97,0.226821,-6.70402,2.23534,-3.44244,-5.61117,0.674399,2.21496,6.99228,4.16421,97,0.182478,0.178685,0.345496,0.303955,0.991454,0.218162,1.31663,7.31197,0.278432,0,0.232285,Platcov,3,BA.2,4,NA,0,G_Platcov,G_0
PLT-TH1-220,-6.72541,2.31248,-3.38228,-5.75738,0.839473,2.47439,10.8232,4.14933,97,0.247085,-6.72516,2.1253,-3.37668,-6.15604,0.879854,2.3081,8.41918,4.22283,97,0.231604,-6.70732,2.29926,-3.44521,-5.77177,0.849032,2.68394,7.52443,4.1326,97,0.145712,0.179532,0.274606,0.300603,1.06964,0.366533,1.15343,4.72584,0.261025,0,0.244041,Platcov,3,BA.2,2,NA,0,G_Platcov,G_0
PLT-TH1-223,-6.66589,2.36415,-3.34061,-5.41903,0.910113,1.94687,11.4774,4.17687,97,0.191801,-6.67984,2.31154,-3.41502,-5.49274,0.916682,2.06975,12.9481,4.21203,97,0.259447,-6.68057,2.33793,-3.41757,-5.41987,1.01152,1.70806,10.0418,4.15674,97,0.156351,0.176892,0.255733,0.299699,1.06409,0.236614,1.01477,6.00659,0.296551,0,0.282763,Platcov,3,BA.2,3,NA,0,G_Platcov,G_0
PLT-TH1-226,-6.66746,2.09001,-3.41109,-6.13622,0.564629,2.64877,19.7303,4.07689,97,0.296083,-6.70541,2.10556,-3.34682,-6.08381,0.540957,2.22256,18.8432,4.12208,97,0.221129,-6.71993,2.167,-3.35856,-5.93188,0.537855,2.17782,15.0344,4.15913,97,0.143446,0.165716,0.259364,0.288172,0.69714,0.119162,0.996109,6.23885,0.259182,0,0.273617,Platcov,3,BA.2,3,NA,0,G_Platcov,G_0
PLT-TH1-230,-6.70953,2.09979,-3.37499,-6.05168,0.783328,1.88194,10.6474,4.11146,97,0.350946,-6.72489,2.22107,-3.40067,-5.82905,0.732725,1.98223,10.9137,4.14283,97,0.19831,-6.73932,2.20215,-3.39236,-6.06101,0.861838,2.14412,10.7829,4.12753,97,0.156493,0.208148,0.299534,0.274979,0.880883,0.30594,1.18183,6.92561,0.28824,0,0.200693,Platcov,3,BA.2,3,NA,0,G_Platcov,G_0
PLT-TH1-241,-6.6754,2.22268,-3.49601,-6.31811,1.2198,1.6373,6.50138,4.10821,97,0.318778,-6.71337,2.28249,-3.44697,-5.94428,1.23877,1.97673,8.77392,4.12328,97,0.383473,-6.68365,2.34923,-3.46148,-5.53726,1.15185,1.83997,6.53377,4.16171,97,0.180167,0.184638,0.283106,0.327579,0.928505,0.454739,0.873199,5.55277,0.259954,0,0.579589,Platcov,3,BA.2,3,NA,0,G_Platcov,G_0
PLT-TH1-243,-6.68835,2.41849,-3.7023,-5.11683,0.940363,7.38773,2.05518,4.10978,97,0.220757,-6.66821,2.40361,-3.57038,-5.51883,1.51359,5.55117,5.10733,4.11725,97,0.235415,-6.69236,2.38091,-3.62866,-5.64281,1.24609,5.81122,2.02326,4.15945,97,0.172328,0.196332,0.275444,0.317546,1.19288,1.16958,3.02085,6.90968,0.355102,0,0.342002,Platcov,3,BA.2,3,NA,0,G_Platcov,G_0
PLT-TH1-250,-6.67749,2.17177,-3.23029,-4.47337,0.381844,2.03662,25.2137,4.21121,97,0.230928,-6.65333,2.23592,-3.31432,-4.11392,0.324487,2.54369,21.1582,4.21634,97,0.246858,-6.6772,2.21592,-3.32886,-4.17976,0.324471,2.1776,17.6489,4.17107,97,0.150572,0.177338,0.302016,0.251308,0.52395,0.0979112,1.77476,6.68037,0.27832,0,0.255076,Platcov,3,BA.2,4,NA,0,G_Platcov,G_0
PLT-BR3-017,-6.60955,2.45432,-3.33267,-4.71671,0.799164,2.52415,19.2257,4.13292,97,0.356255,-6.65519,2.2538,-3.37044,-5.16437,0.800727,2.64729,17.9309,4.1709,97,0.270444,-6.66403,2.39197,-3.30427,-4.69792,0.768196,2.13049,17.0468,4.16428,97,0.142695,0.192107,0.28013,0.296112,0.920755,0.204068,1.79105,6.21461,0.315317,0,0.333236,Platcov,3,BA.2,3,NA,0,G_Platcov,G_0
PLT-TH1-253,-6.65975,2.15467,-3.30956,-6.22084,0.524817,2.43169,10.3132,4.1353,97,0.215091,-6.7174,2.13961,-3.4075,-6.21792,0.532756,2.31734,9.71759,4.13897,97,0.249382,-6.73005,2.13749,-3.39426,-6.07365,0.543219,2.12225,10.4643,4.12073,97,0.152375,0.174604,0.253297,0.317894,0.830081,0.157988,1.27764,2.96508,0.285868,0,0.332197,Platcov,3,BA.2,4,NA,0,G_Platcov,G_0
PLT-TH1-254,-6.66787,2.35997,-3.2307,-5.01122,0.669546,2.25476,18.7171,4.19371,97,0.234238,-6.64969,2.28089,-3.29812,-4.8487,0.602907,2.62275,20.0205,4.20411,97,0.272964,-6.6465,2.37995,-3.2815,-4.72377,0.651655,2.27708,16.0617,4.16795,97,0.149423,0.192601,0.306566,0.291498,0.791731,0.153209,1.63304,8.93032,0.271503,0,0.242887,Platcov,3,BA.2,3,NA,0,G_Platcov,G_0
PLT-BR3-021,-6.64359,2.42581,-3.40886,-3.88008,1.00294,2.26657,12.9126,4.23038,97,0.275591,-6.68783,2.45037,-3.38891,-4.09419,1.04791,2.30566,12.4565,4.24446,97,0.235261,-6.70071,2.50934,-3.42524,-3.81715,1.01411,2.13763,9.52411,4.20233,97,0.153529,0.155125,0.23552,0.245429,0.868659,0.251324,1.24767,5.16378,0.27554,0,0.232133,Platcov,3,BA.2,3,NA,0,G_Platcov,G_0
PLT-TH1-259,-6.67887,2.16035,-3.32918,-6.02241,0.377957,2.15153,17.5131,4.08129,97,0.216659,-6.71014,2.15856,-3.34652,-6.13094,0.399454,2.37879,18.7075,4.14218,97,0.290865,-6.70812,2.14159,-3.36265,-6.0519,0.380518,2.08904,13.7669,4.11896,97,0.146489,0.182236,0.256059,0.250213,0.641157,0.0811927,1.7617,6.76964,0.284908,0,0.385932,Platcov,3,BA.2,3,NA,0,G_Platcov,G_0
PLT-TH1-265,-6.691,2.61921,-3.40084,-4.74566,1.6342,2.22582,11.583,4.12311,97,0.440646,-6.69765,2.52625,-3.47687,-2.80339,0.741564,2.8626,5.72899,4.22243,97,0.254902,-6.7178,2.47786,-3.48304,-2.82966,0.67372,2.76438,5.0025,4.2238,97,0.127184,0.157606,0.276537,0.321559,1.03864,0.347042,1.29056,3.39041,0.288765,0,0.341261,Platcov,3,BA.2,3,NA,0,G_Platcov,G_0
PLT-BR3-030,-6.70739,2.23204,-3.46495,-5.66557,0.847602,2.00565,7.12266,4.1422,97,0.292965,-6.71829,2.24741,-3.40807,-5.63647,0.930734,2.66413,8.70697,4.12963,97,0.23904,-6.68352,2.3387,-3.50549,-5.5998,0.777577,1.91341,4.5968,4.19863,97,0.127142,0.181917,0.305069,0.275936,1.14362,0.457901,1.39688,6.36725,0.314443,0,0.315279,Platcov,3,BA.2,3,NA,0,G_Platcov,G_0
PLT-TH1-269,-6.71961,2.08622,-3.39775,-6.07746,0.655772,1.99573,13.6412,4.1641,97,0.212549,-6.68755,2.18477,-3.38277,-6.13262,0.714527,2.15671,14.8375,4.14053,97,0.274076,-6.72712,2.18818,-3.35823,-5.935,0.689006,1.90041,14.4827,4.1321,97,0.160885,0.15829,0.329934,0.256087,0.887221,0.176149,1.42715,6.08222,0.300511,0,0.380976,Platcov,3,BA.2,3,NA,0,G_Platcov,G_0
PLT-TH1-270,-6.65202,2.19389,-3.43013,-5.37583,0.680559,2.69379,7.64921,4.16924,97,0.328962,-6.62133,2.1646,-3.46064,-5.58544,0.752559,2.72103,6.91055,4.18757,97,0.294261,-6.67689,2.31125,-3.44448,-5.09751,0.706568,2.56119,6.38776,4.16724,97,0.156886,0.15672,0.295775,0.244836,0.85625,0.2444,1.28857,1.91939,0.278634,0,0.70851,Platcov,3,BA.2,3,NA,0,G_Platcov,G_0
PLT-BR3-032,-6.68602,2.47967,-3.46733,-3.50171,0.742225,2.84557,7.57216,4.18203,97,0.24726,-6.70341,2.48375,-3.48734,-3.4583,0.706193,2.53804,8.5115,4.23271,97,0.164611,-6.69407,2.4787,-3.43629,-3.35001,0.649197,2.51229,6.02472,4.19533,97,0.121277,0.152952,0.327277,0.240614,0.646299,0.236585,1.30931,4.67052,0.268647,0,0.145678,Platcov,3,BA.2,2,NA,0,G_Platcov,G_0
PLT-TH1-275,-6.71715,2.39677,-3.3588,-4.33048,0.934574,2.48224,14.0847,4.26636,97,0.186548,-6.67394,2.4189,-3.36996,-4.32829,0.945255,2.57634,14.6594,4.26348,97,0.254962,-6.68493,2.46148,-3.38396,-4.13292,0.910815,2.17225,10.3866,4.19759,97,0.150739,0.180242,0.295291,0.287654,1.01464,0.230611,1.94624,5.11959,0.315025,0,0.277812,Platcov,3,BA.2,3,NA,0,G_Platcov,G_0
PLT-TH1-280,-6.61284,2.82455,-3.48958,-2.68532,0.963931,2.63828,14.3196,4.29746,97,0.424091,-6.67633,2.5876,-3.29801,-3.07012,0.979772,2.27375,12.6841,4.28016,97,0.246216,-6.70371,2.56081,-3.38373,-2.95601,0.903681,2.06563,10.4425,4.22553,97,0.167583,0.167973,0.31414,0.223151,0.901042,0.368975,1.13319,5.69078,0.294642,0,0.207901,Platcov,3,BA.5,4,NA,0,G_Platcov,G_0
PLT-TH1-282,-6.66825,2.45933,-3.477,-4.56423,0.923926,2.56767,6.23319,4.16809,97,0.243145,-6.68252,2.40014,-3.48165,-4.91433,1.00244,3.62589,6.54312,4.18227,97,0.282752,-6.68411,2.44795,-3.4605,-4.53365,0.947463,3.23408,6.51992,4.17155,97,0.133946,0.198123,0.269089,0.222666,1.00799,0.29755,2.30319,1.03627,0.293228,0,0.515546,Platcov,3,BA.5,3,NA,0,G_Platcov,G_0
PLT-TH1-283,-6.65858,2.07551,-3.34465,-5.78648,0.364723,2.01741,14.3342,4.19072,97,0.279257,-6.66675,2.05322,-3.30416,-6.05506,0.411013,2.122,16.7223,4.20106,97,0.247879,-6.6855,2.10216,-3.3674,-5.7464,0.399202,1.95729,13.4577,4.12924,97,0.148086,0.195449,0.284285,0.270754,0.719443,0.101978,1.01913,6.43272,0.300517,0,0.248247,Platcov,3,BA.2,4,NA,0,G_Platcov,G_0
PLT-TH1-289,-6.6344,2.37985,-3.42315,-5.00844,1.0925,2.96391,7.15248,4.25736,97,0.463603,-6.65113,2.40195,-3.46938,-4.94005,1.11776,2.55434,8.74402,4.22517,97,0.215737,-6.71029,2.42843,-3.50052,-4.31646,1.08411,1.89184,8.71233,4.1814,97,0.147834,0.170246,0.297782,0.286248,1.15486,0.325707,1.12797,5.14565,0.29931,0,0.199593,Platcov,3,BA.2,3,NA,0,G_Platcov,G_0
PLT-TH1-291,-6.66162,2.26632,-3.33487,-5.54117,0.697584,2.13605,16.8722,4.12384,97,0.419305,-6.64208,2.2049,-3.3281,-5.92782,0.733898,2.4713,16.9161,4.18488,97,0.244974,-6.69194,2.24966,-3.3555,-5.54525,0.718138,2.13574,16.727,4.14824,97,0.150227,0.176494,0.287554,0.270785,0.921952,0.135552,1.53089,5.91498,0.30135,0,0.257554,Platcov,3,BA.2,4,NA,0,G_Platcov,G_0
PLT-TH1-296,-6.64885,2.48101,-3.41058,-5.02687,1.0681,2.80449,7.47702,4.15359,97,0.285623,-6.68003,2.42864,-3.49932,-4.93181,0.992634,2.91685,6.95267,4.26136,97,0.207581,-6.70545,2.48592,-3.50334,-4.49107,0.939901,2.72393,6.19151,4.16182,97,0.137251,0.180906,0.288203,0.275232,1.02101,0.288961,1.4326,2.37807,0.273149,0,0.227167,Platcov,3,BA.5,5,NA,0,G_Platcov,G_0
PLT-TH1-300,-6.69324,2.49768,-3.50034,-4.41916,0.950137,2.18191,7.91375,4.15545,97,0.24724,-6.65959,2.51957,-3.468,-3.75078,0.730764,2.57794,7.22735,4.21321,97,0.294535,-6.69133,2.42558,-3.45685,-3.6976,0.681258,2.42815,7.08898,4.20507,97,0.151467,0.174387,0.341495,0.259243,1.1477,0.293986,1.20926,2.84532,0.30113,0,0.32441,Platcov,3,BA.2,4,NA,0,G_Platcov,G_0
PLT-TH1-315,-6.67535,2.45621,-3.43794,-5.20441,1.48647,3.79678,7.71699,4.14629,97,0.324026,-6.68411,2.46274,-3.4993,-4.78332,1.24747,3.3755,6.97696,4.23045,97,0.220561,-6.69915,2.53351,-3.56072,-4.21866,1.11818,3.15777,4.46823,4.22035,97,0.112662,0.204601,0.263492,0.293304,1.3786,0.540385,1.83745,4.94973,0.27575,0,0.258922,Platcov,3,BA.4,4,NA,0,G_Platcov,G_0
PLT-TH1-317,-6.63604,2.41738,-3.43867,-4.74411,0.894997,2.30472,13.8606,4.15406,97,0.253869,-6.67623,2.39302,-3.37227,-4.39821,0.795345,2.42372,13.4673,4.13851,97,0.278528,-6.69264,2.40766,-3.42632,-4.16844,0.752567,2.20556,9.2057,4.19624,97,0.153195,0.176276,0.267804,0.265106,1.0613,0.253564,1.68088,6.07514,0.287419,0,0.343314,Platcov,3,BA.2,3,NA,0,G_Platcov,G_0
PLT-TH1-322,-6.67778,2.51085,-3.3722,-3.30881,1.04789,2.86572,15.4278,4.15121,97,0.228844,-6.64562,2.60077,-3.28528,-3.65724,1.25508,2.63757,13.4129,4.22819,97,0.167682,-6.65716,2.63782,-3.31015,-3.6181,1.2199,2.37526,10.5269,4.21153,97,0.149097,0.182631,0.193376,0.356259,0.720807,0.287764,1.42638,6.33702,0.310415,0,0.221621,Platcov,3,BA.2,3,NA,0,G_Platcov,G_0
PLT-TH1-324,-6.64273,2.30489,-3.37977,-4.74148,0.583936,2.61452,12.3548,4.12788,97,0.280999,-6.67595,2.28501,-3.38052,-4.77179,0.588108,2.51666,12.9684,4.13058,97,0.367816,-6.67501,2.30339,-3.3884,-4.67283,0.57634,2.19453,10.4117,4.17216,97,0.139818,0.178749,0.316531,0.263107,0.768758,0.207536,1.36655,3.38191,0.260709,0,0.564245,Platcov,3,BA.5,4,NA,0,G_Platcov,G_0
PLT-TH1-331,-6.63971,2.3504,-3.36201,-4.24521,0.556088,1.9031,16.3639,4.23031,97,0.300888,-6.68081,2.35902,-3.39001,-4.27447,0.559879,2.11839,16.0433,4.24266,97,0.249846,-6.67645,2.37816,-3.32591,-4.25338,0.577347,1.98159,15.1376,4.17337,97,0.138747,0.197884,0.299017,0.295133,0.618687,0.187482,1.16592,6.38773,0.292806,0,0.317452,Platcov,3,BA.5,5,NA,0,G_Platcov,G_0
PLT-TH1-334,-6.66737,2.46495,-3.43811,-4.51578,0.894083,2.04188,13.4571,4.17724,97,0.356865,-6.65224,2.38671,-3.40251,-4.69504,0.88821,2.15515,13.2382,4.20007,97,0.281642,-6.67817,2.4112,-3.40943,-4.57082,0.891232,2.17848,10.2467,4.18136,97,0.147026,0.197623,0.24423,0.28636,0.709489,0.21858,1.06878,6.14528,0.259321,0,0.261715,Platcov,3,BA.5,3,NA,0,G_Platcov,G_0
PLT-TH1-338,-6.63442,2.43789,-3.38539,-4.73672,1.10087,2.07085,11.7018,4.18537,97,0.31528,-6.67366,2.41226,-3.39843,-4.85213,1.1222,2.22287,12.8417,4.22239,97,0.260262,-6.67956,2.45312,-3.44235,-4.43777,1.07756,2.08935,9.29428,4.19717,97,0.154739,0.157235,0.273264,0.309984,1.04962,0.302816,1.07563,6.08446,0.294031,0,0.266121,Platcov,3,BA.5,2,NA,0,G_Platcov,G_0
PLT-TH1-344,-6.63491,2.40451,-3.314,-4.39448,0.572278,2.26871,17.5729,4.18252,97,0.237469,-6.66649,2.29105,-3.24114,-4.60004,0.580362,2.79063,17.7231,4.12787,97,0.326748,-6.675,2.29705,-3.30638,-4.35193,0.505226,2.2936,18.1945,4.17945,97,0.166763,0.159657,0.32943,0.281125,0.717246,0.176705,2.00032,5.68009,0.27174,0,0.350557,Platcov,3,BA.5,4,NA,0,G_Platcov,G_0
PLT-TH1-345,-6.68125,2.26767,-3.40581,-5.28054,0.78877,2.24151,12.4122,4.17492,97,0.27598,-6.69063,2.32138,-3.35006,-5.01746,0.724381,2.36992,12.783,4.15527,97,0.264455,-6.67958,2.31152,-3.40382,-5.12196,0.76126,2.37558,10.4786,4.16537,97,0.13957,0.182291,0.279045,0.27142,0.830303,0.216722,1.0403,5.54181,0.309531,0,0.30893,Platcov,3,BA.2,3,NA,0,G_Platcov,G_0
PLT-TH1-347,-6.64524,2.22241,-3.3834,-5.0208,0.485946,2.65658,10.557,4.12583,97,0.30455,-6.66932,2.19011,-3.41195,-5.47411,0.561206,2.47729,10.7084,4.13247,97,0.209945,-6.67856,2.2277,-3.39237,-5.10798,0.508245,2.25572,10.4215,4.1617,97,0.147724,0.158312,0.26058,0.242068,0.821148,0.173055,1.21894,1.71206,0.312295,0,0.2067,Platcov,3,BA.5,3,NA,0,G_Platcov,G_0
PLT-TH1-360,-6.67221,2.06164,-3.53018,-6.18981,0.640638,3.13567,6.04887,4.18005,97,0.263809,-6.7621,2.26475,-3.46469,-5.89781,0.756797,4.2427,6.6508,4.15345,97,0.219837,-6.69963,2.27683,-3.46306,-5.8511,0.720967,3.81407,6.76474,4.14377,97,0.136945,0.176496,0.267388,0.248289,0.73927,0.214181,1.85544,0.850665,0.292117,0,0.262464,Platcov,3,BA.5,4,NA,0,G_Platcov,G_0
PLT-TH1-363,-6.69492,2.50482,-3.47542,-3.97786,0.739998,3.69139,6.15069,4.18483,97,0.319573,-6.6753,2.33863,-3.48202,-4.07127,0.680343,3.40666,5.88753,4.21503,97,0.290378,-6.69768,2.33271,-3.45224,-3.88777,0.604671,2.87508,6.01369,4.1898,97,0.156251,0.169913,0.253672,0.265251,0.678487,0.27146,2.04381,0.623302,0.286025,0,0.346485,Platcov,3,BA.5,4,NA,0,G_Platcov,G_0
PLT-TH1-367,-6.70401,2.42594,-3.3289,-3.67566,0.812022,2.41172,11.7176,4.22889,97,0.4567,-6.67707,2.45179,-3.41764,-3.66694,0.793134,2.2993,15.5208,4.26166,97,0.248269,-6.70585,2.4499,-3.42883,-3.66893,0.792698,2.44904,10.4236,4.20837,97,0.150299,0.179083,0.282143,0.273736,0.800728,0.283209,1.31005,9.76875,0.295197,0,0.322619,Platcov,3,BA.5,5,NA,0,G_Platcov,G_0
PLT-TH1-376,-6.71336,2.44661,-3.47804,-4.14722,0.875282,2.46042,9.40266,4.26071,97,0.202638,-6.65345,2.42291,-3.4147,-4.92203,1.11043,2.377,10.8708,4.21114,97,0.212113,-6.68839,2.4966,-3.44452,-4.51354,1.06824,2.0984,9.09051,4.20327,97,0.122776,0.173355,0.291136,0.289684,1.02757,0.27479,1.42553,4.36458,0.307736,0,0.264058,Platcov,3,BA.5,5,NA,0,G_Platcov,G_0
PLT-TH1-378,-6.68714,2.43943,-3.41691,-4.14443,0.991731,2.21898,10.3752,4.16611,97,0.34751,-6.67209,2.50347,-3.43494,-4.12488,1.02794,2.22904,13.1411,4.27656,97,0.261862,-6.68911,2.49248,-3.41786,-3.98627,1.0071,2.04568,10.2907,4.19827,97,0.155012,0.21837,0.31352,0.229429,0.875737,0.202371,1.16126,5.65156,0.347219,0,0.271801,Platcov,3,BA.5,5,NA,0,G_Platcov,G_0
PLT-TH1-384,-6.65749,2.50415,-3.30494,-4.58085,1.30035,2.09998,13.1065,4.24013,97,0.433027,-6.66463,2.47051,-3.35976,-3.99703,1.10425,2.45329,14.1247,4.20414,97,0.290387,-6.69349,2.50297,-3.43566,-3.88955,1.07614,2.1364,10.0988,4.2051,97,0.155405,0.175626,0.259369,0.256923,0.826017,0.261076,1.20238,9.90328,0.332084,0,0.47957,Platcov,3,BA.5,4,NA,0,G_Platcov,G_0
PLT-TH1-388,-6.69317,2.39233,-3.38235,-4.37189,0.781054,2.39517,11.8427,4.21943,97,0.278104,-6.68454,2.37758,-3.438,-4.53578,0.869474,2.45999,10.5187,4.18507,97,0.246906,-6.68282,2.41011,-3.39465,-4.26103,0.784735,2.1791,10.4219,4.17918,97,0.151133,0.227191,0.297375,0.291668,1.2369,0.406754,1.43187,4.84032,0.287551,0,0.256477,Platcov,3,BA.5,0,NA,0,G_Platcov,G_0
PLT-TH1-389,-6.67634,2.28044,-3.51437,-4.65104,0.763758,2.2261,5.54134,4.2269,97,0.232852,-6.65595,2.33262,-3.48976,-4.56656,0.722351,2.64615,6.72759,4.17095,97,0.22295,-6.66499,2.36211,-3.47638,-4.33224,0.659308,2.51847,5.55935,4.17047,97,0.140383,0.175626,0.245088,0.276674,0.854782,0.332529,1.7253,4.09654,0.252832,0,0.279741,Platcov,3,BA.5,3,NA,0,G_Platcov,G_0
PLT-TH1-398,-6.7284,2.20064,-3.31448,-6.05389,0.785408,2.44068,19.4216,4.17163,97,0.21476,-6.63139,2.23517,-3.31525,-5.90747,0.746659,1.95661,16.5214,4.12762,97,0.306745,-6.70088,2.25377,-3.35068,-5.67091,0.741714,1.75585,14.3443,4.14436,97,0.148174,0.159853,0.355869,0.255395,0.962296,0.146155,1.04774,5.85611,0.279266,0,0.528915,Platcov,3,BA.5,5,NA,0,G_Platcov,G_0
PLT-TH1-399,-6.72308,2.18151,-3.41381,-6.08453,0.910061,2.16557,13.4875,4.17899,97,0.235969,-6.68825,2.18301,-3.3634,-6.26324,0.920241,2.20045,11.2551,4.15882,97,0.229806,-6.72577,2.22932,-3.40903,-6.00569,0.927518,2.2288,10.3258,4.12989,97,0.148129,0.174002,0.272061,0.317767,0.823646,0.27993,1.10928,4.60672,0.293639,0,0.311023,Platcov,3,BA.5,2,NA,0,G_Platcov,G_0
PLT-TH1-409,-6.6479,2.31509,-3.47701,-5.39998,0.768404,2.26788,7.45412,4.12803,97,0.267912,-6.68909,2.29345,-3.37239,-5.82913,0.953543,2.12087,10.0562,4.1666,97,0.217973,-6.71388,2.27653,-3.4004,-5.95743,1.05101,2.29957,10.133,4.13576,97,0.162528,0.197634,0.305414,0.218895,0.976469,0.298007,1.1593,4.87315,0.247177,0,0.248937,Platcov,3,BA.5,2,NA,0,G_Platcov,G_0
PLT-TH1-411,-6.66229,2.40874,-3.36668,-3.93962,1.14712,2.53444,15.106,4.18905,97,0.272538,-6.67945,2.51233,-3.34233,-3.87708,1.17055,2.42338,13.8119,4.21621,97,0.240525,-6.623,2.43173,-3.254,-3.98539,1.1019,2.12705,11.9328,4.25146,97,0.144159,0.171966,0.25119,0.255758,1.12948,0.368408,1.30933,6.52867,0.266535,0,0.256971,Platcov,3,BA.2,4,NA,0,G_Platcov,G_0
PLT-TH1-003,-6.66594,2.2257,-3.32427,-4.56632,0.58513,1.93099,17.1087,4.18982,97,0.0378588,-6.64135,2.33057,-3.35338,-4.63192,0.642466,2.25767,19.5149,4.19649,97,0.0337555,-6.66954,2.34059,-3.33819,-4.48819,0.627179,2.09946,15.1723,4.18183,97,0.0206254,0.196898,0.248896,0.287879,0.573839,0.144481,1.18009,6.60726,0.256485,0,0.0413158,Platcov,3,Delta,2,NA,1,G_Platcov,G_1
PLT-TH1-012,-6.63569,2.17925,-3.32676,-5.07721,0.46478,2.05478,18.5349,4.2621,97,0.0370055,-6.67231,2.30584,-3.28335,-4.71915,0.448802,2.70672,18.9656,4.18623,97,0.0265941,-6.66708,2.23965,-3.37486,-4.80946,0.446902,2.40747,14.6289,4.16306,97,0.0209052,0.184293,0.228986,0.287786,0.611103,0.12541,1.79669,5.98081,0.251246,0,0.0207148,Platcov,3,Delta,2,NA,1,G_Platcov,G_1
PLT-TH1-016,-6.69291,2.33185,-3.36271,-5.32169,0.77131,2.48225,13.9511,4.22083,97,0.0419662,-6.68068,2.27877,-3.40819,-5.28692,0.742515,2.46194,13.4802,4.1857,97,0.0328574,-6.67651,2.32425,-3.38856,-4.96094,0.704005,2.19109,10.4668,4.17005,97,0.0205073,0.178482,0.238123,0.281558,0.815578,0.16542,1.47377,4.10537,0.285815,0,0.0413938,Platcov,3,Delta,2,NA,1,G_Platcov,G_1
PLT-TH1-019,-6.57632,2.85598,-2.9805,-3.76392,0.937785,1.76608,15.6047,4.20747,97,0.0241272,-6.55398,2.69008,-3.18652,-3.7437,0.803009,2.20116,19.6653,4.20821,97,0.0346077,-6.55315,2.74335,-3.06888,-3.52955,0.764624,2.2851,15.0687,4.17065,97,0.0237384,0.177095,0.35028,0.267182,0.525294,0.307067,0.995225,5.58253,0.239577,0,0.0443533,Platcov,3,Delta,2,NA,1,G_Platcov,G_1
PLT-TH1-022,-6.65973,2.41642,-3.33771,-5.99185,1.53079,2.32299,10.9491,4.22039,97,0.0507014,-6.68405,2.39713,-3.46105,-5.4423,1.31736,2.44243,10.081,4.16601,97,0.0382509,-6.69251,2.52993,-3.51818,-5.08468,1.38378,1.87392,6.58817,4.20091,97,0.0275328,0.157934,0.326169,0.271444,1.43184,0.456381,1.22348,6.2564,0.316305,0,0.0515182,Platcov,3,Delta,2,NA,1,G_Platcov,G_1
PLT-TH1-030,-6.69015,2.50495,-3.49333,-4.92705,1.09378,2.99993,10.917,4.2275,97,0.0261234,-6.68697,2.41945,-3.38955,-4.40588,0.872734,2.37447,9.31061,4.13898,97,0.0327998,-6.68422,2.41525,-3.45912,-4.2213,0.860809,2.53596,8.22016,4.20068,97,0.0202269,0.158658,0.267761,0.283521,1.10644,0.356285,1.21621,4.43683,0.277122,0,0.0375549,Platcov,3,Delta,0,NA,1,G_Platcov,G_1
PLT-TH1-031,-6.71698,2.39114,-3.38943,-4.10107,0.678658,2.39593,13.9152,4.26678,97,0.0311181,-6.66522,2.43052,-3.37277,-4.13389,0.709565,1.97842,13.7732,4.1622,97,0.0410317,-6.68023,2.42224,-3.35895,-4.1665,0.726036,1.92406,13.9834,4.17913,97,0.0220962,0.186834,0.268058,0.252447,0.755882,0.239944,0.994743,7.38968,0.290862,0,0.0466124,Platcov,3,Delta,2,NA,1,G_Platcov,G_1
PLT-TH1-039,-6.6244,2.33662,-3.48562,-5.30557,1.02992,2.19824,8.32572,4.25197,97,0.0322463,-6.64267,2.40316,-3.44707,-5.17711,1.05116,2.28569,10.4482,4.1818,97,0.0369199,-6.70133,2.39609,-3.44884,-4.56556,0.961284,2.1866,11.2884,4.18794,97,0.0207527,0.20337,0.265302,0.282668,0.917516,0.406228,1.17507,7.25527,0.280542,0,0.0561363,Platcov,3,Delta,1,NA,1,G_Platcov,G_1
PLT-TH1-044,-6.68809,2.38825,-3.37359,-4.47829,0.642332,2.29141,14.9958,4.15903,97,0.040756,-6.67393,2.3303,-3.38645,-4.33732,0.595508,2.06777,15.8319,4.19064,97,0.037382,-6.68466,2.34587,-3.35235,-4.23632,0.573688,1.83698,15.3123,4.17157,97,0.021838,0.1801,0.223628,0.293552,0.730464,0.169469,1.03042,7.86672,0.289389,0,0.0447441,Platcov,3,Delta,2,NA,1,G_Platcov,G_1
PLT-TH1-046,-6.71296,2.34831,-3.31077,-3.8808,0.471054,2.30757,19.7312,4.18787,97,0.0411823,-6.68072,2.32015,-3.26359,-4.09428,0.515681,2.21731,18.9412,4.26434,97,0.0362428,-6.68033,2.33369,-3.31487,-3.99031,0.474518,1.88215,16.2429,4.18602,97,0.0197389,0.208601,0.33599,0.294117,0.690649,0.17483,1.54911,5.80952,0.29681,0,0.0483516,Platcov,3,Delta,0,NA,1,G_Platcov,G_1
PLT-TH1-059,-6.68775,2.28229,-3.43446,-5.06767,0.968001,2.53001,13.3996,4.21174,97,0.0283852,-6.68282,2.37162,-3.4809,-5.37171,1.07221,1.96808,12.2255,4.14417,97,0.030086,-6.69188,2.36992,-3.43752,-4.97389,1.04326,1.80707,10.3419,4.17401,97,0.0227186,0.177711,0.260914,0.287167,1.17692,0.244606,1.14168,5.38382,0.268107,0,0.0398255,Platcov,3,BA.1,2,NA,1,G_Platcov,G_1
PLT-TH1-060,-6.56487,2.82242,-3.10496,-2.271,0.8493,1.88171,18.0939,4.25874,97,0.0329737,-6.61453,2.77856,-2.9346,-2.80059,1.10844,2.48155,21.4506,4.16933,97,0.0332961,-6.61825,2.8196,-2.99468,-2.63954,0.975292,2.1294,15.8763,4.22685,97,0.016981,0.165138,0.251656,0.247863,1.01621,0.521662,1.48367,7.76634,0.260016,0,0.0320922,Platcov,3,BA.1,0,NA,1,G_Platcov,G_1
PLT-TH1-062,-6.67724,2.28734,-3.33525,-6.17797,1.28809,2.77601,15.3316,4.14358,97,0.039388,-6.67466,2.26762,-3.39782,-5.95548,1.21985,2.28994,14.9682,4.12665,97,0.0328973,-6.68378,2.35428,-3.41383,-5.64838,1.23337,2.05932,9.95279,4.16043,97,0.0234204,0.168196,0.264857,0.264422,1.09721,0.216473,1.11965,6.93405,0.293216,0,0.0485723,Platcov,3,BA.1,3,NA,1,G_Platcov,G_1
PLT-TH1-064,-6.64486,2.1725,-3.51507,-5.90701,0.816913,2.07446,3.8172,4.12727,97,0.0458544,-6.66635,2.15003,-3.46632,-6.14837,1.17482,2.38016,6.02853,4.16159,97,0.0379877,-6.70401,2.28869,-3.49864,-5.83638,1.00493,2.27897,4.17652,4.12957,97,0.0190688,0.169116,0.285341,0.296858,1.12075,0.623285,1.13009,4.06036,0.261926,0,0.0685432,Platcov,3,BA.1,2,NA,1,G_Platcov,G_1
PLT-TH1-071,-6.63596,2.42089,-3.32121,-5.12297,0.977476,2.30353,14.977,4.15912,97,0.0467987,-6.69562,2.46214,-3.32224,-4.99011,0.977765,2.29331,15.7922,4.19686,97,0.0389898,-6.64619,2.48486,-3.26737,-4.79672,0.932554,2.10732,14.8815,4.17163,97,0.0219717,0.181895,0.31002,0.2987,1.02865,0.288252,1.03751,6.68652,0.29412,0,0.0402104,Platcov,3,BA.1,3,NA,1,G_Platcov,G_1
PLT-TH1-073,-6.66464,2.41814,-3.32616,-4.78952,1.24146,2.31221,12.6235,4.14796,97,0.0343631,-6.69824,2.44067,-3.38215,-5.12103,1.25911,2.50099,12.4065,4.22692,97,0.028406,-6.68689,2.53463,-3.41919,-4.6612,1.23264,2.12902,11.3011,4.19275,97,0.0176034,0.205698,0.24686,0.286345,0.801997,0.231479,1.44914,5.22524,0.248579,0,0.0278048,Platcov,3,BA.1,3,NA,1,G_Platcov,G_1
PLT-TH58-005,-6.55571,2.65233,-3.34312,-3.07311,1.49423,2.35025,12.9695,4.25494,97,0.03957,-6.72918,2.53669,-3.45779,-2.70022,1.05128,2.84202,11.3456,4.27945,97,0.0362716,-6.71143,2.57989,-3.38752,-2.5483,1.00077,2.22917,10.2702,4.26349,97,0.0213776,0.176495,0.252845,0.241874,0.791954,0.309107,1.74986,5.77771,0.289214,0,0.0592225,Platcov,3,BA.1,2,NA,1,G_Platcov,G_1
PLT-TH1-078,-7.05947,1.59666,-3.30377,-5.60597,0.611338,3.47899,9.00956,4.08885,97,0.0277796,-7.00044,1.51168,-3.3772,-5.99951,0.564598,4.67185,9.12616,4.16793,97,0.0452003,-6.97088,1.44979,-3.40302,-5.92086,0.465103,3.20589,10.1252,4.13417,97,0.017556,0.173475,0.200786,0.231449,1.13808,0.286674,2.22679,1.73351,0.296088,0,0.0801831,Platcov,3,BA.1,2,NA,1,G_Platcov,G_1
PLT-TH1-087,-6.63151,2.45742,-3.25827,-4.58329,0.700051,2.13051,18.7446,4.21799,97,0.0407695,-6.66735,2.37083,-3.34244,-4.41995,0.612404,2.62293,19.6826,4.25073,97,0.0324474,-6.67248,2.4039,-3.30662,-4.59472,0.686888,2.01287,16.8645,4.16754,97,0.018947,0.180801,0.258285,0.26967,0.582632,0.152652,1.93073,7.19809,0.286649,0,0.0380756,Platcov,3,BA.1,2,NA,1,G_Platcov,G_1
PLT-TH1-090,-6.69945,2.53285,-3.4426,-4.25879,1.08145,2.12318,8.93022,4.22872,97,0.0302729,-6.66493,2.51572,-3.43825,-4.00241,1.00007,2.61149,10.3433,4.19819,97,0.0488451,-6.69609,2.49929,-3.44857,-3.8154,0.948581,2.23636,7.98712,4.19908,97,0.022448,0.200548,0.303675,0.275312,1.0051,0.309948,2.07456,5.9244,0.307751,0,0.0672709,Platcov,3,BA.1,3,NA,1,G_Platcov,G_1
PLT-TH1-091,-6.73522,2.602,-3.44593,-4.05955,1.09677,2.07691,9.59257,4.2459,97,0.0447678,-6.63826,2.42722,-3.40474,-4.46856,1.17798,2.33733,10.1931,4.1747,97,0.03617,-6.70008,2.47903,-3.47246,-4.07882,1.13334,2.07342,9.58604,4.20113,97,0.0213699,0.216399,0.285144,0.263713,1.04301,0.309418,1.16625,5.47224,0.265598,0,0.0367085,Platcov,3,BA.1,3,NA,1,G_Platcov,G_1
PLT-TH1-100,-6.57594,2.44285,-3.31522,-5.01991,1.05296,2.448,14.0877,4.1287,97,0.0218399,-6.64315,2.48104,-3.22859,-4.42072,0.916343,2.14104,16.2284,4.2025,97,0.045027,-6.6812,2.39442,-3.41594,-5.27385,1.16604,2.24944,10.3805,4.17256,97,0.0214194,0.178158,0.341677,0.262623,0.805279,0.243228,1.14546,9.49226,0.252805,0,0.0531539,Platcov,3,BA.1,2,NA,1,G_Platcov,G_1
PLT-TH1-108,-6.62461,2.25654,-3.36593,-5.43064,0.982945,2.15574,11.4011,4.1977,97,0.0393038,-6.66055,2.30073,-3.36098,-5.23899,0.978794,2.08747,12.1414,4.17814,97,0.0283159,-6.68534,2.37885,-3.42081,-5.055,0.974979,2.37652,10.3594,4.17474,97,0.0208491,0.163594,0.288821,0.332329,0.962896,0.236916,1.06986,4.85224,0.317672,0,0.0257871,Platcov,3,BA.1,2,NA,1,G_Platcov,G_1
PLT-TH1-110,-6.71659,2.22861,-3.37684,-5.91717,0.763948,2.12966,15.9968,4.21248,97,0.0416184,-6.66606,2.22676,-3.35567,-5.65522,0.763299,2.20119,16.3868,4.1839,97,0.0586649,-6.69183,2.28104,-3.35298,-5.57406,0.801813,2.28063,15.7545,4.14208,97,0.0219152,0.174655,0.27025,0.274907,0.760411,0.187888,0.97264,5.86695,0.301818,0,0.10176,Platcov,3,BA.1,2,NA,1,G_Platcov,G_1
PLT-BR3-003,-6.69968,2.29593,-3.47216,-5.55297,0.877478,2.79019,5.31758,4.15595,97,0.0350081,-6.64795,2.14672,-3.4779,-5.89518,0.785758,2.85413,5.19379,4.16318,97,0.0375247,-6.70787,2.27818,-3.46313,-5.75676,0.954621,2.97336,6.2064,4.15218,97,0.0194403,0.195079,0.3115,0.24554,0.906453,0.271902,1.35303,1.41159,0.302112,0,0.0460171,Platcov,3,BA.1,2,NA,1,G_Platcov,G_1
PLT-TH57-007,-6.64972,2.43924,-3.54934,-5.07127,1.12612,5.16083,5.6243,4.21377,97,0.044689,-6.69467,2.43269,-3.47301,-5.27512,1.35143,4.15246,7.05145,4.1446,97,0.045382,-6.64992,2.55039,-3.46719,-4.1194,1.29915,3.45408,6.70585,4.19381,97,0.0246269,0.179778,0.29577,0.259936,1.23592,0.421496,2.52754,4.45479,0.291831,0,0.0619709,Platcov,3,BA.1,3,NA,1,G_Platcov,G_1
PLT-TH58-009,-6.66245,2.30014,-3.47915,-5.38676,1.01092,2.31851,7.44961,4.18177,97,0.0371626,-6.67475,2.2795,-3.50079,-5.57339,1.074,2.44868,7.67922,4.16297,97,0.0426145,-6.68358,2.38441,-3.48204,-5.0295,0.975412,2.88251,5.42373,4.18085,97,0.0253161,0.160823,0.272378,0.282638,1.24352,0.468721,0.97147,4.95737,0.292024,0,0.0627439,Platcov,3,BA.2,3,NA,1,G_Platcov,G_1
PLT-TH1-117,-6.66594,2.53827,-3.38242,-5.6012,1.93523,2.10326,10.3656,4.19279,97,0.0543016,-6.64686,2.49341,-3.44939,-5.40434,1.84705,2.69246,8.4289,4.16585,97,0.0395537,-6.62917,2.4243,-3.37346,-4.70927,1.58377,2.50605,8.83422,4.21557,97,0.0137005,0.175325,0.278735,0.295432,1.53049,0.717489,1.27039,5.44606,0.249466,0,0.0731485,Platcov,3,BA.1,2,NA,1,G_Platcov,G_1
PLT-TH1-119,-6.69319,2.33566,-3.41532,-4.38067,0.457475,2.45713,9.14849,4.20422,97,0.0328639,-6.66125,2.12859,-3.45939,-4.68395,0.471406,2.10241,10.7161,4.19687,97,0.0276254,-6.68116,2.2747,-3.39705,-4.58836,0.521638,2.08991,10.3268,4.1743,97,0.0213785,0.201596,0.312045,0.252016,0.87965,0.174238,1.21931,3.26408,0.321877,0,0.0260288,Platcov,3,BA.2,2,NA,1,G_Platcov,G_1
PLT-TH1-125,-6.70841,2.24737,-3.43967,-5.51006,0.772431,1.80325,10.5913,4.1397,97,0.0309098,-6.69095,2.21353,-3.46171,-5.53848,0.697333,1.74158,8.92619,4.22878,97,0.0334348,-6.67641,2.3049,-3.44166,-5.01994,0.613741,1.64247,6.9569,4.18182,97,0.016749,0.193863,0.34046,0.236513,1.10397,0.32811,0.893444,6.62866,0.284069,0,0.0432766,Platcov,3,BA.2,2,NA,1,G_Platcov,G_1
PLT-TH1-126,-6.66301,2.27319,-3.31213,-5.05802,0.857749,2.54599,16.7913,4.27652,97,0.0434707,-6.69797,2.32683,-3.36019,-5.01339,0.873329,2.47885,16.8635,4.1996,97,0.0400222,-6.68746,2.34633,-3.39141,-4.87283,0.874357,2.38191,11.0763,4.15341,97,0.0228926,0.140212,0.296867,0.297323,1.01672,0.185226,1.35471,6.78065,0.299935,0,0.0417002,Platcov,3,BA.2,4,NA,1,G_Platcov,G_1
PLT-TH1-127,-6.74627,2.1866,-3.33453,-5.43069,0.56957,1.9869,15.3544,4.15647,97,0.0444438,-6.68703,2.15816,-3.3672,-5.66277,0.606838,2.09845,17.5883,4.15102,97,0.0291234,-6.68837,2.2521,-3.36682,-5.38243,0.588257,1.83902,15.3764,4.14324,97,0.0177267,0.180844,0.261591,0.2981,0.735461,0.13335,1.34777,7.57389,0.258791,0,0.0339638,Platcov,3,BA.1,3,NA,1,G_Platcov,G_1
PLT-TH1-131,-6.6737,2.2408,-3.3055,-3.47741,0.380212,1.83907,12.7291,4.1774,97,0.0355403,-6.68235,2.27314,-3.31811,-3.74215,0.465187,2.05179,12.7275,4.1609,97,0.0446755,-6.69074,2.30828,-3.40349,-3.5419,0.40079,1.93266,8.8262,4.18053,97,0.0215614,0.19411,0.300258,0.255023,0.722343,0.17189,1.02575,4.08321,0.308526,0,0.0554343,Platcov,3,BA.2,2,NA,1,G_Platcov,G_1
PLT-TH57-008,-6.74087,2.50764,-3.44641,-3.29281,1.00644,2.38158,8.9549,4.29326,97,0.0328335,-6.68211,2.52925,-3.41432,-4.41994,1.46512,2.40221,12.4964,4.21009,97,0.0404335,-6.69861,2.64125,-3.38723,-4.23138,1.46567,2.07593,10.3893,4.19279,97,0.0216167,0.151241,0.21179,0.255877,0.920485,0.281041,1.34833,6.40553,0.267677,0,0.0605058,Platcov,3,BA.1,4,NA,1,G_Platcov,G_1
PLT-TH1-136,-6.68279,2.50378,-3.37182,-3.38141,0.68036,2.4924,12.2269,4.21661,97,0.0442961,-6.69906,2.47886,-3.38502,-3.4438,0.684075,2.46964,12.0492,4.21831,97,0.028723,-6.66694,2.50383,-3.33718,-3.6002,0.727095,2.11014,10.4761,4.19296,97,0.0215019,0.197752,0.280036,0.324203,0.610946,0.217976,1.52775,4.3076,0.269485,0,0.0293828,Platcov,3,BA.2,4,NA,1,G_Platcov,G_1
PLT-TH1-143,-6.65519,2.2647,-3.45752,-5.28376,0.823034,2.98304,8.10793,4.152,97,0.0397404,-6.68866,2.15534,-3.42999,-4.97866,0.682694,3.54164,8.25719,4.18867,97,0.036464,-6.68556,2.31644,-3.44537,-4.4566,0.619051,2.93395,7.72823,4.22245,97,0.015566,0.179351,0.283157,0.276723,1.0273,0.320081,2.14684,3.4054,0.245032,0,0.0501157,Platcov,3,BA.2,2,NA,1,G_Platcov,G_1
PLT-TH1-150,-6.6545,2.32181,-3.26975,-5.56225,0.593409,2.31121,20.3427,4.11091,97,0.0479735,-6.68965,2.2057,-3.27096,-5.45033,0.563793,2.43769,21.289,4.20218,97,0.0354464,-6.67624,2.20342,-3.33703,-5.39146,0.545527,2.20228,16.9339,4.16025,97,0.0216847,0.204764,0.300681,0.244086,0.585511,0.123598,1.64931,5.38774,0.317794,0,0.0405485,Platcov,3,BA.2,3,NA,1,G_Platcov,G_1
PLT-TH1-153,-6.63153,2.40333,-3.38134,-4.77933,0.825708,1.93596,15.5186,4.22371,97,0.0342552,-6.59232,2.36772,-3.32445,-5.01366,0.865459,2.40995,15.5661,4.18438,97,0.0414769,-6.65997,2.44103,-3.30619,-4.73643,0.848047,2.118,15.8804,4.1748,97,0.0199832,0.196994,0.268256,0.274458,0.826894,0.179874,1.43369,6.44316,0.253012,0,0.0499867,Platcov,3,BA.1,3,NA,1,G_Platcov,G_1
PLT-TH1-154,-6.66302,2.52968,-3.34196,-3.7883,1.54303,2.51847,12.0991,4.18054,97,0.0363821,-6.65148,2.57584,-3.4281,-4.32773,1.63322,2.55954,11.4762,4.20833,97,0.0287869,-6.67501,2.60702,-3.40649,-3.87652,1.52643,2.37355,10.3206,4.24345,97,0.0195184,0.245668,0.260183,0.273714,1.67518,0.626798,1.21183,6.2637,0.296711,0,0.0316309,Platcov,3,BA.2,3,NA,1,G_Platcov,G_1
PLT-TH1-170,-6.66843,2.25884,-3.48603,-5.02066,0.914066,3.06721,5.01003,4.12213,97,0.0375645,-6.68265,2.34691,-3.48203,-5.23916,1.079,2.87576,5.8601,4.2387,97,0.06167,-6.67215,2.38383,-3.45705,-4.93289,0.953656,2.62053,4.62524,4.21337,97,0.0230238,0.168163,0.315706,0.287022,1.40206,0.518491,1.45098,3.77783,0.300665,0,0.119843,Platcov,3,BA.2,2,NA,1,G_Platcov,G_1
PLT-TH1-177,-6.68414,2.41502,-3.39899,-5.28822,1.24607,2.56869,10.9829,4.20106,97,0.0256997,-6.6108,2.37531,-3.39834,-5.37335,1.22304,2.26882,10.5934,4.20441,97,0.0338045,-6.69039,2.3614,-3.41232,-5.19118,1.28459,2.01939,9.08463,4.15017,97,0.0236304,0.200764,0.292986,0.257705,1.12621,0.226532,1.24768,5.22256,0.304455,0,0.038435,Platcov,3,BA.2,4,NA,1,G_Platcov,G_1
PLT-TH1-178,-6.73333,2.16386,-3.45632,-5.86423,0.795335,3.94781,5.54301,4.1419,97,0.035651,-6.66004,2.34796,-3.51423,-5.76967,0.755858,4.24529,5.55232,4.17047,97,0.0396699,-6.6987,2.27244,-3.47359,-5.49921,0.715911,4.03963,5.76619,4.16007,97,0.0209107,0.171396,0.317737,0.279751,0.955088,0.232946,1.65437,0.51003,0.300408,0,0.041203,Platcov,3,BA.2,3,NA,1,G_Platcov,G_1
PLT-TH1-192,-6.70066,2.25181,-3.38258,-4.91081,0.558061,2.85986,8.16074,4.18219,97,0.0407219,-6.66382,2.1749,-3.41025,-5.14423,0.568924,2.90038,8.06106,4.14609,97,0.0338172,-6.70419,2.24511,-3.44198,-4.97672,0.571112,3.53884,7.59995,4.1419,97,0.0217796,0.177978,0.294951,0.223842,0.885822,0.220472,1.42278,2.68311,0.349583,0,0.0328532,Platcov,3,BA.2,3,NA,1,G_Platcov,G_1
PLT-TH1-194,-6.71861,2.2755,-3.43099,-6.19442,1.34643,2.49057,8.01384,4.08848,97,0.0386873,-6.73126,2.27188,-3.45205,-5.76281,1.1316,2.28327,5.71753,4.04787,97,0.0300713,-6.69518,2.24626,-3.48049,-5.7052,1.00155,2.08395,4.99558,4.22187,97,0.0203229,0.169659,0.286926,0.29641,0.91411,0.55141,1.12379,3.78177,0.318455,0,0.0446689,Platcov,3,BA.2,3,NA,1,G_Platcov,G_1
PLT-TH1-199,-6.88651,2.09691,-3.36,-7.04121,1.73195,2.21116,13.8592,4.19658,97,0.0363436,-6.75237,2.19936,-3.36959,-6.62306,1.34451,2.12603,12.7786,4.12899,97,0.0372297,-6.9021,2.10271,-3.34126,-6.7999,1.68385,1.93234,11.8398,4.0585,97,0.0182002,0.145371,0.250279,0.312453,0.94548,0.422122,1.31985,5.74343,0.28522,0,0.0428833,Platcov,3,BA.2,4,NA,1,G_Platcov,G_1
PLT-TH1-200,-6.71023,2.12462,-3.45371,-5.99355,0.649323,1.85401,5.54162,4.13835,97,0.0392764,-6.77597,2.10639,-3.36303,-6.45138,0.939561,1.82573,6.71768,4.15445,97,0.0318735,-6.79471,2.11568,-3.44253,-6.2683,0.795657,1.45687,5.52149,4.10676,97,0.0225997,0.179362,0.265406,0.290614,1.03556,0.46243,1.20211,3.51686,0.276293,0,0.0378687,Platcov,3,BA.2,4,NA,1,G_Platcov,G_1
PLT-TH1-207,-6.7465,2.23308,-3.40366,-6.47324,1.52901,1.71659,11.1738,4.1007,97,0.0288713,-6.73993,2.24902,-3.37282,-6.26182,1.40262,1.99666,11.5815,4.02493,97,0.0327819,-6.77889,2.17263,-3.42327,-6.47252,1.63897,1.49285,7.66512,4.1043,97,0.0199097,0.149191,0.206584,0.243911,0.965297,0.379221,1.12275,7.75595,0.321787,0,0.036234,Platcov,3,BA.2,4,NA,1,G_Platcov,G_1
PLT-TH1-208,-6.65276,2.3562,-3.35571,-4.9924,0.754988,2.51634,16.6479,4.18628,97,0.0527408,-6.69117,2.31422,-3.3411,-5.06466,0.724022,2.7892,17.301,4.17892,97,0.0382972,-6.68737,2.31097,-3.36264,-4.86809,0.706886,2.24498,16.8849,4.17931,97,0.0215012,0.177624,0.270625,0.294934,0.803988,0.15395,2.26529,8.28602,0.22873,0,0.0399908,Platcov,3,BA.2,3,NA,1,G_Platcov,G_1
PLT-TH1-214,-6.66936,2.18934,-3.37101,-6.10888,0.908451,2.31421,12.2611,4.1634,97,0.0292884,-6.70318,2.28912,-3.36105,-5.46236,0.808071,2.28245,11.7476,4.15421,97,0.028336,-6.70837,2.24578,-3.39108,-5.86197,0.904371,2.15631,10.2504,4.13391,97,0.0198817,0.182949,0.324873,0.294039,0.89639,0.203493,1.37369,3.86797,0.293753,0,0.0269407,Platcov,3,BA.2,3,NA,1,G_Platcov,G_1
PLT-TH1-216,-6.66222,2.42534,-3.07343,-4.86364,0.834635,2.3938,22.5475,4.19233,97,0.0422975,-6.60619,2.49779,-3.13169,-4.79884,0.89659,2.50198,21.5811,4.20257,97,0.0432657,-6.58053,2.67156,-3.12224,-4.45238,0.872608,2.17234,15.9919,4.16191,97,0.0200789,0.148065,0.29815,0.241222,0.753034,0.192056,1.29077,9.50102,0.29955,0,0.0453659,Platcov,3,BA.2,3,NA,1,G_Platcov,G_1
PLT-TH1-231,-6.70192,2.12435,-3.4643,-6.20114,0.793115,2.45087,5.89827,4.1175,97,0.0457832,-6.69729,2.25691,-3.51512,-5.82331,0.771018,2.23137,5.64568,4.17912,97,0.0419294,-6.70489,2.21173,-3.45543,-5.78366,0.711441,2.28963,5.58598,4.13058,97,0.0233785,0.175147,0.295136,0.285139,0.887135,0.296832,0.829005,1.38962,0.349315,0,0.0516716,Platcov,3,BA.2,4,NA,1,G_Platcov,G_1
PLT-TH1-232,-6.66692,2.42551,-3.47625,-5.12674,1.21791,2.97986,6.10029,4.13093,97,0.0316572,-6.65781,2.46843,-3.51978,-5.32522,1.32984,2.2602,6.68551,4.13805,97,0.0350127,-6.68679,2.45156,-3.50003,-4.95267,1.15584,2.68406,4.43766,4.1876,97,0.0205547,0.190451,0.274352,0.300799,1.17275,0.522711,0.917714,5.25204,0.288131,0,0.0354436,Platcov,3,BA.2,3,NA,1,G_Platcov,G_1
PLT-TH1-240,-6.75113,2.2029,-3.34822,-6.29314,1.46404,2.18393,14.8681,4.08917,97,0.0395638,-6.75691,2.31264,-3.39558,-5.97299,1.22087,2.04217,11.3361,4.18009,97,0.0502849,-6.78333,2.16296,-3.40025,-6.42076,1.4328,3.01132,10.1258,4.09959,97,0.0201942,0.19438,0.229971,0.286869,0.806303,0.435696,1.72275,7.3987,0.284934,0,0.086217,Platcov,3,BA.2,3,NA,1,G_Platcov,G_1
PLT-BR3-012,-6.65817,2.48165,-3.3787,-4.89219,1.10016,2.38654,13.477,4.18204,97,0.0398425,-6.63654,2.42631,-3.35677,-4.94079,1.09622,2.2301,16.1493,4.20783,97,0.0426669,-6.68679,2.43724,-3.41378,-4.70991,1.07517,2.07963,10.1937,4.18667,97,0.0193104,0.18147,0.268593,0.302348,1.22036,0.223736,1.03089,7.5846,0.307652,0,0.0528592,Platcov,3,BA.2,2,NA,1,G_Platcov,G_1
PLT-BR3-013,-6.68758,2.24457,-3.52929,-5.78507,0.970839,2.97215,4.21369,4.11254,97,0.0389836,-6.67716,2.30281,-3.58672,-5.36737,0.84789,2.53447,3.9444,4.10123,97,0.0405179,-6.65246,2.33566,-3.49906,-5.02603,0.803319,2.55984,3.92379,4.16052,97,0.0227905,0.154168,0.291043,0.259769,0.764956,0.284178,0.863156,1.19884,0.271582,0,0.0458851,Platcov,3,BA.2,3,NA,1,G_Platcov,G_1
PLT-BR3-016,-6.62498,2.31068,-3.51253,-5.83937,1.41183,1.98867,11.4479,4.18594,97,0.0356239,-6.67047,2.422,-3.38341,-5.45653,1.3697,2.46851,13.0862,4.16147,97,0.0285088,-6.67485,2.43872,-3.42178,-5.30266,1.38491,2.19234,10.0578,4.17483,97,0.0221466,0.157133,0.254541,0.307842,1.00342,0.233593,1.25287,7.23985,0.275681,0,0.0277005,Platcov,3,BA.2,3,NA,1,G_Platcov,G_1
PLT-TH1-247,-6.67489,2.33563,-3.41945,-5.51676,0.958975,2.6178,14.0234,4.18625,97,0.0486471,-6.72108,2.36376,-3.36257,-5.56119,0.997197,2.633,14.0649,4.18661,97,0.0406525,-6.68621,2.34703,-3.40103,-5.42185,0.97738,2.20692,10.2736,4.15468,97,0.0205259,0.177648,0.263079,0.235322,0.802914,0.178652,1.60853,5.65453,0.291351,0,0.0596224,Platcov,3,BA.2,3,NA,1,G_Platcov,G_1
PLT-TH1-249,-6.6108,2.56693,-3.24045,-4.29711,0.670913,2.17558,20.1901,4.13903,97,0.0365976,-6.57191,2.67752,-3.06699,-4.47163,0.838541,2.59637,19.7693,4.15614,97,0.0342829,-6.56307,2.67655,-3.10126,-4.45452,0.819395,2.24064,16.0287,4.16772,97,0.0195177,0.139082,0.235676,0.290795,0.559379,0.188225,1.72923,5.61337,0.310951,0,0.0426543,Platcov,3,BA.2,3,NA,1,G_Platcov,G_1
PLT-BR3-019,-6.69732,2.44052,-3.41925,-4.48932,0.766123,2.07193,11.3541,4.2322,97,0.0409488,-6.66788,2.33794,-3.44461,-4.88237,0.848404,2.46677,12.159,4.22106,97,0.0399317,-6.68563,2.3829,-3.404,-4.73095,0.858713,2.31042,10.214,4.17741,97,0.0208744,0.169817,0.323327,0.265806,0.857897,0.194253,1.42352,4.81374,0.292102,0,0.0386971,Platcov,3,BA.2,3,NA,1,G_Platcov,G_1
PLT-TH1-258,-6.62029,2.36453,-3.16222,-4.70262,0.746486,2.84689,22.0191,4.16551,97,0.030017,-6.55792,2.76597,-3.13601,-4.42818,0.930348,2.32826,18.0731,4.1626,97,0.0344261,-6.57718,2.67521,-3.10534,-4.59394,0.915339,2.08398,16.0439,4.13814,97,0.0222336,0.222773,0.273798,0.255013,0.573147,0.211193,1.59418,6.59715,0.285131,0,0.0405212,Platcov,3,BA.2,4,NA,1,G_Platcov,G_1
PLT-BR3-022,-6.68665,2.52123,-3.38861,-3.2857,0.790413,3.05812,11.7892,4.2355,97,0.0278929,-6.68233,2.48677,-3.4582,-4.46396,1.02683,3.79007,5.6097,4.17455,97,0.0382896,-6.6958,2.40545,-3.58739,-4.42906,0.87687,3.97654,3.36849,4.18824,97,0.0193101,0.171555,0.29202,0.307073,1.46393,0.547385,1.84073,4.41799,0.283001,0,0.0645785,Platcov,3,BA.2,3,NA,1,G_Platcov,G_1
PLT-TH1-261,-6.73233,2.28264,-3.5384,-5.90283,0.723872,4.1066,3.92846,4.05663,97,0.0386134,-6.66921,2.20362,-3.4859,-5.9934,0.608405,4.10721,3.82748,4.10776,97,0.024111,-6.69806,2.18134,-3.50939,-5.7359,0.584131,4.00556,3.918,4.14272,97,0.0195384,0.163911,0.332029,0.281362,0.91865,0.200703,0.999925,0.394308,0.256254,0,0.0238674,Platcov,3,BA.2,3,NA,1,G_Platcov,G_1
PLT-TH1-262,-6.71179,2.34622,-3.55826,-4.82088,0.893569,3.18295,4.79747,4.12304,97,0.0355005,-6.71182,2.43025,-3.50933,-5.29667,1.13173,3.2191,5.65243,4.20043,97,0.0416151,-6.68746,2.43014,-3.50524,-4.98278,1.06163,3.1547,5.1036,4.17222,97,0.0215234,0.19357,0.295568,0.271548,1.13336,0.407891,1.46527,2.6359,0.277149,0,0.0596778,Platcov,3,BA.2,3,NA,1,G_Platcov,G_1
PLT-BR3-026,-6.67452,2.54408,-3.48902,-4.44343,1.46382,2.58024,7.13137,4.21405,97,0.038757,-6.65635,2.58803,-3.50088,-4.85455,1.75442,2.53337,9.64312,4.21774,97,0.0291515,-6.66433,2.58044,-3.42227,-4.96378,1.86414,2.09536,10.2483,4.20595,97,0.0201512,0.180534,0.248359,0.25745,1.04649,0.351208,1.34636,6.06617,0.251638,0,0.0328121,Platcov,3,BA.2,3,NA,1,G_Platcov,G_1
PLT-BR3-027,-6.70561,2.37171,-3.38363,-5.82781,1.45188,2.21878,9.58237,4.11607,97,0.0462496,-6.68565,2.43985,-3.41508,-5.15314,1.33309,2.58116,10.9247,4.19246,97,0.0332067,-6.70369,2.48283,-3.43126,-4.7326,1.25114,2.29698,6.87023,4.19131,97,0.0178232,0.172397,0.270635,0.272464,1.27679,0.470483,1.38884,8.08002,0.274515,0,0.0336396,Platcov,3,BA.2,3,NA,1,G_Platcov,G_1
PLT-TH1-268,-6.64354,2.55114,-3.36459,-3.62565,0.931186,2.23997,12.9296,4.16074,97,0.0322561,-6.71744,2.55618,-3.46024,-3.59442,0.899372,2.92394,14.0668,4.24095,97,0.0397741,-6.70186,2.49125,-3.38804,-3.92166,0.983122,2.13313,10.4065,4.20918,97,0.0219037,0.152591,0.269685,0.229591,0.916893,0.249004,1.7219,6.12114,0.344938,0,0.0423721,Platcov,3,BA.2,3,NA,1,G_Platcov,G_1
PLT-BR3-035,-6.49252,2.82842,-3.09709,-2.08296,0.822065,2.47995,23.3768,4.30337,97,0.0400107,-6.63794,2.91756,-2.95341,-2.86692,1.19568,2.07515,17.2936,4.19948,97,0.0430102,-6.58572,2.90645,-3.07299,-2.88177,1.16839,1.7901,16.4972,4.25362,97,0.0252216,0.166687,0.259872,0.174638,0.620695,0.265788,1.19625,4.87761,0.280314,0,0.0504008,Platcov,3,BA.2,2,NA,1,G_Platcov,G_1
