id,log10beta_SAEM,log10pi_SAEM,log10rho_SAEM,log10phi_SAEM,delta_SAEM,m_SAEM,tau_SAEM,tzero_SAEM,Vzero_SAEM,IC50_SAEM,log10beta_mean,log10pi_mean,log10rho_mean,log10phi_mean,delta_mean,m_mean,tau_mean,tzero_mean,Vzero_mean,IC50_mean,log10beta_mode,log10pi_mode,log10rho_mode,log10phi_mode,delta_mode,m_mode,tau_mode,tzero_mode,Vzero_mode,IC50_mode,log10beta_sd,log10pi_sd,log10rho_sd,log10phi_sd,delta_sd,m_sd,tau_sd,tzero_sd,Vzero_sd,IC50_sd,Study,cat_AgeGroup,cat_LineageBroad,cat_VaccStatus,cat_VaccStatus_0,treatment_cov
460_2,-6.67801,2.17551,-3.59447,-5.99992,1.74222,2.21516,12.6159,1.4641,97,0.00204262,-6.67907,2.22011,-3.62199,-5.13127,1.23055,2.42937,8.11313,1.48431,97,0.00178632,-6.72384,2.34311,-3.6515,-4.34001,0.974924,1.8152,6.0996,1.45705,97,0.000749296,0.192031,0.23091,0.341101,1.37135,0.720394,1.5249,4.93314,0.153747,0,0.0030875,NBA,1,Omicron,3,Boosted,0
407_1,-6.50765,2.21887,-3.6029,-5.29483,0.671068,3.19979,7.28455,1.42267,97,0.00329886,-6.55138,2.24983,-3.6251,-5.47353,0.670023,3.73236,7.10886,1.45319,97,0.00476011,-6.58093,2.25998,-3.64768,-5.16114,0.610687,3.51043,7.00163,1.449,97,0.00070063,0.198583,0.240899,0.348414,0.882648,0.243627,1.71195,0.607116,0.167468,0,0.0298149,NBA,3,Omicron,3,Boosted,0
1053_1,-6.73863,2.27024,-3.58638,-6.09218,0.783146,2.26196,13.1359,1.36113,97,0.00241482,-6.69761,2.17917,-3.55461,-6.41242,0.762361,2.03418,13.8676,1.41529,97,0.00241376,-6.69498,2.19488,-3.58033,-6.26349,0.806682,1.76416,10.5946,1.40986,97,0.000524621,0.179984,0.190573,0.322195,0.699902,0.206932,1.36199,8.0643,0.152369,0,0.00509704,NBA,1,Omicron,2,Second dose,0
2969_1,-6.70599,2.12476,-3.73905,-4.33638,0.691136,3.63305,7.33879,1.4161,97,0.00148977,-6.7536,2.18122,-3.68952,-4.22026,0.603231,3.04736,6.21998,1.42972,97,0.00178988,-6.73506,2.18729,-3.64718,-3.96302,0.513061,2.94012,6.18121,1.40614,97,0.000718423,0.19939,0.221909,0.317881,0.833404,0.312937,1.55803,1.64485,0.143234,0,0.00556305,NBA,2,Omicron,2,Second dose,0
352_1,-6.90343,1.94881,-3.49341,-5.59686,0.740824,3.54585,8.63099,1.42118,97,0.00254578,-6.94645,1.9865,-3.61176,-6.23716,0.987122,2.42485,8.25759,1.39986,97,0.00194645,-6.93009,1.93311,-3.63224,-5.72041,0.803155,2.42842,8.00274,1.43067,97,0.000789492,0.180166,0.201455,0.38164,1.11384,0.641806,1.02566,2.32011,0.162128,0,0.00292055,NBA,2,Omicron,2,Second dose,0
2558_2,-6.38358,2.36654,-3.75409,-5.79612,0.967897,2.7206,3.54903,1.51324,97,0.00130661,-6.5081,2.49903,-3.66045,-5.92809,1.64004,2.61691,7.06116,1.44575,97,0.00177045,-6.52232,2.45508,-3.70305,-5.87806,1.56272,2.43072,4.45123,1.45885,97,0.000696584,0.184927,0.179249,0.3483,0.96709,0.564075,1.47072,4.37836,0.161546,0,0.00426829,NBA,1,Omicron,2,Second dose,0
960_1,-6.57828,2.39776,-3.53723,-6.24229,1.11348,2.24631,14.3959,1.40138,97,0.00228868,-6.57158,2.39352,-3.54027,-6.04998,1.08368,2.14615,15.7288,1.43978,97,0.00171348,-6.60072,2.32093,-3.57721,-5.95687,1.07658,1.93483,10.9383,1.4147,97,0.000773469,0.215826,0.209592,0.349968,0.737573,0.169488,1.29763,6.73137,0.158249,0,0.00269204,NBA,1,Delta,2,Second dose,0
2299_1,-6.89638,2.04404,-3.53699,-4.24028,0.488326,2.23541,17.0097,1.42227,97,0.00306979,-6.87142,2.02718,-3.55912,-4.18754,0.437243,2.60372,16.1363,1.43928,97,0.00179994,-6.83547,2.02479,-3.56533,-4.04217,0.353841,2.26455,11.6322,1.41028,97,0.000718633,0.207177,0.213841,0.342513,0.562151,0.18133,1.57148,4.77046,0.147041,0,0.00412199,NBA,2,Omicron,3,Boosted,0
1956_1,-6.71328,2.27747,-3.61259,-3.44032,0.621883,2.432,12.7063,1.393,97,0.00193582,-6.70105,2.27572,-3.52775,-3.54223,0.660319,2.59095,13.0922,1.41215,97,0.00212746,-6.73679,2.27455,-3.59159,-3.40525,0.594139,2.3077,10.3379,1.41461,97,0.000665011,0.195525,0.20732,0.336804,1.00287,0.313481,1.44703,5.40335,0.146174,0,0.00624324,NBA,2,Omicron,2,Second dose,0
30_2,-6.64342,2.28927,-3.64939,-5.11702,1.56553,2.97816,6.49447,1.4384,97,0.00288669,-6.63861,2.29578,-3.72158,-4.65922,1.05927,3.36466,4.5418,1.44314,97,0.00237003,-6.69637,2.27878,-3.73825,-4.49957,0.822852,3.25365,3.2154,1.44963,97,0.000739073,0.208094,0.226861,0.335769,1.11762,0.803047,1.37528,5.12096,0.16661,0,0.00476444,NBA,1,Omicron,2,Second dose,0
398_2,-6.45677,2.43386,-3.67644,-5.44489,0.9087,2.48304,8.05414,1.47701,97,0.00118863,-6.48786,2.38619,-3.6253,-5.45918,0.928943,2.24659,7.75682,1.47528,97,0.00180059,-6.53477,2.37727,-3.63132,-5.08304,0.881833,2.27757,7.48101,1.45373,97,0.000709964,0.186225,0.194467,0.362388,0.821489,0.307491,1.33312,3.20134,0.159692,0,0.00457378,NBA,1,Omicron,3,Boosted,0
2618_1,-6.69382,2.00676,-3.71873,-5.9759,0.77579,2.41308,7.57405,1.4739,97,0.00158159,-6.73956,1.97434,-3.65029,-6.21691,0.838968,3.12606,8.25642,1.52317,97,0.00177174,-6.82035,2.03394,-3.61122,-5.79976,0.814449,3.40142,8.30917,1.48025,97,0.000605907,0.168757,0.193103,0.344967,0.905738,0.327101,1.69038,3.12183,0.171376,0,0.0031829,NBA,2,Delta,2,Second dose,0
951_1,-6.6396,2.03076,-3.54177,-5.49214,0.41082,2.34911,15.6269,1.43057,97,0.0012972,-6.66595,2.06954,-3.53424,-5.34524,0.382159,2.2829,15.5836,1.41786,97,0.00260325,-6.66847,2.06519,-3.56421,-5.23808,0.352348,2.11931,11.0679,1.4143,97,0.000741334,0.180131,0.190353,0.355868,0.622767,0.121143,1.46317,5.13022,0.133929,0,0.00544339,NBA,2,Omicron,3,Boosted,0
1058_1,-6.81351,2.01979,-3.51903,-5.46213,0.590681,2.42064,15.5345,1.40863,97,0.00153412,-6.78596,1.96921,-3.51388,-5.39943,0.548972,2.4385,14.7599,1.42261,97,0.00272587,-6.80887,1.99748,-3.58507,-5.16277,0.499006,2.13993,10.1804,1.3954,97,0.000694708,0.224287,0.202499,0.329826,0.701132,0.186754,1.71455,6.07647,0.14702,0,0.00539455,NBA,3,Omicron,3,Boosted,0
2872_1,-6.6098,2.24801,-3.68176,-5.01876,0.553526,1.95696,8.47907,1.41808,97,0.0015411,-6.58057,2.21972,-3.57274,-5.30544,0.604548,2.59395,9.5477,1.46396,97,0.00229632,-6.60203,2.2217,-3.60304,-4.81463,0.483656,2.36023,8.23696,1.44385,97,0.000692275,0.190286,0.23,0.317327,1.04441,0.229695,1.58441,3.49568,0.179672,0,0.00429212,NBA,3,Omicron,3,Boosted,0
1335_1,-6.58985,2.33092,-3.59105,-5.39286,1.31462,2.37194,12.3032,1.36157,97,0.00178969,-6.64395,2.32751,-3.587,-5.27714,1.34412,2.45274,11.6748,1.39926,97,0.00204263,-6.6516,2.34849,-3.61561,-5.00283,1.32125,2.25815,7.62029,1.40631,97,0.000728216,0.205188,0.229484,0.357727,1.15268,0.39159,1.25478,6.23695,0.13537,0,0.00377988,NBA,2,Omicron,2,Second dose,0
2634_1,-6.79902,1.87715,-3.57941,-6.98703,0.953063,1.88339,8.12258,1.44758,97,0.00294769,-6.87473,1.98446,-3.58191,-6.95832,1.27759,2.12103,11.2688,1.46098,97,0.00178254,-6.88107,1.98143,-3.62895,-6.78404,1.19773,1.87992,8.07611,1.45951,97,0.000699582,0.159598,0.173462,0.299659,0.872824,0.467438,1.2646,5.81718,0.142917,0,0.00344238,NBA,1,Omicron,2,Second dose,0
828_2,-6.76149,2.18205,-3.60643,-3.91941,0.622223,2.87385,6.71554,1.39817,97,0.00159279,-6.74079,2.22082,-3.69751,-3.76366,0.591744,2.96028,6.46741,1.37139,97,0.00240902,-6.77201,2.19196,-3.6338,-3.76266,0.549476,2.7315,6.44072,1.38472,97,0.000736529,0.177058,0.169886,0.377672,0.4984,0.258368,1.65262,1.15407,0.140608,0,0.00439499,NBA,1,Omicron,2,Second dose,0
427_1,-6.69313,2.44368,-3.73194,-2.81668,0.75085,2.70035,8.25486,1.47005,97,0.00306401,-6.57723,2.46259,-3.62949,-2.53107,0.597719,3.05352,6.53832,1.43786,97,0.00190845,-6.72368,2.30068,-3.66732,-2.88299,0.498545,2.61872,5.0489,1.42531,97,0.000693801,0.240602,0.265812,0.35488,0.66455,0.286588,1.67431,3.43611,0.138575,0,0.00459924,NBA,2,Omicron,2,Second dose,0
1050_1,-6.60258,2.13181,-3.58412,-6.26079,1.09458,2.85041,10.5061,1.44587,97,0.00137815,-6.62519,2.18074,-3.60286,-5.86958,0.988314,2.38842,9.45058,1.45257,97,0.00476238,-6.6911,2.20954,-3.60525,-5.39278,0.917344,2.49635,8.0385,1.43245,97,0.000727856,0.197986,0.203577,0.343118,0.986276,0.344137,1.38292,3.75235,0.148706,0,0.02649,NBA,1,Delta,0,Unvaccinated,0
1050_2,-6.61903,2.07549,-3.75353,-5.79334,1.1717,2.94151,5.46207,1.392,97,0.00188681,-6.73317,2.21494,-3.67556,-5.75381,1.4981,3.04589,7.75357,1.41034,97,0.00217437,-6.77441,2.24544,-3.67104,-5.12114,1.28731,3.12443,5.62118,1.41794,97,0.000696726,0.183877,0.200732,0.30594,1.22063,0.710727,1.55447,4.50826,0.153808,0,0.00329688,NBA,1,Omicron,1,First dose,0
2678_1,-6.71209,2.1507,-3.61433,-4.70208,0.675513,2.22244,14.2509,1.42363,97,0.00227123,-6.69202,2.14415,-3.54287,-4.63471,0.703779,2.30011,13.4138,1.41744,97,0.00217668,-6.75263,2.16978,-3.58764,-4.4502,0.655549,2.17096,9.53296,1.42763,97,0.000720896,0.203988,0.207715,0.330799,0.943907,0.2659,1.30839,4.58338,0.152056,0,0.00697765,NBA,2,Omicron,3,Boosted,0
388_1,-6.50207,2.4224,-3.63959,-5.40883,0.935868,2.75247,8.75551,1.49504,97,0.00208709,-6.48382,2.43236,-3.60798,-4.75739,0.770578,2.75688,8.13997,1.45053,97,0.00161227,-6.5408,2.365,-3.64134,-4.69146,0.709199,2.5173,7.28118,1.46198,97,0.000695254,0.195139,0.230233,0.354661,1.04722,0.278882,1.45692,2.88753,0.168009,0,0.00326148,NBA,3,Omicron,2,Second dose,0
871_1,-6.76637,2.05857,-3.59961,-6.4946,0.556349,2.10217,7.49367,1.42676,97,0.00183345,-6.72955,1.99695,-3.68125,-6.46646,0.51895,2.48506,7.81953,1.44546,97,0.00178754,-6.77155,2.01695,-3.62893,-6.23213,0.482364,2.29995,7.50473,1.44851,97,0.000695594,0.193314,0.203649,0.346518,0.667172,0.191721,1.38011,1.22197,0.148419,0,0.00242012,NBA,2,Delta,2,Second dose,0
2889_1,-6.60147,2.2246,-3.5497,-5.00524,0.693133,2.09707,14.4714,1.41796,97,0.00164249,-6.61562,2.25685,-3.554,-5.01205,0.727009,2.41862,13.8826,1.41136,97,0.00315938,-6.64448,2.27498,-3.56964,-4.80262,0.689618,2.17764,9.30426,1.38904,97,0.000635055,0.183025,0.202454,0.345486,0.830097,0.219588,1.66519,5.84096,0.15973,0,0.0138836,NBA,2,Omicron,3,Boosted,0
1993_1,-6.5054,2.28471,-3.43208,-4.34231,0.640122,2.67494,16.6199,1.39326,97,0.00157075,-6.55315,2.32062,-3.45102,-4.0865,0.580645,2.438,17.555,1.41529,97,0.00178786,-6.62196,2.3258,-3.59164,-4.03256,0.550958,2.12374,12.0151,1.43018,97,0.000653256,0.189759,0.181065,0.339636,0.521064,0.162318,1.6683,5.56466,0.143074,0,0.00356114,NBA,3,Omicron,3,Boosted,0
51_1,-6.57689,2.47443,-3.51953,-3.5193,0.549477,3.29479,12.8139,1.42415,97,0.00154212,-6.57303,2.36965,-3.5539,-3.80447,0.587725,2.49676,13.7194,1.46155,97,0.00202466,-6.61547,2.33373,-3.59141,-3.85864,0.579418,2.25504,10.3696,1.44945,97,0.000690655,0.205493,0.206791,0.342114,0.58548,0.213849,1.52253,5.48701,0.143055,0,0.00430538,NBA,2,Omicron,3,Boosted,0
361_1,-6.82056,2.09464,-3.63015,-6.37814,0.706973,2.23034,14.8409,1.38684,97,0.00215156,-6.79377,2.04185,-3.61384,-6.20403,0.617663,2.05455,12.4519,1.40789,97,0.00208519,-6.77458,2.02904,-3.58402,-6.20929,0.594952,1.91761,10.0679,1.40302,97,0.000722776,0.172703,0.183784,0.30187,0.764079,0.172477,1.17893,4.10677,0.146914,0,0.00545258,NBA,2,Omicron,3,Boosted,0
3070_2,-6.64547,2.21445,-3.57706,-5.97543,1.03821,2.28602,11.0475,1.43025,97,0.0034142,-6.61718,2.15409,-3.55981,-5.86168,0.999815,2.24693,10.6323,1.42098,97,0.00157282,-6.69167,2.21253,-3.60437,-5.34857,0.952951,1.98396,8.79611,1.42511,97,0.000712537,0.189157,0.172763,0.396157,0.950047,0.285066,1.29842,5.24127,0.137739,0,0.0026035,NBA,1,Omicron,2,Second dose,0
2244_2,-6.687,2.18366,-3.77125,-4.80417,0.790905,3.83755,5.12513,1.46208,97,0.00171707,-6.64989,2.15496,-3.60059,-5.01826,0.836013,3.18257,5.60377,1.46692,97,0.00247909,-6.76578,2.12964,-3.69234,-4.6418,0.671144,3.03196,4.94377,1.45461,97,0.000690809,0.223818,0.225258,0.369001,1.52355,0.60141,1.53672,3.03029,0.151468,0,0.00612748,NBA,1,Omicron,2,Second dose,0
1029_1,-6.43031,2.57394,-3.56645,-4.88074,1.47253,2.51183,10.6239,1.53625,97,0.00149633,-6.41809,2.52156,-3.68506,-4.66805,1.36229,2.80626,10.6593,1.5195,97,0.00152865,-6.51676,2.54253,-3.59732,-4.69235,1.56283,2.10841,10.0882,1.46626,97,0.000681054,0.22195,0.231421,0.324265,0.929125,0.409262,1.65429,5.72487,0.174664,0,0.00234552,NBA,1,Omicron,3,Boosted,0
1603_1,-6.56368,2.1983,-3.58328,-5.30314,0.508961,2.37001,13.1916,1.45363,97,0.00212575,-6.53459,2.18971,-3.55898,-5.43753,0.538203,2.20682,14.4169,1.46068,97,0.00154317,-6.61627,2.18448,-3.57876,-5.18011,0.504955,2.03062,10.3322,1.4354,97,0.000711636,0.227226,0.224165,0.33922,0.789825,0.143932,1.32267,5.16195,0.154169,0,0.00243727,NBA,2,Omicron,3,Boosted,0
841_1,-6.66749,2.20469,-3.57085,-5.77125,0.594535,2.22373,14.1418,1.38252,97,0.00175777,-6.57148,2.11049,-3.58422,-5.89536,0.579102,2.20587,14.6713,1.38792,97,0.00195958,-6.64627,2.16318,-3.57525,-5.77456,0.633295,2.08567,10.6198,1.39292,97,0.000707313,0.187546,0.177064,0.320499,0.799225,0.124757,1.44579,6.10715,0.174117,0,0.00427557,NBA,1,Omicron,3,Boosted,0
2459_1,-6.38855,2.39284,-3.46852,-5.37631,0.69904,2.05032,16.3749,1.48541,97,0.0013683,-6.40057,2.4577,-3.5216,-5.27056,0.695624,2.20278,15.6601,1.50419,97,0.00313342,-6.45956,2.42435,-3.56025,-5.16373,0.707544,2.21741,11.6885,1.47383,97,0.000699737,0.20646,0.194298,0.34596,0.773392,0.133873,1.22548,5.9976,0.16185,0,0.0130668,NBA,2,Omicron,3,Boosted,0
1701_1,-6.7509,2.22533,-3.44692,-5.26018,0.977093,2.21747,11.8746,1.3592,97,0.00169801,-6.63292,2.0996,-3.51667,-5.34612,0.884754,2.54895,12.7015,1.41302,97,0.00143349,-6.75552,2.17442,-3.58514,-4.8832,0.832955,2.29997,10.0019,1.4,97,0.000734259,0.225943,0.221308,0.338822,1.0933,0.261903,1.38584,6.37056,0.163763,0,0.00216458,NBA,1,Omicron,3,Boosted,0
2508_1,-6.80331,1.95024,-3.63904,-5.67438,0.824631,1.86454,8.01559,1.49245,97,0.00155768,-6.81631,2.04986,-3.65402,-5.2523,0.777236,1.86264,7.58482,1.43312,97,0.00141907,-6.88295,1.99083,-3.63837,-5.05613,0.642488,1.74397,7.35939,1.44671,97,0.000692439,0.183207,0.235633,0.293009,1.35442,0.501985,0.925279,3.36941,0.128317,0,0.00190873,NBA,2,Omicron,2,Second dose,0
2817_2,-6.8402,1.94698,-3.56547,-4.6176,0.449745,2.39802,14.4145,1.41562,97,0.00131588,-6.86498,1.99183,-3.54991,-4.60985,0.462047,2.36519,15.5271,1.4245,97,0.00195201,-6.87564,1.96426,-3.58225,-4.52957,0.424145,2.14169,10.3236,1.42297,97,0.000709949,0.193589,0.194512,0.376985,0.665816,0.193638,1.30827,6.27314,0.150882,0,0.00481521,NBA,1,Omicron,3,Boosted,0
392_1,-6.89284,1.81514,-3.5358,-5.06568,0.522901,2.37624,15.0786,1.40013,97,0.00233094,-6.84376,1.78967,-3.536,-5.38739,0.538132,2.62932,14.014,1.42468,97,0.00171078,-7.03237,1.74637,-3.5927,-5.19848,0.452401,2.36894,10.4168,1.44787,97,0.000721077,0.198598,0.218843,0.325237,1.41247,0.354677,1.50976,6.74272,0.132651,0,0.00307739,NBA,3,Omicron,3,Boosted,0
76_1,-6.6852,2.26414,-3.58668,-6.41083,1.20131,2.30414,10.62,1.38563,97,0.00169304,-6.67091,2.22797,-3.54106,-6.26548,1.12884,2.70375,9.80558,1.44804,97,0.00184174,-6.67796,2.20879,-3.61286,-6.04365,1.10749,2.48484,8.59631,1.44077,97,0.000714085,0.196794,0.194949,0.301138,0.847716,0.227023,1.38555,3.60476,0.139511,0,0.00407913,NBA,1,Omicron,2,Second dose,0
1688_1,-6.69221,2.05961,-3.57557,-5.85412,0.770764,2.70387,12.4968,1.46049,97,0.00193941,-6.70109,2.0945,-3.59778,-5.61274,0.747958,2.39045,11.375,1.41635,97,0.00225678,-6.69156,2.16656,-3.59256,-4.91426,0.615353,2.17974,10.2626,1.41536,97,0.000696342,0.215385,0.200944,0.349661,1.16733,0.362716,1.79488,5.37339,0.136089,0,0.003526,NBA,3,Omicron,3,Boosted,0
628_1,-6.47467,2.32763,-3.52457,-4.79394,0.565683,2.17057,15.0295,1.48735,97,0.00154897,-6.47559,2.31384,-3.57065,-5.08236,0.57511,2.17681,13.8006,1.45589,97,0.00217459,-6.55098,2.30982,-3.61203,-5.16276,0.668818,1.91299,10.6727,1.48372,97,0.000649174,0.214156,0.211615,0.388395,1.12983,0.193951,1.23225,5.4209,0.166224,0,0.00508817,NBA,3,Omicron,3,Boosted,0
1905_1,-6.81461,2.07214,-3.68373,-6.44788,1.31759,2.24448,10.4853,1.44223,97,0.00204502,-6.72012,1.98816,-3.61603,-7.16532,1.39867,2.28343,10.3976,1.41596,97,0.00189207,-6.80987,2.08781,-3.61205,-6.19528,1.37679,2.6298,8.65875,1.40501,97,0.000710039,0.220545,0.235438,0.301991,0.967941,0.436074,1.46021,5.89001,0.14761,0,0.00451971,NBA,2,Delta,2,Second dose,0
650_2,-6.98776,1.91027,-3.52655,-6.63531,1.32464,3.39933,7.67228,1.47082,97,0.00277227,-6.84807,1.73215,-3.59179,-7.03689,1.05003,3.18502,7.3845,1.45805,97,0.00163784,-6.87821,1.7381,-3.61791,-6.82438,0.961736,3.18183,7.24401,1.44949,97,0.000782744,0.131063,0.14878,0.308194,0.948273,0.434739,1.29117,0.69841,0.158248,0,0.00304209,NBA,1,Omicron,2,Second dose,0
563_1,-6.43578,2.36295,-3.45168,-5.68067,0.929896,2.62522,15.0045,1.39741,97,0.00254157,-6.46597,2.43451,-3.57416,-4.89902,0.817307,2.53571,13.7457,1.38736,97,0.00192471,-6.50485,2.41863,-3.59761,-4.68664,0.792875,2.2614,9.73474,1.38942,97,0.000666053,0.217487,0.228543,0.337591,0.904442,0.199532,1.53762,5.68571,0.144975,0,0.00282839,NBA,2,Omicron,3,Boosted,0
2224_1,-6.45059,2.69064,-3.49532,-3.54946,1.01209,2.4502,15.8393,1.48811,97,0.00112947,-6.48399,2.57578,-3.41972,-3.70813,0.997951,2.71005,16.8269,1.49576,97,0.00237429,-6.52117,2.56694,-3.39347,-3.82214,0.968417,2.31094,10.9944,1.47599,97,0.000646199,0.229908,0.207906,0.383899,0.46732,0.237777,1.67144,8.20672,0.160601,0,0.00608885,NBA,1,Omicron,3,Boosted,0
1293_1,-6.70685,2.13471,-3.56557,-4.73391,0.606464,2.29054,9.89169,1.42446,97,0.00227855,-6.68017,2.11462,-3.58098,-4.54469,0.534642,2.53613,9.33211,1.39539,97,0.00160296,-6.70456,2.15796,-3.58251,-4.30252,0.488771,2.28404,9.40301,1.40429,97,0.000709042,0.179464,0.187765,0.327014,0.685235,0.213368,1.35614,1.45616,0.123612,0,0.00317468,NBA,2,Omicron,3,Boosted,0
571_1,-6.62298,2.25308,-3.48571,-5.70458,0.892815,2.02858,10.6386,1.44331,97,0.00305579,-6.58397,2.24766,-3.59734,-5.94091,0.973922,2.31278,12.1733,1.42163,97,0.00166168,-6.6115,2.24805,-3.58161,-5.5032,0.937537,2.25537,9.64525,1.41598,97,0.00083732,0.174594,0.181447,0.358381,0.941642,0.233242,1.30043,5.17413,0.158156,0,0.00252084,NBA,2,Delta,2,Second dose,0
1129_1,-6.51927,2.24624,-3.59429,-4.21673,0.498021,3.52319,10.776,1.40984,97,0.00210199,-6.55351,2.31391,-3.59767,-3.95183,0.452803,3.68322,10.8387,1.38644,97,0.00196748,-6.6055,2.33295,-3.57731,-4.00117,0.4798,3.60585,10.9642,1.39878,97,0.000751936,0.214869,0.213366,0.369636,0.450016,0.156674,1.99753,0.885552,0.145373,0,0.00487232,NBA,3,Omicron,3,Boosted,0
3056_2,-6.63722,2.52045,-3.64692,-3.28855,1.43468,2.79702,8.55301,1.47715,97,0.002137,-6.60751,2.56652,-3.6567,-3.2371,1.49443,2.45357,8.27992,1.45798,97,0.00237349,-6.64815,2.55985,-3.66078,-2.81322,1.2494,2.21306,6.36547,1.44922,97,0.000710399,0.210504,0.243552,0.321186,0.968496,0.896478,1.28755,6.70302,0.166776,0,0.00593422,NBA,2,Omicron,2,Second dose,0
556_1,-6.48025,2.21336,-3.60035,-5.00944,0.357842,2.02174,12.5951,1.44779,97,0.00151129,-6.54515,2.25532,-3.5468,-5.30228,0.409799,2.39017,12.6412,1.44855,97,0.00222587,-6.52658,2.23946,-3.58246,-4.98953,0.397505,2.1402,10.3112,1.45284,97,0.000704093,0.204531,0.248288,0.335113,1.05212,0.126651,1.23965,5.44155,0.15362,0,0.003854,NBA,2,Omicron,3,Boosted,0
2910_1,-6.37989,2.55743,-3.5962,-5.27595,1.20714,2.33628,12.1325,1.46627,97,0.00154264,-6.39877,2.50772,-3.67593,-5.33916,1.20428,2.34153,12.6618,1.4784,97,0.0014676,-6.46319,2.51641,-3.59359,-4.99187,1.20977,2.07355,9.96174,1.48406,97,0.000706083,0.200942,0.222231,0.358863,0.927274,0.167462,1.34118,4.66811,0.160673,0,0.00277877,NBA,1,Omicron,2,Second dose,0
1234_2,-6.4191,2.44911,-3.67771,-5.24633,1.27608,2.66069,9.02361,1.47218,97,0.0019193,-6.48822,2.48499,-3.62639,-5.12003,1.21215,2.47381,7.92658,1.47482,97,0.00181486,-6.52111,2.47541,-3.68158,-4.8403,1.15158,2.63796,6.00487,1.46212,97,0.000745459,0.18659,0.204153,0.362354,0.941044,0.334901,1.11301,4.68856,0.157021,0,0.00311095,NBA,2,Omicron,3,Boosted,0
530_1,-6.67788,2.48655,-3.64121,-2.24979,0.788623,2.89066,6.72651,1.43771,97,0.00108847,-6.65306,2.48424,-3.60753,-2.39919,0.869204,3.01265,7.59848,1.48894,97,0.00191698,-6.68868,2.463,-3.69596,-2.34725,0.705785,2.57358,4,1.49605,97,0.000618138,0.211953,0.299556,0.364953,0.616051,0.479039,2.08082,6.60677,0.17322,0,0.00381171,NBA,1,Omicron,2,Second dose,0
531_1,-6.69816,2.04901,-3.55057,-5.05221,0.695324,2.53362,14.9946,1.41276,97,0.00226461,-6.74132,2.09472,-3.52828,-4.7311,0.620394,2.12716,14.9678,1.38699,97,0.00234299,-6.78362,2.12487,-3.58076,-4.65492,0.646451,2.01012,10.2866,1.38776,97,0.000720549,0.166376,0.182979,0.356835,0.610466,0.20578,1.33888,5.87369,0.130736,0,0.0050857,NBA,3,Omicron,3,Boosted,0
2810_1,-6.54771,2.30178,-3.55379,-3.14886,0.360647,2.27049,14.4278,1.47941,97,0.00220925,-6.637,2.26282,-3.46282,-3.30882,0.352997,2.40945,15.243,1.47394,97,0.0023443,-6.67662,2.2418,-3.58626,-3.48746,0.405365,2.15495,10.2121,1.43627,97,0.000699198,0.200553,0.192103,0.296213,0.415982,0.118165,1.74939,5.86765,0.155059,0,0.00518696,NBA,2,Omicron,3,Boosted,0
625_1,-6.58331,2.03118,-3.49262,-5.47667,0.459271,2.41545,16.1879,1.36966,97,0.00144599,-6.63465,2.02962,-3.51688,-5.60226,0.472415,2.85905,17.6259,1.42475,97,0.00164217,-6.71094,2.04984,-3.57037,-5.37696,0.45526,2.54347,11.6744,1.43603,97,0.000600741,0.190874,0.223622,0.329062,0.82768,0.144884,1.69796,7.17654,0.144406,0,0.0025132,NBA,2,Omicron,3,Boosted,0
621_1,-6.40269,2.36353,-3.44178,-5.82545,1.19442,2.21925,15.4302,1.45665,97,0.00205667,-6.47661,2.47368,-3.57034,-5.07363,1.12003,2.70512,14.855,1.49659,97,0.00184163,-6.50212,2.4428,-3.6022,-4.93817,1.12143,2.02858,10.9442,1.45676,97,0.000689183,0.229865,0.206792,0.377405,0.862893,0.260057,1.6359,8.06115,0.163712,0,0.00345722,NBA,2,Omicron,2,Second dose,0
289_1,-6.61916,2.51458,-3.50164,-2.94621,0.717682,2.3122,13.0925,1.50491,97,0.00165063,-6.5685,2.45842,-3.53863,-3.04058,0.724683,2.55034,14.6613,1.45322,97,0.00161467,-6.60524,2.44496,-3.58574,-3.07865,0.687896,2.18835,9.98925,1.47716,97,0.000731241,0.184112,0.207865,0.330566,0.485486,0.17513,1.45654,8.33092,0.158317,0,0.00312654,NBA,1,Omicron,2,Second dose,0
2175_1,-6.58893,2.36679,-3.56127,-3.81647,0.700421,2.2151,6.66888,1.49605,97,0.0016752,-6.58019,2.37692,-3.63393,-3.91315,0.808542,2.34219,7.23894,1.46865,97,0.00281586,-6.63895,2.35222,-3.63112,-3.81539,0.691797,2.10095,5.96457,1.46187,97,0.000609628,0.213544,0.23305,0.335135,0.706033,0.378427,1.49758,2.96145,0.16195,0,0.0117045,NBA,1,Omicron,3,Boosted,0
890_1,-6.5348,2.34063,-3.68117,-4.63125,0.9896,2.53407,8.38545,1.47083,97,0.0014285,-6.59292,2.39895,-3.59184,-4.58988,1.02629,2.72142,9.41007,1.44744,97,0.00296024,-6.63526,2.35723,-3.61781,-4.48864,0.98932,2.54637,7.98807,1.429,97,0.000758369,0.211077,0.213725,0.394195,0.946253,0.271393,1.62377,3.64345,0.146157,0,0.00599526,NBA,2,Omicron,3,Boosted,0
423_1,-6.72658,2.08141,-3.62602,-6.4502,0.737825,2.27703,6.75118,1.46015,97,0.00299638,-6.82444,2.18451,-3.64018,-6.57767,0.923383,2.36909,7.90788,1.46057,97,0.00329463,-6.78062,2.12278,-3.6062,-6.47063,0.818546,2.09031,6.75571,1.41194,97,0.000904746,0.168101,0.188409,0.352229,0.868057,0.33846,1.15309,3.95388,0.149807,0,0.0127575,NBA,2,Omicron,3,Boosted,0
1662_1,-6.54485,2.41555,-3.56446,-3.38411,0.586658,2.49009,16.3541,1.45267,97,0.00134711,-6.52453,2.48149,-3.571,-3.38509,0.635375,2.25676,17.3156,1.47556,97,0.00276049,-6.60324,2.41876,-3.52137,-3.44766,0.621058,1.99337,13.9855,1.45381,97,0.000661136,0.214622,0.242983,0.303457,0.753608,0.165457,1.66301,5.38932,0.161124,0,0.00605413,NBA,1,Omicron,2,Second dose,0
1386_1,-6.68083,2.12679,-3.51173,-6.18611,0.655938,2.58026,15.5646,1.44628,97,0.00167908,-6.65186,2.12448,-3.5436,-6.02854,0.593874,2.60082,13.8565,1.42775,97,0.00207326,-6.67385,2.12629,-3.60037,-5.9981,0.560334,2.27949,8.89258,1.43108,97,0.000634107,0.181334,0.191404,0.337808,0.882122,0.226379,1.66695,8.8171,0.14072,0,0.0033276,NBA,3,Delta,2,Second dose,0
589_2,-6.59849,2.33028,-3.69848,-3.47866,0.481551,3.23459,5.27234,1.4504,97,0.00214868,-6.60596,2.30974,-3.64252,-3.66405,0.574228,3.29729,5.41633,1.43781,97,0.00208899,-6.66246,2.25417,-3.67452,-3.8278,0.513196,3.03994,5.15105,1.41927,97,0.000669987,0.221627,0.211845,0.356761,0.70068,0.332301,1.99232,1.41868,0.151504,0,0.00478748,NBA,2,Omicron,3,Boosted,0
36_1,-6.39259,2.28296,-3.58422,-6.01932,0.937301,3.92429,7.66902,1.47866,97,0.00128765,-6.47566,2.38446,-3.57047,-5.55833,0.917579,3.81584,7.66769,1.4816,97,0.00119301,-6.51981,2.38143,-3.63538,-5.2801,0.893637,3.58768,7.75954,1.45964,97,0.000704554,0.179364,0.209025,0.338582,0.770006,0.211101,2.29682,1.6222,0.177099,0,0.00233312,NBA,1,Omicron,2,Second dose,0
2673_1,-6.67578,2.48753,-3.52938,-2.673,0.34528,2.40745,16.7169,1.46999,97,0.00231969,-6.58866,2.29664,-3.48384,-3.02977,0.369592,2.26986,16.1243,1.48964,97,0.00228405,-6.65727,2.26909,-3.52432,-3.08701,0.345849,2.01004,15.4101,1.44102,97,0.000732048,0.205718,0.249088,0.32273,0.524712,0.10987,1.23522,2.82821,0.165323,0,0.00392789,NBA,1,Delta,2,Second dose,0
2649_2,-6.63298,2.53896,-3.59012,-3.69787,1.40342,2.61548,12.918,1.43786,97,0.00400299,-6.59727,2.52934,-3.52424,-3.20222,1.05931,2.78502,13.3708,1.47587,97,0.00184795,-6.6484,2.4635,-3.55584,-3.20231,0.97214,2.34941,10.508,1.45214,97,0.000667506,0.221199,0.238561,0.39559,0.826398,0.463335,1.56927,7.76436,0.155128,0,0.00390053,NBA,2,Omicron,2,Second dose,0
623_1,-6.6844,2.17178,-3.59658,-5.74224,0.757517,2.16876,9.79072,1.45543,97,0.0014344,-6.63884,2.12013,-3.64085,-5.94926,0.704938,1.98859,8.67732,1.43444,97,0.00175748,-6.67703,2.17398,-3.59313,-5.51808,0.749346,2.26868,9.32251,1.42249,97,0.000702266,0.184875,0.174606,0.333274,0.768968,0.242495,0.930299,2.24478,0.138838,0,0.0033422,NBA,1,Omicron,2,Second dose,0
268_1,-6.72023,2.10334,-3.45444,-5.74743,0.586369,2.75941,19.154,1.39663,97,0.0022134,-6.60769,1.99618,-3.50833,-5.95457,0.585692,2.46129,18.7429,1.39537,97,0.00146798,-6.68412,2.08102,-3.56519,-5.38811,0.551825,2.13082,14.8264,1.40521,97,0.000656971,0.186234,0.195492,0.344229,0.791464,0.108692,1.30844,5.65593,0.16258,0,0.00333689,NBA,3,Omicron,3,Boosted,0
2537_1,-6.3872,2.31849,-3.61371,-5.70415,1.08808,2.40415,12.0541,1.4687,97,0.00152087,-6.45484,2.35903,-3.57668,-5.63479,1.10426,2.54629,12.8064,1.47471,97,0.00166002,-6.53736,2.40465,-3.59258,-5.16093,1.08318,2.27818,9.48488,1.46023,97,0.000662414,0.187102,0.22179,0.29732,0.913521,0.216566,1.71987,6.31872,0.144988,0,0.00275733,NBA,1,Omicron,2,Second dose,0
2498_1,-6.70305,2.54726,-3.64404,-3.48136,1.81378,3.06704,11.1615,1.41105,97,0.00241798,-6.58431,2.41638,-3.67895,-3.31507,1.23852,3.41376,5.74448,1.38799,97,0.00243913,-6.68457,2.46323,-3.73249,-3.22616,1.00729,3.62057,2.95338,1.40875,97,0.000644148,0.198082,0.248723,0.341705,0.550201,0.743345,2.04021,4.44792,0.146532,0,0.00677415,NBA,1,Omicron,2,Second dose,0
747_1,-6.46079,2.56707,-3.64793,-5.49271,1.39286,2.24918,11.733,1.47624,97,0.00332216,-6.44849,2.52271,-3.65101,-5.67795,1.46512,2.44696,11.5774,1.49279,97,0.00169574,-6.47988,2.5053,-3.65087,-5.57567,1.50474,2.15486,7.73814,1.49758,97,0.000595304,0.202037,0.213087,0.343869,0.899284,0.209214,1.29144,5.15058,0.166113,0,0.00328183,NBA,2,Delta,3,Boosted,0
2219_1,-6.61417,2.29027,-3.51864,-5.67109,0.724601,2.61173,17.3084,1.37943,97,0.00276391,-6.59621,2.25453,-3.55345,-5.71886,0.718113,2.68845,15.6965,1.39779,97,0.00343899,-6.60897,2.25244,-3.58627,-5.51806,0.699153,2.33169,10.6278,1.40736,97,0.000676097,0.167142,0.205795,0.37703,0.834623,0.163873,1.88749,6.18395,0.134636,0,0.0152727,NBA,2,Omicron,3,Boosted,0
123_1,-6.3463,2.41791,-3.50301,-4.75349,0.573283,2.16252,14.3261,1.50684,97,0.00160981,-6.34436,2.46531,-3.58258,-4.69745,0.55923,2.26183,15.1455,1.50526,97,0.00198935,-6.42577,2.43766,-3.5746,-4.55859,0.52426,2.10464,11.8642,1.50722,97,0.00076464,0.192942,0.210803,0.304506,0.778792,0.136514,1.30244,4.81334,0.137078,0,0.0046045,NBA,2,Delta,2,Second dose,0
2325_1,-6.62634,2.08262,-3.58329,-5.41514,0.561212,2.25205,15.3464,1.42871,97,0.00192672,-6.6324,2.12589,-3.55417,-5.42649,0.570326,2.3653,15.2284,1.4119,97,0.00132212,-6.7139,2.12032,-3.57498,-5.2545,0.59797,2.24394,10.9779,1.43929,97,0.000700303,0.210772,0.223385,0.376999,1.14342,0.196565,1.25227,5.24883,0.154262,0,0.00200788,NBA,3,Omicron,2,Second dose,0
322_2,-6.85127,2.15024,-3.56957,-3.90905,0.632803,2.41252,8.15791,1.45197,97,0.00263863,-6.81376,2.12512,-3.59792,-4.11931,0.7388,1.9872,8.96137,1.43109,97,0.00169557,-6.81946,2.11306,-3.63481,-3.92669,0.5215,1.77656,7.00256,1.38261,97,0.000701487,0.200132,0.223699,0.295933,0.660113,0.405538,1.28162,5.07198,0.154071,0,0.00310204,NBA,1,Omicron,2,Second dose,0
539_2,-6.70467,1.81194,-3.49015,-6.48946,0.552784,2.61104,17.1058,1.44219,97,0.00206447,-6.83684,1.95349,-3.57247,-6.17902,0.59125,2.1656,15.3747,1.40884,97,0.00187846,-6.85201,1.94175,-3.56839,-6.20052,0.642047,1.95235,10.4938,1.42763,97,0.000713523,0.206154,0.221816,0.358597,0.724317,0.198423,1.26647,5.95454,0.152973,0,0.00350836,NBA,2,Omicron,3,Boosted,0
1807_1,-6.54715,2.20673,-3.58105,-5.92833,1.07283,2.42457,14.7267,1.4028,97,0.00180813,-6.6398,2.2934,-3.55405,-5.39343,0.987446,2.34165,14.4529,1.43338,97,0.00184405,-6.65577,2.27637,-3.5886,-5.07122,0.958268,2.19011,10.317,1.43117,97,0.000689315,0.186526,0.187863,0.325749,0.919579,0.236308,1.59341,6.6028,0.155545,0,0.00483606,NBA,2,Omicron,2,Second dose,0
3058_2,-6.52124,2.36603,-3.61068,-3.78113,0.588725,1.95697,11.1604,1.48251,97,0.00259084,-6.50461,2.39672,-3.53685,-3.48045,0.527621,2.41279,13.1834,1.44944,97,0.00162526,-6.59322,2.34084,-3.58287,-3.61869,0.502259,2.19538,10.3117,1.46067,97,0.000689435,0.233281,0.227798,0.392795,0.562206,0.223987,1.2137,6.63421,0.145842,0,0.00459468,NBA,1,Omicron,3,Boosted,0
2626_1,-6.79585,2.23479,-3.50334,-6.21584,0.488385,2.50597,16.4784,1.4237,97,0.00173546,-6.70555,2.12707,-3.53127,-6.46921,0.461368,2.43886,16.1874,1.41246,97,0.00182216,-6.75378,2.14858,-3.56244,-6.31486,0.457784,2.13515,11.9697,1.42329,97,0.000699307,0.166697,0.165294,0.34142,0.661124,0.101439,1.48102,5.51108,0.135935,0,0.00303283,NBA,2,Omicron,3,Boosted,0
2378_1,-6.61205,2.1384,-3.59757,-6.30747,0.700474,2.28111,12.8312,1.3793,97,0.00160531,-6.64893,2.14721,-3.53067,-6.07908,0.649788,2.57711,13.2143,1.39057,97,0.00234135,-6.6636,2.15084,-3.60635,-5.93604,0.64392,2.27047,9.19243,1.41227,97,0.000720067,0.178062,0.185051,0.322653,0.667674,0.170955,1.79235,4.648,0.152054,0,0.0055063,NBA,2,Omicron,3,Boosted,0
403_1,-6.83344,1.98677,-3.52275,-4.7285,0.45335,2.0591,15.299,1.37779,97,0.00212739,-6.82611,1.97018,-3.5635,-4.75518,0.474971,2.63491,14.4408,1.40387,97,0.00179157,-6.84883,1.99024,-3.58432,-4.6686,0.457517,2.14476,10.3099,1.4009,97,0.000716767,0.185749,0.183072,0.379225,0.492167,0.196815,1.81467,5.36442,0.141349,0,0.00448514,NBA,2,Omicron,3,Boosted,0
882_1,-6.48832,2.52504,-3.56456,-3.04535,0.790085,2.54337,12.7574,1.46719,97,0.00201166,-6.5412,2.53455,-3.54729,-2.94544,0.696021,2.31557,12.6368,1.47952,97,0.00171002,-6.57561,2.48741,-3.58745,-3.02801,0.695806,2.20047,10.3048,1.46896,97,0.000704737,0.234127,0.244821,0.359548,0.65627,0.301027,1.3586,6.83571,0.146616,0,0.00361324,NBA,2,Delta,2,Second dose,0
1313_1,-6.82642,1.91088,-3.59244,-5.80721,0.756765,2.13294,15.1266,1.422,97,0.00147001,-6.84082,1.90795,-3.53019,-5.52968,0.65627,2.52278,15.3289,1.43103,97,0.00217151,-6.89754,1.94528,-3.58744,-5.25097,0.625603,2.37291,9.88111,1.42839,97,0.000661762,0.161437,0.158624,0.331749,0.71623,0.284551,1.72746,7.45392,0.154751,0,0.00454025,NBA,2,Omicron,3,Boosted,0
1967_1,-6.58329,2.43743,-3.70235,-3.37909,0.757324,2.73253,8.87836,1.49142,97,0.00168906,-6.52486,2.43311,-3.62774,-3.11276,0.655897,2.77411,8.7321,1.43919,97,0.00178981,-6.62425,2.41793,-3.63929,-3.1508,0.624936,2.41059,7.88936,1.45726,97,0.000691714,0.234292,0.213493,0.335977,0.459927,0.240667,1.92029,3.62321,0.132783,0,0.00322372,NBA,2,Omicron,3,Boosted,0
401_2,-6.55227,2.38531,-3.64845,-5.64248,1.97128,2.4228,9.59272,1.47264,97,0.00176873,-6.54007,2.45102,-3.65316,-5.53793,2.13009,2.6321,8.86343,1.45667,97,0.00146882,-6.52541,2.41679,-3.58378,-6.31674,2.84385,2.08149,10.2282,1.44449,97,0.000721652,0.201272,0.201585,0.391713,1.29176,0.895978,1.40249,6.41373,0.167769,0,0.00221896,NBA,1,Omicron,2,Second dose,0
2273_2,-6.69289,2.07483,-3.61121,-6.32336,2.00795,2.3544,13.5023,1.35807,97,0.0042202,-6.77771,2.11669,-3.59723,-6.36386,1.63649,1.97961,8.53748,1.37722,97,0.00143948,-6.76537,2.05606,-3.66251,-6.0973,1.30733,1.7458,4.52364,1.47455,97,0.000749732,0.158433,0.198807,0.306061,1.03351,0.837208,1.37167,6.00181,0.128872,0,0.00162899,NBA,1,Omicron,3,Boosted,0
2105_1,-6.99441,1.87964,-3.59993,-6.08809,0.50375,2.25882,15.2091,1.44162,97,0.00172884,-6.84858,1.72266,-3.55326,-6.61695,0.530049,2.15491,15.5753,1.45215,97,0.00201747,-6.91346,1.79799,-3.55297,-6.10968,0.469752,1.908,12.589,1.41985,97,0.000755679,0.167242,0.166751,0.378564,0.75764,0.185426,1.28724,4.42275,0.158457,0,0.00448005,NBA,1,Delta,2,Second dose,0
2736_1,-6.44946,2.38559,-3.45867,-5.50931,1.16557,2.88811,14.1857,1.45015,97,0.00158581,-6.43019,2.38129,-3.56521,-5.2357,1.12474,2.26,14.4782,1.50344,97,0.00200711,-6.55604,2.43794,-3.58015,-4.76756,1.11053,2.0217,10.4275,1.45166,97,0.000716173,0.196428,0.200541,0.330669,0.911945,0.218855,1.48498,7.71289,0.155879,0,0.00469345,NBA,1,Delta,2,Second dose,0
1570_1,-6.58146,2.30917,-3.622,-6.03344,0.836691,2.21718,7.76872,1.44611,97,0.00203267,-6.54261,2.33203,-3.60179,-6.07658,0.873675,2.36972,7.80835,1.43551,97,0.00344781,-6.64827,2.24778,-3.64401,-6.03725,0.813928,2.27063,6.59861,1.43966,97,0.00071135,0.225059,0.221047,0.349352,0.840534,0.321044,1.13711,3.4315,0.141338,0,0.0133281,NBA,3,Delta,2,Second dose,0
1008_2,-6.69955,2.13885,-3.62003,-5.74749,0.710025,5.09575,7.66075,1.43635,97,0.00198876,-6.66752,2.09834,-3.65193,-5.92852,0.696414,4.02306,7.38745,1.47309,97,0.00217345,-6.7097,2.08614,-3.62796,-5.50755,0.660857,4.18397,7.60224,1.43878,97,0.000687966,0.205502,0.192021,0.323624,0.999542,0.25496,1.9988,0.590977,0.163189,0,0.00481208,NBA,2,Omicron,3,Boosted,0
1119_1,-6.66236,2.15949,-3.61404,-6.11818,0.53181,2.4877,11.8663,1.40619,97,0.00115495,-6.63618,2.13292,-3.61576,-6.01373,0.500319,2.45392,12.3331,1.4059,97,0.00250868,-6.68187,2.14321,-3.62778,-5.87498,0.458589,2.07705,8.39283,1.40889,97,0.000632,0.193548,0.193902,0.340002,0.765822,0.140825,1.71906,4.84119,0.15591,0,0.00653145,NBA,2,Omicron,3,Boosted,0
795_1,-6.76941,2.12537,-3.53217,-5.05593,0.648185,2.33676,15.2807,1.43072,97,0.00166561,-6.71372,2.09772,-3.56302,-5.59365,0.778587,2.06129,16.7236,1.40794,97,0.00217667,-6.76538,2.09291,-3.55349,-5.23916,0.750704,2.07598,12.6135,1.43456,97,0.000676646,0.202179,0.196292,0.35169,1.08434,0.208019,1.23339,5.81315,0.140342,0,0.00392038,NBA,1,Omicron,0,Unvaccinated,0
454_1,-6.31119,2.41938,-3.58049,-5.01253,0.853385,2.66424,11.3828,1.5004,97,0.00109604,-6.38673,2.47559,-3.62365,-4.57602,0.755801,2.65229,10.7157,1.51544,97,0.00161233,-6.46046,2.4676,-3.58937,-4.45624,0.729811,2.32609,10.4692,1.48718,97,0.000666671,0.212773,0.19394,0.36087,0.768753,0.190843,1.61248,2.99558,0.160224,0,0.00272042,NBA,1,Omicron,3,Boosted,0
608_1,-6.82072,2.13105,-3.61494,-6.41352,0.56823,2.79846,11.4499,1.45485,97,0.0019097,-6.70584,2.04981,-3.66906,-6.42205,0.455049,1.93864,8.34071,1.40551,97,0.00184505,-6.77591,2.07021,-3.6198,-6.33264,0.447236,2.21959,7.79007,1.42843,97,0.000711689,0.182132,0.171704,0.335101,0.682915,0.147656,0.970128,2.56594,0.14508,0,0.00620691,NBA,1,Omicron,3,Boosted,0
2504_1,-6.5772,2.27571,-3.45706,-4.34857,0.464363,2.3611,17.2086,1.46095,97,0.00134506,-6.55522,2.28223,-3.42628,-4.36863,0.490175,2.4585,16.1485,1.45059,97,0.00186591,-6.59947,2.25189,-3.57,-4.40924,0.485237,2.1519,10.9754,1.44632,97,0.00071053,0.196701,0.185726,0.366999,0.605716,0.156052,1.43159,6.45054,0.146307,0,0.00301648,NBA,1,Omicron,3,Boosted,0
456_1,-6.621,2.14514,-3.50552,-4.58678,0.540652,2.39286,15.7098,1.4229,97,0.00122257,-6.6848,2.21182,-3.50519,-4.30157,0.463713,2.40376,14.8077,1.43749,97,0.00159804,-6.68388,2.17452,-3.58624,-4.3807,0.470155,2.13963,10.2653,1.43458,97,0.000680482,0.225141,0.258343,0.319069,0.618473,0.156747,1.49703,5.28295,0.148533,0,0.00246066,NBA,2,Omicron,2,Second dose,0
545_1,-6.43442,2.3618,-3.59992,-4.93366,0.688949,2.577,9.13842,1.52573,97,0.00345536,-6.50957,2.4864,-3.61663,-4.44449,0.634647,2.8838,9.13821,1.51047,97,0.00236536,-6.51242,2.38594,-3.60263,-4.45316,0.604089,2.70966,9.23438,1.4686,97,0.000656044,0.185727,0.212726,0.327208,0.762038,0.16497,1.38083,0.812127,0.165158,0,0.00467043,NBA,2,Omicron,3,Boosted,0
904_1,-6.85906,2.0371,-3.53792,-6.44527,1.00091,2.3137,12.3843,1.44071,97,0.00151193,-6.86554,2.04406,-3.59426,-6.40849,0.995794,2.25587,12.2302,1.44408,97,0.00135946,-6.83867,2.00637,-3.61906,-6.13482,0.934959,1.99217,9.34818,1.45386,97,0.000733915,0.157926,0.149303,0.383862,0.790047,0.323827,1.45516,4.60926,0.142397,0,0.002501,NBA,2,Omicron,3,Boosted,0
2871_1,-6.51993,2.33906,-3.58919,-4.17633,0.419481,2.27266,7.48281,1.47645,97,0.001987,-6.56158,2.30973,-3.63481,-4.41223,0.482717,2.15428,7.55795,1.50136,97,0.00231508,-6.54287,2.30041,-3.61977,-4.19515,0.41084,2.26705,7.75783,1.4549,97,0.000703101,0.205001,0.22737,0.341746,0.945927,0.260681,1.09066,1.51315,0.175755,0,0.00431546,NBA,1,Omicron,2,Second dose,0
2371_1,-6.55941,2.09544,-3.52968,-5.55874,0.489959,1.94369,14.0768,1.39169,97,0.00255751,-6.59746,2.17177,-3.53857,-5.24157,0.451292,2.4141,15.3085,1.40601,97,0.00212972,-6.62663,2.15408,-3.59881,-5.10755,0.433097,2.11276,9.96321,1.42891,97,0.000692243,0.199902,0.200357,0.343217,0.765413,0.137691,1.41179,7.35407,0.132392,0,0.00427797,NBA,1,Delta,-1,No record,0
2040_2,-6.9186,1.89267,-3.60362,-5.14986,0.464213,2.38332,14.5151,1.42128,97,0.0010315,-6.86397,1.83865,-3.46862,-5.57308,0.562847,2.27296,13.9446,1.43531,97,0.00204144,-6.91545,1.87197,-3.5939,-5.26131,0.491598,2.12932,9.3048,1.43545,97,0.000739335,0.186917,0.189591,0.37895,0.914699,0.324581,1.19013,5.99241,0.146148,0,0.00529302,NBA,2,Omicron,3,Boosted,0
631_2,-6.74894,2.19222,-3.5112,-3.57453,0.430813,2.12762,14.053,1.44483,97,0.00151998,-6.79565,2.14287,-3.52377,-3.77832,0.449147,2.52703,12.2613,1.45063,97,0.001988,-6.77744,2.11697,-3.57978,-3.6813,0.38599,2.15395,10.3529,1.42416,97,0.000703944,0.201495,0.219704,0.389916,0.620896,0.196241,1.38407,5.93588,0.14903,0,0.00412113,NBA,2,Omicron,3,Boosted,0
2056_1,-6.51247,2.29745,-3.59562,-4.71908,0.780029,2.16936,13.1794,1.43254,97,0.00162555,-6.55956,2.33604,-3.53272,-4.61109,0.746586,2.54407,13.8785,1.46199,97,0.00301055,-6.61706,2.32277,-3.59053,-4.5439,0.751837,2.37907,10.3504,1.44927,97,0.000688995,0.207976,0.22452,0.339671,0.888898,0.265991,1.50344,6.18523,0.161138,0,0.0140071,NBA,2,Omicron,3,Boosted,0
2439_1,-6.97367,1.97547,-3.57045,-3.62671,0.448762,2.84403,8.67579,1.39913,97,0.00173905,-6.9264,1.97511,-3.64377,-3.45913,0.424606,2.47862,8.65761,1.39324,97,0.00186212,-6.98401,1.95005,-3.58226,-3.63695,0.468285,2.42827,8.81531,1.40645,97,0.000860665,0.191846,0.190952,0.372348,0.521689,0.183512,1.56932,1.68837,0.140862,0,0.00316552,NBA,1,Omicron,2,Second dose,0
305_1,-6.51805,2.28854,-3.56196,-4.91024,0.596796,2.01062,8.73917,1.47239,97,0.00222983,-6.50296,2.2563,-3.54808,-5.20318,0.646015,2.22785,9.74275,1.46446,97,0.00160206,-6.59086,2.26811,-3.60006,-4.90202,0.644097,2.03872,9.31025,1.43217,97,0.000717741,0.214625,0.227996,0.349861,0.908364,0.23002,1.2973,4.74056,0.16617,0,0.00313923,NBA,3,Omicron,3,Boosted,0
1368_1,-6.72638,2.03768,-3.56522,-4.86552,0.629894,2.31211,11.2812,1.39919,97,0.00202538,-6.79676,2.11104,-3.5782,-4.63657,0.637833,2.16324,11.2802,1.43622,97,0.00192369,-6.86226,1.93159,-3.56985,-4.9451,0.56853,1.8988,8.25315,1.4728,97,0.000694561,0.240962,0.226041,0.341056,0.946457,0.314855,1.29743,4.48206,0.159071,0,0.00432002,NBA,2,Omicron,3,Boosted,0
1886_1,-6.59844,2.36123,-3.55486,-6.28847,0.641695,2.05751,14.1712,1.40814,97,0.00143635,-6.5629,2.34497,-3.5705,-6.18937,0.573142,1.98274,12.2847,1.41668,97,0.0022949,-6.63303,2.36255,-3.61309,-6.04404,0.598968,1.76063,9.4267,1.43974,97,0.00061451,0.16845,0.178491,0.381786,0.641156,0.142482,1.42933,5.53595,0.156374,0,0.00584314,NBA,2,Omicron,3,Boosted,0
906_1,-6.50272,2.55484,-3.62078,-3.20487,0.830226,2.24294,10.1807,1.46617,97,0.00304845,-6.52993,2.46272,-3.59936,-3.21374,0.7781,2.36472,11.887,1.50248,97,0.00174659,-6.58097,2.45158,-3.62396,-3.15434,0.727679,2.07372,8.68279,1.49097,97,0.000612121,0.219867,0.253531,0.383203,0.462242,0.272629,1.63862,6.87773,0.146945,0,0.00252765,NBA,2,Omicron,3,Boosted,0
2920_2,-6.73363,2.09675,-3.59244,-6.33522,0.902325,2.28017,16.2303,1.36451,97,0.00233246,-6.74746,2.06961,-3.52863,-6.19166,0.879858,2.32899,15.9181,1.42985,97,0.00123765,-6.71951,2.05459,-3.5667,-5.81594,0.849748,2.18841,11.9899,1.39629,97,0.000673591,0.186837,0.193978,0.339129,0.895994,0.171936,1.27334,3.78107,0.175919,0,0.00204237,NBA,1,Omicron,2,Second dose,0
3020_1,-6.95285,1.88683,-3.4389,-6.60354,0.685947,2.57794,15.1883,1.44639,97,0.00199499,-6.9551,1.88712,-3.52143,-6.78489,0.708822,2.43513,15.5216,1.44644,97,0.0016861,-6.9291,1.85932,-3.56769,-6.54314,0.657946,2.18782,10.9488,1.46381,97,0.000652675,0.166278,0.180981,0.320795,0.791623,0.240606,1.47541,5.97407,0.140138,0,0.00274356,NBA,2,Omicron,3,Boosted,0
1705_1,-6.488,2.50762,-3.64785,-5.71828,0.926626,2.23835,14.4433,1.4767,97,0.00211457,-6.42437,2.49513,-3.54837,-5.83716,0.939105,2.51017,14.6833,1.47503,97,0.00159905,-6.51432,2.48061,-3.5815,-5.82309,1.00635,1.99538,10.2301,1.45227,97,0.000734352,0.215026,0.22524,0.354999,0.822511,0.163638,1.61917,7.15721,0.171536,0,0.00263301,NBA,2,Delta,2,Second dose,0
312_1,-6.77317,2.07259,-3.57226,-6.68687,0.831843,2.24628,11.894,1.43511,97,0.00117452,-6.68478,1.98045,-3.54821,-6.72897,0.766983,2.37762,12.5916,1.38901,97,0.00239455,-6.78241,2.09215,-3.58515,-6.34607,0.877041,2.14267,10.2943,1.40993,97,0.000709076,0.190049,0.196994,0.344298,0.915062,0.240113,1.6683,6.8382,0.133133,0,0.00515927,NBA,3,Omicron,3,Boosted,0
2468_1,-6.44385,2.26661,-3.66887,-5.17723,0.574719,2.24136,15.0822,1.47873,97,0.00172187,-6.42469,2.21811,-3.58385,-5.29713,0.594808,2.00818,13.9716,1.47807,97,0.00172876,-6.54992,2.30375,-3.58949,-5.09959,0.648183,2.15576,10.277,1.45544,97,0.000697924,0.198891,0.191726,0.317705,0.819858,0.168382,1.1973,5.62922,0.156321,0,0.00294704,NBA,1,Omicron,3,Boosted,0
2406_1,-6.69565,2.50395,-3.65029,-1.7075,0.530366,3.28118,5.90626,1.44785,97,0.00216417,-6.65058,2.463,-3.67245,-1.79578,0.542368,2.92561,5.99299,1.48023,97,0.00174534,-6.65652,2.44104,-3.69598,-1.78979,0.424828,2.66079,4.00614,1.45078,97,0.000732685,0.221434,0.243026,0.354588,0.621818,0.274884,1.42202,4.45699,0.169202,0,0.00372478,NBA,2,Omicron,2,Second dose,0
2765_2,-6.73633,2.16172,-3.62592,-5.11289,1.02037,2.53185,10.5365,1.40161,97,0.00189767,-6.70408,2.15637,-3.53095,-5.10507,1.08236,2.29247,11.2053,1.40139,97,0.00190439,-6.77767,2.21968,-3.5868,-4.58251,0.982809,2.12544,10.2861,1.41099,97,0.000715894,0.213598,0.212457,0.341777,1.01999,0.460214,1.12744,5.4737,0.149921,0,0.0033211,NBA,2,Omicron,2,Second dose,0
169_2,-6.80299,2.12496,-3.6019,-6.39047,1.50434,2.56407,9.5137,1.46272,97,0.00162323,-6.75216,2.04006,-3.69231,-5.86438,0.964139,2.75619,7.22614,1.42704,97,0.00213473,-6.82077,2.08515,-3.64411,-5.2329,0.831753,2.47388,6.42337,1.43409,97,0.000742783,0.200369,0.225005,0.387904,1.28903,0.52607,1.39675,3.97899,0.157438,0,0.00459164,NBA,1,Omicron,0,Unvaccinated,0
1902_1,-6.58097,2.33134,-3.49873,-5.10005,0.844405,2.37726,13.9625,1.4463,97,0.00209621,-6.56181,2.27726,-3.55895,-5.11446,0.806171,2.42951,12.8104,1.42684,97,0.00163637,-6.60634,2.30153,-3.58556,-5.3965,0.989304,2.14019,10.3018,1.43995,97,0.000708942,0.212486,0.206396,0.348778,0.887885,0.272177,1.54015,5.90964,0.152624,0,0.00309224,NBA,2,Omicron,3,Boosted,0
1044_1,-6.59447,2.47131,-3.64732,-3.90675,1.04757,2.28553,7.8361,1.46439,97,0.00149393,-6.5697,2.44705,-3.66057,-4.2315,1.20912,2.62579,9.31693,1.44045,97,0.00140005,-6.62189,2.4411,-3.64503,-3.95792,1.10536,2.4383,6.93455,1.44392,97,0.000668607,0.243645,0.256716,0.353187,1.03824,0.471232,1.56878,4.70314,0.145725,0,0.00249298,NBA,1,Omicron,2,Second dose,0
781_1,-6.54069,2.53735,-3.61954,-2.85605,0.695971,2.23083,11.4536,1.46642,97,0.00207184,-6.5758,2.61168,-3.56671,-2.8094,0.733011,2.4456,12.5998,1.46303,97,0.00147777,-6.60131,2.46527,-3.5903,-3.06868,0.709056,2.19596,9.99481,1.45643,97,0.000723111,0.210868,0.243543,0.316428,0.551094,0.177998,1.36048,4.3023,0.142318,0,0.00229795,NBA,1,Omicron,3,Boosted,0
1401_1,-6.50546,2.48585,-3.4351,-2.94581,0.538354,2.73755,21.2852,1.44208,97,0.00176509,-6.5367,2.3884,-3.43047,-3.22372,0.546964,2.60879,20.6209,1.48278,97,0.00195501,-6.6389,2.34419,-3.52205,-3.311,0.515743,2.20038,14.9925,1.47693,97,0.000683388,0.1989,0.218661,0.316156,0.715575,0.160685,1.75569,6.21064,0.155307,0,0.00427546,NBA,1,Delta,2,Second dose,0
2479_1,-6.64897,2.34549,-3.62576,-3.20315,0.581682,3.06863,8.17231,1.45098,97,0.00172734,-6.6602,2.37045,-3.63805,-3.22776,0.600896,2.86318,8.31582,1.43723,97,0.00233495,-6.728,2.27211,-3.61917,-3.35451,0.543813,2.50803,7.77305,1.43346,97,0.000693077,0.211926,0.236103,0.390474,0.703441,0.273318,1.78862,1.9512,0.154842,0,0.00654546,NBA,2,Omicron,3,Boosted,0
3054_1,-6.65465,2.25249,-3.50353,-4.03355,0.580794,2.59708,15.3262,1.41763,97,0.00159155,-6.64006,2.2756,-3.51812,-4.03981,0.622801,2.37984,14.4711,1.37922,97,0.0023662,-6.68307,2.2664,-3.58763,-4.0374,0.610272,2.18169,10.3697,1.40711,97,0.00068306,0.217435,0.189328,0.370066,0.571389,0.213647,1.35119,6.10861,0.146672,0,0.00527937,NBA,2,Omicron,2,Second dose,0
432_1,-6.58654,2.25484,-3.64964,-4.48338,0.882563,2.50632,7.62138,1.45128,97,0.00281273,-6.64058,2.31076,-3.62715,-4.90044,1.12798,2.72504,8.28234,1.45097,97,0.0019418,-6.68249,2.3064,-3.62737,-4.581,1.00389,2.60302,6.36702,1.43695,97,0.000618841,0.203475,0.196355,0.33876,1.23623,0.479894,1.37246,4.90073,0.133601,0,0.00440858,NBA,1,Omicron,2,Second dose,0
342_1,-6.50896,2.63579,-3.52388,-4.3574,1.64426,2.36524,14.0815,1.4689,97,0.00119004,-6.45611,2.5247,-3.61041,-4.43649,1.38468,2.27878,10.5072,1.49233,97,0.0037014,-6.55713,2.55826,-3.65255,-3.91959,1.28132,2.14243,7.00663,1.47156,97,0.000764322,0.1973,0.240289,0.376114,1.12485,0.528398,1.32,6.36505,0.146913,0,0.0189094,NBA,2,Omicron,3,Boosted,0
2257_1,-6.56282,2.24092,-3.50793,-5.16786,0.661664,2.26714,14.0707,1.40698,97,0.00167233,-6.53445,2.22531,-3.52855,-5.15343,0.629012,2.40766,14.4645,1.35867,97,0.00150975,-6.61245,2.25392,-3.58428,-4.94751,0.623793,2.19273,9.59873,1.40294,97,0.00067863,0.189382,0.195933,0.398113,0.86603,0.189205,1.43376,5.40495,0.1247,0,0.00226545,NBA,2,Omicron,3,Boosted,0
984_2,-6.48684,2.50419,-3.68675,-3.54939,0.781901,2.92783,7.35664,1.4777,97,0.00881795,-6.55622,2.54847,-3.68335,-3.82482,0.956637,2.69861,8.31723,1.50834,97,0.00171642,-6.54598,2.473,-3.62451,-3.79991,0.893651,2.66013,6.84242,1.4672,97,0.000735759,0.188031,0.205302,0.358672,0.716967,0.338818,1.93726,3.95524,0.145465,0,0.00331658,NBA,2,Omicron,2,Second dose,0
759_1,-6.78847,2.11017,-3.6026,-4.13891,0.619426,3.4098,5.45453,1.43965,97,0.00203215,-6.77328,2.11017,-3.75916,-3.88763,0.594277,3.67189,5.65884,1.41246,97,0.00162214,-6.83638,2.077,-3.66352,-3.97902,0.500155,3.31602,5.44612,1.42098,97,0.000757765,0.177284,0.223809,0.32372,0.846783,0.347233,2.01719,1.23886,0.134371,0,0.00293175,NBA,1,Omicron,3,Boosted,0
2494_1,-6.54788,2.4284,-3.60205,-4.59856,1.18431,2.63273,10.7188,1.49391,97,0.00155398,-6.5456,2.4359,-3.63231,-4.28688,1.04717,2.56114,8.9487,1.43902,97,0.00178957,-6.6097,2.4209,-3.60101,-3.99675,0.930869,2.17488,9.51,1.45114,97,0.00071321,0.184303,0.215955,0.306991,1.19237,0.488316,1.55195,4.17699,0.139172,0,0.00335098,NBA,1,Delta,2,Second dose,0
2165_1,-6.45828,2.59357,-3.42267,-5.5979,1.38754,2.50204,13.9458,1.52542,97,0.00154649,-6.43732,2.56773,-3.52999,-5.53002,1.37158,2.64781,13.5422,1.50104,97,0.00164981,-6.46317,2.52359,-3.5716,-5.39454,1.3909,2.36484,10.3994,1.48401,97,0.000734903,0.207947,0.220185,0.369567,0.871865,0.17841,1.41475,4.8097,0.144279,0,0.00291625,NBA,1,Omicron,2,Second dose,0
2476_1,-6.68858,2.13338,-3.50499,-5.07249,0.369571,1.87269,14.3569,1.42872,97,0.00138929,-6.59865,2.03711,-3.48241,-5.1724,0.360256,2.43556,16.1614,1.43699,97,0.0015983,-6.68138,2.05217,-3.57909,-5.06004,0.330565,2.11449,11.1786,1.44471,97,0.00063592,0.200323,0.191099,0.352256,0.682446,0.124486,1.56919,6.23551,0.157948,0,0.00218544,NBA,1,Omicron,3,Boosted,0
2610_1,-6.6618,2.23011,-3.53935,-4.3038,0.566336,2.56385,14.5231,1.3943,97,0.00515442,-6.65451,2.20997,-3.5637,-4.33981,0.579206,2.65364,12.5396,1.42161,97,0.00111288,-6.68736,2.21754,-3.59155,-4.21572,0.511523,2.30091,10.3222,1.41148,97,0.000692084,0.218697,0.212661,0.323601,0.816334,0.27652,1.59003,5.19251,0.16265,0,0.00181902,NBA,2,Omicron,3,Boosted,0
230_1,-6.62351,2.08156,-3.57182,-5.44743,0.923212,2.01247,9.59822,1.45989,97,0.00183199,-6.67397,2.14031,-3.5752,-5.09519,0.855409,2.29195,11.0093,1.44578,97,0.0020241,-6.75875,2.16594,-3.63863,-4.64352,0.738561,2.15043,8.41103,1.45169,97,0.000663429,0.206646,0.205632,0.362834,1.37083,0.416451,1.1288,5.6617,0.154727,0,0.0042017,NBA,3,Delta,2,Second dose,0
779_1,-6.58716,2.10722,-3.475,-4.7712,0.302828,2.63925,18.4352,1.41211,97,0.00155268,-6.58551,2.11557,-3.53615,-4.7239,0.304311,2.49787,18.1538,1.39975,97,0.00152398,-6.60928,2.14508,-3.57705,-4.54533,0.277312,2.14302,12.6714,1.42633,97,0.000654541,0.201502,0.231454,0.340091,0.696983,0.102826,1.62561,5.86833,0.138668,0,0.00277528,NBA,3,Omicron,3,Boosted,0
1265_1,-6.68848,2.21624,-3.54985,-2.77993,0.335281,3.17999,9.18609,1.3736,97,0.00201246,-6.71738,2.21234,-3.571,-2.94694,0.369129,3.17707,9.21218,1.4026,97,0.00140389,-6.76023,2.17615,-3.59448,-2.99208,0.338457,2.73249,8.96665,1.40395,97,0.000759687,0.203855,0.202838,0.30185,0.494319,0.15202,2.37227,1.15072,0.157423,0,0.00212084,NBA,1,Omicron,3,Boosted,0
2667_1,-6.60872,2.11174,-3.60425,-5.20559,0.594364,1.50846,6.61982,1.40539,97,0.00192179,-6.63363,2.1364,-3.62892,-5.58468,0.77978,1.79821,7.51387,1.40986,97,0.00178348,-6.70165,2.20565,-3.61042,-5.11576,0.700388,1.62163,6.80687,1.38325,97,0.000649269,0.20627,0.206146,0.337278,0.980486,0.324909,0.901246,2.76885,0.137753,0,0.00286349,NBA,2,Omicron,2,Second dose,0
2281_1,-6.41624,2.43638,-3.61905,-5.93345,1.69984,2.46513,11.9743,1.51237,97,0.00348058,-6.44444,2.46951,-3.64987,-5.88971,1.65487,2.52976,12.231,1.49173,97,0.00213987,-6.51313,2.481,-3.57978,-5.50495,1.78555,2.16491,10.2572,1.46357,97,0.000717263,0.224884,0.22858,0.362907,1.17801,0.281803,1.6102,6.47685,0.165461,0,0.00751449,NBA,2,Omicron,3,Boosted,0
2082_1,-6.49975,2.26775,-3.44106,-5.00568,0.475955,2.41397,16.9804,1.45279,97,0.00154721,-6.47849,2.20095,-3.47554,-5.19604,0.477081,2.14438,16.4348,1.44583,97,0.00228409,-6.55098,2.24378,-3.5608,-4.91909,0.442376,1.96575,11.3953,1.44271,97,0.000719796,0.205621,0.206679,0.366565,0.739711,0.12657,1.30408,5.95999,0.145398,0,0.00431821,NBA,1,Omicron,3,Boosted,0
1917_1,-6.74478,2.07813,-3.46908,-5.09401,0.467053,2.31774,16.9774,1.40277,97,0.00128163,-6.6924,2.13314,-3.5359,-5.17923,0.509235,2.57329,17.6366,1.42376,97,0.00190848,-6.77895,2.0177,-3.56722,-5.21436,0.486181,2.3857,11.8333,1.42946,97,0.000661568,0.217311,0.252566,0.340318,0.794229,0.151332,1.4468,6.34074,0.156078,0,0.00449909,NBA,1,Omicron,3,Boosted,0
790_1,-6.72989,2.17662,-3.56577,-3.96521,0.66306,1.77843,8.52591,1.40143,97,0.00155894,-6.68367,2.17861,-3.64268,-3.78844,0.630071,1.91009,7.86335,1.40995,97,0.00213862,-6.74131,2.22333,-3.62631,-3.64957,0.490295,1.73642,6.30553,1.39579,97,0.000738524,0.218829,0.223017,0.325381,0.563411,0.30861,1.07815,3.51489,0.139034,0,0.00316857,NBA,1,Omicron,3,Boosted,0
2164_2,-6.78248,2.2645,-3.61988,-6.70668,2.56966,2.81873,10.9408,1.44848,97,0.0027202,-6.7269,2.1907,-3.60511,-6.48183,1.89289,2.12625,8.26383,1.40202,97,0.00194685,-6.7459,2.21835,-3.61772,-5.93456,2.00812,1.94277,6.47786,1.35037,97,0.000933035,0.177814,0.180486,0.38759,1.19443,0.773788,1.08923,4.74789,0.146417,0,0.00461359,NBA,1,Omicron,2,Second dose,0
269_1,-6.78145,2.11861,-3.49605,-5.69276,0.63562,2.18262,15.5117,1.44731,97,0.00147258,-6.70844,2.06799,-3.49349,-5.98449,0.669023,2.50999,15.482,1.42272,97,0.00113978,-6.75797,2.08563,-3.56964,-5.77728,0.710922,2.42882,11.0016,1.42901,97,0.000670235,0.163901,0.193956,0.372699,0.807574,0.168131,1.40198,4.96008,0.149537,0,0.00164661,NBA,3,Omicron,3,Boosted,0
2866_1,-6.93077,1.85524,-3.5911,-5.11378,0.575488,2.40625,14.5471,1.44656,97,0.00174182,-6.95841,1.89398,-3.50149,-5.03754,0.535959,2.52594,13.7268,1.42409,97,0.0019621,-6.97578,1.88136,-3.57529,-5.00584,0.517186,2.29085,9.79239,1.44801,97,0.000615177,0.227165,0.239218,0.370689,0.722815,0.304968,1.35351,5.46698,0.160868,0,0.00361307,NBA,1,Omicron,3,Boosted,0
463_1,-6.69659,2.1847,-3.59093,-3.80104,0.400311,2.80518,15.0794,1.40693,97,0.00227533,-6.693,2.20157,-3.56826,-3.63819,0.354475,2.30721,15.8662,1.39951,97,0.00209922,-6.69748,2.17643,-3.58083,-3.65793,0.350734,2.14016,10.3153,1.40579,97,0.00070893,0.199019,0.186539,0.368133,0.462142,0.120669,1.3413,6.18372,0.157987,0,0.00393107,NBA,2,Omicron,3,Boosted,0
97_1,-6.75983,2.22755,-3.61102,-4.37527,0.609863,2.43816,7.05693,1.42898,97,0.0014294,-6.67063,2.13309,-3.63211,-4.85974,0.854273,2.85027,7.87365,1.42733,97,0.00209988,-6.7537,2.20054,-3.62827,-4.45872,0.764415,2.73853,7.39247,1.40765,97,0.000715439,0.206139,0.19709,0.367983,1.02753,0.351953,1.31607,2.33732,0.160093,0,0.00406029,NBA,1,Omicron,2,Second dose,0
2449_2,-6.86071,2.10463,-3.59257,-3.99325,0.8407,2.0177,6.3453,1.37508,97,0.00236612,-6.80826,2.14566,-3.66261,-3.86022,0.720529,2.28056,6.26219,1.40431,97,0.00235278,-6.9131,2.05555,-3.66633,-3.85432,0.614033,2.1196,5.40342,1.41506,97,0.000724333,0.212051,0.272929,0.342501,1.00644,0.488994,1.07054,3.39178,0.150653,0,0.00909117,NBA,2,Omicron,2,Second dose,0
872_1,-6.55878,2.27874,-3.63405,-6.04028,0.898718,2.35791,5.03283,1.44166,97,0.00136268,-6.59852,2.35004,-3.68686,-5.71929,0.950153,2.6078,5.83178,1.48218,97,0.00200736,-6.58098,2.30133,-3.67521,-5.55474,0.871391,2.69238,5.43284,1.44763,97,0.000719599,0.182009,0.201867,0.357593,0.86556,0.367213,0.911512,2.02307,0.166912,0,0.00443596,NBA,1,Omicron,2,Second dose,0
2383_2,-6.67494,2.33697,-3.63774,-5.56752,1.50476,2.92161,9.25345,1.43919,97,0.00172427,-6.5792,2.21105,-3.7405,-5.64264,1.20172,3.09553,5.57856,1.46221,97,0.00161234,-6.67494,2.29927,-3.6804,-5.00899,1.06728,2.94213,4.99275,1.44211,97,0.000812675,0.178252,0.185853,0.303039,1.10143,0.558787,1.62742,2.44209,0.159842,0,0.00217827,NBA,1,Omicron,2,Second dose,0
1597_1,-6.66849,2.23343,-3.49058,-4.15772,0.577905,1.82045,11.6294,1.4492,97,0.00285127,-6.65619,2.12893,-3.65939,-4.27186,0.5626,1.87963,10.8367,1.44969,97,0.00185315,-6.70494,2.17809,-3.57983,-4.07564,0.457473,1.53481,9.17742,1.42063,97,0.000765682,0.223275,0.226932,0.303221,0.89274,0.250044,1.14516,3.67407,0.150345,0,0.00371284,NBA,2,Omicron,3,Boosted,0
1652_1,-6.66416,2.06672,-3.6013,-6.01001,0.633009,1.96223,14.2149,1.40249,97,0.00182625,-6.67493,2.07459,-3.55303,-5.70652,0.567304,2.4813,13.7294,1.40286,97,0.00279613,-6.73285,2.10762,-3.59737,-5.58536,0.658594,2.31742,10.442,1.40649,97,0.000648799,0.205165,0.204809,0.364554,0.911267,0.21372,1.44503,5.46973,0.146278,0,0.00860625,NBA,2,Omicron,3,Boosted,0
1613_1,-6.88444,2.10761,-3.56233,-4.35499,0.596929,2.4662,6.00786,1.37351,97,0.00137241,-6.74177,2.01569,-3.65525,-5.59893,1.37896,2.27829,9.92494,1.4153,97,0.00259848,-6.88801,2.14497,-3.63643,-4.78979,1.19607,2.16641,7.14998,1.396,97,0.000777216,0.177688,0.168396,0.37582,1.26831,0.628416,1.19404,6.38437,0.145314,0,0.0054573,NBA,2,Omicron,2,Second dose,0
1304_1,-6.65622,2.26554,-3.56884,-6.1682,0.878275,2.72601,14.9669,1.47399,97,0.00212294,-6.65457,2.25725,-3.54121,-6.20578,0.92724,2.27999,14.3208,1.44929,97,0.00162622,-6.68598,2.25338,-3.59235,-6.21785,1.01346,2.36513,10.4029,1.44628,97,0.000669947,0.198254,0.205648,0.327663,0.809072,0.172419,1.38023,5.68742,0.147663,0,0.00389191,NBA,3,Omicron,3,Boosted,0
2945_1,-6.52056,2.25238,-3.53808,-5.54911,0.792657,2.06873,9.63906,1.47363,97,0.0016996,-6.57048,2.33331,-3.6246,-5.47747,0.82579,2.16356,9.74269,1.46255,97,0.00178643,-6.58807,2.3175,-3.60061,-5.2453,0.845087,2.55142,9.72073,1.46024,97,0.000694036,0.193236,0.20931,0.343483,0.856373,0.218672,1.08635,3.52496,0.157914,0,0.0024576,NBA,2,Omicron,2,Second dose,0
917_1,-6.76406,2.09775,-3.57824,-6.29882,0.770987,2.25094,14.6995,1.46827,97,0.00145085,-6.75981,2.11567,-3.58128,-6.1507,0.776477,2.1871,13.6706,1.44934,97,0.00211899,-6.77611,2.09189,-3.5846,-6.28385,0.922719,2.14018,10.3042,1.44654,97,0.000708958,0.187884,0.205682,0.394332,0.909919,0.267667,1.25557,7.81309,0.154629,0,0.00447464,NBA,1,Omicron,3,Boosted,0
920_2,-6.61737,2.20132,-3.68488,-5.95064,1.08678,2.52579,7.54285,1.41231,97,0.00202575,-6.61717,2.20211,-3.72055,-6.08933,1.10237,2.45108,8.1538,1.39593,97,0.00165041,-6.67728,2.22496,-3.63524,-5.44197,1.00117,2.44195,6.65317,1.43218,97,0.000791803,0.185374,0.175859,0.34195,1.18878,0.423435,1.26765,4.92444,0.163437,0,0.00435241,NBA,1,Omicron,2,Second dose,0
783_1,-6.53268,2.16252,-3.6094,-5.93813,0.413301,2.16862,11.0243,1.42768,97,0.00157981,-6.58366,2.24543,-3.55895,-6.00899,0.484195,2.35538,13.0403,1.43239,97,0.00208064,-6.67862,2.1613,-3.59947,-6.02007,0.482033,2.07938,8.93069,1.44479,97,0.000469641,0.204526,0.220078,0.352793,0.771019,0.120075,1.47372,5.77943,0.135533,0,0.00350113,NBA,2,Omicron,3,Boosted,0
1964_1,-6.51188,2.40071,-3.4845,-4.20924,0.566493,2.6258,14.8587,1.46916,97,0.00163133,-6.48128,2.39467,-3.52364,-4.45906,0.632511,2.4518,13.6577,1.43659,97,0.00151407,-6.55619,2.34714,-3.57407,-4.36803,0.60195,2.13684,10.2855,1.45349,97,0.000699595,0.194469,0.221718,0.330699,0.988215,0.190737,1.556,4.20715,0.152765,0,0.00266299,NBA,1,Omicron,3,Boosted,0
2538_1,-6.63073,2.26636,-3.59668,-6.25863,0.882399,2.36631,15.6984,1.45916,97,0.00188671,-6.58342,2.27984,-3.47807,-6.16657,0.846712,2.35866,16.4194,1.42901,97,0.00161397,-6.68451,2.22241,-3.57366,-6.05204,0.886766,2.33879,10.9892,1.41387,97,0.000774827,0.188653,0.216762,0.334034,0.899404,0.135623,1.39908,6.68235,0.142046,0,0.00274552,NBA,1,Omicron,2,Second dose,0
745_1,-7.01737,1.97857,-3.49586,-4.07619,0.52719,2.33259,14.162,1.40859,97,0.00144769,-6.90691,1.85162,-3.56576,-4.08499,0.439274,2.38806,13.4634,1.42059,97,0.00189888,-6.97685,1.92018,-3.58409,-3.99442,0.419839,2.13936,10.2994,1.41054,97,0.000708889,0.171997,0.174678,0.344122,0.403691,0.19967,1.33819,5.34501,0.169625,0,0.00607237,NBA,1,Omicron,3,Boosted,0
221_1,-6.64543,2.2509,-3.50054,-3.53975,0.406848,2.52833,15.9833,1.42651,97,0.00182682,-6.66973,2.04263,-3.62861,-3.95754,0.403755,2.47319,13.7411,1.42454,97,0.00210068,-6.75185,2.13818,-3.58653,-3.74633,0.367953,2.18668,10.3829,1.43072,97,0.000703093,0.207936,0.230696,0.317662,0.661938,0.184405,1.35757,5.21928,0.137163,0,0.00534186,NBA,1,Omicron,3,Boosted,0
855_1,-6.74212,2.00004,-3.57325,-6.64532,0.80184,2.30715,14.5466,1.48459,97,0.00213361,-6.73492,1.99933,-3.5465,-6.09953,0.724548,2.43947,14.1539,1.45442,97,0.00135534,-6.8077,2.01297,-3.61329,-5.90975,0.723372,2.35805,9.39435,1.48376,97,0.000682005,0.148804,0.163955,0.350199,0.840808,0.228121,1.54472,5.42922,0.145789,0,0.00178125,NBA,2,Omicron,3,Boosted,0
2200_2,-6.75474,2.0727,-3.56763,-5.70767,1.24822,2.42713,13.3309,1.39185,97,0.0020346,-6.80072,2.11858,-3.59851,-5.79849,1.35654,2.54171,13.3418,1.4052,97,0.00252547,-6.853,2.15987,-3.58311,-5.1371,1.29753,2.21546,10.2226,1.40604,97,0.000735794,0.212597,0.218515,0.345487,1.23473,0.471671,1.79338,6.14817,0.134845,0,0.00888157,NBA,2,Omicron,3,Boosted,0
1723_1,-6.61684,2.4091,-3.72463,-4.82068,1.91847,2.49544,8.04132,1.47707,97,0.00359378,-6.58755,2.42117,-3.5444,-4.54025,1.72046,2.36255,8.89438,1.41693,97,0.00180453,-6.70119,2.45014,-3.60327,-4.36141,1.98121,2.13919,10.2503,1.43073,97,0.000705823,0.238318,0.257993,0.349762,1.49781,0.733695,1.25436,5.62273,0.153363,0,0.0046803,NBA,1,Omicron,2,Second dose,0
1984_1,-6.39355,2.40783,-3.54572,-5.48718,0.663115,2.5642,12.7843,1.48259,97,0.00162221,-6.4108,2.43464,-3.60739,-5.33982,0.602562,2.41887,11.2035,1.47902,97,0.00149624,-6.44913,2.38806,-3.58772,-5.28408,0.612851,2.21816,10.3369,1.47471,97,0.000706393,0.180985,0.205597,0.333839,0.872033,0.202772,1.42163,5.10876,0.158818,0,0.00261199,NBA,3,Omicron,-1,No record,0
211_2,-6.71921,2.03292,-3.63149,-6.24498,1.17204,2.14741,10.2666,1.45796,97,0.00170628,-6.71362,2.04434,-3.63798,-5.89366,0.943661,2.09824,8.27401,1.42228,97,0.00173433,-6.77934,2.07239,-3.63106,-5.51836,0.822539,1.79752,6.45593,1.44276,97,0.00077107,0.180898,0.20097,0.3187,1.17277,0.433981,1.09518,3.87119,0.122874,0,0.00298339,NBA,1,Omicron,2,Second dose,0
1702_1,-6.69813,2.12245,-3.57176,-6.14223,0.760557,2.54279,12.4325,1.41784,97,0.00134649,-6.67347,2.11389,-3.63933,-6.30498,0.792913,2.5296,11.3078,1.40378,97,0.00164994,-6.71747,2.11947,-3.58667,-6.05678,0.71868,2.15337,10.3496,1.42249,97,0.000709978,0.183316,0.191131,0.355762,0.88484,0.371511,1.57826,5.41422,0.149464,0,0.00286895,NBA,1,Delta,2,Second dose,0
854_1,-6.49118,2.36659,-3.50402,-5.10795,0.645597,2.02838,17.3691,1.49391,97,0.00157804,-6.44658,2.34486,-3.50224,-5.46682,0.693818,2.19551,17.0384,1.46828,97,0.00217167,-6.5212,2.35107,-3.55647,-5.28328,0.728862,1.91673,12.9951,1.4647,97,0.000648665,0.211911,0.245352,0.339554,0.906037,0.13442,1.34528,6.34947,0.163668,0,0.00464788,NBA,2,Omicron,3,Boosted,0
2894_1,-6.5081,2.37608,-3.53189,-5.02892,0.66571,2.35899,9.85093,1.42558,97,0.00223502,-6.45961,2.2898,-3.61297,-5.30788,0.674025,2.71436,9.46798,1.50584,97,0.00309377,-6.54326,2.33124,-3.6048,-5.10025,0.733446,3.01002,9.60426,1.45146,97,0.000744673,0.190272,0.184016,0.332843,0.851203,0.175931,1.3274,2.21724,0.163828,0,0.00897552,NBA,2,Omicron,2,Second dose,0
1788_1,-6.55703,2.33958,-3.56085,-4.05038,0.594895,2.50225,15.8398,1.37112,97,0.00198417,-6.55334,2.27067,-3.52726,-4.55987,0.690292,2.30787,16.1657,1.384,97,0.00179977,-6.61819,2.3174,-3.55642,-4.31491,0.667814,2.11213,11.99,1.39911,97,0.000705073,0.176727,0.200527,0.381862,0.88639,0.173101,1.26921,6.05052,0.138025,0,0.00301514,NBA,2,Delta,2,Second dose,0
2841_1,-6.60556,2.34565,-3.5565,-5.35224,0.655205,2.40243,14.7044,1.43115,97,0.00159358,-6.51815,2.21125,-3.49947,-5.53573,0.63779,2.22388,13.8044,1.41681,97,0.00153291,-6.57803,2.26577,-3.58114,-5.34988,0.683295,2.10736,10.2809,1.43905,97,0.000721817,0.184555,0.206994,0.328782,0.772416,0.166052,1.28421,4.63309,0.145489,0,0.00228837,NBA,2,Omicron,3,Boosted,0
220_1,-6.82203,1.99876,-3.54862,-4.73115,0.53309,2.80225,13.1584,1.41049,97,0.00151894,-6.86608,2.03801,-3.56442,-4.65886,0.615278,2.47884,14.841,1.3935,97,0.00269255,-6.86628,2.0141,-3.5986,-4.63682,0.555438,2.1382,9.29369,1.41134,97,0.00071503,0.173456,0.201976,0.363798,0.471027,0.237544,1.71778,7.39838,0.14626,0,0.00503971,NBA,3,Omicron,3,Boosted,0
3025_1,-6.87505,1.84796,-3.48531,-6.94673,0.478147,2.35682,14.4498,1.44054,97,0.00152039,-6.96086,1.931,-3.57346,-6.85246,0.500477,2.39109,15.1497,1.44739,97,0.00192559,-6.92907,1.90157,-3.57486,-6.71759,0.471713,2.17119,10.8192,1.43459,97,0.00070555,0.203696,0.210887,0.333892,0.611879,0.17625,1.46372,5.71039,0.150918,0,0.00273779,NBA,1,Omicron,3,Boosted,0
133_2,-6.57254,2.51731,-3.54512,-3.63115,1.02007,2.33607,13.7589,1.53161,97,0.000990333,-6.51293,2.5646,-3.46792,-3.77529,1.16274,2.46912,17.0899,1.45146,97,0.00169917,-6.57248,2.49033,-3.53566,-3.88521,1.11811,2.39879,10.2511,1.46439,97,0.000607789,0.190379,0.198064,0.346272,0.621766,0.239105,1.4292,7.31807,0.157721,0,0.00326949,NBA,1,Omicron,2,Second dose,0
1144_1,-6.42834,2.32073,-3.48922,-5.14198,0.731541,2.53569,14.2651,1.50349,97,0.00117022,-6.47601,2.37507,-3.53378,-4.70739,0.627755,2.7246,14.0675,1.46371,97,0.00147637,-6.53559,2.36043,-3.60475,-4.60241,0.649917,2.53035,10.4119,1.47303,97,0.000695583,0.184571,0.223488,0.338897,0.970126,0.20149,1.75384,4.92221,0.151117,0,0.00263891,NBA,2,Omicron,3,Boosted,0
1066_2,-6.63665,2.175,-3.5548,-2.52463,0.317007,2.46158,12.3214,1.40471,97,0.00117581,-6.70477,2.26276,-3.59845,-2.44013,0.345169,2.0485,13.7001,1.3861,97,0.00202093,-6.74207,2.22595,-3.58236,-2.45847,0.309311,2.14016,10.3109,1.4063,97,0.000708934,0.193917,0.200446,0.390665,0.552258,0.130718,1.13954,6.09089,0.149302,0,0.00423312,NBA,1,Omicron,3,Boosted,0
615_1,-6.50243,2.48514,-3.56597,-3.11061,0.770423,2.5076,13.7459,1.46701,97,0.00189734,-6.6066,2.49686,-3.60628,-3.10303,0.783953,2.23779,15.3402,1.46704,97,0.00228705,-6.64076,2.42373,-3.57513,-3.4673,0.862844,2.08456,10.3503,1.45175,97,0.000751166,0.214536,0.236705,0.330713,0.6782,0.249535,1.45461,6.58092,0.16191,0,0.00331672,NBA,2,Delta,2,Second dose,0
2397_2,-6.71916,2.09512,-3.5963,-6.00209,1.52455,2.33009,10.44,1.4372,97,0.00187201,-6.79783,2.16885,-3.60477,-5.11175,1.12878,2.38482,9.09359,1.40883,97,0.00274053,-6.82965,2.1758,-3.64223,-4.62506,0.994241,2.17804,7.42355,1.40338,97,0.000700602,0.15503,0.157794,0.342717,0.867369,0.537787,1.48221,6.13138,0.135795,0,0.00855203,NBA,1,Omicron,3,Boosted,0
2977_1,-6.77592,2.00155,-3.57229,-5.13305,0.530174,1.8331,11.9486,1.4158,97,0.00198382,-6.79269,2.03028,-3.57168,-5.00396,0.51425,2.31134,12.518,1.41706,97,0.00161161,-6.82714,2.01385,-3.55966,-4.97806,0.496338,2.09919,12.3263,1.4317,97,0.000717305,0.173301,0.192265,0.372949,0.634983,0.185253,1.18903,2.27126,0.144691,0,0.00329462,NBA,2,Omicron,3,Boosted,0
1735_1,-6.6616,2.60239,-3.65207,-3.18419,1.14752,2.64437,9.48041,1.48949,97,0.0016591,-6.60373,2.50268,-3.64081,-3.53269,1.33419,2.76424,10.3609,1.50213,97,0.00189233,-6.66849,2.49548,-3.60093,-3.57238,1.40874,2.1323,10.2719,1.44327,97,0.000700785,0.213695,0.223075,0.349405,0.641084,0.376525,1.75904,5.11078,0.150999,0,0.00280565,NBA,1,Omicron,2,Second dose,0
147_1,-6.65699,2.15324,-3.71121,-5.74854,0.956967,3.1925,5.265,1.42915,97,0.00116685,-6.68688,2.23054,-3.70505,-6.04224,1.13584,2.85311,5.31837,1.37251,97,0.00200033,-6.71775,2.14154,-3.70216,-6.00714,0.934173,2.64684,3.96607,1.40244,97,0.000797142,0.20612,0.209012,0.340178,1.08687,0.777103,1.28064,3.47255,0.153522,0,0.00322636,NBA,2,Omicron,3,Boosted,0
1986_1,-6.74616,2.11509,-3.62275,-3.67146,0.40191,2.76592,9.08211,1.4737,97,0.00238806,-6.71926,2.17604,-3.61508,-3.85303,0.610375,2.81777,9.31635,1.42899,97,0.00186073,-6.77855,2.18354,-3.59548,-3.7621,0.525938,2.4601,8.88987,1.40184,97,0.000706454,0.225159,0.223212,0.314977,0.888541,0.445408,2.02155,1.92054,0.16094,0,0.0029241,NBA,1,Omicron,2,Second dose,0
1359_1,-6.66776,2.1709,-3.4745,-5.59434,1.00778,2.38136,17.8283,1.38871,97,0.00181914,-6.64126,2.14596,-3.52577,-5.49101,0.961228,2.27735,16.9211,1.38139,97,0.001854,-6.748,2.21291,-3.55045,-5.03019,0.932173,2.07244,11.0535,1.38601,97,0.000728363,0.204714,0.182592,0.403685,1.02491,0.224834,1.39145,7.97206,0.158142,0,0.00309216,NBA,2,Omicron,3,Boosted,0
1865_2,-6.70891,2.42294,-3.58498,-2.83331,0.50025,3.07016,6.50085,1.39689,97,0.00134143,-6.62722,2.31478,-3.64041,-2.89427,0.439617,3.31897,6.40679,1.44397,97,0.001849,-6.72487,2.23717,-3.65964,-3.11561,0.416035,2.91964,6.10498,1.42881,97,0.000646327,0.227152,0.217294,0.303891,0.566517,0.198889,1.67059,2.0366,0.155142,0,0.00349914,NBA,1,Omicron,3,Boosted,0
1064_1,-6.77356,2.27194,-3.23078,-5.59082,0.787754,2.04777,27.8489,1.39028,97,0.00128634,-6.75457,2.12825,-3.49056,-6.58404,0.965118,2.21414,15.6807,1.41256,97,0.00180011,-6.7251,2.09493,-3.55879,-6.3612,0.949688,2.16542,11.9416,1.43386,97,0.00067735,0.147565,0.148663,0.357901,0.758858,0.177106,1.52251,7.60286,0.142708,0,0.0023839,NBA,2,Delta,2,Second dose,0
1064_2,-6.56827,2.32864,-3.6837,-5.05989,0.721066,3.01141,6.80183,1.47431,97,0.0017893,-6.49439,2.29258,-3.61753,-5.1766,0.733276,2.93933,7.06135,1.46295,97,0.00270493,-6.56326,2.3135,-3.6467,-4.79264,0.654319,2.6686,6.72295,1.45012,97,0.000710299,0.208316,0.210722,0.298445,1.00643,0.28034,1.17662,1.63804,0.153134,0,0.00692556,NBA,2,Omicron,3,Boosted,0
1795_2,-6.89368,2.1005,-3.54503,-4.19855,0.579353,2.75508,11.9519,1.39317,97,0.00308275,-6.79631,2.03421,-3.5272,-4.02845,0.444901,2.33665,11.2876,1.37496,97,0.00172715,-6.86416,2.03446,-3.60781,-4.19855,0.468113,2.09901,8.58409,1.4177,97,0.00070183,0.195972,0.19051,0.335576,0.505486,0.18301,1.48194,4.15127,0.154252,0,0.00339917,NBA,1,Omicron,3,Boosted,0
787_2,-6.76304,2.13325,-3.59362,-2.93143,0.606925,2.14,8.30149,1.38434,97,0.00364749,-6.82926,2.21473,-3.65872,-2.60928,0.487721,2.76203,8.53575,1.3869,97,0.00169868,-6.88262,2.1619,-3.63437,-2.85616,0.502233,2.18216,7.33136,1.40057,97,0.00066661,0.227838,0.216957,0.31638,0.596483,0.226726,1.66163,2.73513,0.167323,0,0.00319878,NBA,2,Omicron,3,Boosted,0
2319_1,-6.55828,2.36301,-3.57845,-3.06202,0.521552,2.94147,7.93566,1.46268,97,0.00168234,-6.57929,2.31579,-3.66018,-3.08793,0.463505,2.88318,7.55373,1.47061,97,0.00215512,-6.65522,2.32901,-3.62282,-3.04821,0.447658,2.81051,7.70697,1.4378,97,0.000745199,0.219693,0.226817,0.319333,0.51528,0.20216,1.70482,1.33433,0.152343,0,0.00440491,NBA,1,Omicron,0,Unvaccinated,0
3007_1,-6.65874,2.34439,-3.63467,-6.19219,0.985005,2.32817,9.09222,1.4144,97,0.0019475,-6.57967,2.25586,-3.63561,-6.24207,0.818127,2.50269,7.84454,1.41561,97,0.00288348,-6.72689,2.24227,-3.63802,-6.39027,1.00242,3.09581,8.64111,1.50285,97,0.000564305,0.214545,0.18307,0.320143,0.859494,0.288025,1.43262,2.19434,0.151196,0,0.00935077,NBA,1,Omicron,3,Boosted,0
2590_1,-6.69329,2.16259,-3.59391,-6.60882,0.791519,2.26434,10.4995,1.44791,97,0.00160375,-6.62521,2.11065,-3.60724,-6.28089,0.630293,2.29926,8.73972,1.4322,97,0.00149597,-6.6992,2.15377,-3.60971,-6.12465,0.688801,2.2291,8.74173,1.44772,97,0.000705212,0.20208,0.229031,0.343468,0.788584,0.197043,1.1165,2.96512,0.141623,0,0.00308616,NBA,1,Delta,1,First dose,0
2832_1,-6.62471,2.27148,-3.41383,-4.36182,0.59402,2.54941,18.4859,1.38489,97,0.00199637,-6.58097,2.25202,-3.45793,-4.34993,0.583334,2.3611,18.1121,1.40839,97,0.00176449,-6.63972,2.26589,-3.52138,-4.35232,0.593999,2.13992,13.9957,1.39435,97,0.000768952,0.255008,0.243951,0.355359,0.727056,0.170542,1.64749,5.26619,0.162188,0,0.00444441,NBA,2,Omicron,3,Boosted,0
1523_1,-6.69979,2.32769,-3.59379,-6.21823,0.865369,3.31729,9.73328,1.48533,97,0.00180745,-6.6382,2.26223,-3.62631,-6.10128,0.796694,2.67034,8.95936,1.48427,97,0.00379152,-6.63758,2.241,-3.60682,-5.97164,0.816368,3.1639,9.50076,1.44967,97,0.00071895,0.185647,0.192506,0.354655,0.670166,0.197454,1.62215,1.45326,0.155677,0,0.0135824,NBA,2,Omicron,3,Boosted,0
2955_1,-6.61192,2.52348,-3.63012,-2.62909,0.80819,2.88395,10.7634,1.46349,97,0.00218405,-6.6566,2.50238,-3.65298,-2.66622,0.771363,2.45626,10.7337,1.46489,97,0.00222352,-6.644,2.45885,-3.62992,-2.66855,0.724714,2.21747,7.94382,1.46539,97,0.000698987,0.207589,0.246094,0.354608,0.54101,0.231549,1.29824,4.79323,0.158592,0,0.0047293,NBA,1,Omicron,3,Boosted,0
2427_2,-6.65789,2.17191,-3.63493,-6.03278,1.126,3.59085,6.23826,1.39831,97,0.00139981,-6.65267,2.16275,-3.65702,-5.57689,0.907309,3.45832,6.78418,1.40429,97,0.0021273,-6.70769,2.20207,-3.6619,-5.09086,0.795542,3.30296,6.00157,1.38671,97,0.000719594,0.18897,0.189173,0.376149,1.00657,0.438705,1.56651,3.11939,0.125978,0,0.00317286,NBA,1,Omicron,2,Second dose,0
340_1,-6.55553,2.35069,-3.5231,-3.30264,0.338358,2.47391,15.3592,1.40817,97,0.00335318,-6.61101,2.3698,-3.57647,-3.41385,0.373226,2.31695,15.6726,1.45732,97,0.00219987,-6.64447,2.24373,-3.57885,-3.66466,0.383656,2.16211,10.3605,1.44008,97,0.000716153,0.239767,0.260406,0.343601,0.607351,0.128333,1.26038,6.07812,0.162287,0,0.00458647,NBA,3,Omicron,3,Boosted,0
1558_1,-6.72623,2.42403,-3.56375,-4.49324,1.40441,2.42224,12.297,1.45421,97,0.00213171,-6.59927,2.30016,-3.64962,-4.89778,1.39958,2.25616,11.8814,1.40877,97,0.00181433,-6.70026,2.35561,-3.6083,-4.51348,1.39038,1.92659,8.03398,1.41139,97,0.00076639,0.199017,0.181489,0.350653,1.15116,0.386636,1.75677,6.39455,0.129584,0,0.00318835,NBA,1,Omicron,2,Second dose,0
751_2,-6.49849,2.52271,-3.59371,-3.56661,1.138,3.10993,7.82332,1.47544,97,0.0020365,-6.48403,2.50191,-3.6463,-3.87278,1.23154,3.39033,7.98955,1.45254,97,0.00129655,-6.58379,2.52648,-3.68667,-3.63557,1.0922,2.86385,4.93636,1.4745,97,0.000575399,0.184607,0.195205,0.354628,0.835271,0.573384,2.65498,5.25892,0.152898,0,0.00184215,NBA,1,Omicron,3,Boosted,0
1979_1,-6.70194,2.01832,-3.54082,-5.93668,0.990332,2.05099,13.003,1.45905,97,0.0015076,-6.71149,2.02729,-3.4972,-6.20165,1.14916,2.60202,16.0202,1.4584,97,0.00194914,-6.79909,2.0987,-3.57835,-5.77269,1.15423,2.0857,11.9891,1.44655,97,0.000645297,0.17698,0.182704,0.35688,0.844132,0.167524,1.51716,6.11041,0.158735,0,0.00410213,NBA,2,Delta,3,Boosted,0
1979_2,-6.84118,1.95732,-3.64468,-4.81191,0.618494,2.69728,6.38397,1.44612,97,0.00137392,-6.72336,1.91848,-3.57398,-5.25098,0.876061,2.70307,8.44399,1.41796,97,0.00247097,-6.88764,2.02499,-3.62694,-4.63182,0.69131,2.45678,7.15094,1.42032,97,0.000772302,0.21209,0.212273,0.371747,1.30232,0.638738,1.41451,4.07399,0.156235,0,0.00453986,NBA,2,Omicron,3,Boosted,0
85_1,-6.53141,2.17493,-3.59392,-5.61165,0.549521,2.32851,12.9159,1.45379,97,0.00148941,-6.53779,2.17453,-3.56112,-5.74358,0.607549,2.55931,12.2807,1.44298,97,0.00205812,-6.65879,2.14562,-3.58575,-5.58872,0.575857,2.25828,10.464,1.43615,97,0.000667973,0.220494,0.248796,0.379642,0.794308,0.182948,1.466,5.33611,0.161937,0,0.00359486,NBA,2,Omicron,3,Boosted,0
1243_1,-6.45298,2.43833,-3.53287,-5.81497,1.03525,2.21396,11.7977,1.45969,97,0.00232167,-6.50305,2.52177,-3.5602,-5.8283,1.06295,2.58861,12.9993,1.47687,97,0.00172806,-6.4992,2.44095,-3.58767,-5.69059,1.05026,2.08403,10.1968,1.45688,97,0.000728988,0.213596,0.206179,0.326635,0.717181,0.184767,1.53779,6.54121,0.144658,0,0.002911,NBA,2,Delta,2,Second dose,0
395_2,-6.92865,2.12321,-3.6374,-4.37835,0.739623,2.38897,9.43327,1.3903,97,0.00225532,-6.79083,1.98899,-3.67082,-4.59462,0.595517,2.34209,7.22488,1.39951,97,0.00414562,-6.88835,2.04606,-3.63859,-4.25885,0.549439,2.1904,7.38711,1.42329,97,0.000659947,0.215358,0.213886,0.34821,1.36949,0.436769,1.17968,2.53119,0.147082,0,0.0122948,NBA,1,Omicron,2,Second dose,0
1819_1,-6.79475,2.06226,-3.64999,-6.45011,0.479884,2.10366,10.7218,1.41754,97,0.00339759,-6.77856,2.04717,-3.59838,-6.60971,0.55429,1.99097,10.9077,1.40283,97,0.00150789,-6.81776,2.06734,-3.60435,-6.41953,0.502009,1.89909,8.62696,1.41844,97,0.000709582,0.174358,0.168481,0.350442,0.645187,0.189758,0.824201,4.83485,0.14304,0,0.00305554,NBA,2,Omicron,3,Boosted,0
1918_1,-6.5086,2.42313,-3.55867,-3.36112,0.514175,2.73819,13.4167,1.45217,97,0.00150331,-6.51874,2.36741,-3.58102,-3.62641,0.553729,2.55543,12.0377,1.47988,97,0.00345259,-6.59699,2.3613,-3.58474,-3.58239,0.531677,2.13469,10.3021,1.45298,97,0.00070954,0.233797,0.243997,0.35019,0.587871,0.199555,2.10111,5.59548,0.156608,0,0.00922965,NBA,2,Omicron,3,Boosted,0
560_1,-6.72202,2.10303,-3.56591,-4.97157,0.777031,2.20289,12.8118,1.42579,97,0.00176275,-6.723,2.12867,-3.58455,-4.9345,0.699101,1.87615,12.2651,1.41485,97,0.00205913,-6.72624,2.19359,-3.58476,-4.47266,0.611978,1.6918,10.3695,1.41813,97,0.000706488,0.206023,0.204738,0.318873,0.94083,0.409002,1.05543,7.2825,0.138025,0,0.0042701,NBA,1,Omicron,2,Second dose,0
2879_2,-6.72644,1.63697,-3.71805,-6.66432,0.661919,6.54235,5.99867,1.45359,97,0.00190419,-6.89629,1.84298,-3.65853,-6.34091,0.859139,5.04339,5.89634,1.4245,97,0.00284291,-6.9422,1.83159,-3.67354,-5.71216,0.59395,4.61857,5.9368,1.40852,97,0.000688445,0.179813,0.161543,0.406929,1.00399,0.394343,1.59741,0.419777,0.141861,0,0.00672874,NBA,1,Omicron,2,Second dose,0
627_1,-6.83418,1.95484,-3.49989,-6.59809,0.830056,2.3954,12.4446,1.43667,97,0.00229032,-6.77649,1.9188,-3.53485,-6.53807,0.656032,2.52813,11.4389,1.39898,97,0.00290939,-6.79053,1.92869,-3.63173,-6.45406,0.609118,2.1661,8.36558,1.40743,97,0.000704486,0.153299,0.166011,0.347492,0.903094,0.284028,1.59735,6.25212,0.126401,0,0.00611928,NBA,2,Delta,2,Second dose,0
3008_1,-6.68058,2.40393,-3.65082,-2.63546,0.567259,2.76243,6.35731,1.43509,97,0.002084,-6.60547,2.37757,-3.64901,-2.83171,0.71853,2.65441,8.08823,1.4245,97,0.00162993,-6.66218,2.39786,-3.65537,-2.73474,0.584923,2.32544,5.1672,1.44577,97,0.000770766,0.226467,0.229106,0.31919,0.543231,0.385635,1.90941,5.48011,0.152049,0,0.00255388,NBA,2,Omicron,3,Boosted,0
3013_1,-6.79931,2.10244,-3.51951,-6.40872,1.15382,2.48746,15.3403,1.44535,97,0.00177238,-6.77206,2.08728,-3.61918,-6.42625,1.06481,1.94604,12.613,1.39789,97,0.00291689,-6.78434,2.09593,-3.60213,-5.83216,1.01452,1.90357,10.4122,1.40867,97,0.000686224,0.1634,0.170213,0.351153,0.854777,0.307046,0.964313,6.44879,0.141101,0,0.00947175,NBA,1,Omicron,3,Boosted,0
919_1,-6.66216,2.12712,-3.48382,-6.09972,0.61308,1.86669,10.8515,1.50225,97,0.00153397,-6.6574,2.15634,-3.51588,-5.91981,0.580482,1.83942,10.6921,1.45239,97,0.00142889,-6.69226,2.11125,-3.57685,-5.89483,0.600127,1.86588,10.8783,1.46647,97,0.000761033,0.177494,0.181837,0.368881,0.787107,0.17109,0.938977,1.77168,0.172116,0,0.00172979,NBA,3,Omicron,3,Boosted,0
981_1,-6.67286,2.10142,-3.5314,-6.28951,0.427759,2.86146,10.2638,1.40499,97,0.0018061,-6.709,2.10945,-3.57481,-6.16911,0.399603,2.94324,9.72029,1.43502,97,0.00200845,-6.70051,2.09848,-3.57384,-6.05017,0.405973,3.34597,8.743,1.41915,97,0.00063183,0.190198,0.197955,0.345822,0.643949,0.130636,1.77975,2.81077,0.15549,0,0.00318819,NBA,1,Omicron,3,Boosted,0
1047_1,-6.61103,2.22979,-3.61915,-5.71704,0.859847,2.40048,13.0073,1.43541,97,0.0021095,-6.57459,2.21004,-3.56351,-5.6239,0.819438,2.45626,12.9359,1.41268,97,0.00199012,-6.59836,2.18731,-3.60329,-5.387,0.786891,2.02578,10.2172,1.4485,97,0.000727625,0.185385,0.186815,0.352134,0.874471,0.22474,1.77801,4.83502,0.142578,0,0.00335803,NBA,1,Delta,2,Second dose,0
1512_2,-6.71568,2.31265,-3.50509,-3.0688,0.521507,2.44353,14.742,1.41285,97,0.00141042,-6.74752,2.29329,-3.52046,-3.35529,0.618857,2.55997,15.8419,1.41109,97,0.00197783,-6.77926,2.23208,-3.58753,-3.44242,0.608807,2.27819,10.3748,1.43752,97,0.000646994,0.2029,0.207925,0.368423,0.48439,0.193403,1.49518,7.4468,0.148623,0,0.00323265,NBA,2,Omicron,3,Boosted,0
1936_1,-6.86925,1.95261,-3.64686,-5.63405,0.918458,2.24357,10.2104,1.41886,97,0.00268823,-6.8831,1.93455,-3.60636,-5.73811,0.80939,2.038,9.45911,1.43671,97,0.00165792,-6.92283,1.96698,-3.55294,-5.11816,0.671846,1.85595,8.3046,1.40954,97,0.000698063,0.152004,0.166118,0.314704,1.14044,0.455457,1.17797,5.59717,0.148555,0,0.00254194,NBA,3,Omicron,3,Boosted,0
1685_1,-6.73606,2.01045,-3.54377,-6.95317,0.650729,2.37028,15.4039,1.42628,97,0.00131475,-6.8273,2.10114,-3.56209,-6.6834,0.626191,2.26803,14.966,1.42298,97,0.0018738,-6.82179,2.08105,-3.57082,-6.50879,0.635367,1.99158,10.592,1.4195,97,0.00067482,0.158604,0.175763,0.398483,0.717248,0.143316,1.30423,5.5604,0.129969,0,0.00302736,NBA,3,Omicron,3,Boosted,0
105_1,-6.50226,2.22003,-3.5354,-5.89356,1.27083,2.10342,12.3484,1.4394,97,0.00192141,-6.57969,2.28821,-3.5646,-5.35135,1.22288,1.95205,11.4286,1.45915,97,0.00189225,-6.67444,2.36178,-3.60816,-4.58605,1.12612,1.89488,8.53718,1.42669,97,0.000693956,0.179817,0.188693,0.350419,1.23508,0.413109,1.06624,5.84932,0.153177,0,0.00301139,NBA,2,Omicron,3,Boosted,0
936_1,-6.74984,2.12486,-3.4966,-5.22244,0.967464,1.99272,10.6684,1.43986,97,0.00176329,-6.77702,2.12865,-3.59221,-4.91255,0.812631,2.33227,9.59096,1.40551,97,0.00180452,-6.81425,2.09411,-3.61991,-4.83805,0.701851,1.9966,7.87067,1.44314,97,0.000684701,0.232051,0.216576,0.353488,0.938563,0.416997,1.58404,5.09788,0.164733,0,0.00274274,NBA,2,Omicron,3,Boosted,0
794_1,-6.72876,2.17453,-3.64691,-6.0896,0.645021,2.00745,12.5968,1.39628,97,0.0024343,-6.70656,2.0786,-3.50337,-6.41686,0.673648,2.14668,13.2383,1.43995,97,0.00191033,-6.73877,2.113,-3.59474,-6.14462,0.703938,2.10169,9.59331,1.43756,97,0.000703612,0.199402,0.218676,0.355478,0.789228,0.206488,1.58313,5.20348,0.144705,0,0.00434624,NBA,2,Omicron,3,Boosted,0
155_1,-6.7015,2.39171,-3.68134,-3.5458,1.12934,3.36128,5.6882,1.34614,97,0.00205855,-6.74741,2.39178,-3.74419,-4.0065,1.60333,3.12284,6.43734,1.41198,97,0.00162735,-6.76612,2.40778,-3.73479,-3.69292,1.26256,3.02309,3.31102,1.40627,97,0.00079136,0.211434,0.237718,0.321232,0.913308,1.07998,1.92897,5.0373,0.143951,0,0.00239643,NBA,1,Delta,0,Unvaccinated,0
2703_1,-6.53268,2.35639,-3.62156,-4.67026,0.824276,3.52822,6.32,1.43857,97,0.00203371,-6.51353,2.35652,-3.70111,-4.81419,0.786996,4.04215,6.20779,1.47957,97,0.00155153,-6.60553,2.29532,-3.64502,-4.64324,0.70387,3.93122,5.97719,1.43574,97,0.000679535,0.209464,0.246589,0.340284,1.0206,0.308326,1.91113,0.694705,0.15823,0,0.00322828,NBA,1,Omicron,2,Second dose,0
1028_1,-6.55467,2.40952,-3.63493,-4.09501,0.870912,3.54218,6.16488,1.46088,97,0.00172389,-6.54986,2.45023,-3.66323,-3.95069,0.821456,3.69495,6.12518,1.46847,97,0.00253041,-6.59373,2.41455,-3.66119,-3.95195,0.7883,3.61288,5.92667,1.44837,97,0.00069084,0.213648,0.227223,0.364123,0.784583,0.360871,2.25196,1.83586,0.148466,0,0.00518132,NBA,1,Omicron,2,Second dose,0
836_1,-6.63298,2.11594,-3.58831,-6.51561,0.752836,1.81542,12.3016,1.40884,97,0.0015507,-6.72378,2.23108,-3.54575,-6.23179,0.772221,2.61376,13.5939,1.38705,97,0.00205515,-6.72501,2.1868,-3.60422,-6.21043,0.770682,2.39604,9.46839,1.41399,97,0.000626779,0.184655,0.17123,0.350849,0.726763,0.174621,1.64657,5.40016,0.130337,0,0.00378277,NBA,1,Omicron,0,Unvaccinated,0
2213_2,-6.62122,2.20231,-3.5426,-5.33502,0.834026,2.17292,10.9598,1.42818,97,0.00295916,-6.66336,2.21164,-3.5646,-5.3591,0.889757,2.17987,12.1136,1.44654,97,0.00214529,-6.68341,2.22862,-3.58229,-4.94042,0.78908,2.12695,10.3679,1.42836,97,0.000692191,0.187451,0.202208,0.355218,1.12321,0.41259,1.24326,6.33417,0.159534,0,0.00842531,NBA,1,Omicron,3,Boosted,0
2461_1,-6.64118,2.20062,-3.64605,-6.1929,0.620689,1.94588,6.75653,1.45957,97,0.00105052,-6.60554,2.18134,-3.69067,-6.17451,0.605895,2.18664,6.91319,1.47939,97,0.00237844,-6.65551,2.20898,-3.6347,-6.03546,0.579967,2.12898,6.84313,1.44928,97,0.000688714,0.184476,0.190799,0.351198,0.568068,0.192805,0.827872,0.951821,0.142371,0,0.0066944,NBA,1,Delta,2,Second dose,0
1985_1,-6.66197,2.09132,-3.58951,-5.87359,0.653249,2.74035,10.7447,1.45145,97,0.00197745,-6.71339,2.16164,-3.56071,-5.65017,0.665483,2.31641,12.3214,1.41835,97,0.00183417,-6.69832,2.11074,-3.57969,-5.5114,0.600065,2.09106,10.2284,1.43273,97,0.00071744,0.172034,0.189091,0.349593,0.808056,0.32451,1.40802,6.42866,0.146117,0,0.00418738,NBA,1,Omicron,3,Boosted,0
2902_2,-6.548,2.26193,-3.63487,-5.75091,0.932259,2.36969,14.4234,1.48151,97,0.00113147,-6.5325,2.24734,-3.48074,-5.71461,0.941132,2.28867,14.624,1.46035,97,0.00242659,-6.58673,2.32902,-3.58782,-5.14997,0.90807,2.10642,10.2056,1.44852,97,0.000711205,0.190778,0.200382,0.356035,0.837813,0.21533,1.4009,6.73888,0.141053,0,0.00602627,NBA,2,Omicron,3,Boosted,0
2327_3,-6.74197,2.09376,-3.65769,-4.90581,1.07088,3.34971,6.28729,1.41634,97,0.00319923,-6.78428,2.11699,-3.69253,-4.48912,0.83137,3.48124,5.7275,1.4518,97,0.00151096,-6.81255,2.16249,-3.64855,-4.2271,0.698922,3.47986,5.65137,1.41212,97,0.000701118,0.172519,0.209684,0.327457,0.744222,0.477459,1.70465,1.89516,0.153814,0,0.00268816,NBA,1,Omicron,0,Unvaccinated,0
2648_2,-6.63609,2.15925,-3.53366,-5.9046,0.850843,2.28081,11.6306,1.436,97,0.00167866,-6.61733,2.15444,-3.55107,-5.91838,0.85003,2.46152,11.554,1.45569,97,0.0016957,-6.67046,2.18828,-3.58674,-5.43868,0.785288,2.19001,10.2747,1.42991,97,0.000696559,0.184299,0.202857,0.366499,0.919727,0.312697,1.45647,6.57625,0.157849,0,0.00259803,NBA,2,Omicron,3,Boosted,0
1741_2,-6.79059,2.02513,-3.63187,-5.4518,0.827794,2.45029,7.96309,1.41413,97,0.00202641,-6.8065,2.05686,-3.5798,-5.43341,0.894315,2.55917,8.92364,1.41481,97,0.00211855,-6.84696,2.06622,-3.61649,-5.06525,0.773087,2.45425,8.15312,1.4171,97,0.000827221,0.178578,0.209956,0.339987,1.08519,0.491482,1.3013,3.82341,0.154386,0,0.00455485,NBA,2,Omicron,3,Boosted,0
2298_2,-6.47688,2.56499,-3.69272,-4.83473,2.16168,2.39212,11.0857,1.541,97,0.00162833,-6.52082,2.55798,-3.69746,-3.56266,1.35892,3.31109,7.33563,1.50503,97,0.00266856,-6.58678,2.55053,-3.7463,-3.42683,1.185,2.91427,4.00195,1.52117,97,0.000525457,0.213803,0.203211,0.322102,0.732357,0.680559,1.99615,5.25808,0.171073,0,0.00661137,NBA,1,Omicron,3,Boosted,0
2376_2,-6.6827,2.06203,-3.57961,-6.86103,2.02604,2.30244,10.3336,1.42323,97,0.00105313,-6.79968,2.19002,-3.59419,-6.71682,2.13419,2.49675,9.50583,1.3894,97,0.00179646,-6.73253,2.14366,-3.6429,-6.31423,2.01394,2.252,6.35603,1.39597,97,0.000764279,0.18527,0.197267,0.362881,1.0818,0.941678,1.63543,6.05958,0.136144,0,0.00412099,NBA,2,Omicron,2,Second dose,0
2502_1,-6.50867,2.22437,-3.69668,-5.56113,0.796188,2.28425,8.94555,1.40838,97,0.00205393,-6.57078,2.29068,-3.61632,-4.97612,0.625478,2.79889,8.42516,1.45586,97,0.00137725,-6.60174,2.27029,-3.61266,-4.90293,0.642464,2.91398,8.77684,1.46291,97,0.000646749,0.213049,0.214006,0.33811,0.925406,0.239592,1.56277,1.04031,0.140648,0,0.00254813,NBA,3,Omicron,-1,No record,0
727_1,-6.52338,2.38111,-3.52112,-4.15589,0.501149,2.73045,13.0599,1.44956,97,0.00226863,-6.47002,2.27831,-3.51854,-4.29302,0.487293,2.31577,14.0052,1.46885,97,0.00147008,-6.57261,2.30333,-3.57759,-4.31715,0.507261,2.14012,10.3249,1.44953,97,0.000708626,0.187267,0.204348,0.348818,0.633746,0.149954,1.08822,4.88575,0.166052,0,0.00257014,NBA,2,Omicron,3,Boosted,0
2507_1,-6.61045,2.14355,-3.57858,-5.66135,0.508721,2.85792,11.751,1.41752,97,0.0019787,-6.55824,2.09479,-3.53608,-5.74373,0.512308,2.47244,13.0894,1.41262,97,0.00164254,-6.63454,2.14503,-3.58406,-5.43657,0.493047,2.20767,10.3122,1.42462,97,0.000695121,0.194248,0.199604,0.375694,0.762695,0.184493,1.70391,6.3547,0.150645,0,0.00358747,NBA,2,Omicron,3,Boosted,0
193_1,-6.64028,2.5102,-3.66293,-3.11959,1.05403,2.32639,9.38409,1.44731,97,0.00134969,-6.57352,2.47504,-3.64347,-3.35226,1.21079,2.67278,8.81903,1.46989,97,0.00137697,-6.69116,2.46349,-3.68594,-3.31049,1.11632,2.64304,4.99914,1.44886,97,0.000544524,0.225391,0.241793,0.309713,0.793272,0.496319,1.37757,6.50523,0.140001,0,0.00276635,NBA,2,Omicron,3,Boosted,0
898_1,-6.81969,1.95576,-3.45299,-6.85029,1.07674,2.24401,15.3054,1.38318,97,0.00109221,-6.76824,1.87768,-3.56148,-6.74269,0.979742,2.32,13.0012,1.37815,97,0.00157721,-6.85089,1.96316,-3.57598,-5.88494,0.92635,2.12041,10.1182,1.38336,97,0.000773919,0.161014,0.16595,0.362615,0.924049,0.306932,1.5663,5.49554,0.141298,0,0.00241411,NBA,2,Omicron,3,Boosted,0
1001_1,-6.45722,2.28467,-3.54281,-5.22379,1.21324,2.18233,12.0434,1.44656,97,0.00126797,-6.56649,2.40195,-3.53094,-5.16535,1.2817,2.31,12.4225,1.42778,97,0.00198908,-6.61826,2.3837,-3.57979,-4.83225,1.2596,1.99299,10.1249,1.43253,97,0.000720883,0.210291,0.212293,0.341229,1.1368,0.306772,1.53369,6.02145,0.160435,0,0.00402364,NBA,1,Omicron,3,Boosted,0
1052_1,-6.66467,2.28164,-3.63154,-3.8347,0.919293,2.78732,15.5379,1.40221,97,0.00139472,-6.70631,2.35004,-3.5339,-3.93053,0.970665,2.39544,13.0814,1.42613,97,0.00148826,-6.76513,2.28011,-3.61106,-3.77966,0.880069,2.15668,9.98171,1.43291,97,0.000673553,0.250181,0.209764,0.333874,1.26404,0.374314,1.58093,5.44954,0.157365,0,0.00270948,NBA,2,Omicron,2,Second dose,0
2326_1,-6.59131,2.31209,-3.44874,-3.8707,0.787446,2.55334,16.0382,1.46466,97,0.00229846,-6.6096,2.41592,-3.50125,-3.55754,0.741785,2.63682,17.0915,1.43508,97,0.00135411,-6.68575,2.33558,-3.57312,-3.89734,0.798051,2.44033,10.3445,1.44384,97,0.000645818,0.227619,0.239795,0.387327,0.737702,0.230632,1.6425,7.3998,0.151497,0,0.00217318,NBA,2,Omicron,3,Boosted,0
690_1,-6.42329,2.4989,-3.63861,-5.42127,1.14623,2.05784,13.4143,1.46793,97,0.000859413,-6.38776,2.46453,-3.55773,-5.63428,1.16416,2.35349,15.2625,1.48135,97,0.00167038,-6.48582,2.47312,-3.56234,-5.28198,1.16832,2.16201,9.67318,1.47006,97,0.00070921,0.200464,0.208195,0.342552,0.915072,0.143424,1.25189,6.21841,0.14517,0,0.0026147,NBA,2,Delta,2,Second dose,0
1726_1,-6.44488,2.33607,-3.63004,-5.51913,0.570721,2.51622,10.9667,1.44779,97,0.00190222,-6.43879,2.31641,-3.5765,-5.38978,0.537584,2.61516,10.1389,1.51033,97,0.00296579,-6.49201,2.31723,-3.58025,-5.17632,0.519519,2.14938,10.3116,1.46016,97,0.000704684,0.180745,0.188781,0.353557,0.830483,0.166602,1.31779,2.35938,0.147194,0,0.0060543,NBA,2,Omicron,3,Boosted,0
2809_2,-6.76397,2.42126,-3.68364,-2.63541,0.624899,2.59835,7.6592,1.38258,97,0.00326339,-6.72721,2.39396,-3.69299,-2.77519,0.67336,2.74386,9.94768,1.39241,97,0.00272318,-6.76812,2.32261,-3.62409,-2.80248,0.676829,2.49757,8.80269,1.42744,97,0.000622781,0.20682,0.211139,0.326389,0.503913,0.261943,1.72454,6.05497,0.13103,0,0.00572801,NBA,1,Omicron,2,Second dose,0
2313_1,-6.37736,2.59741,-3.57636,-5.49954,2.70807,2.59414,11.1608,1.51713,97,0.00197301,-6.42339,2.5894,-3.56287,-5.57792,2.5956,2.4402,11.4133,1.54007,97,0.00155062,-6.50931,2.63528,-3.6248,-4.74453,2.59146,2.11892,10.196,1.47849,97,0.000609665,0.194451,0.230582,0.348352,1.36688,0.479717,1.26403,6.89074,0.153845,0,0.00337828,NBA,1,Omicron,3,Boosted,0
2245_1,-6.48394,2.47023,-3.50785,-5.22414,1.21413,2.58047,13.4569,1.48631,97,0.00158472,-6.46176,2.44041,-3.59995,-5.23125,1.21763,2.4536,13.1633,1.46797,97,0.00221947,-6.55223,2.44696,-3.58684,-4.96535,1.21736,2.23634,9.9562,1.46069,97,0.000732248,0.184194,0.219392,0.309154,1.01964,0.178239,1.34982,5.4015,0.152217,0,0.00606458,NBA,2,Omicron,3,Boosted,0
748_2,-6.46834,2.58742,-3.61186,-4.28252,1.80237,2.5896,10.1962,1.48329,97,0.00188864,-6.47028,2.54005,-3.60738,-4.6936,1.94415,2.73095,9.39197,1.48371,97,0.00241357,-6.54453,2.60401,-3.60896,-3.90562,1.78044,2.26177,10.1618,1.47412,97,0.000705832,0.191813,0.183314,0.323221,1.4732,0.766633,1.9968,6.01946,0.163711,0,0.00428173,NBA,1,Omicron,3,Boosted,0
1392_1,-6.48852,2.54406,-3.62769,-4.75363,1.12088,2.42861,13.7303,1.48935,97,0.00204686,-6.45474,2.52372,-3.54543,-4.79832,1.11914,2.20138,13.2828,1.48907,97,0.00155453,-6.50434,2.50181,-3.58499,-4.43447,1.05393,2.10371,10.3842,1.47541,97,0.000732538,0.22879,0.232164,0.356942,1.08828,0.367953,1.1998,6.19053,0.148105,0,0.00334431,NBA,2,Omicron,3,Boosted,0
402_1,-6.56491,2.30542,-3.57597,-4.52797,0.736748,2.50066,10.4133,1.47755,97,0.00138026,-6.58422,2.29715,-3.6016,-4.95777,0.815421,2.24454,11.1446,1.45839,97,0.00245932,-6.61143,2.29604,-3.60941,-4.87776,0.922846,2.66408,8.93615,1.43132,97,0.000803172,0.222208,0.225123,0.3199,1.37347,0.332885,1.39663,5.47296,0.157863,0,0.00470646,NBA,2,Delta,2,Second dose,0
2022_1,-7.09711,1.88005,-3.61778,-5.82216,1.06515,2.48347,9.15183,1.45551,97,0.00152064,-7.04672,1.7779,-3.5477,-5.19605,0.597575,2.62851,12.0648,1.45737,97,0.00222853,-7.06845,1.79391,-3.59918,-4.7237,0.527605,2.15663,9.28622,1.46456,97,0.000671972,0.156428,0.171524,0.309402,1.11244,0.287695,1.50439,7.55128,0.170157,0,0.00368779,NBA,2,Omicron,3,Boosted,0
797_1,-6.49831,2.4554,-3.62826,-4.45014,0.819093,3.41988,6.42514,1.46256,97,0.00124968,-6.4903,2.31504,-3.67165,-5.12075,0.854209,3.01293,6.45202,1.44649,97,0.0014514,-6.56069,2.34961,-3.65543,-4.66449,0.782038,3.02542,6.20089,1.44679,97,0.000737697,0.184565,0.204648,0.32719,1.09702,0.354585,1.50815,2.13183,0.147396,0,0.00209124,NBA,2,Omicron,2,Second dose,0
2267_2,-6.56977,2.43632,-3.5396,-4.65807,1.36812,2.81114,14.8228,1.47586,97,0.00153923,-6.63318,2.44214,-3.56977,-4.37659,1.29148,2.73547,12.9823,1.4827,97,0.00213149,-6.66337,2.40895,-3.59698,-4.25003,1.27957,2.3449,9.37265,1.4354,97,0.00062663,0.200242,0.191348,0.324789,0.669915,0.293137,2.1572,5.58645,0.151383,0,0.00352249,NBA,1,Omicron,2,Second dose,0
3041_1,-6.85954,2.24024,-3.74445,-3.92507,0.666986,3.15049,4.07128,1.36004,97,0.00261331,-6.82552,2.2264,-3.68699,-4.53002,1.10749,2.95316,6.54697,1.37358,97,0.00179603,-6.81703,2.18505,-3.70567,-4.28547,0.853113,3.04683,4.09935,1.37957,97,0.000744659,0.17612,0.192519,0.311222,0.878367,0.833267,1.18036,7.42732,0.150987,0,0.00299451,NBA,1,Omicron,2,Second dose,0
701_1,-6.63215,2.13787,-3.54032,-5.55892,0.634857,2.3774,15.3488,1.42844,97,0.00208517,-6.59645,2.17023,-3.50192,-5.25477,0.57267,2.26703,14.1287,1.42276,97,0.0018662,-6.70111,2.06933,-3.58205,-5.20614,0.540381,2.23,10.9011,1.44959,97,0.00069463,0.217988,0.277503,0.326925,1.06112,0.175534,1.27606,4.63034,0.155193,0,0.0039282,NBA,2,Omicron,3,Boosted,0
2190_1,-6.73045,2.14429,-3.70855,-5.59122,1.2125,2.34026,10.1795,1.3749,97,0.00170703,-6.70703,2.12361,-3.61375,-5.64187,1.24216,2.38701,10.1464,1.40762,97,0.00156603,-6.78808,2.20369,-3.58371,-4.78733,1.0747,2.17832,10.2934,1.38572,97,0.000712816,0.217795,0.214318,0.293283,1.35755,0.643068,1.27873,6.21971,0.130662,0,0.00201201,NBA,2,Omicron,3,Boosted,0
2911_1,-6.53441,2.26244,-3.6575,-5.98011,1.43263,2.71733,8.44232,1.45145,97,0.00209916,-6.56535,2.30196,-3.67808,-5.4779,1.21077,2.68267,6.69089,1.44859,97,0.00144304,-6.60837,2.35221,-3.70132,-5.07238,1.06774,2.48551,4.37964,1.45043,97,0.000637274,0.230566,0.242955,0.398762,1.10915,0.582051,1.72398,4.26367,0.154968,0,0.00207622,NBA,3,Omicron,3,Boosted,0
2724_1,-6.6677,2.18662,-3.46293,-5.70654,1.02994,2.19947,16.7731,1.40986,97,0.00198025,-6.66832,2.21732,-3.47586,-5.62743,0.960249,2.20131,15.8771,1.42104,97,0.00158932,-6.70157,2.21691,-3.5821,-5.17465,0.928962,2.06453,11.0074,1.41628,97,0.000702663,0.216059,0.205987,0.341252,0.993466,0.224497,1.192,7.55162,0.144909,0,0.00328909,NBA,1,Omicron,2,Second dose,0
367_1,-6.58609,2.21782,-3.52453,-5.40265,0.724006,2.45745,13.7996,1.35106,97,0.00164042,-6.56678,2.15871,-3.5766,-5.48319,0.766518,2.39972,14.6157,1.36782,97,0.00227808,-6.64917,2.22313,-3.58019,-5.15119,0.745434,2.18935,10.3314,1.40187,97,0.000718333,0.206191,0.217792,0.353196,0.744387,0.170721,1.32418,4.9761,0.134256,0,0.00574737,NBA,3,Omicron,3,Boosted,0
2103_1,-6.34913,2.47227,-3.46496,-5.26887,0.567711,2.47836,16.7612,1.52627,97,0.0016848,-6.37066,2.50287,-3.52448,-5.18916,0.575099,2.63948,15.7807,1.4895,97,0.00217304,-6.40569,2.43595,-3.55299,-5.33991,0.595137,2.24483,11.9696,1.49761,97,0.000651019,0.175058,0.220263,0.343272,0.786848,0.1301,2.07613,5.24483,0.158889,0,0.00349708,NBA,1,Delta,2,Second dose,0
126_1,-6.45622,2.18651,-3.51579,-5.61364,0.329924,2.72581,16.6851,1.44893,97,0.00284258,-6.48095,2.20502,-3.45022,-5.65673,0.339404,2.67171,16.4724,1.47066,97,0.0016319,-6.50981,2.20426,-3.56685,-5.45347,0.316948,2.39699,12.9708,1.47505,97,0.000704895,0.190276,0.180382,0.390655,0.672451,0.0699724,1.5214,4.87756,0.144015,0,0.00390153,NBA,3,Omicron,3,Boosted,0
1021_1,-6.48759,2.22736,-3.64346,-5.26015,0.523173,3.78752,5.81923,1.49173,97,0.00196269,-6.46877,2.22751,-3.63397,-5.33822,0.606555,3.64421,5.91486,1.47624,97,0.00159501,-6.55037,2.27476,-3.66686,-4.87908,0.522293,3.52886,5.86043,1.45074,97,0.000709976,0.2147,0.240717,0.378379,1.04218,0.296143,1.51883,1.06933,0.151196,0,0.00290414,NBA,1,Omicron,0,Unvaccinated,0
1779_2,-6.64658,2.20325,-3.58857,-5.62003,0.933453,2.68158,12.568,1.45003,97,0.00213239,-6.59176,2.17817,-3.59812,-5.54245,0.864742,2.67128,13.3592,1.422,97,0.00172191,-6.69426,2.17916,-3.59202,-5.24708,0.74593,2.25769,10.3149,1.44766,97,0.000674297,0.198764,0.226625,0.349938,1.0535,0.467809,1.55231,8.24481,0.135022,0,0.00230416,NBA,1,Omicron,3,Boosted,0
135_1,-6.70971,2.22587,-3.64168,-5.20634,1.11432,2.4065,8.32114,1.46771,97,0.00188084,-6.66043,2.19289,-3.6405,-4.83277,0.879686,2.40162,7.44287,1.44898,97,0.00171907,-6.72314,2.18155,-3.61495,-4.71276,0.744197,1.89605,5.26133,1.42875,97,0.00072413,0.185262,0.19019,0.369166,1.0772,0.482278,1.31835,4.27255,0.157908,0,0.00281351,NBA,2,Omicron,3,Boosted,0
716_2,-6.57939,2.35857,-3.63481,-4.07994,0.785375,3.89593,5.11581,1.4354,97,0.00237536,-6.61647,2.32487,-3.65757,-5.33551,1.44758,2.88953,6.08372,1.46301,97,0.00135309,-6.64221,2.34559,-3.70898,-4.81127,1.24781,3.10431,4.54935,1.43636,97,0.000797463,0.185927,0.203971,0.351593,1.2146,0.72857,1.22091,4.85372,0.152139,0,0.00199597,NBA,1,Omicron,2,Second dose,0
2512_1,-6.73258,2.14822,-3.5922,-6.33511,0.658317,2.04695,16.2021,1.39914,97,0.00175702,-6.69779,2.12648,-3.46049,-6.31044,0.656006,2.50718,17.419,1.39345,97,0.0021212,-6.7014,2.13174,-3.53699,-6.11522,0.644318,2.1462,12.7112,1.41199,97,0.000720855,0.203339,0.223101,0.363251,0.780027,0.135483,1.71467,6.11361,0.150116,0,0.00377172,NBA,2,Delta,2,Second dose,0
2512_2,-6.40258,2.49043,-3.68614,-3.80912,0.661895,3.33577,5.43731,1.47618,97,0.00176518,-6.49077,2.47098,-3.67888,-4.15402,0.835394,3.10819,5.41043,1.50246,97,0.002615,-6.52007,2.46962,-3.67147,-4.01941,0.795791,3.1186,5.4345,1.47019,97,0.000758365,0.173971,0.203194,0.36482,0.660958,0.263213,1.3794,0.846791,0.153739,0,0.0067308,NBA,2,Omicron,2,Second dose,0
270_1,-6.5686,2.30967,-3.68862,-5.2478,1.15485,2.53451,8.32932,1.43458,97,0.00175857,-6.63352,2.30551,-3.59843,-5.2618,1.16809,2.47635,8.46187,1.46085,97,0.00229139,-6.66549,2.3177,-3.62581,-4.70965,1.02209,2.41528,7.05228,1.44313,97,0.000691322,0.199399,0.200685,0.350616,1.27157,0.528055,1.27074,5.31851,0.142816,0,0.00571567,NBA,2,Omicron,3,Boosted,0
995_1,-6.6714,2.07536,-3.50405,-5.374,0.481687,2.65349,12.4816,1.42506,97,0.00235002,-6.65902,2.08578,-3.55041,-5.09219,0.413297,2.31396,14.053,1.40901,97,0.00209836,-6.63044,2.13281,-3.60166,-4.85169,0.358686,1.99656,9.00262,1.41322,97,0.000748701,0.188907,0.214051,0.392005,0.862341,0.193935,1.73515,6.42165,0.147241,0,0.00490682,NBA,2,Omicron,3,Boosted,0
28_1,-6.48179,2.53011,-3.44764,-4.18389,0.904377,3.09388,14.9512,1.46573,97,0.00213112,-6.37544,2.38153,-3.57388,-4.66776,0.940354,2.16772,14.1212,1.51387,97,0.00163796,-6.53022,2.46083,-3.5714,-4.39456,0.926815,2.16978,10.3056,1.46277,97,0.000716988,0.201583,0.231273,0.359319,0.861035,0.205875,1.3444,5.68637,0.155339,0,0.00415079,NBA,2,Omicron,3,Boosted,0
1596_1,-6.47537,2.31318,-3.46466,-4.72136,0.352301,2.51062,16.5529,1.50086,97,0.00262369,-6.44268,2.34473,-3.50456,-4.6864,0.356756,2.47889,16.6117,1.4694,97,0.00207758,-6.48927,2.27813,-3.55903,-4.76372,0.361179,2.30762,11.7087,1.46402,97,0.000679651,0.220912,0.234674,0.344705,0.800277,0.117478,1.36708,5.53172,0.165151,0,0.00542653,NBA,2,Omicron,3,Boosted,0
1924_1,-6.4389,2.43405,-3.54041,-3.73938,0.578757,1.65927,9.87686,1.50345,97,0.00197014,-6.47018,2.47129,-3.62887,-3.91585,0.711194,1.91219,11.6598,1.46651,97,0.00165132,-6.52264,2.44106,-3.5863,-3.87543,0.64551,1.62415,10.0654,1.4739,97,0.000719486,0.216675,0.211909,0.343595,0.660029,0.213044,1.32878,3.85731,0.157995,0,0.00438731,NBA,3,Omicron,3,Boosted,0
385_1,-6.54995,2.34522,-3.56283,-5.46935,0.549268,1.82024,13.6976,1.46213,97,0.0021055,-6.48064,2.28378,-3.50351,-5.32205,0.449074,1.86135,12.6315,1.45104,97,0.00176133,-6.51241,2.26373,-3.56419,-5.33808,0.480209,1.34095,12.2944,1.47707,97,0.000695149,0.201634,0.205869,0.356248,0.771302,0.125925,1.03761,2.35632,0.162246,0,0.00340917,NBA,3,Omicron,2,Second dose,0
1296_2,-6.62489,2.42029,-3.65225,-2.60503,0.657527,2.75711,8.39656,1.48397,97,0.00138836,-6.6298,2.40364,-3.66213,-2.69233,0.692171,2.73217,9.43932,1.4705,97,0.00164398,-6.68068,2.40622,-3.651,-2.65129,0.615896,2.51171,6.62764,1.47782,97,0.000650537,0.225851,0.23466,0.335803,0.535031,0.310827,1.36954,6.17689,0.154949,0,0.00246632,NBA,2,Omicron,3,Boosted,0
98_1,-6.53971,2.18929,-3.54897,-6.16013,0.513934,2.40443,13.4558,1.42074,97,0.0010266,-6.5627,2.24964,-3.62237,-5.86142,0.508991,2.1459,12.9785,1.37023,97,0.00281616,-6.58005,2.22299,-3.58357,-5.76544,0.496584,1.93785,9.64367,1.38968,97,0.000726977,0.184086,0.205111,0.37678,0.778207,0.141108,1.15841,4.81926,0.134955,0,0.00686095,NBA,2,Omicron,3,Boosted,0
2232_2,-6.74196,2.13746,-3.51011,-2.80384,0.260767,2.99684,9.18475,1.44596,97,0.00279601,-6.78037,2.14503,-3.55284,-2.90118,0.278979,2.56326,9.26973,1.4149,97,0.00259583,-6.75577,2.13069,-3.60362,-2.83486,0.238372,2.44731,8.99571,1.40937,97,0.000719806,0.244511,0.229176,0.365664,0.597043,0.126482,1.18048,0.971431,0.137448,0,0.00656201,NBA,1,Omicron,3,Boosted,0
3018_2,-6.56148,2.48583,-3.59937,-3.96157,0.616494,2.55073,14.1545,1.47817,97,0.00218851,-6.5175,2.37545,-3.52424,-4.45768,0.67852,2.40745,15.2599,1.45336,97,0.0026341,-6.58154,2.35899,-3.58119,-4.52396,0.72346,2.31508,10.6282,1.46028,97,0.000685312,0.218945,0.221812,0.384268,1.07325,0.231966,1.43244,6.44799,0.137962,0,0.0115218,NBA,2,Omicron,3,Boosted,0
2382_1,-6.71455,2.26125,-3.59014,-4.86375,1.05186,2.32935,11.2827,1.37237,97,0.00219962,-6.73083,2.24451,-3.56862,-4.74453,0.978447,2.14176,10.0425,1.40848,97,0.00155047,-6.7655,2.25352,-3.60442,-4.42156,0.913254,1.90638,8.93555,1.4032,97,0.000728055,0.17936,0.17315,0.345511,0.816039,0.337279,1.36274,5.15663,0.127706,0,0.00343491,NBA,2,Omicron,2,Second dose,0
837_1,-6.66953,2.10481,-3.5279,-6.38868,0.736965,2.26741,14.5259,1.40593,97,0.00148901,-6.63842,2.09715,-3.5112,-6.06551,0.700203,2.54384,16.0073,1.39129,97,0.00138825,-6.68336,2.15674,-3.58237,-5.79635,0.690899,2.20203,10.5987,1.41446,97,0.000660121,0.187439,0.211855,0.349335,0.755464,0.14413,1.74385,6.72462,0.169459,0,0.00215928,NBA,3,Omicron,3,Boosted,0
2956_1,-6.53464,2.34646,-3.5935,-4.19191,0.658426,2.48614,15.8716,1.39485,97,0.00128877,-6.54168,2.36884,-3.4775,-4.28638,0.693237,2.32611,15.4958,1.38612,97,0.00123382,-6.58793,2.36905,-3.59285,-4.12422,0.653952,2.14445,10.4704,1.39785,97,0.000676007,0.187205,0.194797,0.328417,0.887899,0.211351,1.20917,6.68695,0.136416,0,0.00174889,NBA,2,Omicron,3,Boosted,0
2792_1,-6.681,2.17467,-3.53232,-5.05152,0.563069,2.28265,15.983,1.44443,97,0.00159013,-6.68996,2.14773,-3.49001,-5.47944,0.682674,2.14643,14.955,1.43596,97,0.00245616,-6.71355,2.13887,-3.57473,-5.04003,0.606703,2.13386,10.9259,1.43948,97,0.000705451,0.195314,0.220075,0.327661,0.951279,0.173203,1.2897,5.1375,0.168061,0,0.00689944,NBA,3,Omicron,3,Boosted,0
213_1,-6.52073,2.2885,-3.47111,-4.85489,0.735238,2.52385,15.506,1.47199,97,0.00163103,-6.50576,2.37412,-3.50659,-4.62964,0.748108,2.8237,15.9407,1.4383,97,0.00217315,-6.6005,2.32408,-3.57599,-4.57206,0.716559,2.46962,10.9934,1.45089,97,0.000674229,0.244968,0.249581,0.35671,0.786434,0.16944,1.8157,5.37696,0.162242,0,0.00594585,NBA,2,Omicron,3,Boosted,0
1438_1,-6.87976,2.07434,-3.58439,-4.49087,0.570273,2.5932,12.1796,1.42643,97,0.00288028,-6.8299,1.974,-3.55097,-4.61572,0.562065,2.22136,12.7421,1.42474,97,0.0015766,-6.92284,1.96604,-3.58368,-4.63776,0.546163,2.10011,10.4507,1.4671,97,0.000705728,0.198193,0.206004,0.342389,0.917657,0.524606,1.19238,5.99061,0.145161,0,0.0027091,NBA,2,Omicron,3,Boosted,0
3026_1,-6.61478,2.19474,-3.67504,-5.83326,1.18276,2.5891,8.80225,1.43793,97,0.00125527,-6.65358,2.23744,-3.65374,-5.67301,1.32523,2.97684,8.8666,1.43067,97,0.00210777,-6.71278,2.26266,-3.63963,-5.2104,1.27383,2.80983,6.85876,1.43321,97,0.000734552,0.212166,0.202108,0.337895,1.026,0.379708,1.58699,5.16374,0.139102,0,0.00329098,NBA,1,Omicron,3,Boosted,0
47_1,-6.61622,2.31893,-3.65003,-5.37027,0.864758,1.87831,6.80037,1.46853,97,0.00177062,-6.54877,2.25152,-3.66041,-5.32787,0.840509,2.09571,7.66642,1.4694,97,0.00228314,-6.59645,2.29646,-3.64267,-4.87903,0.73136,1.86521,6.16516,1.43847,97,0.000723239,0.204443,0.204047,0.374269,1.13718,0.395868,0.926069,3.55553,0.145233,0,0.00489561,NBA,1,Omicron,3,Boosted,0
909_1,-6.59585,2.30279,-3.5535,-5.6684,1.02745,2.78139,9.14372,1.48316,97,0.00109533,-6.52212,2.26989,-3.6592,-5.38125,0.767216,2.51068,6.52306,1.45761,97,0.00204966,-6.59269,2.28211,-3.65541,-4.97222,0.692101,2.3933,6.3637,1.45062,97,0.000700548,0.199525,0.199094,0.373873,1.10357,0.30796,1.09224,1.7044,0.164147,0,0.00725495,NBA,2,Omicron,3,Boosted,0
564_1,-6.46572,2.41673,-3.6002,-5.13619,1.32871,2.09344,10.2148,1.46664,97,0.00261783,-6.56582,2.48999,-3.64594,-5.04954,1.39909,2.59284,10.9375,1.45794,97,0.0017645,-6.59179,2.46594,-3.63969,-4.59779,1.36078,2.47436,7.98136,1.46524,97,0.000702882,0.209358,0.207527,0.359915,1.22282,0.418116,1.26395,5.81799,0.140735,0,0.00324581,NBA,2,Omicron,3,Boosted,0
330_2,-6.63438,2.45071,-3.53993,-2.90746,0.661632,2.44868,12.5426,1.43497,97,0.00183643,-6.63578,2.4104,-3.54123,-3.00522,0.664666,2.40614,13.1164,1.44538,97,0.00191496,-6.66559,2.4008,-3.59492,-3.03853,0.669018,2.21016,10.2335,1.44849,97,0.000678343,0.215039,0.241272,0.361638,0.539278,0.248919,1.46787,6.16684,0.163639,0,0.00452791,NBA,2,Omicron,3,Boosted,0
1747_1,-6.65762,2.21626,-3.61723,-5.47681,0.632342,2.32972,15.4299,1.43367,97,0.00184437,-6.61504,2.15423,-3.5555,-5.69308,0.643273,2.32021,13.3139,1.4457,97,0.00370542,-6.66596,2.16448,-3.59847,-5.35365,0.606807,2.15572,9.25915,1.44043,97,0.000686244,0.196283,0.194777,0.32196,0.997206,0.191661,1.24503,5.2614,0.139392,0,0.00834543,NBA,2,Omicron,3,Boosted,0
190_1,-6.49276,2.21623,-3.488,-5.76833,1.03897,2.51288,12.5732,1.48761,97,0.00231123,-6.58757,2.33902,-3.59363,-5.67207,1.05462,2.41981,11.3847,1.45979,97,0.00189306,-6.59574,2.31734,-3.6028,-5.38154,1.0342,2.25636,9.36348,1.43975,97,0.000724668,0.202777,0.211875,0.383187,0.934809,0.202945,1.24508,4.58499,0.163061,0,0.00607582,NBA,2,Omicron,3,Boosted,0
471_2,-6.74968,2.08508,-3.5488,-5.08485,1.07142,2.88315,7.02792,1.39164,97,0.00158796,-6.77094,2.0682,-3.65524,-4.89167,1.0204,2.72989,7.34323,1.3994,97,0.00166035,-6.8541,2.11881,-3.66185,-4.67892,0.879946,2.56391,6.35415,1.39677,97,0.000731069,0.18117,0.205694,0.346293,0.764962,0.54339,1.55353,3.54006,0.145616,0,0.00315779,NBA,2,Omicron,2,Second dose,0
513_1,-6.58213,2.27447,-3.50224,-5.37773,0.771177,2.26345,12.2513,1.46217,97,0.001948,-6.55905,2.24408,-3.51291,-5.41047,0.735685,2.33513,11.7162,1.46607,97,0.00171221,-6.5976,2.29758,-3.59141,-5.12712,0.821598,2.14061,10.2873,1.44756,97,0.000710557,0.212435,0.214964,0.325429,1.13155,0.270328,1.43448,5.78857,0.143603,0,0.00338879,NBA,1,Omicron,3,Boosted,0
2934_1,-6.53018,2.2113,-3.51907,-5.37717,0.482647,2.15812,11.5788,1.45873,97,0.00296052,-6.50987,2.21561,-3.5808,-5.18617,0.420546,1.95337,10.8431,1.455,97,0.00202555,-6.54925,2.21502,-3.57662,-5.03567,0.394636,1.78819,10.5892,1.45901,97,0.000664132,0.184516,0.172241,0.293534,0.702675,0.132911,1.03163,1.4116,0.147591,0,0.00512133,NBA,3,Omicron,3,Boosted,0
912_2,-6.38978,2.55409,-3.54328,-5.88432,2.28103,2.21964,10.3889,1.52868,97,0.00164022,-6.35777,2.5586,-3.6237,-5.73405,2.20503,2.62928,11.3681,1.50146,97,0.00200354,-6.46236,2.58368,-3.59824,-5.30236,2.38069,2.13988,10.2659,1.48566,97,0.000710123,0.207885,0.186164,0.345744,1.15676,0.443049,1.54084,7.13309,0.17257,0,0.00342151,NBA,1,Omicron,3,Boosted,0
3045_1,-6.86495,2.03093,-3.49984,-4.44726,0.560802,2.35077,14.8496,1.45276,97,0.00200495,-6.82316,2.00049,-3.45566,-4.61967,0.640407,2.26247,15.4546,1.40284,97,0.00159008,-6.91385,2.04523,-3.57607,-4.45753,0.630694,2.07417,10.2551,1.42449,97,0.000666752,0.207798,0.218522,0.357265,0.895846,0.269449,1.32044,6.0344,0.169377,0,0.00296896,NBA,2,Omicron,3,Boosted,0
2526_1,-6.78558,2.30049,-3.62118,-3.48244,0.470315,1.77997,7.08162,1.39835,97,0.00221824,-6.68714,2.19694,-3.58294,-3.77895,0.598127,2.21664,8.47319,1.42981,97,0.00169378,-6.7657,2.18287,-3.62035,-3.90167,0.559121,1.8976,7.30944,1.42485,97,0.000637095,0.199753,0.199187,0.333459,0.472156,0.206185,1.46252,2.85329,0.168351,0,0.00323429,NBA,2,Omicron,-1,No record,0
474_1,-6.81562,1.96618,-3.61616,-6.79455,1.29028,2.149,11.8821,1.44197,97,0.00152776,-6.79738,1.97762,-3.54667,-6.85859,1.53527,2.26318,14.7068,1.44119,97,0.00186198,-6.83097,2.02357,-3.59198,-6.74343,1.67558,2.17027,10.083,1.41705,97,0.000746922,0.13526,0.15965,0.337564,0.939941,0.41782,1.25537,7.34099,0.149656,0,0.00311019,NBA,2,Delta,3,Boosted,0
2588_1,-6.41464,2.44066,-3.63603,-4.51602,0.678064,2.85901,8.25064,1.48189,97,0.00491594,-6.41678,2.43141,-3.6256,-4.5496,0.687114,2.96861,8.18294,1.4723,97,0.00123771,-6.4923,2.42114,-3.62412,-4.50256,0.691992,2.99056,8.49277,1.47847,97,0.000737884,0.199516,0.185666,0.348509,0.699023,0.207824,1.70106,1.11033,0.153907,0,0.0015551,NBA,2,Omicron,3,Boosted,0
2705_2,-6.68061,2.2452,-3.57378,-2.97521,0.311696,2.63091,13.0746,1.45234,97,0.00243239,-6.66322,2.29288,-3.51816,-2.751,0.292153,2.65927,14.4868,1.4876,97,0.00197074,-6.68418,2.21523,-3.58854,-2.88652,0.273708,2.18581,10.2045,1.43619,97,0.000692512,0.231944,0.26492,0.343015,0.63027,0.091565,1.69299,6.09193,0.156549,0,0.00351599,NBA,1,Omicron,3,Boosted,0
2729_1,-6.40815,2.58951,-3.64069,-6.03781,2.32509,2.82291,10.6264,1.56024,97,0.00184989,-6.36775,2.49842,-3.63932,-5.4525,1.8698,2.54067,7.99686,1.52629,97,0.00135126,-6.45713,2.57892,-3.59903,-5.3444,2.3315,1.87169,10.256,1.49272,97,0.000768918,0.228431,0.224709,0.360756,1.25968,0.567222,1.24485,4.971,0.167054,0,0.00174336,NBA,1,Omicron,2,Second dose,0
2196_2,-6.61963,2.22311,-3.65484,-5.63496,1.51779,3.04731,6.3641,1.43079,97,0.00240059,-6.60577,2.21965,-3.7059,-5.95627,1.74582,3.17509,6.46828,1.42928,97,0.00171183,-6.72015,2.29751,-3.73017,-5.0914,1.49203,3.15803,4.4935,1.43881,97,0.000678633,0.190543,0.206486,0.365903,1.32883,0.720354,1.54385,3.9509,0.167829,0,0.00331975,NBA,1,Omicron,3,Boosted,0
609_2,-6.69219,2.35508,-3.5429,-4.04819,1.10708,2.63934,16.4027,1.43801,97,0.00152533,-6.72004,2.36774,-3.43568,-3.87509,1.05046,2.55348,14.7561,1.43845,97,0.00243415,-6.7603,2.30692,-3.5612,-3.97416,1.02425,2.17248,10.5738,1.42645,97,0.000665151,0.178168,0.213794,0.346899,0.662146,0.219946,1.84659,5.33324,0.153887,0,0.00917211,NBA,1,Omicron,2,Second dose,0
68_2,-6.76205,2.22451,-3.512,-2.72697,0.346189,2.72307,15.3981,1.41898,97,0.00178104,-6.71815,2.21695,-3.54221,-2.65506,0.335266,2.52261,16.1866,1.39273,97,0.00216495,-6.76681,2.19697,-3.58005,-2.73393,0.342646,2.14018,10.3171,1.40422,97,0.00070883,0.187593,0.209047,0.358611,0.588136,0.16926,1.41537,5.7922,0.148758,0,0.00420762,NBA,1,Omicron,3,Boosted,0
2520_1,-6.57507,2.33487,-3.54062,-5.66025,0.863824,2.33336,13.8424,1.43539,97,0.00208266,-6.55004,2.34025,-3.53317,-5.80118,0.891012,2.64847,13.6539,1.44577,97,0.00145244,-6.57095,2.32167,-3.56743,-5.54027,0.870402,2.29103,10.2662,1.45154,97,0.00066613,0.184068,0.207647,0.353033,0.821217,0.16938,1.73452,4.52781,0.151149,0,0.00242973,NBA,1,Omicron,3,Boosted,0
1580_1,-6.58977,2.09872,-3.57034,-5.77775,0.678216,2.47873,10.4934,1.37837,97,0.00170105,-6.59152,2.05789,-3.58513,-6.01234,0.697111,2.15354,10.342,1.40286,97,0.00119879,-6.69508,2.14175,-3.5835,-5.69466,0.732534,2.39981,10.7362,1.41913,97,0.000712609,0.158127,0.164854,0.331998,0.904573,0.189719,1.06586,1.36976,0.143489,0,0.0016865,NBA,2,Omicron,3,Boosted,0
851_1,-6.7613,2.30877,-3.56656,-3.88221,0.712077,2.42353,12.7341,1.41141,97,0.00207786,-6.66171,2.27985,-3.60131,-3.82581,0.683945,2.1251,12.5399,1.39024,97,0.00201737,-6.74589,2.26598,-3.61066,-3.98073,0.749515,2.07659,9.68892,1.43804,97,0.00080549,0.188098,0.208248,0.367981,0.516945,0.229998,1.2389,7.63883,0.15088,0,0.00449549,NBA,3,Omicron,3,Boosted,0
2310_1,-6.6873,2.48773,-3.35508,-3.03376,0.639445,1.88845,15.3741,1.4343,97,0.00210469,-6.62245,2.40721,-3.30604,-3.01569,0.675601,2.45334,18.8462,1.45862,97,0.00335087,-6.73172,2.30537,-3.40425,-3.18534,0.5965,1.93914,14.9984,1.40397,97,0.000707611,0.230677,0.250932,0.345752,0.547728,0.243978,1.43517,5.19679,0.150433,0,0.00935024,NBA,3,Delta,2,Second dose,0
2310_2,-6.56637,2.44194,-3.64002,-3.47577,0.753985,2.5202,10.4129,1.43125,97,0.00167208,-6.57291,2.42769,-3.64023,-3.57834,0.813186,2.4352,11.7733,1.4643,97,0.00156284,-6.65661,2.40282,-3.59194,-3.75008,0.930416,2.13973,10.2741,1.44332,97,0.00071101,0.228108,0.224901,0.349472,0.481433,0.284077,1.29598,7.95607,0.151969,0,0.00259069,NBA,3,Omicron,2,Second dose,0
50_1,-6.58543,2.31057,-3.58479,-6.27999,1.08399,2.2756,12.8144,1.43117,97,0.00248584,-6.58221,2.30245,-3.53286,-5.94918,0.992587,2.43564,13.0798,1.44908,97,0.00179297,-6.60708,2.31661,-3.58495,-5.89115,1.10012,2.1378,10.3129,1.43453,97,0.000709745,0.22435,0.23928,0.348273,0.815635,0.244294,1.41508,6.17415,0.173433,0,0.00356926,NBA,2,Omicron,3,Boosted,0
1730_1,-6.62219,2.25217,-3.6138,-5.15229,0.727553,2.84604,7.25993,1.40901,97,0.00265166,-6.64906,2.26312,-3.6495,-4.887,0.683993,3.17615,6.99625,1.44185,97,0.001791,-6.60607,2.27761,-3.64011,-4.54012,0.55315,3.31908,7.22746,1.4009,97,0.000672887,0.192988,0.192487,0.336463,0.814818,0.312178,1.94936,1.12839,0.143971,0,0.00324824,NBA,1,Omicron,0,Unvaccinated,0
2374_1,-6.64987,2.27764,-3.62673,-5.81393,1.1569,2.36955,8.78267,1.43743,97,0.00195197,-6.57085,2.18969,-3.58284,-5.92433,1.04696,2.40379,7.3607,1.45287,97,0.00244793,-6.63737,2.26173,-3.66578,-5.57525,0.948566,2.24822,5.60709,1.44127,97,0.000697338,0.250197,0.253219,0.349514,1.05566,0.465797,1.1281,4.2213,0.159315,0,0.0067815,NBA,2,Delta,2,Second dose,0
21_2,-6.57608,2.31901,-3.56148,-4.6423,0.625811,2.31195,10.3987,1.48375,97,0.0017192,-6.58091,2.28263,-3.59966,-4.63729,0.62321,2.02522,10.2773,1.44489,97,0.00183372,-6.6141,2.27871,-3.58373,-4.60141,0.583479,1.78203,9.68655,1.44404,97,0.000703533,0.177057,0.208287,0.354401,0.574826,0.189039,1.24258,2.82454,0.13277,0,0.00357497,NBA,1,Omicron,2,Second dose,0
1871_1,-6.67788,2.18508,-3.62527,-4.52787,0.757402,2.49842,11.9766,1.40825,97,0.00131959,-6.68206,2.19029,-3.60598,-4.49293,0.777673,2.34533,12.7544,1.42276,97,0.00202136,-6.75285,2.21402,-3.59125,-4.37102,0.726118,2.09608,10.0428,1.43588,97,0.000684026,0.192742,0.174012,0.359303,0.783289,0.270279,1.31497,4.70544,0.148361,0,0.00467763,NBA,2,Delta,2,Second dose,0
1413_1,-6.64308,2.10121,-3.50335,-6.22845,0.91816,2.02802,13.9896,1.40005,97,0.00161641,-6.70128,2.14633,-3.59459,-6.15152,0.920217,2.18034,14.513,1.46209,97,0.00187758,-6.73752,2.14373,-3.59751,-6.11236,1.04921,2.12043,10.5042,1.43197,97,0.000674729,0.19706,0.193368,0.345736,0.871884,0.243829,1.26394,6.30097,0.166099,0,0.00334737,NBA,2,Omicron,3,Boosted,0
1900_1,-6.45072,2.48269,-3.47168,-5.48875,1.24643,2.32518,12.9492,1.49236,97,0.00256799,-6.44327,2.5349,-3.5438,-5.39673,1.24562,2.37101,11.7398,1.48287,97,0.00189656,-6.47571,2.49931,-3.58738,-5.19268,1.22148,2.12156,10.1644,1.45488,97,0.000743335,0.201283,0.229858,0.33636,0.864302,0.356784,1.47716,6.44552,0.158886,0,0.00550628,NBA,2,Delta,2,Second dose,0
2981_1,-6.8955,2.01035,-3.59934,-6.67373,0.666501,2.3747,10.3226,1.45273,97,0.00279796,-6.8446,1.9692,-3.61485,-6.91739,0.671342,1.93309,10.5021,1.45953,97,0.00159817,-6.92365,2.02802,-3.65452,-6.6304,0.550136,1.72949,7.24786,1.4472,97,0.000705428,0.167484,0.178964,0.364245,0.627785,0.265041,1.03432,4.8961,0.163412,0,0.00373786,NBA,2,Omicron,3,Boosted,0
2822_1,-6.6003,2.27958,-3.47488,-6.14991,1.10328,2.56409,11.922,1.44344,97,0.00280775,-6.56077,2.23837,-3.55217,-5.81981,1.01481,2.64597,12.3533,1.4669,97,0.00200112,-6.61557,2.29543,-3.60278,-5.3898,0.985284,2.27953,9.74021,1.45304,97,0.000710276,0.169684,0.156108,0.349595,0.879989,0.223274,1.82569,5.19879,0.13794,0,0.0039912,NBA,2,Omicron,3,Boosted,0
2268_2,-6.78485,2.35254,-3.62702,-3.21484,0.511141,2.89874,5.99753,1.43359,97,0.00134419,-6.7483,2.20413,-3.64082,-3.59104,0.578514,3.10192,6.82231,1.41344,97,0.00200547,-6.76909,2.20076,-3.66249,-3.52186,0.500111,2.72963,5.99806,1.41848,97,0.000734498,0.215028,0.187722,0.352839,0.49318,0.257298,1.67166,2.93653,0.149653,0,0.00416653,NBA,1,Omicron,2,Second dose,0
1481_1,-6.68526,2.18204,-3.60104,-5.22858,1.01397,2.3459,11.2074,1.43502,97,0.00266662,-6.68559,2.19638,-3.54936,-5.35269,1.17424,2.44294,11.1663,1.42204,97,0.00181617,-6.75755,2.21842,-3.58499,-4.90551,1.04519,2.14752,10.3646,1.42065,97,0.000705731,0.186705,0.205572,0.358546,1.02808,0.556266,1.59188,6.86464,0.138068,0,0.00266169,NBA,1,Omicron,2,Second dose,0
2488_1,-6.67264,1.98572,-3.59288,-6.26211,0.372801,2.43008,14.2802,1.46463,97,0.00209222,-6.71746,2.02734,-3.52194,-6.32563,0.407772,2.16286,14.3183,1.45128,97,0.00206882,-6.74041,2.01117,-3.57362,-6.17169,0.356339,1.86729,11.1943,1.4654,97,0.000697347,0.16713,0.175981,0.366972,0.615794,0.110226,1.1852,4.1262,0.151575,0,0.00316353,NBA,2,Delta,2,Second dose,0
2488_2,-6.64062,2.04389,-3.50756,-6.18586,0.517501,2.20061,15.549,1.40585,97,0.00188171,-6.66127,2.07783,-3.55511,-5.84089,0.466789,2.17214,13.9549,1.40716,97,0.00223718,-6.67501,2.07418,-3.58954,-5.68915,0.471029,2.01306,9.91586,1.40692,97,0.000680024,0.157996,0.154959,0.331034,0.824491,0.144368,1.23508,5.48249,0.14173,0,0.00337483,NBA,2,Omicron,3,Boosted,0
517_2,-6.71706,2.10931,-3.6384,-6.22083,0.782993,2.68852,7.83617,1.47165,97,0.00104045,-6.6702,2.09172,-3.65052,-6.35259,0.748931,2.16467,6.61103,1.43387,97,0.00186605,-6.70452,2.14922,-3.66359,-5.97271,0.66533,2.0351,6.23971,1.4243,97,0.000756501,0.180405,0.188445,0.363152,0.769427,0.349721,0.858171,2.01812,0.158263,0,0.00336708,NBA,2,Omicron,2,Second dose,0
1520_2,-6.65919,2.19101,-3.62389,-5.54123,0.808586,3.09676,6.09387,1.40235,97,0.00219615,-6.66009,2.18248,-3.63903,-5.84442,0.969311,3.27375,6.09842,1.39769,97,0.00225475,-6.66875,2.21065,-3.67157,-5.30151,0.868911,2.98828,5.89014,1.40805,97,0.000694265,0.20287,0.200447,0.358893,1.01441,0.42257,1.93884,2.47924,0.144875,0,0.00520548,NBA,2,Omicron,2,Second dose,0
2125_1,-6.54728,2.402,-3.6888,-3.39393,0.627894,3.9469,8.07224,1.45743,97,0.00184058,-6.59714,2.4121,-3.65274,-3.22395,0.571444,2.56486,7.12044,1.46982,97,0.00138452,-6.64071,2.34,-3.65217,-3.33635,0.517034,2.42462,6.63425,1.45773,97,0.000681536,0.196596,0.243154,0.302744,0.633563,0.249219,1.14654,1.86482,0.155222,0,0.00181901,NBA,3,Omicron,3,Boosted,0
1040_1,-6.58881,2.37769,-3.52729,-4.55877,0.738192,2.15841,14.2914,1.45951,97,0.00157409,-6.5385,2.34249,-3.55847,-4.66822,0.732131,2.41407,12.5536,1.45693,97,0.00353669,-6.61282,2.30449,-3.60347,-4.62469,0.712352,2.11487,9.02582,1.45135,97,0.000630456,0.224498,0.228483,0.376941,0.867896,0.20591,1.62553,4.64224,0.138454,0,0.0107951,NBA,3,Omicron,3,Boosted,0
520_1,-6.68168,2.27071,-3.73561,-3.86883,0.772672,2.91036,6.0239,1.39799,97,0.00172924,-6.71437,2.22938,-3.64004,-3.886,0.646174,2.97375,5.01914,1.45361,97,0.00197699,-6.73738,2.21772,-3.69673,-3.86819,0.557209,2.70257,4.80252,1.43907,97,0.000675634,0.227025,0.253943,0.328784,0.792246,0.379503,1.5874,1.50983,0.159534,0,0.00422937,NBA,2,Omicron,3,Boosted,0
662_1,-6.59314,2.19258,-3.49926,-5.66195,0.454699,2.52943,14.1965,1.45293,97,0.00136844,-6.59199,2.17756,-3.56038,-5.75328,0.477009,2.42089,14.2617,1.46323,97,0.00202773,-6.65699,2.11096,-3.61987,-5.83497,0.484017,2.29352,9.23613,1.43527,97,0.000632409,0.195381,0.18951,0.360466,0.715196,0.138931,1.58995,5.62031,0.14545,0,0.00497753,NBA,1,Omicron,3,Boosted,0
167_1,-6.71916,2.18249,-3.52525,-4.40026,0.698557,2.33174,16.1123,1.42208,97,0.00129856,-6.72231,2.21056,-3.47352,-4.38337,0.686178,2.08272,14.9201,1.41366,97,0.00161627,-6.75455,2.22312,-3.57345,-4.48453,0.761265,2.10111,10.3989,1.41057,97,0.000678245,0.172384,0.170919,0.353669,0.698051,0.231751,1.14121,6.27943,0.140782,0,0.00259264,NBA,2,Omicron,3,Boosted,0
813_1,-6.62046,2.24247,-3.62129,-2.89195,0.305682,2.54662,8.11788,1.47959,97,0.00186805,-6.58483,2.23758,-3.6345,-2.98304,0.340115,2.49579,8.0948,1.47595,97,0.00249096,-6.65907,2.26087,-3.61482,-2.9119,0.312981,2.44536,7.98937,1.44073,97,0.000734111,0.215131,0.236639,0.329018,0.542126,0.109759,1.16382,0.833866,0.163818,0,0.0066453,NBA,2,Omicron,3,Boosted,0
730_1,-6.7713,1.93955,-3.66057,-6.41087,1.10105,2.33263,13.0549,1.36591,97,0.00192581,-6.791,1.95737,-3.55969,-6.50647,1.16233,2.55351,14.9648,1.39684,97,0.00231302,-6.80689,1.96402,-3.56252,-5.92427,1.14179,2.23397,10.4312,1.39852,97,0.000768376,0.13611,0.148158,0.370383,0.990924,0.283976,1.76074,5.92125,0.141518,0,0.0108413,NBA,2,Omicron,3,Boosted,0
101_1,-6.53369,2.30812,-3.68195,-5.09215,0.91907,2.37712,8.22582,1.48668,97,0.0017202,-6.50649,2.34032,-3.66291,-5.10688,0.974728,2.4009,8.35488,1.44927,97,0.00205756,-6.6074,2.33453,-3.62726,-4.68433,0.914001,2.45095,7.46424,1.41488,97,0.000824718,0.19061,0.218262,0.369021,0.942972,0.383704,1.69332,5.33838,0.176434,0,0.00544457,NBA,2,Omicron,3,Boosted,0
2629_2,-6.80249,1.96869,-3.74455,-6.1725,1.20049,2.58556,5.11899,1.40106,97,0.00150165,-6.75726,1.91839,-3.62421,-5.97177,0.962178,2.5179,5.46561,1.39001,97,0.00148855,-6.862,1.98257,-3.6561,-5.26457,0.791012,2.36689,5.38034,1.41327,97,0.000736664,0.173725,0.194681,0.351044,1.08129,0.740993,1.28338,2.64428,0.150183,0,0.00263001,NBA,1,Omicron,2,Second dose,0
184_1,-6.69254,2.25794,-3.54205,-3.65676,0.446854,3.22726,9.49339,1.47461,97,0.00130158,-6.659,2.26438,-3.61137,-3.5954,0.444883,3.03088,9.51626,1.44191,97,0.00186858,-6.65582,2.27011,-3.59329,-3.64269,0.462531,2.97395,9.71825,1.43825,97,0.000714012,0.237819,0.237412,0.336668,0.645777,0.187681,1.93104,1.09884,0.169894,0,0.00434605,NBA,1,Omicron,2,Second dose,0
2684_1,-6.54698,2.40674,-3.70394,-5.29657,1.71883,3.40666,7.04826,1.46058,97,0.000942703,-6.51373,2.36124,-3.63863,-5.19056,1.55624,2.98101,7.30863,1.44248,97,0.0013368,-6.61873,2.41727,-3.7127,-4.65495,1.3074,2.86087,3.78356,1.45301,97,0.000550647,0.235116,0.253875,0.411595,1.37468,0.858545,1.60411,5.52224,0.161955,0,0.00196381,NBA,2,Omicron,3,Boosted,0
1503_1,-6.73008,2.12004,-3.60894,-5.74889,0.675516,2.37257,9.9894,1.40131,97,0.00125761,-6.71217,2.11197,-3.62554,-6.09161,0.753148,2.29232,10.5837,1.41971,97,0.00206582,-6.70378,2.10741,-3.6218,-5.75004,0.627547,2.10121,7.80878,1.39905,97,0.000746677,0.168275,0.208466,0.392501,0.87359,0.321545,1.29809,6.35499,0.153682,0,0.0052858,NBA,2,Omicron,3,Boosted,0
647_1,-6.77236,2.29617,-3.69341,-2.52454,0.34817,2.64712,7.31189,1.41257,97,0.00256823,-6.74463,2.24336,-3.58821,-2.63105,0.386886,2.64159,7.60084,1.39288,97,0.00242735,-6.76764,2.17307,-3.62417,-2.77587,0.341484,2.34547,7.09054,1.39251,97,0.000773206,0.194052,0.182944,0.326644,0.506685,0.14272,1.41559,1.36276,0.143718,0,0.00466158,NBA,1,Omicron,2,Second dose,0
2549_2,-6.74549,2.19156,-3.58636,-3.88657,0.614163,3.76166,5.46791,1.45686,97,0.00134063,-6.75916,2.15149,-3.60769,-3.71419,0.459334,4.13219,4.66953,1.45324,97,0.00136345,-6.77474,2.17541,-3.69525,-3.5749,0.464842,4.2103,4.83361,1.4337,97,0.000676829,0.187408,0.214363,0.399281,0.727954,0.200021,1.90334,0.514921,0.151656,0,0.00270357,NBA,2,Omicron,2,Second dose,0
2986_1,-6.58138,2.16311,-3.54612,-5.58131,0.715332,2.20079,13.4909,1.36654,97,0.00124584,-6.62604,2.12693,-3.59662,-5.39323,0.62436,2.26405,13.7138,1.42278,97,0.00227415,-6.66513,2.19975,-3.59701,-5.10124,0.648952,2.02523,9.7063,1.38584,97,0.000677615,0.18095,0.185063,0.341214,0.772894,0.194959,1.33334,7.07969,0.145209,0,0.00932259,NBA,2,Omicron,3,Boosted,0
2167_2,-6.63294,2.18607,-3.5623,-5.54031,0.707636,2.25148,10.3993,1.43268,97,0.00277118,-6.61199,2.19125,-3.61038,-5.43693,0.709689,2.66153,11.7106,1.4207,97,0.0016221,-6.65574,2.20524,-3.59098,-5.10833,0.726993,2.38149,10.8072,1.43627,97,0.000670637,0.208168,0.222191,0.295962,0.95237,0.243865,1.80902,5.9902,0.184274,0,0.00276349,NBA,2,Omicron,2,Second dose,0
1771_2,-6.70368,2.24122,-3.57696,-6.06217,1.08632,2.64425,15.0545,1.39524,97,0.00260973,-6.70036,2.23669,-3.54373,-6.30891,1.18303,2.40056,14.1589,1.37818,97,0.00279119,-6.67887,2.21263,-3.59761,-6.01946,1.18523,2.12174,9.88205,1.38629,97,0.00069193,0.203532,0.191642,0.364982,0.988204,0.24686,1.30112,6.38891,0.145905,0,0.00621039,NBA,2,Omicron,3,Boosted,0
2700_1,-6.70647,1.92864,-3.60534,-6.03489,0.756783,2.65945,6.62872,1.44388,97,0.00209171,-6.82875,2.00429,-3.64172,-5.98991,0.814079,2.53769,7.59269,1.45378,97,0.00144703,-6.85403,1.95232,-3.61004,-5.64374,0.654537,2.44914,6.98905,1.42618,97,0.000765807,0.221085,0.212344,0.38196,1.13322,0.528857,1.30026,3.3787,0.144531,0,0.00203239,NBA,2,Omicron,3,Boosted,0
2430_2,-6.70589,1.94511,-3.52487,-5.88457,0.95983,2.17484,14.8424,1.42688,97,0.0016676,-6.84328,2.06898,-3.52359,-5.58879,0.980914,2.57766,15.3061,1.45957,97,0.00158623,-6.85574,2.07711,-3.58281,-5.26231,0.929962,2.16699,10.3579,1.42512,97,0.000711281,0.153876,0.164409,0.361888,0.81779,0.266163,1.78079,6.57484,0.134343,0,0.0029971,NBA,1,Omicron,2,Second dose,0
412_1,-6.59744,2.43959,-3.65443,-3.40545,0.675102,2.11908,5.59126,1.43373,97,0.00118973,-6.61033,2.47848,-3.66199,-3.79417,0.902419,2.21013,6.95319,1.45889,97,0.00139577,-6.65332,2.3635,-3.6701,-3.84141,0.789309,2.02656,5.10581,1.44188,97,0.000767279,0.203624,0.215313,0.36292,0.896801,0.42997,1.21187,4.4968,0.166574,0,0.00212383,NBA,1,Omicron,3,Boosted,0
447_1,-6.52595,2.12524,-3.57229,-5.32766,0.510387,2.52153,13.9205,1.44401,97,0.00125958,-6.52829,2.14383,-3.52019,-5.20002,0.504306,2.29639,14.9456,1.42523,97,0.00180474,-6.60854,2.19483,-3.57856,-4.97337,0.483634,2.063,10.4367,1.43469,97,0.000695402,0.204431,0.225477,0.35332,0.859358,0.188292,1.33985,7.14055,0.158725,0,0.0028884,NBA,2,Omicron,3,Boosted,0
868_1,-6.47558,2.43501,-3.71873,-5.11376,1.1649,2.58867,11.9966,1.48282,97,0.00194158,-6.47715,2.41993,-3.67147,-4.88099,1.13972,2.32915,11.1095,1.49718,97,0.00185426,-6.55914,2.44915,-3.62178,-4.43082,1.07538,2.30068,8.61894,1.46246,97,0.000716222,0.201078,0.192923,0.300437,1.05121,0.337136,1.22949,5.41528,0.152176,0,0.003204,NBA,2,Omicron,2,Second dose,0
158_1,-6.43474,2.31894,-3.50817,-5.74611,0.517211,1.41501,12.1588,1.49659,97,0.00362002,-6.44705,2.30034,-3.54345,-5.70712,0.546206,1.69186,14.2458,1.47372,97,0.00384265,-6.47645,2.30276,-3.56584,-5.30642,0.39176,0.912183,8.53055,1.46087,97,0.00070041,0.187201,0.193679,0.328076,0.729682,0.169811,1.1924,6.08139,0.1767,0,0.0202266,NBA,2,Omicron,3,Boosted,0
2088_1,-6.51853,2.29889,-3.59874,-5.9534,0.98525,2.70911,12.6209,1.45907,97,0.00110526,-6.56858,2.35063,-3.50794,-5.92907,0.998487,2.31812,12.6376,1.42284,97,0.00133977,-6.6022,2.28707,-3.59077,-5.63556,0.975508,2.08301,8.96692,1.45071,97,0.000698988,0.201537,0.209466,0.356877,0.986949,0.199232,1.34274,5.64263,0.132263,0,0.00171689,NBA,3,Delta,3,Boosted,0
337_4,-6.53844,2.21412,-3.66353,-4.93663,0.583139,2.97253,5.77331,1.44038,97,0.00141953,-6.62595,2.20688,-3.71412,-5.07408,0.609619,3.36162,5.90347,1.50393,97,0.00174845,-6.62351,2.25317,-3.64691,-4.65727,0.58873,3.87932,6.4635,1.46813,97,0.000702266,0.206187,0.214094,0.373318,0.829509,0.266005,1.71484,0.81017,0.138423,0,0.00380113,NBA,1,Omicron,0,Unvaccinated,0
598_1,-6.48129,2.4014,-3.54612,-4.22392,0.68609,2.34271,14.4513,1.47793,97,0.00118903,-6.51842,2.46831,-3.47835,-4.09437,0.692207,2.61701,14.0115,1.45328,97,0.00193393,-6.54182,2.42024,-3.57591,-4.16356,0.696627,2.15218,10.1526,1.46323,97,0.000694519,0.190396,0.194417,0.34696,0.687357,0.205851,1.48313,4.72539,0.158536,0,0.0034069,NBA,2,Omicron,2,Second dose,0
1373_1,-6.54397,2.42048,-3.4837,-5.00801,0.604555,2.83698,11.9397,1.45894,97,0.00140744,-6.45718,2.35857,-3.62192,-5.27012,0.65392,2.23143,12.591,1.456,97,0.00168044,-6.51334,2.34197,-3.56292,-5.03549,0.611499,2.03419,11.009,1.45845,97,0.000716261,0.214806,0.193319,0.356033,0.682694,0.162524,1.20933,2.64891,0.150434,0,0.00309245,NBA,2,Omicron,3,Boosted,0
1037_1,-6.5522,2.554,-3.55429,-3.36576,0.841986,2.2901,8.78739,1.47706,97,0.00404475,-6.49092,2.49408,-3.65545,-3.46452,0.835343,2.19676,8.91178,1.49366,97,0.00172077,-6.57,2.49328,-3.66843,-3.37775,0.818178,2.17662,7.45404,1.4572,97,0.000703961,0.243107,0.205559,0.327018,0.499794,0.312745,1.28748,5.5032,0.165908,0,0.00253838,NBA,1,Omicron,3,Boosted,0
2023_1,-6.87057,1.72572,-3.52284,-6.49171,0.68193,2.0275,15.2101,1.44818,97,0.0021963,-6.94856,1.79436,-3.56013,-6.10037,0.616691,2.28071,13.8182,1.46341,97,0.00187592,-6.9485,1.77665,-3.56339,-5.60811,0.522029,2.03353,11.7383,1.45691,97,0.000643583,0.172846,0.174686,0.352905,1.05491,0.327295,1.25086,5.55661,0.148753,0,0.00411861,NBA,2,Delta,3,Boosted,0
760_1,-6.58627,2.43886,-3.70659,-3.30118,1.49468,2.96555,10.0603,1.40444,97,0.00123753,-6.6492,2.52163,-3.64794,-3.04747,1.33952,2.67903,7.51862,1.39465,97,0.00140706,-6.6992,2.50273,-3.6529,-2.76923,1.12925,2.42353,5.3762,1.41225,97,0.000561972,0.214245,0.231927,0.354385,0.615647,0.695861,1.43731,5.09488,0.142326,0,0.00211187,NBA,1,Omicron,3,Boosted,0
2157_1,-6.58228,2.23524,-3.55417,-5.81426,0.465373,2.37352,16.1338,1.45442,97,0.00350283,-6.5546,2.211,-3.58805,-5.8521,0.462995,2.45203,14.5844,1.43104,97,0.00175181,-6.56442,2.21539,-3.60338,-5.69321,0.447198,2.27787,10.295,1.44633,97,0.000691805,0.185113,0.190979,0.353678,0.715724,0.120632,1.52533,5.00672,0.146122,0,0.00384283,NBA,2,Omicron,3,Boosted,0
354_1,-6.6973,2.08157,-3.4298,-5.8651,0.375869,2.32691,19.5579,1.42704,97,0.00233814,-6.65606,2.05847,-3.41323,-5.88142,0.358902,2.15107,19.4786,1.4338,97,0.00147414,-6.66887,2.0447,-3.54111,-5.81869,0.366822,2.07091,14.7045,1.41517,97,0.000678465,0.185771,0.192672,0.347399,0.74797,0.102085,1.1737,5.89073,0.157905,0,0.00216659,NBA,2,Delta,0,Unvaccinated,0
3006_1,-6.85138,1.92728,-3.71199,-5.81081,0.952089,2.34626,7.32918,1.43113,97,0.00164785,-6.82284,1.97416,-3.61779,-5.66217,0.903996,2.08062,7.2308,1.47167,97,0.00164162,-6.90298,1.91033,-3.62547,-5.29873,0.622918,2.00947,7.33342,1.46521,97,0.000736546,0.199118,0.222389,0.3546,1.61276,0.862505,0.787219,1.43217,0.15952,0,0.00286043,NBA,2,Omicron,3,Boosted,0
1960_1,-6.44942,2.2786,-3.47171,-5.55005,0.75956,2.60246,14.84,1.43881,97,0.00154802,-6.49069,2.28372,-3.52611,-5.80677,0.771938,2.43783,15.6244,1.449,97,0.00199682,-6.54703,2.32268,-3.58651,-5.4608,0.804394,2.12501,10.0374,1.45133,97,0.000716298,0.195145,0.205904,0.362856,0.898095,0.170064,1.49357,6.5919,0.137689,0,0.00341898,NBA,1,Omicron,3,Boosted,0
2073_1,-6.53273,2.26393,-3.60143,-4.77484,0.577666,2.58852,12.7408,1.41113,97,0.00219499,-6.55997,2.28284,-3.53718,-4.6644,0.578493,2.41127,14.2607,1.44687,97,0.00200071,-6.55731,2.28177,-3.59227,-4.46514,0.527213,2.16665,9.3404,1.40741,97,0.000738138,0.218342,0.247469,0.368811,0.748024,0.170098,1.5474,5.98345,0.15645,0,0.00312074,NBA,1,Omicron,3,Boosted,0
1406_1,-6.4012,2.56268,-3.52478,-5.4471,1.38337,2.39218,10.7293,1.49428,97,0.00276671,-6.41293,2.51025,-3.53793,-5.60434,1.40534,2.28271,10.9907,1.50758,97,0.00156999,-6.45412,2.51108,-3.57555,-5.28216,1.3759,2.14447,10.1936,1.47855,97,0.000729289,0.195128,0.188621,0.345644,0.877099,0.472422,1.17484,5.40287,0.16381,0,0.00248191,NBA,2,Delta,2,Second dose,0
2540_1,-6.77506,1.83917,-3.49845,-5.63359,0.528291,2.14962,14.3883,1.39843,97,0.00308277,-6.86517,1.89191,-3.48684,-5.16989,0.458783,2.55456,15.33,1.41834,97,0.00146736,-6.89654,1.89698,-3.59861,-5.09743,0.431684,2.22463,9.83537,1.43556,97,0.000705505,0.147115,0.149772,0.352369,0.573149,0.194559,1.77648,6.15521,0.151664,0,0.00213198,NBA,2,Omicron,3,Boosted,0
1691_1,-6.47154,2.37657,-3.5981,-5.62874,0.726411,2.08092,14.0665,1.45925,97,0.00218984,-6.46324,2.36329,-3.56743,-5.81496,0.760639,2.36021,14.4599,1.48689,97,0.00141433,-6.51396,2.37435,-3.58383,-5.61206,0.79219,2.11394,10.3049,1.45572,97,0.000710559,0.209521,0.210652,0.383565,0.819105,0.15408,1.60365,5.68768,0.134006,0,0.00219685,NBA,1,Omicron,2,Second dose,0
992_2,-6.60034,2.6982,-3.67483,-3.30912,1.645,2.60129,9.53373,1.47271,97,0.00224851,-6.54358,2.63243,-3.66151,-3.61602,1.73767,2.56587,9.17678,1.50885,97,0.00187188,-6.59446,2.60451,-3.6074,-3.51769,1.76077,1.98791,10.0565,1.46026,97,0.000760064,0.229772,0.229918,0.310965,0.843961,0.554139,1.6168,5.33702,0.17502,0,0.00343249,NBA,1,Omicron,2,Second dose,0
1405_1,-6.95833,1.85866,-3.45302,-6.50218,0.899268,2.42124,18.8809,1.40384,97,0.00111421,-6.95503,1.85434,-3.51423,-6.747,0.970043,1.98884,15.3813,1.39061,97,0.00185754,-6.94937,1.848,-3.54916,-6.30918,0.922151,1.89371,12.9079,1.3806,97,0.000733066,0.199863,0.207235,0.351994,0.80629,0.299458,1.08123,5.81743,0.129416,0,0.00292355,NBA,2,Omicron,3,Boosted,0
1093_1,-6.67772,2.1715,-3.60305,-4.99535,0.569539,3.40068,11.5215,1.42511,97,0.00105611,-6.61946,2.13993,-3.54877,-5.2069,0.603942,2.74232,11.435,1.41936,97,0.00156596,-6.67452,2.16464,-3.57383,-4.95459,0.578589,3.16911,11.6852,1.40114,97,0.000713874,0.215965,0.214634,0.327232,0.79689,0.160602,1.33042,0.924218,0.146101,0,0.00226406,NBA,2,Omicron,3,Boosted,0
596_1,-6.61466,2.15083,-3.47606,-4.87057,0.488495,2.64765,14.7183,1.39033,97,0.00192075,-6.59529,2.11659,-3.59847,-5.11499,0.512392,2.69257,15.4533,1.42275,97,0.00132868,-6.69637,2.11881,-3.57582,-5.24819,0.537051,2.50224,11.2093,1.42024,97,0.00055823,0.201725,0.206036,0.33252,1.16227,0.191712,1.89543,5.49485,0.141582,0,0.00354207,NBA,1,Delta,2,Second dose,0
2676_1,-6.49337,2.34874,-3.65852,-5.44666,0.787233,2.0946,7.01517,1.47563,97,0.00250283,-6.53236,2.37297,-3.62476,-5.70307,0.974247,2.43404,8.12484,1.44488,97,0.00169952,-6.51337,2.33588,-3.61822,-5.44621,0.927092,2.25075,7.41999,1.47352,97,0.000674025,0.188641,0.212804,0.317903,0.820343,0.292049,1.31738,3.43357,0.143408,0,0.00392808,NBA,2,Omicron,3,Boosted,0
620_1,-6.43952,2.4557,-3.5549,-5.35201,0.732715,2.31707,14.0204,1.49612,97,0.002002,-6.38264,2.41354,-3.569,-5.35188,0.72867,2.53309,14.6389,1.48563,97,0.00181906,-6.45583,2.42484,-3.59485,-5.28023,0.773912,2.44305,10.4801,1.47647,97,0.000694512,0.197937,0.20514,0.329087,0.822672,0.165569,1.55224,5.74436,0.158802,0,0.0030523,NBA,3,Omicron,3,Boosted,0
414_1,-6.89109,2.11965,-3.58935,-2.82065,0.352037,3.44387,6.67153,1.42442,97,0.00173838,-6.86617,2.19307,-3.62324,-2.88076,0.450871,3.33129,6.98096,1.38494,97,0.00230107,-6.73445,2.21159,-3.64546,-2.44762,0.289065,2.61364,6.46188,1.40268,97,0.000737119,0.267317,0.277213,0.356272,0.873215,0.335436,1.84195,1.87307,0.152868,0,0.00532548,NBA,2,Omicron,2,Second dose,0
2253_1,-6.56557,2.06736,-3.65687,-5.61763,0.675224,2.57553,9.48407,1.40867,97,0.000835604,-6.65896,2.20754,-3.59608,-5.16497,0.673443,2.60077,9.7264,1.40746,97,0.00202792,-6.69142,2.18309,-3.59917,-5.01625,0.663271,2.4163,9.56214,1.4269,97,0.000715479,0.16388,0.181527,0.303718,0.817418,0.229594,1.61053,2.54486,0.15887,0,0.00424035,NBA,2,Omicron,3,Boosted,0
2862_2,-6.65042,2.18268,-3.46591,-3.01723,0.397352,2.43788,14.2403,1.39995,97,0.00227145,-6.7609,2.253,-3.48344,-2.87406,0.363695,2.68837,15.0391,1.40765,97,0.00166258,-6.75674,2.18777,-3.53267,-3.03048,0.35916,2.40063,13.7357,1.40274,97,0.000723688,0.208616,0.221938,0.334987,0.522805,0.109874,1.46791,3.69859,0.134221,0,0.0024667,NBA,2,Omicron,3,Boosted,0
478_2,-6.69716,2.10656,-3.71397,-5.7554,1.74327,2.90846,6.6362,1.41809,97,0.00217054,-6.74203,2.12404,-3.71894,-5.4031,1.41984,3.3498,5.38035,1.38882,97,0.00176709,-6.81175,2.1155,-3.74936,-5.15414,1.09669,2.96674,3.36873,1.43696,97,0.000589357,0.170515,0.181698,0.376949,1.06975,1.05188,1.63243,4.58891,0.136001,0,0.00279279,NBA,2,Omicron,3,Boosted,0
977_1,-6.58904,2.1699,-3.53135,-5.40599,0.580388,2.30044,11.9012,1.45217,97,0.00150518,-6.57414,2.14124,-3.51505,-5.38904,0.601019,2.45096,12.4127,1.47444,97,0.0015817,-6.63843,2.20026,-3.58648,-5.09479,0.598272,2.2216,10.2959,1.4401,97,0.000695289,0.204553,0.214036,0.353722,0.751633,0.179014,1.61353,3.87625,0.155484,0,0.00244331,NBA,2,Omicron,2,Second dose,0
408_1,-6.66425,2.26075,-3.58078,-5.80645,1.10244,2.23021,14.5001,1.39714,97,0.00212288,-6.71572,2.29571,-3.51731,-5.47424,1.04065,2.5308,16.4755,1.40853,97,0.00188643,-6.67673,2.25227,-3.57475,-5.26007,1.02366,2.13937,10.3369,1.39749,97,0.000709988,0.180471,0.192704,0.345619,0.83332,0.203489,1.44427,7.03888,0.139109,0,0.00346929,NBA,2,Omicron,3,Boosted,0
719_1,-6.62601,2.4987,-3.59796,-2.82138,0.79327,2.73654,11.5094,1.44814,97,0.00160792,-6.64076,2.42666,-3.63331,-2.81121,0.693744,2.58902,11.1704,1.44858,97,0.00214331,-6.68887,2.40615,-3.58815,-2.8874,0.680435,2.25389,10.7047,1.44831,97,0.000679538,0.205429,0.24747,0.344392,0.566114,0.331781,1.67429,5.20276,0.17406,0,0.00321182,NBA,1,Omicron,3,Boosted,0
2793_1,-6.6709,2.02136,-3.55438,-6.32399,0.523734,1.61437,13.4344,1.41675,97,0.00188434,-6.62958,1.99431,-3.59748,-6.11084,0.426839,1.70399,11.8587,1.44881,97,0.00241447,-6.6734,2.05509,-3.60316,-5.65144,0.327778,1.41013,9.17138,1.42137,97,0.000622405,0.169536,0.175009,0.369929,0.823236,0.173645,1.16536,5.28193,0.160492,0,0.00532311,NBA,2,Omicron,3,Boosted,0
34_1,-6.66189,2.19535,-3.45876,-4.32792,0.608554,2.69449,16.3831,1.42102,97,0.00143121,-6.67408,2.14988,-3.52203,-4.42249,0.604235,2.80901,17.7261,1.38566,97,0.00233252,-6.72399,2.18126,-3.57796,-4.39118,0.615338,2.5006,11.1113,1.42084,97,0.000686294,0.187892,0.187209,0.348087,0.463144,0.149234,1.58113,6.21255,0.137629,0,0.00393428,NBA,2,Omicron,3,Boosted,0
131_1,-6.53631,2.3916,-3.60495,-3.7867,0.418372,2.97774,8.14022,1.47466,97,0.00163155,-6.4522,2.27043,-3.62379,-4.02915,0.428405,3.3603,8.23023,1.4669,97,0.00212098,-6.55452,2.31622,-3.6153,-3.9796,0.425655,3.24123,8.35201,1.4553,97,0.000699385,0.23478,0.231864,0.378485,0.533316,0.157405,1.61383,0.65557,0.152032,0,0.00495658,NBA,1,Omicron,3,Boosted,0
2010_2,-6.61606,2.03102,-3.64392,-3.73515,0.279872,3.14864,10.3922,1.3966,97,0.00145783,-6.77869,2.13951,-3.55919,-3.75002,0.309068,3.10682,10.5346,1.40949,97,0.00225552,-6.73831,2.08555,-3.58191,-3.76321,0.279242,2.88971,9.98927,1.41944,97,0.000784449,0.214088,0.2155,0.368634,0.569407,0.113181,1.65577,1.60167,0.145523,0,0.00464014,NBA,1,Omicron,3,Boosted,0
1870_1,-6.7043,2.19482,-3.51046,-5.93923,0.931749,2.46368,15.5195,1.39479,97,0.00212147,-6.67429,2.17422,-3.51164,-5.7364,0.847717,2.33146,15.8421,1.43317,97,0.00183017,-6.71608,2.17203,-3.56982,-5.35575,0.827596,2.06583,10.7452,1.43162,97,0.000729532,0.185155,0.187314,0.357579,0.996109,0.198661,1.5041,7.12521,0.153695,0,0.0035791,NBA,2,Delta,0,Unvaccinated,0
253_2,-6.7725,1.97783,-3.61377,-4.48507,0.526592,3.79879,5.01132,1.47648,97,0.00115945,-6.85549,2.07832,-3.65716,-4.31995,0.575235,3.39804,5.13069,1.47327,97,0.00186492,-6.8457,2.03142,-3.67709,-4.3438,0.494717,3.36764,5.15443,1.42935,97,0.000726286,0.16577,0.198448,0.354882,0.774121,0.343724,1.54641,0.825576,0.146787,0,0.00298533,NBA,1,Omicron,2,Second dose,0
198_2,-6.72984,1.98962,-3.71257,-5.36976,1.17613,2.62463,6.14266,1.45717,97,0.00224041,-6.80515,2.17973,-3.64219,-4.0963,0.838054,2.22071,6.87409,1.42307,97,0.00227972,-6.90308,2.03488,-3.68081,-4.83123,0.679927,1.99901,4.03514,1.41082,97,0.000901724,0.230443,0.261883,0.369358,0.795718,0.508319,1.2897,4.84457,0.187732,0,0.00398729,NBA,1,Omicron,3,Boosted,0
1148_2,-6.79323,2.19479,-3.61567,-2.57821,0.342718,2.52047,12.9159,1.41445,97,0.00298524,-6.70753,2.26766,-3.6096,-2.30944,0.334881,2.34992,11.4473,1.38306,97,0.00190574,-6.76071,2.22095,-3.58264,-2.40622,0.316689,2.12151,10.3471,1.40299,97,0.000698452,0.211818,0.219614,0.348745,0.484039,0.146276,1.29213,5.84041,0.130388,0,0.00423334,NBA,1,Omicron,2,Second dose,0
2834_1,-6.56291,2.41891,-3.65918,-4.61009,0.708953,2.76338,8.58987,1.4295,97,0.0022676,-6.5375,2.28351,-3.61998,-4.8397,0.694098,3.707,8.49083,1.44793,97,0.0019786,-6.61507,2.29532,-3.62268,-4.6653,0.678533,3.53784,8.74836,1.4558,97,0.000661869,0.231015,0.214393,0.375435,0.700744,0.23468,2.12224,0.839282,0.167295,0,0.00497411,NBA,2,Omicron,3,Boosted,0
372_1,-6.46664,2.44494,-3.7528,-3.57317,0.837941,3.49599,5.89941,1.51239,97,0.00171906,-6.47999,2.47736,-3.62765,-3.48279,0.885288,3.16384,6.13107,1.49933,97,0.00194522,-6.57935,2.47519,-3.68643,-3.48197,0.835181,3.22494,4.8437,1.45277,97,0.000804398,0.226064,0.213553,0.347962,0.583137,0.323044,2.016,6.84975,0.175394,0,0.00382235,NBA,1,Omicron,3,Boosted,0
2289_1,-6.41362,2.47932,-3.50897,-4.23384,0.680514,2.38313,15.1039,1.52513,97,0.00158832,-6.40893,2.50602,-3.49281,-4.19013,0.695347,2.49033,15.0536,1.45557,97,0.00169414,-6.473,2.46392,-3.55903,-4.23273,0.680038,2.14014,10.3788,1.48054,97,0.000708941,0.187539,0.195899,0.352646,0.580679,0.18436,1.23388,5.30349,0.147614,0,0.00220769,NBA,1,Omicron,3,Boosted,0
559_1,-6.98718,1.88845,-3.54032,-6.86598,0.701107,2.93577,17.2815,1.40862,97,0.000862946,-6.9541,1.85651,-3.50342,-6.8253,0.637528,2.20067,16.8066,1.40922,97,0.00192745,-6.94284,1.83493,-3.58802,-6.63952,0.604236,2.04188,11.6841,1.42215,97,0.000714151,0.159599,0.173107,0.301455,0.684501,0.210004,1.10331,6.75312,0.127351,0,0.00397272,NBA,1,Omicron,3,Boosted,0
166_2,-6.84421,2.31593,-3.57059,-2.3054,0.551417,2.12285,11.7006,1.40047,97,0.00180601,-6.76761,2.3201,-3.57704,-2.21077,0.548506,2.73644,13.0304,1.40707,97,0.0016117,-6.76627,2.3245,-3.58729,-2.14591,0.494171,2.22117,10.3641,1.41326,97,0.000637144,0.217327,0.228966,0.320361,0.554026,0.22798,2.31688,5.70202,0.13859,0,0.00456248,NBA,1,Omicron,3,Boosted,0
1380_1,-6.68755,2.11635,-3.78426,-5.86154,1.55225,2.15003,6.92635,1.40592,97,0.00358851,-6.7219,2.12437,-3.65531,-5.18473,1.06843,2.19967,5.75873,1.37281,97,0.00284513,-6.80294,2.16118,-3.68175,-4.77593,0.919357,2.00442,4.61292,1.40323,97,0.000673982,0.209573,0.210109,0.326133,1.08258,0.588306,1.31198,3.41843,0.148311,0,0.00512408,NBA,2,Omicron,2,Second dose,0
653_1,-6.75902,1.84639,-3.6501,-5.95548,0.736573,2.78771,13.5276,1.4527,97,0.0019645,-6.86818,1.9275,-3.58519,-5.39951,0.634069,2.25644,13.6397,1.45838,97,0.0011887,-6.90711,1.92628,-3.5782,-5.16998,0.559437,2.0522,10.3902,1.46164,97,0.000709466,0.196118,0.186068,0.352798,0.890529,0.280078,1.24845,5.17815,0.145841,0,0.00162408,NBA,3,Omicron,3,Boosted,0
2169_2,-6.47127,2.42824,-3.74646,-4.32329,0.614193,2.08555,7.9013,1.45244,97,0.00116823,-6.48707,2.3657,-3.53149,-4.68269,0.687461,2.62832,8.95452,1.49966,97,0.00127202,-6.54257,2.37867,-3.61814,-4.39126,0.654353,2.53581,8.66749,1.46265,97,0.00068744,0.199469,0.217577,0.361542,0.873168,0.239044,1.34342,3.15338,0.155795,0,0.00236358,NBA,1,Omicron,3,Boosted,0
1397_1,-6.52117,2.60209,-3.58454,-3.83931,1.2431,2.60047,10.9404,1.45159,97,0.0019886,-6.52407,2.583,-3.60449,-3.9094,1.25389,2.67522,10.8108,1.48531,97,0.00195697,-6.55779,2.51766,-3.61598,-3.96867,1.21022,2.50074,7.00207,1.47412,97,0.000667625,0.22226,0.211142,0.323898,0.791389,0.288686,1.90582,5.62703,0.176865,0,0.00500619,NBA,1,Omicron,3,Boosted,0
1595_1,-6.86101,1.94754,-3.56095,-4.80668,0.406924,2.21186,11.4182,1.41985,97,0.0022097,-6.82471,1.86346,-3.61756,-5.44776,0.537125,2.08417,11.1847,1.45047,97,0.0015211,-6.89269,1.89565,-3.56367,-5.03744,0.455492,1.93147,11.3218,1.4157,97,0.000682862,0.184502,0.228163,0.337755,1.02,0.252371,1.33257,4.04441,0.162911,0,0.00246864,NBA,2,Omicron,3,Boosted,0
3039_1,-6.52657,2.3454,-3.52002,-5.93819,0.772498,2.52266,15.5539,1.45602,97,0.00266405,-6.53128,2.38354,-3.48561,-5.7571,0.782279,2.46112,15.1196,1.43366,97,0.00235343,-6.60731,2.25747,-3.58076,-5.72312,0.765806,2.13843,10.9706,1.44493,97,0.000656309,0.218387,0.247054,0.312346,0.807591,0.153335,1.47876,5.15359,0.154673,0,0.0038514,NBA,2,Omicron,3,Boosted,0
2600_1,-6.56997,2.34496,-3.67684,-6.12604,1.61471,2.75708,7.29624,1.46303,97,0.00132639,-6.54697,2.32019,-3.72153,-6.38715,1.62361,2.91568,9.17111,1.43645,97,0.00217057,-6.6572,2.28253,-3.67639,-6.09868,1.6062,2.73065,5.16112,1.43371,97,0.000698567,0.182317,0.19131,0.362865,0.987524,0.536474,1.49558,8.04885,0.158629,0,0.00503052,NBA,1,Delta,2,Second dose,0
657_1,-6.80704,1.77891,-3.5874,-6.52582,0.913042,1.97249,11.0435,1.45448,97,0.00121952,-6.95458,1.92503,-3.52886,-5.81085,0.902689,2.31233,13.0278,1.46179,97,0.0023209,-6.97742,1.93963,-3.60248,-5.32402,0.773808,2.11525,9.47997,1.45606,97,0.000702827,0.175368,0.183068,0.370814,1.05402,0.507118,1.46205,6.3402,0.151732,0,0.008225,NBA,2,Omicron,3,Boosted,0
2525_1,-6.77391,1.94782,-3.63855,-6.07136,0.66894,2.05876,7.0718,1.38639,97,0.00186107,-6.82497,1.96355,-3.62821,-5.87268,0.659285,2.02242,6.7988,1.40598,97,0.00162513,-6.82249,1.97443,-3.63117,-5.55255,0.580782,2.02131,6.97699,1.39499,97,0.000760693,0.192416,0.209627,0.342167,0.862609,0.314009,0.773349,1.07164,0.122261,0,0.00255896,NBA,1,Omicron,3,Boosted,0
307_1,-6.46556,2.25323,-3.5877,-5.86066,0.863299,1.40016,9.72228,1.43993,97,0.00146259,-6.56472,2.35569,-3.53751,-6.09504,1.05456,1.98219,14.3708,1.43814,97,0.00169014,-6.56682,2.33865,-3.60648,-5.66472,1.02366,1.96501,10.5791,1.43028,97,0.000723242,0.174349,0.194823,0.327753,0.7707,0.218176,1.11971,7.31927,0.148164,0,0.00324616,NBA,2,Delta,2,Second dose,0
3034_1,-6.51312,2.18972,-3.55055,-5.6335,0.890732,2.9142,14.4353,1.45808,97,0.00197034,-6.60028,2.30053,-3.5635,-5.60521,0.943471,2.3079,14.0683,1.41423,97,0.00184281,-6.62406,2.28791,-3.58509,-5.17753,0.920711,2.1744,10.3437,1.43908,97,0.000727004,0.203472,0.208068,0.37681,1.08034,0.203374,1.27037,5.16429,0.151818,0,0.00268267,NBA,1,Delta,2,Second dose,0
487_2,-6.6494,2.0296,-3.66881,-5.92385,0.638674,3.7636,8.00743,1.41646,97,0.00299509,-6.66717,2.077,-3.66738,-5.85098,0.56622,3.48707,7.7579,1.3523,97,0.00273272,-6.68592,2.08091,-3.6241,-5.43242,0.524479,3.47165,7.94248,1.39875,97,0.00068557,0.18915,0.176223,0.340496,0.900175,0.196765,1.42815,0.619186,0.138534,0,0.00608833,NBA,1,Omicron,2,Second dose,0
2118_1,-6.56875,2.47437,-3.67654,-4.37543,1.14458,2.61432,8.95392,1.44591,97,0.00266077,-6.59148,2.48099,-3.61333,-4.60354,1.19636,2.47071,9.93211,1.43132,97,0.00200143,-6.61555,2.40496,-3.64232,-4.43071,1.14171,2.26098,7.52164,1.45305,97,0.000702953,0.262777,0.236933,0.310044,1.1261,0.374218,1.24608,5.36596,0.152123,0,0.00309296,NBA,2,Omicron,3,Boosted,0
1391_1,-6.79009,2.09205,-3.69377,-7.345,2.11076,1.98888,12.2688,1.39982,97,0.00138968,-6.75196,1.98745,-3.57588,-6.60612,1.3437,2.09895,8.01933,1.39574,97,0.00400304,-6.83522,2.02712,-3.68527,-6.45846,1.16449,1.75543,4.99558,1.42071,97,0.000697507,0.147737,0.162223,0.354813,1.01688,0.665121,1.35376,5.41425,0.131101,0,0.0146826,NBA,1,Omicron,3,Boosted,0
492_2,-6.60102,2.47795,-3.66078,-3.58541,0.869898,2.52383,6.31652,1.43319,97,0.00203491,-6.5694,2.45661,-3.56254,-4.07396,1.27117,2.16826,10.3843,1.46439,97,0.00123259,-6.63011,2.47083,-3.62949,-3.90369,1.20266,2.02542,6.95045,1.46517,97,0.000661786,0.250596,0.242241,0.324698,0.759658,0.400545,1.10796,6.78648,0.1726,0,0.00291663,NBA,1,Omicron,3,Boosted,0
1659_1,-6.69454,2.13544,-3.65917,-4.96283,0.787486,4.40878,4.75905,1.45074,97,0.00243145,-6.69993,2.15562,-3.74092,-5.39969,1.17049,3.81581,5.13169,1.41774,97,0.0019674,-6.77183,2.1376,-3.70425,-5.03075,0.936898,3.79106,4.31675,1.40966,97,0.000722874,0.180446,0.220936,0.362729,1.31321,0.823705,1.98443,3.15868,0.139077,0,0.00399996,NBA,2,Omicron,2,Second dose,0
1463_1,-6.68446,2.27053,-3.78196,-3.44263,0.474849,3.04796,8.62474,1.39541,97,0.00182505,-6.66582,2.23041,-3.59537,-3.4697,0.438197,2.71229,8.37569,1.39715,97,0.00143285,-6.69812,2.23799,-3.61473,-3.36467,0.393367,2.83628,8.54148,1.39429,97,0.000758223,0.231577,0.230872,0.349753,0.634638,0.158638,1.51302,0.9769,0.152318,0,0.00307287,NBA,2,Omicron,3,Boosted,0
533_1,-6.68537,2.03143,-3.60313,-4.33708,0.550942,2.59554,9.57137,1.43571,97,0.00190781,-6.76264,2.08849,-3.66576,-4.63754,0.74167,2.53323,9.66465,1.42679,97,0.00145121,-6.73445,2.18419,-3.59354,-3.80097,0.415514,1.92696,8.3446,1.4179,97,0.000840085,0.234317,0.228568,0.3716,1.22938,0.525948,1.59921,4.92162,0.161569,0,0.0029748,NBA,2,Omicron,3,Boosted,0
570_1,-6.48551,2.33124,-3.60037,-5.64535,0.806507,2.36853,12.3201,1.46257,97,0.00140023,-6.49777,2.34007,-3.58965,-5.39704,0.783255,2.42388,10.7574,1.47551,97,0.00160967,-6.54154,2.33094,-3.58656,-5.19941,0.742457,2.20153,10.3903,1.45264,97,0.000699786,0.197951,0.246575,0.342911,0.808375,0.329521,1.59759,5.58411,0.173998,0,0.00266407,NBA,2,Omicron,3,Boosted,0
2896_1,-6.65236,2.27029,-3.55616,-4.29633,0.530638,2.35382,15.4112,1.35662,97,0.00152999,-6.66647,2.21949,-3.55605,-4.44026,0.528284,2.55287,15.4814,1.38738,97,0.00143862,-6.69393,2.21892,-3.57525,-4.38265,0.517253,2.24071,10.8368,1.41715,97,0.000673725,0.174916,0.17029,0.33114,0.511592,0.153003,1.78713,6.23952,0.132541,0,0.00300031,NBA,2,Omicron,3,Boosted,0
1933_1,-6.69633,2.14219,-3.63003,-5.714,0.686207,2.43665,14.0133,1.41533,97,0.00156452,-6.61315,2.06126,-3.61366,-6.26902,0.705166,2.10932,14.0832,1.43182,97,0.00196381,-6.71095,2.13522,-3.60135,-5.6762,0.693091,2.01004,9.36447,1.41292,97,0.000728403,0.189314,0.185242,0.333303,1.00168,0.177107,1.14418,5.80568,0.140369,0,0.00371355,NBA,2,Omicron,2,Second dose,0
2174_1,-6.52824,2.36082,-3.57368,-4.3881,0.723879,2.03254,12.7151,1.50579,97,0.002145,-6.517,2.3398,-3.61157,-4.63842,0.791702,2.2472,14.2984,1.45019,97,0.00168384,-6.59834,2.34963,-3.58797,-4.36418,0.7505,2.04097,10.9992,1.44936,97,0.000692937,0.198698,0.203456,0.344761,0.884584,0.229713,1.3797,6.72137,0.15294,0,0.0030996,NBA,2,Delta,3,Boosted,0
526_1,-6.81858,1.94091,-3.5287,-6.47354,0.627411,2.25953,13.0231,1.36495,97,0.00295504,-6.82591,1.95128,-3.5339,-6.52771,0.607506,2.24475,14.2314,1.3931,97,0.00178858,-6.83383,1.94824,-3.58521,-6.34485,0.590303,2.0041,10.0041,1.40754,97,0.000713808,0.156948,0.159831,0.357644,0.743933,0.171207,1.35806,6.21525,0.150198,0,0.00305142,NBA,2,Delta,3,Boosted,0
2935_1,-6.87188,2.0019,-3.54366,-3.77798,0.553901,2.6498,13.5347,1.42799,97,0.00148438,-6.97439,2.04053,-3.58248,-3.7798,0.519736,2.70051,11.7652,1.40139,97,0.0016522,-6.97671,1.97136,-3.57811,-3.81062,0.484827,2.32581,10.6755,1.39196,97,0.000712496,0.19546,0.202247,0.345616,0.535421,0.283919,1.54173,6.32053,0.144797,0,0.00201189,NBA,1,Omicron,2,Second dose,0
1707_2,-6.72397,2.07508,-3.49555,-5.83181,0.836467,2.50733,16.002,1.4441,97,0.00419738,-6.71648,2.06215,-3.48846,-6.01063,0.86131,2.60129,16.3911,1.43825,97,0.0016557,-6.75635,2.07702,-3.56084,-5.6988,0.87175,2.24049,10.9731,1.45249,97,0.000746713,0.194621,0.191801,0.345209,0.785624,0.183391,1.48975,6.12687,0.152224,0,0.00312063,NBA,1,Omicron,3,Boosted,0
873_1,-6.42956,2.48635,-3.59076,-5.18204,1.31438,3.00767,7.15871,1.4978,97,0.00193367,-6.44996,2.49664,-3.73561,-4.73203,1.16917,2.70332,7.05051,1.47041,97,0.00201752,-6.53143,2.48475,-3.67204,-4.45658,1.08979,2.41946,5.8137,1.46819,97,0.000717505,0.180946,0.190044,0.352543,0.912412,0.431151,1.72111,4.12682,0.159958,0,0.00378188,NBA,1,Omicron,3,Boosted,0
461_1,-6.68801,2.36113,-3.5215,-4.88065,0.797877,2.42443,14.3443,1.461,97,0.00212233,-6.61329,2.26803,-3.5473,-5.21912,0.841686,2.48721,15.1057,1.467,97,0.00218861,-6.63234,2.28455,-3.58412,-5.01552,0.86207,2.13964,10.3055,1.44244,97,0.000708388,0.206381,0.230404,0.372877,1.00025,0.241659,1.46911,6.30708,0.150071,0,0.00327086,NBA,2,Omicron,3,Boosted,0
1022_1,-6.5821,2.51213,-3.64582,-3.00139,0.675522,2.46603,8.28399,1.46137,97,0.00140183,-6.60729,2.43455,-3.68224,-3.25646,0.690983,3.23597,7.19221,1.46041,97,0.00230148,-6.66335,2.37243,-3.67286,-3.29819,0.628324,2.90191,5.82333,1.45635,97,0.000648716,0.208708,0.22575,0.374882,0.537587,0.285439,1.72617,4.32706,0.143972,0,0.00686334,NBA,1,Omicron,2,Second dose,0
2802_2,-6.57536,2.27702,-3.6148,-5.96176,0.835512,2.36356,8.94132,1.45775,97,0.00219625,-6.5434,2.26618,-3.60692,-5.74367,0.740322,2.18679,7.56724,1.45783,97,0.00239002,-6.57778,2.28545,-3.62595,-5.53822,0.746638,1.91201,7.61259,1.44376,97,0.000688637,0.16562,0.198739,0.338894,0.884289,0.218397,1.53361,1.71605,0.141095,0,0.00538455,NBA,2,Omicron,2,Second dose,0
2201_1,-6.83772,1.97578,-3.50857,-5.80794,0.631115,2.44436,15.3585,1.43906,97,0.00473373,-6.73751,1.89125,-3.50911,-6.00317,0.615105,2.3918,16.3419,1.39034,97,0.00194078,-6.82859,1.96705,-3.59782,-5.53741,0.586028,1.94819,10.9553,1.42031,97,0.000578491,0.178329,0.187611,0.359804,0.944975,0.174967,1.7551,7.44891,0.152472,0,0.00378019,NBA,1,Omicron,2,Second dose,0
2895_1,-6.6796,1.96844,-3.50351,-6.27669,0.763506,2.51389,16.4072,1.44606,97,0.0020017,-6.76536,2.05605,-3.53288,-6.17408,0.781193,2.30932,14.2777,1.427,97,0.00292931,-6.77911,2.06089,-3.58599,-6.11171,0.887948,2.13812,10.0448,1.42875,97,0.000711857,0.205012,0.213727,0.375703,0.888376,0.220276,1.44785,5.68437,0.137199,0,0.0121773,NBA,2,Omicron,3,Boosted,0
8_1,-6.5776,2.33274,-3.51545,-4.86087,0.768375,2.39533,15.1341,1.44657,97,0.00212855,-6.54333,2.22704,-3.5049,-5.25949,0.817958,2.55705,14.6414,1.4706,97,0.00197175,-6.60712,2.30359,-3.584,-4.71627,0.754588,2.22621,10.4177,1.44106,97,0.000724521,0.214046,0.204165,0.352438,0.991077,0.23674,1.71225,6.05958,0.159671,0,0.00475627,NBA,1,Omicron,3,Boosted,0
2006_2,-6.85597,1.86237,-3.61664,-5.55553,0.533827,3.01378,6.97151,1.47045,97,0.00159878,-6.83204,1.86419,-3.73034,-6.04223,0.784984,3.50913,7.41552,1.43016,97,0.00186153,-6.92974,1.91233,-3.62611,-5.41298,0.637068,3.34484,7.55473,1.41725,97,0.000697595,0.177871,0.211497,0.373785,1.27053,0.481726,1.89469,0.783419,0.14622,0,0.00298743,NBA,1,Omicron,2,Second dose,0
1345_1,-6.56457,2.55516,-3.6741,-4.57467,1.95549,3.31222,7.68725,1.46868,97,0.00165534,-6.51413,2.51897,-3.63952,-5.11475,2.62504,3.09428,9.8253,1.44948,97,0.00176716,-6.63409,2.54495,-3.60082,-4.66438,2.90711,2.27441,10.3896,1.44494,97,0.000669187,0.234583,0.232713,0.36442,1.57086,1.16571,1.8109,7.17209,0.156668,0,0.00348392,NBA,1,Omicron,2,Second dose,0
331_1,-6.88654,2.05368,-3.52664,-6.98349,0.984235,2.71531,17.2028,1.40433,97,0.00122976,-6.83437,2.01426,-3.5746,-6.62431,0.822481,2.46649,13.8113,1.38037,97,0.00203271,-6.84581,2.00147,-3.58315,-6.53704,0.799726,2.16857,9.41242,1.42433,97,0.000666887,0.181676,0.180327,0.405363,0.640349,0.261706,1.77997,5.83656,0.139478,0,0.00395013,NBA,2,Omicron,2,Second dose,0
931_1,-6.40351,2.35873,-3.56162,-4.90751,0.561313,2.32905,12.8222,1.46359,97,0.00169753,-6.39904,2.34132,-3.47785,-4.93625,0.541065,2.18193,14.8746,1.4791,97,0.00241889,-6.48843,2.35877,-3.57893,-4.84845,0.566609,2.05243,10.2883,1.46322,97,0.000710884,0.194629,0.220558,0.384889,0.703132,0.160202,1.15252,5.99838,0.167708,0,0.00494963,NBA,1,Omicron,3,Boosted,0
1838_1,-6.79768,1.73972,-3.5427,-7.19647,0.782697,2.72491,12.1966,1.48685,97,0.00271518,-6.92083,1.86798,-3.54694,-6.78054,0.803048,2.60128,11.8589,1.4616,97,0.00178301,-6.90811,1.87007,-3.58138,-6.66115,0.885195,3.33068,12.7871,1.43976,97,0.000694066,0.145304,0.159442,0.348705,0.89875,0.287428,1.63831,1.86839,0.139066,0,0.00415993,NBA,1,Omicron,3,Boosted,0
455_1,-6.54876,2.2543,-3.61417,-6.1839,0.944734,1.95372,10.5858,1.43183,97,0.00226324,-6.59899,2.28726,-3.56616,-6.20402,1.03927,2.4842,11.8822,1.4667,97,0.00209521,-6.69363,2.22571,-3.58737,-6.25713,1.18927,2.33465,9.92079,1.44119,97,0.000738174,0.244066,0.200916,0.362767,0.867304,0.307662,1.50837,7.71245,0.170532,0,0.00629702,NBA,1,Omicron,3,Boosted,0
1408_1,-6.65607,2.04988,-3.50534,-5.83614,0.655139,1.94488,13.0707,1.41551,97,0.00189832,-6.73367,2.14524,-3.51781,-5.57776,0.677068,2.39717,12.9638,1.41438,97,0.00170227,-6.73161,2.10409,-3.59862,-5.3882,0.642265,2.2733,9.12505,1.42213,97,0.000775789,0.176407,0.17763,0.34251,0.91846,0.214702,1.3726,4.9803,0.147886,0,0.00269657,NBA,3,Omicron,3,Boosted,0
3047_1,-6.56634,2.29587,-3.51849,-5.90206,0.541965,1.95107,14.2718,1.42134,97,0.00337752,-6.5572,2.26212,-3.57476,-5.91373,0.528449,2.37274,13.9831,1.44925,97,0.00294315,-6.57227,2.27793,-3.58602,-5.84239,0.54338,2.19414,10.2268,1.44172,97,0.000689394,0.182683,0.177549,0.355757,0.688126,0.122592,1.43744,5.3245,0.14985,0,0.0126464,NBA,2,Omicron,3,Boosted,0
92_1,-6.96256,1.71279,-3.61828,-7.07364,0.694329,1.92089,8.55046,1.43368,97,0.00138829,-6.8972,1.66726,-3.51813,-7.23401,1.0502,2.09302,14.3295,1.44012,97,0.00250107,-7.01099,1.73439,-3.56809,-6.7756,0.87873,1.89484,10.4284,1.46143,97,0.000809699,0.172859,0.20307,0.333914,0.942463,0.7827,1.05061,8.88243,0.138209,0,0.00516344,NBA,1,Omicron,3,Boosted,0
3059_1,-6.61938,2.19971,-3.5584,-6.17676,0.975576,2.49932,15.1509,1.45896,97,0.00424634,-6.65279,2.25795,-3.576,-5.79117,0.917804,2.42605,13.5166,1.44771,97,0.00184175,-6.69359,2.21421,-3.58583,-5.75808,0.949242,2.67599,10.3605,1.46067,97,0.000682264,0.182776,0.186499,0.34676,0.851603,0.201981,1.59849,4.7591,0.143622,0,0.00462884,NBA,2,Omicron,3,Boosted,0
1823_1,-6.6212,2.16255,-3.42777,-4.68408,0.663419,2.64739,16.5059,1.42697,97,0.00147417,-6.61926,2.19787,-3.53892,-4.52075,0.626911,2.54389,16.0482,1.42312,97,0.00210797,-6.70218,2.21511,-3.57704,-4.45077,0.603866,2.20759,11.0899,1.4302,97,0.000593054,0.186091,0.208002,0.423658,0.530818,0.178175,1.59672,5.53265,0.170377,0,0.00427352,NBA,1,Omicron,3,Boosted,0
2128_1,-6.63147,2.32874,-3.79861,-4.23732,0.896305,3.67445,5.19585,1.44803,97,0.00227311,-6.61698,2.34544,-3.66508,-4.64893,1.19132,3.3706,5.32669,1.4547,97,0.0022375,-6.66864,2.33966,-3.72007,-4.37043,1.00776,3.0225,4.43637,1.4348,97,0.000677915,0.190758,0.186364,0.350533,0.973665,0.662085,2.16839,3.1524,0.174867,0,0.00575937,NBA,1,Omicron,2,Second dose,0
2545_1,-6.42154,2.53073,-3.64222,-5.34845,0.856076,2.02977,8.53828,1.5019,97,0.00233733,-6.43975,2.4939,-3.63277,-5.61421,0.973726,2.00742,9.66283,1.48644,97,0.00166416,-6.47226,2.4719,-3.61592,-5.45685,0.949056,1.87025,7.99066,1.46201,97,0.000688453,0.215424,0.221759,0.347208,0.754407,0.21764,0.999461,3.62085,0.151182,0,0.00309788,NBA,1,Omicron,2,Second dose,0
2046_1,-6.68115,2.18165,-3.54478,-3.35056,0.40517,2.05752,14.7816,1.40544,97,0.00154629,-6.70068,2.24764,-3.56892,-3.19864,0.414353,2.74173,14.9696,1.3779,97,0.00171181,-6.72016,2.18807,-3.57621,-3.37632,0.40871,2.23425,10.3846,1.40777,97,0.000725686,0.189695,0.202436,0.325562,0.579501,0.183401,1.5683,5.42962,0.131124,0,0.0025897,NBA,2,Omicron,2,Second dose,0
315_1,-6.39215,2.51665,-3.65669,-5.55114,0.825744,2.65338,9.04685,1.4784,97,0.00213939,-6.32196,2.41099,-3.64768,-5.48729,0.715485,2.5667,7.93508,1.47857,97,0.00177172,-6.43113,2.45019,-3.63378,-5.22845,0.72093,2.77329,7.7081,1.47671,97,0.00067245,0.196822,0.201834,0.340786,0.8197,0.202435,1.14013,2.62002,0.148472,0,0.00357717,NBA,2,Omicron,3,Boosted,0
534_1,-6.63724,2.06805,-3.57402,-6.27683,0.697801,2.4893,14.0607,1.41534,97,0.00312688,-6.69654,2.15752,-3.64146,-6.14616,0.734518,2.31528,12.5445,1.40248,97,0.00201831,-6.7076,2.13659,-3.61609,-5.94629,0.735323,2.20988,9.2179,1.41931,97,0.00071543,0.183981,0.182009,0.368444,0.728354,0.225114,1.53874,6.49637,0.152878,0,0.00328936,NBA,2,Omicron,3,Boosted,0
1789_1,-6.66008,2.06978,-3.60674,-5.74387,1.34183,2.05073,11.8591,1.38366,97,0.00197804,-6.80177,2.18549,-3.61865,-5.37567,1.10298,2.12078,8.82927,1.37964,97,0.0031517,-6.81406,2.1596,-3.64048,-4.7056,0.957819,1.88431,7.50639,1.38791,97,0.000713531,0.179798,0.199827,0.339493,1.06912,0.531917,1.23012,4.93432,0.147159,0,0.0108468,NBA,1,Omicron,3,Boosted,0
2947_2,-6.55328,2.54573,-3.60791,-2.99683,0.888165,2.84994,7.07536,1.52341,97,0.00158729,-6.5869,2.50318,-3.64025,-2.97921,0.79689,3.13782,5.95257,1.4806,97,0.00227406,-6.6362,2.43924,-3.66421,-3.06821,0.701166,2.97294,4.87727,1.44822,97,0.000758572,0.198168,0.245465,0.37217,0.620256,0.391269,1.85881,3.71086,0.17205,0,0.00552192,NBA,1,Omicron,2,Second dose,0
2017_1,-6.53444,2.31475,-3.55939,-5.73008,0.672759,2.45412,11.4476,1.45592,97,0.00185305,-6.50748,2.30476,-3.53177,-5.4989,0.598987,2.58246,11.6764,1.45656,97,0.00175029,-6.54282,2.28542,-3.58858,-5.49322,0.586087,2.28121,10.5443,1.4559,97,0.00069043,0.206677,0.197313,0.345572,0.764437,0.241811,1.46979,5.29221,0.140595,0,0.00262186,NBA,1,Omicron,3,Boosted,0
2995_2,-6.39186,2.43111,-3.5259,-3.46826,0.389013,2.31528,13.5458,1.51123,97,0.00185347,-6.468,2.44394,-3.51705,-3.53988,0.408939,2.57288,15.0397,1.49099,97,0.00259658,-6.50405,2.39128,-3.58357,-3.62071,0.39757,2.26278,9.64191,1.4776,97,0.000714052,0.212692,0.208659,0.354211,0.487332,0.135032,1.51128,6.10063,0.156823,0,0.00531814,NBA,1,Omicron,3,Boosted,0
1864_1,-6.71698,2.04025,-3.57401,-5.58808,0.725286,2.435,12.8676,1.41446,97,0.0016019,-6.68037,2.02434,-3.48466,-5.77253,0.736706,2.38025,14.9674,1.40029,97,0.00137681,-6.77924,2.07773,-3.59216,-5.38298,0.743937,2.42026,9.82753,1.44383,97,0.000714312,0.193059,0.18259,0.362163,1.03143,0.245758,1.42595,6.66323,0.141105,0,0.00287832,NBA,3,Omicron,3,Boosted,0
109_1,-6.64134,2.176,-3.79161,-5.58628,0.612976,2.75132,7.5724,1.43381,97,0.00449551,-6.63907,2.17862,-3.58491,-5.76643,0.685882,3.02065,7.85762,1.43923,97,0.00123909,-6.63574,2.18833,-3.62653,-5.42969,0.637396,2.83714,7.75764,1.44022,97,0.000695611,0.195188,0.173189,0.332057,1.11213,0.246026,1.69168,0.894371,0.154938,0,0.00234098,NBA,1,Delta,2,Second dose,0
3038_2,-6.71839,2.12227,-3.67584,-5.02514,0.857067,2.75895,4.19272,1.36341,97,0.00170419,-6.73847,2.12561,-3.67941,-5.20907,1.11044,2.9897,5.15223,1.39562,97,0.00152532,-6.78524,2.17737,-3.68523,-4.56857,0.852889,2.81996,4.53363,1.38768,97,0.000656506,0.179011,0.205368,0.353507,1.15736,0.75956,1.36909,2.89527,0.142472,0,0.00242178,NBA,1,Omicron,3,Boosted,0
2337_1,-6.60903,1.97579,-3.58472,-6.58109,0.409113,2.29748,15.2367,1.38373,97,0.00121916,-6.71277,2.07944,-3.5582,-6.33093,0.442929,2.30386,16.8128,1.37978,97,0.00226597,-6.71884,2.08093,-3.56401,-6.15984,0.450572,2.11584,12.227,1.38426,97,0.000698275,0.185883,0.153981,0.358356,0.700028,0.109025,1.44045,5.61076,0.137345,0,0.00579257,NBA,2,Omicron,3,Boosted,0
1719_1,-6.6956,2.18439,-3.56939,-2.88691,0.365876,2.46494,14.5461,1.38871,97,0.00123744,-6.68939,2.30116,-3.53384,-2.77243,0.392046,2.50782,15.2655,1.41107,97,0.00204844,-6.78768,2.17759,-3.58181,-3.12593,0.417542,2.14022,10.2704,1.4182,97,0.000717303,0.231721,0.220218,0.308359,0.600776,0.142138,1.60879,6.09871,0.152421,0,0.003861,NBA,1,Omicron,2,Second dose,0
911_1,-6.79933,1.87216,-3.6127,-6.09284,0.536914,4.57086,9.31454,1.42471,97,0.00308946,-6.81504,1.88946,-3.55028,-6.0813,0.522495,4.3779,9.24175,1.4253,97,0.0021747,-6.8425,1.90273,-3.59639,-5.73065,0.463907,4.12364,9.3439,1.41706,97,0.000718739,0.205351,0.19176,0.331635,0.740628,0.2304,2.11685,0.536701,0.170504,0,0.00516439,NBA,2,Omicron,3,Boosted,0
1911_1,-6.5399,2.4963,-3.50262,-3.42483,0.664508,2.67766,11.6413,1.43272,97,0.00122034,-6.53916,2.48341,-3.62399,-3.43413,0.656918,2.40651,11.8056,1.45606,97,0.00166862,-6.58525,2.42428,-3.5894,-3.55043,0.661921,2.24306,10.2885,1.46638,97,0.000708679,0.20183,0.214484,0.350473,0.479475,0.253903,1.56187,5.7767,0.145724,0,0.00287206,NBA,1,Omicron,2,Second dose,0
1176_1,-6.44885,2.40689,-3.57127,-3.98852,0.406711,2.42891,13.7534,1.48087,97,0.00155641,-6.49619,2.40994,-3.53235,-4.01844,0.429112,2.35631,15.7059,1.47278,97,0.0021504,-6.50031,2.3374,-3.58797,-4.1298,0.402488,2.17491,9.66565,1.47274,97,0.000664791,0.213202,0.186485,0.292578,0.463212,0.123378,1.41744,5.60846,0.150191,0,0.00566999,NBA,2,Omicron,3,Boosted,0
2229_2,-6.4376,2.35154,-3.71175,-4.35377,0.770385,2.88464,9.91842,1.50175,97,0.00190324,-6.52274,2.42884,-3.60336,-4.42063,0.866228,2.4903,9.77865,1.44477,97,0.00184673,-6.5911,2.39174,-3.63848,-4.37736,0.853001,2.35621,8.92644,1.48693,97,0.00069763,0.21862,0.209867,0.352655,0.78453,0.222982,1.54956,5.59462,0.154888,0,0.00303689,NBA,1,Omicron,2,Second dose,0
106_1,-6.48503,2.44189,-3.63916,-4.31089,0.563501,2.79853,6.93381,1.50698,97,0.00105213,-6.47853,2.37541,-3.68047,-4.64442,0.60414,2.63804,6.94436,1.46873,97,0.0020824,-6.50726,2.34334,-3.64353,-4.35998,0.498119,2.26258,6.6192,1.45048,97,0.000716657,0.162631,0.175152,0.333355,0.762877,0.223391,1.12429,0.891251,0.148111,0,0.00366241,NBA,2,Omicron,3,Boosted,0
2798_1,-6.51307,2.35816,-3.56291,-5.53857,1.58798,2.45168,12.4229,1.42542,97,0.00145655,-6.54867,2.3949,-3.59172,-5.24926,1.473,2.27198,11.4304,1.46185,97,0.00216944,-6.61506,2.42173,-3.62444,-4.91368,1.60968,1.54806,8.0428,1.40881,97,0.000964609,0.219981,0.210752,0.357543,1.1018,0.523045,1.35773,7.50254,0.142389,0,0.00506744,NBA,2,Omicron,3,Boosted,0
2058_1,-6.59655,2.61234,-3.60623,-2.49877,0.975591,2.70241,12.0028,1.47026,97,0.00174726,-6.61135,2.58181,-3.45524,-2.64842,1.02766,2.40918,13.167,1.49681,97,0.00194351,-6.61696,2.5738,-3.5617,-2.62688,0.998708,2.10223,10.415,1.47288,97,0.000734154,0.206927,0.23443,0.365207,0.481321,0.243565,1.53031,5.91312,0.149706,0,0.00355534,NBA,2,Omicron,2,Second dose,0
498_1,-6.65372,2.22856,-3.58928,-4.58801,0.727226,2.84307,8.71669,1.42099,97,0.00181871,-6.66852,2.26445,-3.62541,-4.18217,0.600279,2.21207,7.40329,1.40838,97,0.00173324,-6.68682,2.20126,-3.63347,-4.2691,0.545406,2.07332,7.00797,1.41916,97,0.000737801,0.175625,0.211453,0.336715,0.691027,0.265043,1.0026,1.73579,0.138984,0,0.0034769,NBA,2,Omicron,3,Boosted,0
1806_1,-6.95494,1.708,-3.56965,-7.49622,1.7362,2.69469,9.30269,1.47059,97,0.00172697,-7.0987,1.73337,-3.61616,-6.70324,1.1338,2.46925,11.1632,1.50141,97,0.00193277,-7.11622,1.72123,-3.5889,-6.54239,1.00831,2.25775,9.94216,1.47898,97,0.000770066,0.143001,0.157043,0.356933,0.991867,0.529181,1.29972,4.76422,0.170281,0,0.0026791,NBA,1,Omicron,3,Boosted,0
12_1,-6.53192,2.47441,-3.4201,-3.5845,0.387159,2.29115,15.0903,1.48228,97,0.00130248,-6.43546,2.39146,-3.52388,-3.77619,0.430796,2.55188,15.0566,1.47038,97,0.00144664,-6.53222,2.35006,-3.56983,-3.87269,0.416387,2.22253,10.4415,1.46433,97,0.000707347,0.235185,0.231209,0.355357,0.495946,0.129632,1.53641,5.08251,0.149834,0,0.00280662,NBA,1,Omicron,3,Boosted,0
1416_1,-6.48389,2.48848,-3.55606,-4.41392,1.3092,2.32702,10.8864,1.45612,97,0.00198447,-6.49891,2.49627,-3.57904,-4.57225,1.40356,2.53199,12.5994,1.48885,97,0.00170786,-6.58386,2.47804,-3.58052,-4.51706,1.41282,2.1798,10.4671,1.45498,97,0.000700142,0.201988,0.229354,0.345279,0.846357,0.256342,1.53276,4.29595,0.137555,0,0.00317571,NBA,2,Omicron,3,Boosted,0
586_1,-6.44291,2.52785,-3.45634,-5.00472,0.894318,2.80863,16.8934,1.50192,97,0.00142516,-6.34668,2.45992,-3.58044,-5.23868,0.892155,2.48438,14.1993,1.49867,97,0.00203809,-6.44951,2.473,-3.56721,-4.94073,0.874677,2.23735,10.3562,1.48497,97,0.000663466,0.232707,0.213562,0.359294,0.825526,0.177415,1.36713,4.35703,0.174283,0,0.00418691,NBA,1,Delta,2,Second dose,0
568_1,-6.67988,2.17681,-3.5119,-5.04598,0.864802,2.15396,11.8271,1.3936,97,0.00112548,-6.69979,2.22242,-3.56888,-4.81274,0.79749,2.40774,12.4556,1.4087,97,0.00126847,-6.74026,2.2152,-3.5872,-4.5894,0.738455,2.10418,10.3569,1.42373,97,0.000652372,0.188019,0.183595,0.370019,0.833324,0.303516,1.64193,5.83555,0.142223,0,0.002459,NBA,2,Omicron,3,Boosted,0
171_1,-6.41512,2.32964,-3.56627,-5.17012,0.441666,2.87341,17.3816,1.46374,97,0.00193448,-6.42516,2.32348,-3.5827,-5.52625,0.499046,2.43808,15.6884,1.47971,97,0.00184673,-6.48635,2.328,-3.5574,-5.32284,0.503173,2.18335,11.7992,1.46181,97,0.000666527,0.17412,0.184354,0.349351,0.703328,0.101316,1.59485,4.87616,0.151663,0,0.00287644,NBA,2,Omicron,3,Boosted,0
444_1,-6.5712,2.35472,-3.63639,-5.89667,1.13665,2.22939,14.0182,1.44832,97,0.00143574,-6.50485,2.30733,-3.54119,-5.79701,1.09288,2.25037,13.7983,1.45886,97,0.00188564,-6.58407,2.33372,-3.60517,-5.39028,1.0688,1.92909,9.95104,1.47134,97,0.00075599,0.180462,0.183899,0.327082,0.898504,0.202948,1.77512,8.04341,0.171405,0,0.00371232,NBA,2,Delta,2,Second dose,0
96_1,-6.83891,2.02226,-3.6227,-6.41441,0.852044,1.50975,7.63847,1.45864,97,0.00137382,-6.86023,2.08437,-3.54844,-6.64109,1.22638,2.21853,14.0597,1.42656,97,0.00236779,-6.84348,2.06915,-3.59013,-6.73574,1.44732,2.02682,10.4492,1.4512,97,0.000714452,0.148464,0.164397,0.290794,0.879857,0.38774,1.33219,7.72644,0.139797,0,0.00387518,NBA,1,Delta,2,Second dose,0
2530_1,-6.58456,2.2822,-3.51327,-5.54583,0.83103,2.07236,14.8676,1.4691,97,0.00164763,-6.60109,2.31459,-3.53507,-5.49597,0.803482,2.20297,14.9373,1.46922,97,0.00151327,-6.5956,2.28398,-3.58694,-5.4386,0.852888,2.1393,10.2997,1.44667,97,0.000709609,0.222196,0.206839,0.324755,0.884521,0.202451,1.2628,6.12757,0.14351,0,0.00276741,NBA,2,Omicron,3,Boosted,0
343_1,-6.63613,2.17806,-3.65767,-6.15119,0.840891,2.90799,7.43731,1.46354,97,0.00300673,-6.65213,2.18235,-3.63248,-6.06453,0.847213,3.16284,7.57365,1.44552,97,0.00212808,-6.62306,2.23318,-3.62465,-5.59433,0.795727,3.01957,7.95705,1.44952,97,0.000711754,0.201309,0.179167,0.384701,0.713181,0.303063,1.80872,1.38521,0.137463,0,0.0054457,NBA,1,Omicron,2,Second dose,0
2345_1,-6.58854,2.20455,-3.55382,-5.09602,0.477081,2.46658,14.5792,1.42658,97,0.00245011,-6.55487,2.13177,-3.56354,-5.10956,0.494734,2.27166,14.3474,1.41276,97,0.00191221,-6.60813,2.20811,-3.60011,-4.84114,0.459891,2.03851,9.58281,1.41682,97,0.000724859,0.177353,0.182977,0.323599,0.69573,0.154116,1.18175,5.76789,0.151598,0,0.00322024,NBA,1,Omicron,3,Boosted,0
2187_1,-6.28169,2.39128,-3.61978,-5.55686,0.527909,2.39164,12.3103,1.49481,97,0.00136938,-6.37569,2.47187,-3.53863,-5.44408,0.555298,2.25069,12.7259,1.50641,97,0.00195119,-6.4237,2.45382,-3.62699,-5.36459,0.536498,1.98468,9.74479,1.50475,97,0.000619868,0.186213,0.192875,0.366027,0.622154,0.131817,1.44705,5.10612,0.164162,0,0.00412957,NBA,2,Omicron,3,Boosted,0
1947_1,-6.68842,2.22182,-3.66997,-6.02618,1.05864,2.40888,6.03491,1.40437,97,0.00138746,-6.69248,2.2232,-3.7744,-6.04219,1.1059,2.39127,6.03504,1.43864,97,0.00284689,-6.68269,2.21798,-3.6868,-5.98954,0.978679,2.30719,4.7461,1.43598,97,0.000663319,0.194904,0.206939,0.343521,0.807428,0.496251,0.936791,3.50037,0.151904,0,0.00553268,NBA,2,Delta,1,First dose,0
1947_2,-6.65457,2.20656,-3.69339,-6.32122,0.866227,4.24336,4.07852,1.474,97,0.00196813,-6.62174,2.19481,-3.66443,-6.38284,0.931612,4.3649,4.18889,1.47089,97,0.00163048,-6.65606,2.20396,-3.71944,-6.03407,0.847561,4.66439,4.18603,1.42762,97,0.000739206,0.165499,0.188424,0.377301,0.905352,0.399983,1.62381,0.860895,0.153198,0,0.00258348,NBA,2,Omicron,1,First dose,0
2731_1,-6.47087,2.59226,-3.68767,-4.89324,1.48591,2.36357,7.9144,1.52582,97,0.00160907,-6.42441,2.55465,-3.62721,-5.22372,1.65923,2.58855,11.0855,1.48599,97,0.00248484,-6.48306,2.55558,-3.60038,-5.1045,1.88757,2.18034,10.0445,1.47811,97,0.000687628,0.233971,0.214827,0.349902,1.14264,0.4304,1.52825,7.4839,0.154615,0,0.00552188,NBA,2,Omicron,2,Second dose,0
2401_1,-6.55772,2.19192,-3.65763,-6.05527,0.939899,2.07114,8.45539,1.47087,97,0.00232623,-6.54241,2.20945,-3.61247,-6.11089,0.970552,2.54162,9.22186,1.46743,97,0.00115111,-6.59782,2.28379,-3.63172,-5.45105,0.920662,3.09583,8.75381,1.44987,97,0.000733239,0.205479,0.202092,0.378038,0.831341,0.299458,1.52077,3.553,0.154626,0,0.00176898,NBA,1,Omicron,3,Boosted,0
1954_1,-6.41186,2.54784,-3.58443,-5.65045,1.59601,2.33167,11.1187,1.51204,97,0.00142683,-6.37084,2.53789,-3.56991,-5.76084,1.67634,2.38676,11.4081,1.45281,97,0.00145466,-6.46547,2.54801,-3.59561,-5.75977,1.89215,1.9874,10.2069,1.47097,97,0.000702483,0.182838,0.21377,0.351989,1.11153,0.414181,1.41171,6.1224,0.15063,0,0.00195186,NBA,2,Delta,2,Second dose,0
162_1,-6.55367,2.34004,-3.69634,-5.46522,1.33398,2.33816,8.6296,1.45269,97,0.00270019,-6.60072,2.43386,-3.64814,-4.72304,1.24135,2.25968,7.76839,1.46035,97,0.00145638,-6.62498,2.37403,-3.6709,-4.65024,1.09289,2.12521,5.19652,1.46391,97,0.000769599,0.196486,0.203237,0.344015,1.11669,0.666911,1.0833,4.83704,0.141329,0,0.00205213,NBA,1,Omicron,3,Boosted,0
2664_1,-6.57804,2.34625,-3.65256,-4.44579,0.70773,2.25409,11.898,1.47168,97,0.00179095,-6.54116,2.37055,-3.62247,-4.2659,0.687097,2.38803,11.6205,1.47107,97,0.00192191,-6.61066,2.34073,-3.59619,-4.36033,0.756084,2.29922,10.2735,1.44475,97,0.000683177,0.190994,0.21772,0.361575,0.865903,0.269996,1.62002,5.09105,0.158688,0,0.00318053,NBA,1,Omicron,3,Boosted,0
2400_1,-6.51605,2.22298,-3.52577,-4.49613,0.293118,2.24029,15.2058,1.47369,97,0.0014061,-6.51676,2.16431,-3.50148,-4.73965,0.333386,2.44974,15.5896,1.46474,97,0.00208043,-6.55852,2.1875,-3.58304,-4.58156,0.300847,2.23604,10.4912,1.45032,97,0.000716996,0.197304,0.208415,0.345136,0.623206,0.103545,1.3322,5.27473,0.131585,0,0.00372272,NBA,2,Omicron,3,Boosted,0
1287_1,-6.47091,2.28499,-3.55654,-6.14248,0.664913,2.67439,13.8639,1.47388,97,0.00169304,-6.50179,2.29915,-3.57357,-5.88688,0.636344,2.17962,12.7111,1.46022,97,0.00187534,-6.53985,2.33436,-3.60026,-5.7463,0.680686,2.22889,9.22833,1.44963,97,0.000711414,0.197533,0.180122,0.369999,0.750191,0.155843,1.19752,6.4549,0.15518,0,0.00327161,NBA,1,Omicron,2,Second dose,0
152_1,-6.61191,2.3235,-3.60312,-6.14866,0.696716,2.07154,7.08476,1.41496,97,0.00148066,-6.58062,2.25729,-3.62927,-6.08031,0.644916,2.09792,7.03545,1.414,97,0.00190431,-6.61526,2.28656,-3.65799,-6.00759,0.636174,1.88081,6.69162,1.43186,97,0.000721795,0.208644,0.2149,0.339409,0.683594,0.203377,0.837105,1.2727,0.154847,0,0.00303786,NBA,1,Omicron,2,Second dose,0
2080_1,-6.96212,1.75837,-3.69841,-7.15578,0.696337,1.99984,9.80831,1.51407,97,0.00101858,-6.97481,1.79185,-3.67406,-7.03265,0.790409,2.25008,10.29,1.52274,97,0.00237161,-6.98473,1.78474,-3.58828,-6.70999,0.657433,1.94148,9.95057,1.48029,97,0.000704874,0.134427,0.160161,0.365319,0.855975,0.361551,0.825603,1.11968,0.201558,0,0.00480057,NBA,3,Omicron,3,Boosted,0
2833_1,-6.56635,2.46772,-3.43684,-3.04196,0.591478,2.46291,12.8589,1.44106,97,0.00188309,-6.62597,2.5048,-3.54419,-3.10856,0.644082,2.59351,12.1969,1.45385,97,0.00217999,-6.6259,2.38514,-3.58637,-3.22611,0.582929,2.26922,10.2936,1.45595,97,0.000690495,0.237138,0.280932,0.336297,0.715466,0.298132,1.46328,5.52405,0.175756,0,0.00434085,NBA,1,Delta,2,Second dose,0
1897_1,-6.64364,1.9829,-3.66157,-6.36688,0.661744,2.86109,8.7501,1.42854,97,0.00171267,-6.66987,2.01141,-3.57341,-6.43242,0.697027,3.5695,9.18095,1.43005,97,0.0015261,-6.73885,2.06972,-3.60081,-5.79693,0.666683,3.42113,9.34263,1.42779,97,0.000696951,0.185099,0.184482,0.340192,0.970574,0.205485,2.02216,1.51358,0.128389,0,0.00256633,NBA,1,Delta,2,Second dose,0
284_1,-6.66624,2.1566,-3.59681,-6.59009,0.615821,1.98646,11.707,1.42014,97,0.0013771,-6.74686,2.21168,-3.54668,-6.42642,0.674321,2.22955,12.1013,1.42412,97,0.00140421,-6.76002,2.19444,-3.60047,-6.37267,0.701721,2.14906,9.04518,1.4294,97,0.000732147,0.187834,0.184511,0.360996,0.589519,0.195632,1.30578,5.05196,0.142311,0,0.00180904,NBA,2,Omicron,3,Boosted,0
255_1,-6.66746,2.00924,-3.46067,-6.31314,0.505973,2.31837,17.0703,1.45741,97,0.00186303,-6.7365,2.07102,-3.54402,-6.26886,0.543949,2.3433,16.0096,1.47778,97,0.00195327,-6.73857,2.04726,-3.56543,-6.14991,0.524349,2.08634,11.217,1.45714,97,0.000667563,0.156149,0.157813,0.330948,0.657811,0.116598,1.62265,6.54654,0.166597,0,0.00333702,NBA,3,Omicron,3,Boosted,0
1981_1,-6.82042,2.03903,-3.6376,-6.21864,0.86006,4.3414,7.46314,1.43452,97,0.00328466,-6.81942,2.01035,-3.59088,-6.28257,0.765726,4.14788,7.36337,1.45013,97,0.00185842,-6.7985,2.00233,-3.62653,-5.96382,0.701642,4.72544,7.56648,1.43714,97,0.000714344,0.181888,0.196441,0.382917,0.957718,0.332877,1.49955,1.02167,0.16212,0,0.00411944,NBA,2,Omicron,3,Boosted,0
2144_1,-6.88606,1.96057,-3.58274,-5.44668,0.883838,2.06714,11.9834,1.50167,97,0.00246319,-6.85081,1.9184,-3.6007,-5.60678,0.857402,2.29752,14.2142,1.48447,97,0.00157779,-6.93408,1.96622,-3.57858,-5.12333,0.758546,2.00589,9.85363,1.45797,97,0.000650876,0.186918,0.192825,0.35773,1.08121,0.466718,1.87601,6.32661,0.171532,0,0.0029898,NBA,1,Omicron,3,Boosted,0
2892_1,-6.99699,2.00858,-3.69278,-4.81096,0.617935,5.00535,4.49485,1.41183,97,0.00105802,-6.89286,1.97035,-3.69781,-4.54804,0.590146,5.04093,4.65221,1.43997,97,0.00210279,-6.95136,1.90304,-3.67941,-4.87786,0.540988,5.24447,4.66447,1.42305,97,0.000704596,0.181482,0.184154,0.35501,0.784447,0.349177,1.99069,0.591154,0.163304,0,0.00381269,NBA,2,Omicron,3,Boosted,0
1971_1,-7.03662,1.94773,-3.52315,-7.04369,0.724305,2.65123,16.4436,1.42464,97,0.00195751,-7.035,1.95102,-3.57157,-6.9521,0.687746,2.15637,15.0444,1.43255,97,0.00230411,-6.98406,1.88355,-3.57459,-6.85825,0.625453,1.95055,11.4613,1.43345,97,0.000708898,0.17391,0.184679,0.411278,0.669677,0.242727,1.15077,4.8035,0.139214,0,0.00914921,NBA,1,Omicron,2,Second dose,0
2079_1,-6.76715,2.0827,-3.57281,-5.22597,0.792033,2.05082,14.7663,1.45477,97,0.00175397,-6.81568,2.15578,-3.56151,-5.1574,0.835638,2.26775,13.8761,1.42345,97,0.00186176,-6.80149,2.11156,-3.58138,-5.1067,0.856138,2.28589,10.5031,1.4183,97,0.000677687,0.186296,0.18686,0.370239,0.816983,0.259591,1.41471,5.49241,0.153597,0,0.00570471,NBA,1,Omicron,3,Boosted,0
2532_1,-6.99028,1.84107,-3.61853,-6.53571,0.9376,4.59453,7.13171,1.49137,97,0.00290517,-6.92091,1.77308,-3.65351,-6.6253,0.962225,4.47214,7.15671,1.47805,97,0.00227442,-6.94669,1.77639,-3.63557,-6.37118,0.810662,3.66131,6.98176,1.47203,97,0.000696761,0.157657,0.167115,0.351614,0.924415,0.543206,2.09733,0.579142,0.147842,0,0.0039581,NBA,1,Omicron,2,Second dose,0
2523_1,-6.89214,2.11769,-3.58901,-6.7362,1.0528,2.67511,14.7625,1.42711,97,0.00131797,-6.83261,2.06514,-3.56497,-6.7878,0.900475,2.13683,12.7201,1.43694,97,0.0024056,-6.84196,2.06945,-3.62888,-6.51,0.835039,1.90428,8.27873,1.41882,97,0.000675223,0.180018,0.193946,0.35368,0.769619,0.326212,1.30894,10.2767,0.152281,0,0.0054056,NBA,2,Delta,2,Second dose,0
2811_1,-6.54229,2.25652,-3.61188,-5.81146,0.428985,1.93979,13.305,1.42317,97,0.00264409,-6.55781,2.28348,-3.524,-6.05171,0.489839,1.96816,14.9959,1.41201,97,0.0022969,-6.53928,2.28658,-3.59315,-5.68995,0.403191,1.66445,10.5076,1.40781,97,0.000754876,0.204418,0.205904,0.376025,0.755666,0.109029,1.11493,5.41445,0.143268,0,0.00612556,NBA,1,Omicron,3,Boosted,0
1002_2,-6.98384,2.13062,-3.62326,-4.44977,1.07079,2.68197,9.34455,1.45743,97,0.00267937,-6.89271,2.05015,-3.66954,-4.7859,0.927633,2.19819,7.30281,1.41987,97,0.00262678,-6.92263,2.04509,-3.65906,-4.47658,0.756873,2.02739,5.94581,1.42018,97,0.000790845,0.165457,0.17786,0.326889,0.831238,0.636967,1.09222,4.69648,0.150083,0,0.0106579,NBA,1,Omicron,3,Boosted,0
495_1,-6.46342,2.25759,-3.56673,-5.74932,0.709036,2.2665,14.3472,1.41678,97,0.00174495,-6.47597,2.32326,-3.59083,-5.51162,0.693837,2.12035,12.757,1.39173,97,0.00176435,-6.51578,2.34357,-3.57808,-5.3557,0.766209,2.08174,10.3213,1.40588,97,0.000671276,0.205813,0.233659,0.345973,0.83736,0.17848,1.22711,5.30886,0.128904,0,0.00276077,NBA,2,Omicron,3,Boosted,0
2772_1,-6.44687,2.46452,-3.60244,-5.75463,0.673563,2.35257,11.6377,1.4829,97,0.00216378,-6.43181,2.46688,-3.57755,-5.71837,0.67022,2.3406,11.3587,1.47989,97,0.00164214,-6.47986,2.41423,-3.60964,-5.65934,0.634924,1.94518,8.15479,1.45729,97,0.00072513,0.19553,0.217302,0.373984,0.819506,0.156684,1.68703,5.38024,0.169024,0,0.0028578,NBA,2,Delta,2,Second dose,0
1301_1,-6.60675,2.31461,-3.60569,-4.36442,0.906003,2.58816,7.8808,1.37156,97,0.00356731,-6.64805,2.28453,-3.70274,-4.61792,1.0051,2.69444,8.08734,1.42848,97,0.00183877,-6.67737,2.32012,-3.63869,-4.2813,0.912361,2.4234,6.50575,1.40282,97,0.000700436,0.207896,0.231506,0.339581,1.01074,0.408254,1.54502,4.85653,0.138525,0,0.00313007,NBA,2,Omicron,3,Boosted,0
710_1,-6.88488,1.92297,-3.49951,-5.69137,0.500243,3.35487,12.2926,1.40975,97,0.00260251,-6.81884,1.87459,-3.65154,-5.7508,0.488947,3.65971,12.2586,1.44443,97,0.0017765,-6.85784,1.89729,-3.56163,-5.51617,0.453399,3.34476,12.249,1.43103,97,0.000640662,0.170798,0.158088,0.339567,0.788606,0.171125,1.91842,0.674871,0.16998,0,0.00259841,NBA,2,Omicron,3,Boosted,0
2957_1,-6.36939,2.50003,-3.64973,-5.53126,0.924275,2.1665,13.0166,1.47102,97,0.00148277,-6.43621,2.51863,-3.59781,-5.75713,0.975645,2.19374,13.8752,1.4971,97,0.00177567,-6.44946,2.46969,-3.6136,-5.53218,0.953292,2.00932,9.21942,1.47849,97,0.000673212,0.188863,0.242555,0.386014,0.859542,0.20445,1.38014,7.30553,0.168456,0,0.00293593,NBA,3,Omicron,3,Boosted,0
980_1,-6.55707,2.07102,-3.54914,-5.7871,0.59716,2.62938,14.9596,1.43079,97,0.00130588,-6.60582,2.15248,-3.58739,-5.72311,0.610307,2.24167,13.8669,1.42101,97,0.00227596,-6.64383,2.17739,-3.57325,-5.37428,0.607568,2.13623,11.4824,1.41851,97,0.000758842,0.216779,0.237046,0.366474,0.908675,0.140437,1.27333,5.02075,0.148498,0,0.00407463,NBA,2,Omicron,3,Boosted,0
2272_1,-6.71992,2.11117,-3.45282,-5.40189,0.556947,2.53284,13.3846,1.42596,97,0.00177723,-6.66495,2.0954,-3.57117,-5.11272,0.488127,2.41093,14.2189,1.43157,97,0.00228701,-6.67254,2.08482,-3.58582,-4.89143,0.412867,2.17396,9.00223,1.42472,97,0.000650844,0.198904,0.221988,0.283993,1.0272,0.22799,1.40445,5.82433,0.169595,0,0.0043818,NBA,2,Omicron,3,Boosted,0
1842_1,-6.68395,2.33504,-3.64427,-5.2184,0.965674,2.37039,7.62574,1.45685,97,0.00130384,-6.58734,2.25911,-3.65353,-5.41863,0.957066,2.59862,7.2558,1.43118,97,0.00175373,-6.64505,2.27322,-3.63685,-4.90894,0.85937,2.42649,6.48735,1.43661,97,0.000778783,0.19206,0.193426,0.334597,0.983659,0.407678,1.37236,4.0734,0.161574,0,0.00363709,NBA,1,Omicron,3,Boosted,0
2453_1,-6.54937,2.31955,-3.54351,-4.79606,0.612943,2.56951,15.3881,1.50969,97,0.00241217,-6.5259,2.3584,-3.57372,-4.51479,0.571285,2.37866,15.5303,1.47308,97,0.00128921,-6.56624,2.30722,-3.59307,-4.56794,0.55837,2.24539,9.78456,1.46704,97,0.000722427,0.196438,0.227989,0.325751,0.651844,0.15365,1.22264,5.64531,0.163662,0,0.00179262,NBA,2,Omicron,3,Boosted,0
2904_1,-6.80249,1.97503,-3.60586,-6.6753,0.622035,2.31509,14.2475,1.43519,97,0.00224648,-6.8602,2.06157,-3.57066,-6.55712,0.616958,2.03272,13.6474,1.37851,97,0.00208991,-6.8164,1.97856,-3.60657,-6.40504,0.512221,1.76708,9.00655,1.40749,97,0.000716047,0.168095,0.164106,0.334821,0.685238,0.169862,1.21115,5.74975,0.139878,0,0.00387991,NBA,2,Omicron,3,Boosted,0
2236_2,-6.6383,2.25379,-3.59643,-5.08794,0.872993,2.35462,6.04838,1.41203,97,0.00223045,-6.62578,2.24864,-3.6747,-5.92479,1.31931,2.48267,8.07195,1.38814,97,0.00123782,-6.61542,2.21907,-3.65998,-5.69788,1.24211,2.23233,5.76865,1.41948,97,0.000846937,0.160815,0.166003,0.339899,1.12567,0.468029,1.60807,4.77666,0.14095,0,0.00164278,NBA,2,Omicron,3,Boosted,0
157_1,-6.63922,2.13479,-3.56854,-5.18109,0.677151,2.75232,10.2191,1.41536,97,0.00237782,-6.66238,2.14031,-3.5933,-4.82699,0.610439,2.50438,10.3442,1.42348,97,0.00205537,-6.71828,2.17473,-3.60117,-4.50421,0.553159,2.21475,9.67669,1.41553,97,0.000674595,0.169375,0.191103,0.364512,0.871395,0.24695,1.45959,2.91864,0.133924,0,0.00321624,NBA,2,Omicron,3,Boosted,0
1013_1,-6.48081,2.5017,-3.6733,-4.15723,0.874925,2.47891,6.94488,1.4607,97,0.00214582,-6.52504,2.51296,-3.61771,-4.27186,0.973342,2.25476,8.36861,1.47763,97,0.00271714,-6.54277,2.45204,-3.65245,-4.21536,0.910259,2.10761,6.9361,1.45823,97,0.000780929,0.198761,0.207926,0.356377,0.781673,0.333444,1.37902,4.36339,0.162622,0,0.0042405,NBA,2,Omicron,3,Boosted,0
2907_1,-6.40992,2.43994,-3.51903,-5.44083,0.64525,2.44173,13.9555,1.47457,97,0.00188744,-6.40055,2.42395,-3.51686,-5.42914,0.657813,2.2021,14.9953,1.50875,97,0.00234291,-6.45812,2.4124,-3.58558,-5.33549,0.701557,2.17318,10.3302,1.46796,97,0.000712042,0.202404,0.2237,0.368078,0.738091,0.149081,1.15543,6.3551,0.16248,0,0.00521723,NBA,2,Omicron,3,Boosted,0
248_1,-6.71998,2.11904,-3.66972,-4.59915,0.770522,2.69937,6.06349,1.43516,97,0.00261421,-6.85973,1.99756,-3.74846,-5.04634,0.749838,2.42478,5.56518,1.40793,97,0.00185549,-6.93151,1.97832,-3.65987,-4.77577,0.656516,2.27272,5.6967,1.41443,97,0.00068374,0.178247,0.184568,0.365156,0.877091,0.384151,0.998592,2.21444,0.145313,0,0.00414351,NBA,2,Omicron,3,Boosted,0
2359_1,-6.76865,2.28096,-3.80785,-4.16672,1.08086,3.06665,6.61039,1.37649,97,0.00268093,-6.70231,2.1361,-3.78387,-4.35875,0.873119,3.87011,5.05985,1.41786,97,0.00207767,-6.78312,2.20332,-3.7015,-3.97509,0.66693,3.4136,4.19727,1.42306,97,0.000678206,0.218803,0.243319,0.357067,0.976589,0.657973,2.41232,2.78313,0.137801,0,0.00637753,NBA,2,Omicron,3,Boosted,0
2311_1,-6.66735,2.22358,-3.55011,-4.74781,0.635124,2.4776,14.7951,1.39579,97,0.00189221,-6.65837,2.23585,-3.51802,-4.5236,0.584971,2.39964,14.7816,1.37283,97,0.00171403,-6.69904,2.19274,-3.57459,-4.52154,0.575553,2.19771,10.4271,1.42344,97,0.000711852,0.219672,0.204506,0.380254,0.702502,0.197932,1.47772,5.90677,0.139209,0,0.00479053,NBA,2,Omicron,3,Boosted,0
3010_1,-6.6611,1.97529,-3.65461,-6.62011,1.00127,2.12225,8.31232,1.44295,97,0.00161315,-6.76341,2.0995,-3.60237,-6.47122,1.15227,2.30925,8.58302,1.42219,97,0.00213018,-6.7733,2.09623,-3.63299,-6.09405,1.06515,2.0455,7.43382,1.4297,97,0.000687642,0.191377,0.208354,0.350053,0.895789,0.421495,1.35589,4.14584,0.124902,0,0.0030835,NBA,1,Omicron,2,Second dose,0
2415_1,-6.67567,2.07037,-3.64832,-6.19405,0.916627,2.47029,15.9579,1.38758,97,0.00178654,-6.71986,2.12309,-3.53209,-6.18683,0.937639,2.51526,16.5017,1.38844,97,0.00199877,-6.73472,2.11711,-3.59005,-5.80753,0.904249,2.14708,10.4673,1.39957,97,0.000640531,0.174117,0.184993,0.375886,0.944115,0.218857,1.54543,8.16937,0.142945,0,0.00388517,NBA,1,Delta,2,Second dose,0
1948_1,-6.70409,2.17527,-3.48891,-6.21848,0.632624,2.42542,15.2884,1.35005,97,0.00150425,-6.70012,2.15509,-3.5409,-6.32384,0.6606,2.32824,15.07,1.37141,97,0.00205045,-6.7037,2.14942,-3.60317,-6.13166,0.637357,2.175,9.44431,1.37288,97,0.000626445,0.160954,0.164381,0.309706,0.670796,0.146514,1.28395,6.35351,0.145612,0,0.00385964,NBA,2,Omicron,3,Boosted,0
1694_1,-6.61768,2.04126,-3.71246,-5.29853,0.501599,2.51105,7.62969,1.42542,97,0.00225333,-6.6532,2.05248,-3.61385,-5.35513,0.53227,2.50068,7.70201,1.47116,97,0.00193255,-6.62267,2.1987,-3.61661,-4.74327,0.467529,2.78045,8.23762,1.43442,97,0.000722204,0.241462,0.268091,0.346114,0.959563,0.244262,1.19175,1.10302,0.160704,0,0.00382497,NBA,2,Omicron,3,Boosted,0
1791_1,-6.59969,2.3361,-3.46558,-6.20158,0.530899,2.67291,15.7822,1.44991,97,0.00204479,-6.60525,2.34715,-3.5506,-6.23297,0.533873,2.25253,15.2208,1.46345,97,0.001933,-6.61072,2.34415,-3.58205,-6.0724,0.52718,2.04259,10.9571,1.46958,97,0.000757326,0.203858,0.206402,0.371662,0.605224,0.102761,1.25252,5.96681,0.155009,0,0.00296542,NBA,1,Omicron,2,Second dose,0
1067_2,-6.49645,2.49493,-3.7309,-4.46855,1.54264,3.0869,6.87506,1.44797,97,0.00156487,-6.53256,2.49703,-3.73625,-4.54312,1.72013,2.94929,6.09481,1.48299,97,0.00171961,-6.60528,2.47398,-3.68908,-4.29331,1.58606,2.82149,3.87508,1.46249,97,0.000659535,0.248318,0.246748,0.352376,1.13716,0.840297,1.52149,4.4185,0.133972,0,0.00350449,NBA,1,Omicron,2,Second dose,0
2982_1,-6.40378,2.39081,-3.51543,-4.81787,0.709066,2.4401,13.8938,1.51983,97,0.00149671,-6.45382,2.48609,-3.5612,-4.68429,0.720014,2.01825,13.0104,1.48772,97,0.00165661,-6.46949,2.43267,-3.58519,-4.73768,0.785182,2.01137,10.3058,1.47048,97,0.000706766,0.187624,0.21363,0.366305,0.966751,0.225501,1.10698,5.80625,0.161,0,0.00276566,NBA,3,Omicron,3,Boosted,0
2184_1,-6.58237,2.26386,-3.63098,-5.4661,1.19439,3.03865,5.84394,1.44759,97,0.00181025,-6.54036,2.21005,-3.68252,-5.97158,1.28847,3.36204,5.67132,1.46481,97,0.00166252,-6.64414,2.30324,-3.71171,-5.09846,1.09619,3.77286,4.10939,1.44511,97,0.000695593,0.183607,0.21359,0.38247,1.156,0.704416,1.65216,5.58167,0.13414,0,0.00357092,NBA,1,Omicron,3,Boosted,0
1875_1,-6.80821,1.97318,-3.49441,-3.77135,0.409412,2.20012,10.1808,1.4477,97,0.00254036,-6.82393,2.10596,-3.55923,-3.66372,0.494274,2.61271,10.8167,1.44641,97,0.00228391,-6.99393,1.96227,-3.58571,-4.31569,0.656527,2.71756,10.9562,1.45715,97,0.000663875,0.22226,0.264887,0.379053,0.913707,0.262289,1.63125,2.86378,0.159765,0,0.0036045,NBA,2,Omicron,3,Boosted,0
149_1,-6.51321,2.26003,-3.66649,-6.05112,0.767153,2.72751,6.69236,1.46653,97,0.00151278,-6.52229,2.31281,-3.69373,-5.92195,0.794005,3.13993,6.84748,1.42617,97,0.00195488,-6.58591,2.25941,-3.65192,-5.85623,0.773591,2.7431,6.65393,1.43543,97,0.000696246,0.206313,0.21621,0.329619,0.751973,0.238009,1.65564,0.98149,0.139714,0,0.00362908,NBA,3,Omicron,3,Boosted,0
2888_1,-6.54081,2.45234,-3.50144,-3.676,0.63495,2.09068,15.0072,1.44134,97,0.0026965,-6.61516,2.35858,-3.55356,-3.98724,0.680595,2.36145,13.9783,1.43937,97,0.00164516,-6.6392,2.32566,-3.5929,-4.04146,0.697863,2.18202,10.2107,1.44446,97,0.000708792,0.219354,0.232056,0.338511,0.73017,0.218795,1.4453,6.28131,0.15987,0,0.00402245,NBA,1,Omicron,3,Boosted,0
864_1,-6.46147,2.49285,-3.61436,-4.69609,1.05333,2.34194,10.7505,1.48471,97,0.0010103,-6.45049,2.45904,-3.59399,-4.7554,1.10953,2.20313,11.3221,1.47826,97,0.00171181,-6.54081,2.46411,-3.62354,-4.39686,1.05281,2.06789,8.69951,1.46208,97,0.000738552,0.206167,0.24567,0.305528,0.985746,0.30371,1.17118,6.10362,0.157924,0,0.00287361,NBA,2,Omicron,3,Boosted,0
55_1,-6.75722,2.01012,-3.60839,-6.15218,0.671214,2.26151,13.8236,1.45829,97,0.00180901,-6.75302,2.0352,-3.5923,-6.28404,0.781702,2.33706,14.779,1.44899,97,0.00198477,-6.79767,2.03989,-3.58245,-6.22004,0.863678,2.42303,10.9908,1.42855,97,0.000715829,0.199504,0.196093,0.341415,0.799747,0.18918,1.56412,5.89656,0.148528,0,0.00356548,NBA,2,Omicron,3,Boosted,0
2384_2,-6.82886,2.09014,-3.53788,-6.4773,1.08042,2.1895,14.7968,1.41536,97,0.00197935,-6.77165,1.98646,-3.59283,-6.54018,0.879526,1.8086,10.6048,1.48633,97,0.00185943,-6.82719,2.01818,-3.60437,-6.07581,0.779795,1.60179,7.19682,1.46239,97,0.000548375,0.168525,0.160712,0.330664,0.937044,0.369212,1.14635,6.87831,0.167619,0,0.0046103,NBA,2,Omicron,3,Boosted,0
341_1,-6.4631,2.57643,-3.49388,-5.36886,1.11835,2.52118,11.1644,1.48372,97,0.00237774,-6.41314,2.51613,-3.62893,-5.44045,1.16627,2.20518,11.3069,1.50007,97,0.00187607,-6.46583,2.50305,-3.6406,-5.05303,1.15166,2.01701,8.90995,1.50187,97,0.000630424,0.199084,0.205637,0.325137,0.805024,0.211113,1.14112,4.48138,0.15668,0,0.00298719,NBA,1,Delta,0,Unvaccinated,0
1744_1,-6.87286,1.9812,-3.66377,-5.12806,0.5832,1.48408,9.8093,1.41314,97,0.00160252,-6.79886,2.01086,-3.56687,-6.26736,1.32607,2.17879,17.4822,1.41324,97,0.00164505,-6.87009,2.07384,-3.57933,-5.51689,1.29777,2.17132,12.0217,1.35364,97,0.000780333,0.218242,0.209666,0.342215,1.23324,0.202162,1.11619,6.78371,0.145493,0,0.00253851,NBA,1,Delta,0,Unvaccinated,0
1744_2,-6.63587,2.35049,-3.66982,-4.44992,1.6206,3.44715,5.72122,1.38805,97,0.00128352,-6.61683,2.36089,-3.65719,-4.73012,2.18151,2.85331,8.73311,1.38014,97,0.00210196,-6.72251,2.45639,-3.60364,-4.21248,2.21476,2.1046,10.1824,1.38198,97,0.000746995,0.189455,0.226435,0.327997,1.2223,1.05497,1.61097,6.35491,0.134432,0,0.00442518,NBA,1,Omicron,2,Second dose,0
1939_1,-6.4872,2.51293,-3.6014,-5.84165,1.34601,2.54919,7.34702,1.44673,97,0.00175148,-6.44951,2.48621,-3.59919,-5.69987,1.37204,2.34013,7.72223,1.48211,97,0.00221186,-6.49967,2.46202,-3.69487,-5.4975,1.24996,2.20204,4.35796,1.49541,97,0.000501014,0.211913,0.20363,0.329658,0.939607,0.579346,1.05237,5.77104,0.150377,0,0.00724159,NBA,1,Omicron,2,Second dose,0
1884_2,-6.74262,1.95637,-3.69954,-7.16272,1.60983,2.07384,6.14164,1.43535,97,0.00178094,-6.77074,1.95152,-3.71103,-6.96315,1.29584,2.38538,5.25506,1.42606,97,0.00195272,-6.78465,1.94631,-3.67837,-6.51375,1.11383,2.28969,4.54686,1.4248,97,0.000647888,0.151506,0.172519,0.305109,1.09365,0.773494,0.828311,3.19227,0.142365,0,0.00373422,NBA,1,Omicron,2,Second dose,0
2074_1,-6.64421,2.21904,-3.55509,-4.8635,0.860767,2.16309,12.4394,1.38594,97,0.00229874,-6.61684,2.17112,-3.57971,-4.70323,0.765147,2.38958,13.0904,1.41052,97,0.00199524,-6.72004,2.25798,-3.59103,-4.54142,0.797553,2.34164,9.9512,1.41281,97,0.000731486,0.18433,0.210841,0.330182,0.829463,0.297321,1.40943,7.00307,0.149727,0,0.00359692,NBA,2,Omicron,3,Boosted,0
844_1,-6.63702,2.24716,-3.56524,-6.31993,0.801217,1.79019,14.0568,1.43095,97,0.00170991,-6.71415,2.27044,-3.52198,-6.29016,0.84388,2.22534,14.567,1.44846,97,0.00203081,-6.77453,2.17407,-3.57914,-6.40403,0.958307,2.00146,11.2386,1.42375,97,0.000728039,0.207183,0.238296,0.362294,0.655334,0.193116,1.51442,6.6896,0.148427,0,0.00470109,NBA,3,Omicron,3,Boosted,0
2614_1,-6.77363,2.03973,-3.54458,-6.32569,0.76734,2.27396,12.8757,1.41488,97,0.00195336,-6.7731,2.03122,-3.56731,-6.18253,0.780329,2.39645,14.8768,1.44553,97,0.00202075,-6.79469,2.04042,-3.58342,-6.16623,0.85244,2.18035,10.2988,1.42757,97,0.000704456,0.174861,0.179252,0.352581,0.77795,0.213851,1.41414,5.15859,0.15409,0,0.00334082,NBA,2,Omicron,3,Boosted,0
2290_1,-6.49356,2.40943,-3.60837,-5.5206,1.24335,2.2648,13.3998,1.47765,97,0.00252767,-6.50612,2.36971,-3.5684,-5.8058,1.34031,2.4612,14.4957,1.45278,97,0.00118641,-6.58735,2.34103,-3.6521,-5.49708,1.34333,2.32649,9.00336,1.46249,97,0.000679448,0.178816,0.2153,0.32998,0.939958,0.155208,1.50833,7.01844,0.147239,0,0.00294586,NBA,2,Omicron,3,Boosted,0
3016_2,-6.60446,2.17847,-3.55151,-5.8673,0.812089,2.30331,12.9735,1.41859,97,0.00116185,-6.61546,2.20467,-3.60403,-5.71804,0.765575,2.28675,13.2196,1.40198,97,0.00221671,-6.68994,2.19475,-3.56027,-5.44675,0.749159,1.96924,9.35907,1.40612,97,0.000787001,0.174873,0.194116,0.358599,0.91031,0.213111,1.71664,6.29329,0.163346,0,0.00630813,NBA,1,Omicron,3,Boosted,0
1205_1,-6.73,1.96141,-3.57765,-5.95323,0.602208,2.49536,14.6495,1.42009,97,0.00319019,-6.76356,1.98718,-3.54697,-5.76972,0.585622,2.47946,14.4709,1.45261,97,0.00166619,-6.80068,2.00728,-3.60579,-5.53922,0.579449,2.22717,9.74011,1.4497,97,0.00063185,0.186683,0.192066,0.377997,0.737134,0.198114,1.57365,6.08795,0.160027,0,0.00382988,NBA,1,Omicron,3,Boosted,0
2991_1,-6.44301,2.52477,-3.49042,-4.13397,0.807109,2.49771,17.3126,1.47743,97,0.00189526,-6.49674,2.43553,-3.4341,-4.29905,0.770262,2.55285,17.8261,1.50425,97,0.00217871,-6.52475,2.44623,-3.48842,-4.09761,0.741918,2.28969,13.0035,1.48465,97,0.000705375,0.211899,0.21033,0.373423,1.02321,0.179793,1.48839,5.28102,0.160693,0,0.00413588,NBA,1,Delta,2,Second dose,0
2991_2,-6.48211,2.27825,-3.62971,-3.91737,0.377538,2.99653,7.89745,1.4108,97,0.0023761,-6.52906,2.27847,-3.65241,-4.05259,0.416196,3.25211,8.01252,1.45346,97,0.00238286,-6.59086,2.2726,-3.61646,-4.08212,0.421051,3.11035,8.23217,1.44605,97,0.000732781,0.206319,0.212318,0.350569,0.562287,0.129607,1.60985,0.861551,0.148712,0,0.00576334,NBA,1,Omicron,3,Boosted,0
1305_1,-6.57232,2.13634,-3.49662,-5.4438,0.592264,2.48728,15.4751,1.46699,97,0.00149843,-6.61705,2.14303,-3.47959,-5.34318,0.578445,2.2426,16.3784,1.44878,97,0.00237389,-6.66939,2.17146,-3.57579,-5.15106,0.57347,2.10496,10.6443,1.44524,97,0.000703468,0.204242,0.193214,0.352712,0.848963,0.175342,1.34851,6.82365,0.137963,0,0.00478204,NBA,2,Omicron,3,Boosted,0
656_1,-6.44999,2.37803,-3.49979,-5.29737,0.541419,2.31371,16.6919,1.49033,97,0.00125025,-6.40102,2.34624,-3.53412,-5.40164,0.544563,2.70062,15.6843,1.46434,97,0.00198464,-6.48613,2.34588,-3.57773,-5.20236,0.536807,2.41461,10.9701,1.45981,97,0.000686154,0.222527,0.233751,0.331285,0.711112,0.126285,1.7235,5.93997,0.150903,0,0.00377319,NBA,2,Omicron,3,Boosted,0
2856_2,-6.71931,2.28443,-3.58266,-3.02721,0.611612,2.41849,9.17758,1.38014,97,0.00212112,-6.76155,2.29924,-3.62281,-2.95364,0.589774,2.54744,9.11002,1.38045,97,0.00210004,-6.73578,2.3142,-3.62106,-2.9547,0.583572,2.27849,7.94954,1.39523,97,0.000727395,0.232584,0.19898,0.316297,0.538149,0.251228,1.55732,3.94189,0.135323,0,0.00313423,NBA,2,Omicron,2,Second dose,0
2768_1,-6.48344,2.49438,-3.65104,-5.26571,1.39826,2.30622,9.14456,1.49258,97,0.00286799,-6.40875,2.4288,-3.6193,-5.45458,1.36804,2.53593,9.84236,1.49912,97,0.00199213,-6.50714,2.44684,-3.61265,-4.94701,1.34194,2.23972,6.92374,1.50256,97,0.000458324,0.205453,0.195212,0.358579,1.00384,0.369353,1.37045,5.41236,0.141635,0,0.00523076,NBA,1,Omicron,2,Second dose,0
1878_1,-6.72503,2.24967,-3.51771,-6.07402,0.437439,1.12207,11.9129,1.39289,97,0.00166333,-6.67061,2.16211,-3.48909,-6.48382,0.632922,2.2816,22.3788,1.42045,97,0.00143445,-6.78973,2.25608,-3.49588,-6.42126,0.735371,2.17483,21.9971,1.43717,97,0.00069862,0.186664,0.178235,0.313692,0.675739,0.168585,1.35946,9.03644,0.143064,0,0.00240674,NBA,3,Omicron,3,Boosted,0
614_1,-6.57628,2.50834,-3.65004,-3.7924,1.01751,2.31671,13.0942,1.47171,97,0.0019019,-6.57706,2.50942,-3.57582,-3.87045,1.07801,2.63519,13.0348,1.46727,97,0.00121767,-6.61643,2.44366,-3.58423,-3.90809,1.05092,2.2565,10.3115,1.44679,97,0.000708185,0.221681,0.232617,0.324749,0.53052,0.248014,1.40427,4.80928,0.138708,0,0.00198267,NBA,1,Omicron,2,Second dose,0
176_1,-6.74739,2.12366,-3.55941,-4.81012,0.618948,2.32497,13.2364,1.41311,97,0.00169007,-6.7228,2.09912,-3.53801,-5.0342,0.727298,2.65426,12.0209,1.42317,97,0.00146565,-6.78551,2.09638,-3.58552,-4.83281,0.648836,2.17237,10.3558,1.44535,97,0.000721436,0.185292,0.208531,0.340501,0.933501,0.400426,2.11512,5.87022,0.170532,0,0.00277424,NBA,1,Omicron,3,Boosted,0
1749_1,-6.57158,2.52626,-3.62773,-3.29766,0.592998,2.74343,8.94765,1.48211,97,0.00163053,-6.59021,2.44587,-3.597,-3.47558,0.663266,2.5542,9.3205,1.46999,97,0.00228806,-6.59206,2.38839,-3.59199,-3.52181,0.620884,2.38224,8.78697,1.44581,97,0.000831476,0.213248,0.231468,0.321346,0.537548,0.188566,1.43629,2.47174,0.162945,0,0.00588727,NBA,2,Omicron,3,Boosted,0
452_1,-6.63723,2.48069,-3.64545,-2.57921,0.700545,2.4224,6.86039,1.49247,97,0.00305779,-6.61704,2.49793,-3.58421,-2.55854,0.712479,2.74757,8.68043,1.50401,97,0.00200294,-6.64992,2.44242,-3.6435,-2.50775,0.59529,2.46958,5.97759,1.46524,97,0.000780093,0.196318,0.253367,0.325579,0.598269,0.298877,1.56738,6.63434,0.160735,0,0.00420588,NBA,1,Delta,2,Second dose,0
2827_1,-6.55913,2.2,-3.75352,-3.62684,0.491214,2.27234,7.23553,1.38034,97,0.00174574,-6.67868,2.27434,-3.61798,-3.81147,0.562726,1.82598,7.31722,1.41013,97,0.00150248,-6.6567,2.24267,-3.64685,-3.59916,0.398932,1.71561,6.26365,1.39981,97,0.000685576,0.19974,0.248723,0.314557,0.709395,0.264792,0.835287,4.19866,0.169864,0,0.00235061,NBA,2,Omicron,3,Boosted,0
2585_1,-6.76819,2.06425,-3.57606,-6.3493,0.587294,2.54019,12.8982,1.45379,97,0.00253647,-6.75171,2.06218,-3.55016,-6.43792,0.616374,2.4422,14.4511,1.41744,97,0.00181801,-6.78466,2.07366,-3.62515,-6.34247,0.59077,2.17025,8.75445,1.43275,97,0.00059665,0.162943,0.158846,0.345631,0.711945,0.149683,1.48117,7.42171,0.149887,0,0.00322486,NBA,2,Omicron,3,Boosted,0
218_1,-6.56228,2.43786,-3.5933,-3.5882,0.680823,2.56477,11.6829,1.47739,97,0.00225821,-6.51255,2.43389,-3.58066,-3.73433,0.817115,2.63123,12.3224,1.47899,97,0.00260324,-6.60216,2.40651,-3.59038,-3.64999,0.699102,2.13205,10.0727,1.44918,97,0.000717082,0.211234,0.239908,0.360518,0.847507,0.456143,1.64667,5.76815,0.167491,0,0.00517378,NBA,3,Omicron,3,Boosted,0
550_1,-6.81938,2.02762,-3.61282,-6.45734,1.35191,2.95297,7.76455,1.45964,97,0.0017271,-6.79904,1.98618,-3.64746,-6.72113,1.47809,2.65873,8.50932,1.49175,97,0.00170052,-6.84043,2.0114,-3.64381,-6.35681,1.30262,2.43069,6.79055,1.48287,97,0.000592968,0.190497,0.178926,0.311748,1.09364,0.689856,1.36925,3.87408,0.162862,0,0.00249761,NBA,1,Omicron,2,Second dose,0
82_1,-6.78854,2.07466,-3.70909,-3.55491,0.441626,2.72666,5.61151,1.35886,97,0.00134438,-6.83375,2.08168,-3.63909,-3.82383,0.716643,2.12788,6.40902,1.36105,97,0.00217837,-6.88925,2.08849,-3.67032,-3.72668,0.551885,2.51049,5.69872,1.41637,97,0.000688147,0.18332,0.185517,0.352781,0.622051,0.441194,1.05994,3.40029,0.150555,0,0.00910766,NBA,1,Omicron,3,Boosted,0
37_1,-6.62588,2.49156,-3.60745,-5.42778,1.52583,2.64707,7.97136,1.46304,97,0.00302693,-6.54695,2.36153,-3.66434,-5.7709,1.56138,2.58731,7.65105,1.42015,97,0.00153301,-6.57113,2.36085,-3.66761,-5.50086,1.53676,2.46559,5.68614,1.42693,97,0.000852846,0.205326,0.20394,0.341847,0.999155,0.45205,1.35532,5.11599,0.14727,0,0.00250431,NBA,1,Omicron,3,Boosted,0
802_1,-6.43302,2.42927,-3.68093,-4.95218,0.738414,2.64232,8.99536,1.48978,97,0.00238683,-6.42854,2.41455,-3.56959,-5.38778,0.802723,2.17451,8.58154,1.47013,97,0.00189574,-6.47559,2.42027,-3.6125,-5.01264,0.804891,2.35709,8.57873,1.46317,97,0.000730845,0.181581,0.206988,0.37058,0.818479,0.237383,1.21016,2.79752,0.161634,0,0.00400369,NBA,2,Omicron,3,Boosted,0
2028_1,-6.80224,2.17607,-3.39576,-4.61176,0.444682,2.53342,24.8564,1.43924,97,0.00218414,-6.64862,2.05291,-3.37867,-4.81407,0.464322,2.19145,23.4416,1.37611,97,0.00204656,-6.72222,2.08646,-3.42756,-4.78413,0.465691,1.97441,19.0141,1.39556,97,0.000819832,0.201739,0.20092,0.388125,0.61591,0.118949,1.15518,5.19592,0.119881,0,0.00424688,NBA,2,Delta,2,Second dose,0
1458_1,-6.71531,2.1396,-3.54444,-4.95756,0.69467,2.14943,14.9659,1.42671,97,0.00173225,-6.7199,2.15915,-3.49517,-4.87363,0.666057,2.18595,15.0466,1.42281,97,0.00204042,-6.78368,2.18223,-3.61078,-4.78995,0.687242,2.14306,9.6442,1.4232,97,0.000686404,0.200145,0.197491,0.333602,0.808302,0.205972,1.36233,6.51537,0.148783,0,0.00371626,NBA,2,Omicron,3,Boosted,0
2248_1,-6.57224,2.37201,-3.53942,-4.44071,0.721218,2.40132,15.2657,1.45697,97,0.00140622,-6.57518,2.37672,-3.52485,-4.41598,0.710472,2.23935,16.0673,1.45839,97,0.00196699,-6.63453,2.29394,-3.56496,-4.40685,0.677985,2.09698,10.3357,1.44546,97,0.000661387,0.226306,0.236119,0.326093,0.728724,0.199345,1.23749,6.45548,0.156752,0,0.00386218,NBA,2,Omicron,3,Boosted,0
843_1,-6.50413,2.32859,-3.54298,-4.67469,0.498371,2.19558,15.065,1.48866,97,0.00170251,-6.46337,2.32078,-3.55305,-4.66963,0.496848,2.45,15.5266,1.46639,97,0.00236406,-6.53568,2.31057,-3.57325,-4.53036,0.488161,2.18458,10.7043,1.45527,97,0.000706603,0.218247,0.205518,0.364728,0.860862,0.158559,1.48984,5.35974,0.148905,0,0.00428077,NBA,2,Omicron,3,Boosted,0
1583_1,-6.52438,2.37348,-3.53651,-5.61915,0.993595,2.25961,16.4407,1.46102,97,0.00308471,-6.48281,2.36065,-3.54312,-5.51234,0.964254,2.70645,16.5287,1.44842,97,0.0012867,-6.56648,2.35019,-3.55351,-5.18779,0.948827,2.1812,11.1569,1.4482,97,0.000723844,0.196767,0.202136,0.350967,0.992365,0.149289,1.43464,6.23985,0.146113,0,0.00264609,NBA,1,Omicron,3,Boosted,0
2207_2,-6.52774,2.29027,-3.59539,-3.82866,0.719658,2.74145,7.11071,1.4793,97,0.00214905,-6.55708,2.41046,-3.62749,-3.47206,0.632483,2.67598,6.34058,1.46115,97,0.00259366,-6.66092,2.35681,-3.64453,-3.59693,0.625024,2.8126,6.56855,1.44629,97,0.000712326,0.207185,0.235204,0.328516,0.586516,0.25795,1.37694,1.16799,0.160981,0,0.00539969,NBA,2,Omicron,2,Second dose,0
1950_1,-6.59281,2.12701,-3.59082,-6.27698,0.491534,2.12927,16.6177,1.41542,97,0.00166049,-6.61258,2.17995,-3.56733,-6.10411,0.491759,2.22084,16.9817,1.3873,97,0.00189633,-6.67769,2.1689,-3.55061,-6.1355,0.526269,2.15465,12.5745,1.42499,97,0.000723826,0.207078,0.182368,0.333482,0.739203,0.116495,1.37188,6.75665,0.149691,0,0.00391862,NBA,3,Omicron,3,Boosted,0
2975_2,-6.7198,1.87673,-3.62832,-6.43798,0.597082,3.53833,8.32982,1.42774,97,0.00141511,-6.77552,1.92473,-3.63209,-6.4303,0.623816,2.9541,7.98845,1.39273,97,0.00164148,-6.83247,1.95597,-3.63935,-6.31177,0.585908,2.27678,7.36062,1.42643,97,0.000661105,0.165946,0.168554,0.349875,0.867079,0.294754,1.2818,0.881343,0.147358,0,0.00305448,NBA,2,Omicron,3,Boosted,0
1661_1,-6.62216,2.21084,-3.54942,-4.2758,0.472011,2.63705,15.0561,1.47858,97,0.00278324,-6.54812,2.15109,-3.58642,-4.28681,0.462005,2.14879,13.2939,1.48034,97,0.00189997,-6.62289,2.25201,-3.58811,-3.96586,0.419788,2.02058,9.75998,1.43644,97,0.000735553,0.219425,0.218101,0.336838,0.880923,0.21183,1.55001,5.94287,0.154901,0,0.00368704,NBA,2,Omicron,3,Boosted,0
2693_1,-6.89806,1.95521,-3.61722,-6.42048,0.909432,2.30562,12.5436,1.43509,97,0.00199383,-6.90916,1.95654,-3.64247,-6.47647,0.895036,2.0828,11.2782,1.44468,97,0.00190052,-6.88342,1.90563,-3.62235,-6.42264,0.817203,1.87651,7.9898,1.43225,97,0.000666861,0.207156,0.216378,0.374623,0.849726,0.373719,1.2089,5.22104,0.147968,0,0.00348084,NBA,3,Omicron,3,Boosted,0
2886_1,-6.5232,2.3608,-3.60665,-3.69448,0.587974,2.99704,7.4474,1.44367,97,0.00231533,-6.56441,2.42972,-3.62084,-3.50357,0.580575,2.82731,7.74912,1.46306,97,0.00195703,-6.60051,2.36638,-3.62194,-3.60871,0.52744,2.93884,7.503,1.43358,97,0.000706359,0.212763,0.23199,0.320836,0.566021,0.220121,1.37842,3.19439,0.144098,0,0.00502633,NBA,2,Omicron,3,Boosted,0
84_1,-6.70524,2.13541,-3.52351,-5.31084,0.768419,2.77511,16.5528,1.40685,97,0.00170443,-6.6777,2.10984,-3.49768,-5.14926,0.699557,2.19834,14.2551,1.39739,97,0.00184703,-6.76002,2.13386,-3.57439,-5.08253,0.758871,2.18859,10.2988,1.41696,97,0.000683872,0.18931,0.185417,0.360204,0.896015,0.248869,1.35436,5.36614,0.12806,0,0.00340128,NBA,2,Omicron,3,Boosted,0
763_1,-6.73999,2.22045,-3.68744,-4.43003,0.655025,2.55544,8.32905,1.46161,97,0.00215152,-6.66712,2.13523,-3.65086,-4.58008,0.671497,2.66901,8.26878,1.41387,97,0.00175016,-6.73208,2.18395,-3.60411,-4.42813,0.678004,2.58969,8.35076,1.42384,97,0.000725125,0.21003,0.22422,0.37786,0.631075,0.281745,1.91457,2.27596,0.140953,0,0.00311848,NBA,2,Omicron,3,Boosted,0
583_1,-6.73886,2.11937,-3.63101,-6.27061,0.739317,1.89383,12.2778,1.44682,97,0.00492325,-6.74368,2.11872,-3.5407,-6.42028,0.80383,2.29035,13.1407,1.39059,97,0.0023054,-6.74122,2.08551,-3.60502,-6.15669,0.802373,2.17836,9.45094,1.42307,97,0.000708161,0.22211,0.222002,0.369187,0.864913,0.190505,1.38117,5.12096,0.160349,0,0.00420018,NBA,3,Omicron,3,Boosted,0
13_1,-6.37276,2.49022,-3.72962,-6.02894,1.95404,2.54508,6.82874,1.50407,97,0.00148674,-6.45878,2.51929,-3.66519,-6.10876,2.05367,3.09855,6.64222,1.46862,97,0.00157606,-6.47509,2.50316,-3.77988,-6.0942,2.00191,2.76284,3.62849,1.47811,97,0.000554998,0.178377,0.205957,0.390742,0.98003,0.729285,1.80371,5.76846,0.145721,0,0.00303634,NBA,2,Omicron,3,Boosted,0
646_1,-6.81234,1.95509,-3.54018,-5.89659,0.737499,2.71539,16.9944,1.43619,97,0.00224491,-6.75357,1.92469,-3.51416,-5.7516,0.624034,2.22845,17.1211,1.44866,97,0.0018703,-6.87771,1.94807,-3.56398,-5.49006,0.619947,1.97457,11.6721,1.47773,97,0.000873912,0.179537,0.184809,0.384937,1.05271,0.243782,1.42673,7.34215,0.166536,0,0.003844,NBA,1,Omicron,2,Second dose,0
2801_1,-6.69212,1.97546,-3.55452,-6.50584,0.928941,2.21841,14.048,1.41145,97,0.00104636,-6.74194,2.04126,-3.54489,-6.2676,0.892917,2.17662,14.408,1.38694,97,0.00201395,-6.7622,2.04964,-3.59275,-6.2549,0.998475,2.36575,9.86203,1.39946,97,0.00070561,0.1522,0.157138,0.337036,0.710777,0.231214,1.4938,6.55305,0.127725,0,0.00729618,NBA,3,Omicron,3,Boosted,0
256_1,-6.67657,2.34525,-3.55624,-4.3202,1.02365,2.43137,12.9813,1.41118,97,0.00291908,-6.64205,2.26262,-3.54322,-4.77804,1.24151,2.08288,13.0653,1.43452,97,0.00148632,-6.71612,2.32671,-3.57921,-4.55354,1.23276,2.17358,10.249,1.41851,97,0.000711721,0.167239,0.177791,0.382381,0.789147,0.391966,1.22887,5.64399,0.156725,0,0.0024449,NBA,1,Omicron,3,Boosted,0
2599_1,-6.37778,2.31404,-3.51151,-4.60852,0.460189,1.95945,13.739,1.49351,97,0.00189481,-6.42445,2.36998,-3.50273,-4.36196,0.417117,2.45825,14.5857,1.4737,97,0.00211893,-6.46901,2.35283,-3.58723,-4.3211,0.38171,2.15783,9.98053,1.46812,97,0.000717642,0.176014,0.177751,0.38531,0.522168,0.119158,1.46242,5.10984,0.147849,0,0.00343717,NBA,2,Omicron,3,Boosted,0
1215_2,-6.65803,2.24911,-3.68195,-5.74585,1.4043,2.70854,7.37606,1.45951,97,0.00294151,-6.62577,2.23412,-3.66582,-5.76901,1.36869,2.25632,7.08283,1.42701,97,0.0023488,-6.70967,2.25672,-3.69117,-5.27919,1.22669,2.08304,4.53074,1.45275,97,0.000580523,0.188628,0.194239,0.364929,1.34579,0.619883,1.14104,5.061,0.149115,0,0.00650004,NBA,1,Omicron,2,Second dose,0
1736_2,-6.56687,2.36606,-3.58057,-5.26357,1.11102,1.96934,11.2599,1.40154,97,0.00130374,-6.59155,2.32635,-3.61267,-5.70266,1.22308,2.1926,13.2248,1.44225,97,0.00130165,-6.61328,2.33426,-3.60353,-5.27367,1.19034,1.93094,9.94049,1.46028,97,0.000704904,0.228578,0.241429,0.34588,1.03026,0.289431,1.4522,5.75574,0.146836,0,0.00238536,NBA,1,Omicron,3,Boosted,0
2027_1,-6.65949,2.24954,-3.62625,-5.75691,0.922354,2.74073,9.98053,1.40026,97,0.00187183,-6.66005,2.21456,-3.58284,-6.0242,0.94271,2.7295,8.91383,1.41264,97,0.00224353,-6.65111,2.21342,-3.63423,-5.47182,0.88028,3.21588,8.72588,1.3992,97,0.000681379,0.168364,0.183715,0.334836,0.87058,0.29429,1.66654,3.12515,0.134533,0,0.00530485,NBA,1,Omicron,2,Second dose,0
187_1,-6.6732,1.99734,-3.38074,-5.91129,0.503866,2.20587,22.9248,1.3921,97,0.00097445,-6.67659,1.99351,-3.47651,-5.99829,0.500451,2.14706,22.6753,1.41487,97,0.00188779,-6.71599,2.00474,-3.47577,-5.90403,0.524399,1.97616,19.7986,1.42676,97,0.000719704,0.150674,0.175618,0.334467,0.860394,0.0736227,1.24123,5.38146,0.146582,0,0.00467,NBA,2,Delta,2,Second dose,0
187_2,-6.85609,1.96666,-3.57814,-5.75148,0.926992,2.56964,10.8584,1.40374,97,0.00197265,-6.82855,1.95131,-3.60139,-5.95175,1.05365,2.23032,12.3548,1.42754,97,0.00252081,-6.90808,2.01691,-3.58597,-5.35203,0.932568,2.11701,10.4232,1.41357,97,0.000673173,0.185629,0.190279,0.354885,1.09249,0.529595,1.44578,6.74032,0.122957,0,0.00492296,NBA,2,Omicron,3,Boosted,0
1494_1,-6.61546,2.30165,-3.72053,-5.23007,1.72696,2.82886,8.78461,1.43507,97,0.00157923,-6.59644,2.23638,-3.66584,-5.61876,1.95785,2.6344,8.1972,1.43483,97,0.00155625,-6.74827,2.38185,-3.59498,-4.75152,2.04795,2.06762,10.3157,1.4072,97,0.000667451,0.186408,0.183797,0.333575,1.36623,0.789148,1.41644,5.02709,0.173237,0,0.00304911,NBA,1,Omicron,3,Boosted,0
3063_2,-6.83182,1.99683,-3.56185,-7.07265,1.36614,2.52152,15.9953,1.44827,97,0.00166344,-6.84146,1.99196,-3.59113,-7.02583,1.25422,2.11763,12.5296,1.46813,97,0.00174186,-6.87824,2.05578,-3.59897,-6.7296,1.42689,2.36683,9.99964,1.4239,97,0.000795052,0.161177,0.179802,0.351502,0.823726,0.417908,1.63515,7.03317,0.142157,0,0.00287449,NBA,1,Omicron,2,Second dose,0
1820_2,-6.85695,2.09566,-3.57157,-3.12266,0.434529,2.95415,6.65397,1.41406,97,0.00127065,-6.85017,2.10014,-3.55614,-3.04674,0.382866,3.02181,7.06061,1.41099,97,0.0019714,-6.75507,2.19077,-3.63425,-2.55998,0.288168,2.8436,6.77703,1.4021,97,0.000729688,0.238754,0.295083,0.381317,0.965374,0.200038,1.54886,2.33204,0.161889,0,0.00454379,NBA,1,Omicron,2,Second dose,0
153_1,-6.6619,2.16047,-3.60511,-6.0466,0.429885,3.65862,11.355,1.36767,97,0.00157741,-6.66323,2.14178,-3.61195,-6.0208,0.421725,3.41112,11.3058,1.38535,97,0.0016975,-6.66029,2.12385,-3.56699,-6.02283,0.467205,3.32925,11.7253,1.38305,97,0.000726589,0.146734,0.160648,0.350207,0.533431,0.0972702,1.80351,0.850425,0.159262,0,0.00231442,NBA,2,Omicron,3,Boosted,0
464_1,-6.41656,2.30024,-3.43032,-4.97188,0.587255,2.43793,18.7445,1.41934,97,0.00226461,-6.53244,2.30119,-3.51154,-5.15846,0.610427,2.56307,19.3439,1.50556,97,0.00192649,-6.55638,2.316,-3.5115,-4.91174,0.594582,2.25673,17.0022,1.47901,97,0.000670375,0.202449,0.19448,0.308536,0.794348,0.103098,1.50044,4.66027,0.149353,0,0.00326651,NBA,1,Delta,2,Second dose,0
2482_1,-6.41112,2.52432,-3.72294,-5.7941,1.27415,2.19444,8.22373,1.50944,97,0.00149716,-6.41985,2.53765,-3.65046,-5.90775,1.37253,2.18904,9.77807,1.50951,97,0.00197153,-6.4577,2.53487,-3.64782,-5.70768,1.38835,2.33111,6.63023,1.45115,97,0.00071679,0.195381,0.191033,0.351852,0.862994,0.277413,1.07766,7.31863,0.14431,0,0.00379933,NBA,1,Delta,2,Second dose,0
1840_1,-6.76572,2.07072,-3.57453,-3.67172,0.452454,2.27634,7.86739,1.4271,97,0.0033759,-6.82211,2.14567,-3.62811,-3.67864,0.517689,2.23188,7.88184,1.39556,97,0.00255753,-6.8258,2.13119,-3.63863,-3.70821,0.466227,2.04133,6.98059,1.38628,97,0.000799275,0.194275,0.232329,0.397969,0.50111,0.21895,1.34243,2.30857,0.167675,0,0.00594061,NBA,2,Omicron,3,Boosted,0
257_1,-6.71491,1.98839,-3.64296,-6.26624,0.7683,2.12912,10.6033,1.44177,97,0.00224501,-6.69199,2.01546,-3.55324,-5.9457,0.645597,2.25799,12.1375,1.46153,97,0.0020739,-6.66787,2.10413,-3.65735,-5.39094,0.446493,2.23946,8.05552,1.43068,97,0.000769653,0.209026,0.220372,0.349632,1.02182,0.28106,1.29322,6.32645,0.181377,0,0.00369668,NBA,1,Omicron,3,Boosted,0
2269_1,-6.61466,2.0947,-3.57769,-5.19926,0.510311,2.47297,14.9919,1.45349,97,0.00247851,-6.6492,2.10863,-3.57738,-5.41491,0.554446,2.26887,15.0049,1.44164,97,0.00133509,-6.62348,2.19451,-3.58063,-4.97698,0.503722,2.14909,10.573,1.433,97,0.000735023,0.227509,0.277057,0.342844,1.02139,0.228604,1.37534,7.05661,0.147643,0,0.00215459,NBA,2,Omicron,3,Boosted,0
43_1,-6.72011,2.0331,-3.54823,-4.86126,0.46663,2.31788,14.5247,1.44754,97,0.00181759,-6.67096,2.15864,-3.58213,-4.33609,0.436913,2.12892,15.4631,1.41372,97,0.00149892,-6.68948,2.15106,-3.56801,-4.18317,0.374277,1.83474,11.9839,1.43953,97,0.000690542,0.207202,0.271263,0.33828,1.19578,0.312239,1.67585,6.18875,0.152245,0,0.00226388,NBA,2,Omicron,3,Boosted,0
504_1,-6.46548,2.3699,-3.52596,-5.27675,0.603182,2.71071,17.6607,1.45954,97,0.0015818,-6.47215,2.39428,-3.5228,-5.19829,0.610679,2.42261,15.8924,1.456,97,0.00168267,-6.49551,2.34161,-3.57749,-5.18963,0.606918,2.05807,10.662,1.45588,97,0.000666164,0.192535,0.193902,0.337153,0.759057,0.144618,1.52117,5.41236,0.166175,0,0.00221541,NBA,3,Omicron,3,Boosted,0
814_1,-6.4828,2.3945,-3.47301,-4.70747,0.821837,2.60308,13.9656,1.49479,97,0.0012703,-6.52601,2.41935,-3.59475,-4.25085,0.688391,2.32974,13.2973,1.48099,97,0.00182703,-6.56499,2.3819,-3.58846,-4.41908,0.762609,2.21709,10.3219,1.45587,97,0.000706336,0.204375,0.21166,0.326766,0.962659,0.236612,1.57717,6.58117,0.166178,0,0.00344363,NBA,2,Omicron,3,Boosted,0
982_1,-6.31032,2.4971,-3.65031,-5.11858,1.07846,3.07002,10.2306,1.47417,97,0.00186461,-6.42581,2.6178,-3.56434,-4.89683,1.08968,2.45074,11.8511,1.49214,97,0.00130403,-6.45134,2.53327,-3.56841,-4.80415,1.07277,2.47223,8.95474,1.49054,97,0.000787463,0.219438,0.23726,0.316823,0.996073,0.202893,1.22114,5.73908,0.162372,0,0.00200401,NBA,2,Delta,2,Second dose,0
2491_1,-6.64193,2.16263,-3.60959,-5.92061,0.752643,2.40689,12.552,1.43672,97,0.0012486,-6.64821,2.14623,-3.58502,-5.96955,0.753866,2.30213,12.9526,1.46634,97,0.00759443,-6.66745,2.20628,-3.59001,-5.92679,0.852538,2.23504,9.76483,1.43227,97,0.000712581,0.177999,0.201954,0.377582,0.914935,0.212988,1.44921,5.26932,0.179379,0,0.0576024,NBA,2,Omicron,3,Boosted,0
3064_1,-6.70557,2.15133,-3.62064,-4.96682,0.774901,2.21691,12.5039,1.45591,97,0.00216332,-6.6972,2.20714,-3.5853,-4.86338,0.7455,2.39389,12.7124,1.42012,97,0.00312126,-6.72111,2.20176,-3.58379,-4.56347,0.665572,2.15737,10.6202,1.42324,97,0.00066979,0.197109,0.182071,0.324814,1.08177,0.359583,1.36422,5.83351,0.142732,0,0.00905371,NBA,1,Omicron,3,Boosted,0
576_1,-6.8976,2.00186,-3.53655,-5.99122,0.937213,2.3967,11.7349,1.46554,97,0.00156092,-6.81913,1.93005,-3.51875,-5.92461,0.746012,2.42838,12.5105,1.47823,97,0.00260687,-6.88215,1.91658,-3.591,-5.6863,0.640464,2.13801,10.4202,1.49041,97,0.000707888,0.187469,0.204258,0.350114,1.06271,0.447071,1.33034,5.98515,0.154356,0,0.00478907,NBA,1,Omicron,3,Boosted,0
472_2,-6.61922,2.52584,-3.40756,-2.11054,0.676579,2.44951,14.3119,1.47478,97,0.00214813,-6.68275,2.43651,-3.55913,-2.33971,0.674593,2.16233,14.8615,1.47317,97,0.0018911,-6.6684,2.47257,-3.57035,-2.46334,0.796979,2.18109,10.5188,1.44672,97,0.000682198,0.207744,0.264746,0.362256,0.575909,0.257643,1.36742,6.77896,0.163416,0,0.00623417,NBA,1,Omicron,3,Boosted,0
819_1,-6.54063,2.31789,-3.55385,-4.34301,0.554023,2.01639,12.5309,1.48191,97,0.00182422,-6.5651,2.31205,-3.60745,-4.3482,0.562369,2.32007,12.4688,1.46881,97,0.00247949,-6.5991,2.30601,-3.57764,-4.32746,0.581831,2.19527,10.881,1.4481,97,0.000698291,0.214221,0.215647,0.358446,0.750361,0.192264,1.42521,3.69354,0.158501,0,0.0086431,NBA,3,Delta,2,Second dose,0
902_1,-6.81497,2.13128,-3.5796,-6.78848,0.906392,3.06436,12.8174,1.40339,97,0.00226623,-6.76444,2.09498,-3.5683,-6.62955,0.814739,2.40321,10.8388,1.3802,97,0.00161351,-6.78931,2.09729,-3.58247,-6.42055,0.738565,2.08751,10.3832,1.39018,97,0.000707579,0.161138,0.179516,0.364657,0.720689,0.376785,1.50909,5.50657,0.157315,0,0.00260119,NBA,2,Omicron,3,Boosted,0
2987_1,-6.78613,2.09448,-3.60582,-5.65433,1.07981,2.8616,8.14651,1.40035,97,0.00184661,-6.82597,2.08751,-3.68639,-5.18991,0.823622,3.56515,7.49518,1.39956,97,0.00172566,-6.83432,2.07877,-3.62385,-4.8704,0.718846,2.98586,7.30203,1.3997,97,0.000723978,0.179185,0.206109,0.337658,1.05592,0.396364,2.8034,1.61997,0.145334,0,0.00312476,NBA,1,Omicron,3,Boosted,0
57_1,-6.59089,2.19021,-3.65219,-6.19933,0.715226,2.30744,6.56435,1.42053,97,0.00332924,-6.55101,2.13603,-3.72681,-6.18724,0.628952,2.2651,6.61104,1.44004,97,0.0025293,-6.62386,2.19404,-3.63692,-5.95571,0.626014,2.57622,5.66873,1.43348,97,0.000726354,0.174238,0.185017,0.365573,0.768148,0.283753,0.861452,3.77592,0.15355,0,0.00587204,NBA,2,Omicron,2,Second dose,0
1724_1,-6.55865,2.2834,-3.62806,-4.82724,1.12514,2.62302,9.09379,1.44028,97,0.0013912,-6.59639,2.36323,-3.62621,-4.3401,1.05116,2.34366,8.37105,1.44609,97,0.00212732,-6.63374,2.40997,-3.67379,-4.02352,0.908218,2.17865,5.84792,1.44609,97,0.000658408,0.244313,0.230487,0.344494,1.02197,0.505422,1.42145,5.91205,0.161871,0,0.00573314,NBA,2,Delta,3,Boosted,0
120_1,-6.62846,2.17225,-3.53784,-4.9924,0.620964,2.84533,11.8437,1.43917,97,0.0020821,-6.62068,2.1728,-3.56753,-4.64154,0.527205,3.20907,11.8286,1.43852,97,0.00195257,-6.66206,2.20751,-3.57239,-4.41673,0.501179,3.11704,11.8168,1.42123,97,0.000744346,0.220822,0.205691,0.332473,0.957851,0.184824,1.51068,0.900486,0.157508,0,0.00344053,NBA,1,Omicron,3,Boosted,0
903_1,-6.601,2.46485,-3.6767,-5.61889,2.21524,2.88823,9.13524,1.47481,97,0.00256697,-6.52591,2.40759,-3.62922,-5.28288,1.8923,2.94496,8.98556,1.46948,97,0.00121998,-6.62608,2.47461,-3.60214,-4.92835,2.23307,2.1395,10.2558,1.44151,97,0.000709087,0.20459,0.21285,0.373091,1.3091,0.834574,1.9327,6.53287,0.155754,0,0.00171096,NBA,2,Omicron,3,Boosted,0
1738_1,-6.74451,1.96937,-3.4421,-5.58521,0.465624,1.96232,16.9196,1.43702,97,0.00199792,-6.71912,1.93202,-3.53819,-5.64852,0.453356,2.34584,18.376,1.46214,97,0.00163051,-6.77794,1.95435,-3.55949,-5.39828,0.424267,2.0063,12.959,1.47511,97,0.000797318,0.195471,0.207442,0.319354,0.812761,0.137572,1.54777,7.01107,0.161423,0,0.00307801,NBA,3,Omicron,3,Boosted,0
373_1,-6.74496,2.07358,-3.52715,-6.04904,0.651722,2.57185,15.9351,1.40127,97,0.00151886,-6.74114,2.08238,-3.46463,-6.31403,0.67601,2.13012,16.8887,1.39376,97,0.00146115,-6.74325,2.11608,-3.56234,-6.20209,0.65136,1.83244,11.6629,1.41145,97,0.000542344,0.193042,0.175248,0.313429,0.727673,0.173097,1.32236,8.65083,0.171368,0,0.00237668,NBA,3,Omicron,3,Boosted,0
2826_1,-6.47229,2.43356,-3.66015,-4.63486,1.00133,3.25316,6.44691,1.48699,97,0.00287188,-6.45319,2.41429,-3.69433,-4.8563,1.08649,2.87261,6.35413,1.4776,97,0.00277126,-6.55555,2.44656,-3.68317,-4.45363,0.987373,2.68804,5.37073,1.45104,97,0.000675604,0.183138,0.207293,0.321546,0.975,0.412535,1.49156,3.16979,0.143523,0,0.00617255,NBA,2,Delta,2,Second dose,0
1614_1,-6.63397,2.14145,-3.5465,-5.78446,0.597576,2.31804,12.9582,1.43976,97,0.00188616,-6.64051,2.17406,-3.59576,-5.64405,0.590232,2.18066,13.1542,1.43281,97,0.0018644,-6.66634,2.16764,-3.57746,-5.65569,0.616007,2.04518,9.12261,1.41647,97,0.000862601,0.163163,0.177206,0.334701,0.861156,0.179077,1.44132,5.83091,0.144785,0,0.00387746,NBA,2,Omicron,3,Boosted,0
2433_1,-6.71962,1.9526,-3.63574,-6.55746,0.936306,2.05501,8.46868,1.4166,97,0.00228638,-6.79243,2.03053,-3.62001,-6.01236,0.902067,2.58461,9.05654,1.42516,97,0.00146403,-6.82247,2.03919,-3.60986,-5.4743,0.798521,2.27961,8.24314,1.43552,97,0.000717069,0.179439,0.187053,0.364804,1.09479,0.41759,1.63479,3.78035,0.149722,0,0.00246621,NBA,1,Omicron,3,Boosted,0
1828_1,-6.78364,1.85052,-3.58712,-6.5462,0.838429,1.89551,12.5566,1.4257,97,0.00203369,-6.9152,1.96181,-3.45348,-6.28764,0.925301,1.93725,12.9923,1.46451,97,0.00266897,-6.89623,1.94101,-3.58405,-6.23164,0.846925,1.72706,9.17897,1.45989,97,0.000742106,0.16887,0.181155,0.413793,0.859862,0.377999,1.26403,5.91038,0.155326,0,0.00663103,NBA,1,Omicron,3,Boosted,0
1766_1,-6.41784,2.38648,-3.67405,-5.274,0.971628,4.04999,7.1246,1.53841,97,0.00129877,-6.4339,2.51543,-3.69695,-4.58064,0.850499,3.81974,7.31092,1.45825,97,0.00188555,-6.50706,2.43812,-3.6452,-4.43226,0.798803,3.64811,6.92352,1.47176,97,0.000766311,0.220557,0.237912,0.362488,1.16054,0.316862,2.24853,3.12703,0.151193,0,0.00515653,NBA,2,Omicron,3,Boosted,0
154_1,-6.7502,2.02951,-3.57871,-6.17722,0.528575,2.05885,17.8259,1.49371,97,0.00270324,-6.62306,2.13755,-3.51219,-5.36711,0.435643,2.17218,19.0409,1.4243,97,0.00164602,-6.61391,2.15122,-3.5239,-5.3756,0.423193,1.91204,15.5352,1.4334,97,0.000614901,0.243028,0.292805,0.384933,0.944437,0.155917,1.36946,5.06888,0.155982,0,0.00346331,NBA,3,Delta,2,Second dose,0
2335_1,-6.57089,2.321,-3.56841,-2.87145,0.345723,2.54758,12.843,1.48301,97,0.00244914,-6.54137,2.38223,-3.61135,-2.75104,0.366011,2.23197,13.2393,1.47109,97,0.0015904,-6.61189,2.33347,-3.57781,-2.86968,0.356381,2.04269,10.3027,1.44869,97,0.000720989,0.212748,0.268855,0.338617,0.584182,0.137816,1.61478,4.65798,0.152275,0,0.0032748,NBA,2,Omicron,3,Boosted,0
1536_1,-6.6869,2.08683,-3.51056,-5.89102,0.610427,2.35013,15.0862,1.45601,97,0.00175188,-6.74507,2.12805,-3.58228,-6.03153,0.642053,2.35766,14.7806,1.4537,97,0.00195409,-6.72867,2.08394,-3.58217,-5.98874,0.670972,2.14569,10.3394,1.45534,97,0.000716759,0.190207,0.194493,0.353367,0.706563,0.1775,1.26833,6.15355,0.126782,0,0.00451865,NBA,2,Omicron,3,Boosted,0
2873_1,-6.40537,2.42598,-3.54083,-5.22136,0.756785,2.77286,16.6734,1.46728,97,0.00217953,-6.4473,2.40175,-3.52032,-5.22492,0.712215,2.37689,15.7325,1.4563,97,0.00271787,-6.4996,2.36097,-3.55417,-5.21346,0.735357,2.27284,11.9655,1.44312,97,0.000509372,0.221495,0.228665,0.347169,0.876465,0.168575,1.42294,5.34135,0.138161,0,0.0114103,NBA,2,Omicron,2,Second dose,0
2024_1,-6.3667,2.5371,-3.56711,-4.90325,0.678283,3.7607,9.41298,1.4913,97,0.00139847,-6.34111,2.39736,-3.55726,-5.56433,0.78056,3.21818,9.82522,1.52299,97,0.00218875,-6.4287,2.46099,-3.58747,-5.15968,0.785128,3.28891,9.84787,1.47551,97,0.000710745,0.194592,0.195964,0.308868,0.773615,0.136577,1.84636,1.52413,0.145684,0,0.00487967,NBA,1,Omicron,3,Boosted,0
2546_1,-6.44299,2.52165,-3.55343,-4.86714,1.01605,2.53809,12.3282,1.47987,97,0.00168466,-6.42801,2.51696,-3.56744,-4.66832,0.959728,2.34742,13.4749,1.48932,97,0.00187313,-6.49671,2.47893,-3.57412,-4.4648,0.924122,2.10222,10.2338,1.48357,97,0.000717483,0.205471,0.229206,0.312478,0.849006,0.243813,1.36232,7.95113,0.160086,0,0.00370614,NBA,1,Omicron,3,Boosted,0
752_1,-6.6001,2.15451,-3.55931,-6.35328,0.880324,2.10276,12.2557,1.46454,97,0.00175595,-6.62624,2.18119,-3.58933,-6.33619,0.813683,2.33488,12.3928,1.44969,97,0.00167881,-6.67761,2.19036,-3.58026,-6.04408,0.714357,2.14722,10.2687,1.4345,97,0.000703496,0.165969,0.172886,0.335079,0.869874,0.402759,1.2478,5.76636,0.148393,0,0.00321114,NBA,3,Delta,2,Second dose,0
262_1,-6.41203,2.5647,-3.49659,-4.07453,0.604568,2.25643,13.8061,1.51286,97,0.00211396,-6.35199,2.50509,-3.55919,-4.42949,0.667854,2.90582,15.739,1.49016,97,0.00166634,-6.45289,2.454,-3.55805,-4.52,0.687748,2.54641,10.9093,1.51954,97,0.000676829,0.208665,0.230546,0.358372,0.877725,0.168672,2.23873,5.2788,0.162191,0,0.00363926,NBA,2,Omicron,3,Boosted,0
2199_1,-6.45757,2.38972,-3.54055,-5.10643,0.725545,2.42187,14.7965,1.48484,97,0.00214515,-6.44024,2.4293,-3.53822,-4.72744,0.669574,2.15894,13.7231,1.49343,97,0.00167566,-6.50348,2.39949,-3.58187,-4.902,0.767708,2.1235,10.1795,1.46661,97,0.000710666,0.185075,0.21475,0.362241,0.976847,0.206354,1.2997,6.01937,0.180022,0,0.00322168,NBA,2,Omicron,2,Second dose,0
1087_1,-6.43551,2.5156,-3.6288,-5.62944,0.628512,2.32296,12.8823,1.49634,97,0.00193167,-6.42791,2.48947,-3.51998,-5.80665,0.696343,2.31831,14.6032,1.49257,97,0.00473328,-6.45948,2.47793,-3.62301,-5.64239,0.623128,1.8874,8.26516,1.46317,97,0.00066859,0.219402,0.214014,0.352248,0.565192,0.14498,1.4577,8.25682,0.161416,0,0.0209323,NBA,2,Omicron,3,Boosted,0
2921_1,-6.55755,2.36335,-3.56257,-5.92016,1.03163,2.48985,13.058,1.47887,97,0.00284983,-6.52862,2.35534,-3.56142,-5.9664,1.06513,2.67415,12.4341,1.45773,97,0.0015703,-6.56263,2.34934,-3.5886,-5.66311,1.02924,2.13703,10.1776,1.44934,97,0.00069855,0.20712,0.20626,0.343072,0.834254,0.271333,1.97852,6.57471,0.182473,0,0.00248761,NBA,1,Omicron,3,Boosted,0
58_1,-6.58359,2.28386,-3.67416,-5.60595,0.701167,3.94988,7.02178,1.48202,97,0.0014708,-6.52983,2.25604,-3.65921,-5.27471,0.621469,3.66366,7.25169,1.47615,97,0.00257998,-6.57478,2.27896,-3.65442,-5.24085,0.620634,3.54046,6.94976,1.45581,97,0.000677914,0.213302,0.210372,0.360261,0.85788,0.232631,1.66486,1.82045,0.158329,0,0.00714979,NBA,1,Omicron,3,Boosted,0
2848_1,-6.64765,2.0679,-3.5607,-6.07989,0.550807,2.47178,16.2775,1.41747,97,0.0017484,-6.72506,2.15005,-3.56229,-5.98916,0.56681,2.02872,16.1185,1.43626,97,0.00240207,-6.66408,2.13053,-3.59171,-5.67632,0.532392,1.97473,12.4014,1.42141,97,0.000672605,0.173799,0.18421,0.385337,0.796635,0.132656,1.03162,5.56179,0.181179,0,0.00793661,NBA,1,Delta,2,Second dose,0
242_1,-6.63712,2.2446,-3.57253,-5.08417,1.38031,2.11747,10.855,1.40222,97,0.00138653,-6.67948,2.29191,-3.57214,-4.53036,1.3139,2.29764,11.7178,1.42165,97,0.00193355,-6.74333,2.3247,-3.61793,-4.34982,1.26594,2.01969,8.01159,1.4178,97,0.000673256,0.189562,0.211088,0.370496,0.602222,0.345976,1.6207,5.76825,0.142467,0,0.00315286,NBA,2,Delta,2,Second dose,0
2603_1,-6.63656,2.35908,-3.5608,-4.14619,0.753512,2.15299,14.3088,1.44457,97,0.00302102,-6.60643,2.36676,-3.55123,-4.2792,0.814807,2.69728,16.303,1.43618,97,0.00195077,-6.66679,2.30841,-3.57598,-4.63704,0.948931,2.27484,11.2594,1.43549,97,0.000682054,0.2037,0.223205,0.310156,1.12215,0.268145,1.74394,6.53326,0.144762,0,0.00302536,NBA,1,Delta,2,Second dose,0
638_2,-6.68714,2.2232,-3.56545,-3.79501,0.435541,2.32195,13.7533,1.39424,97,0.00169434,-6.67893,2.22286,-3.54245,-3.89135,0.470649,2.48168,13.7257,1.42586,97,0.00284118,-6.68653,2.21327,-3.58261,-3.82572,0.428311,2.16918,10.2893,1.40668,97,0.000701633,0.198043,0.22927,0.354356,0.657657,0.182645,1.58366,6.02806,0.159463,0,0.00765084,NBA,1,Omicron,2,Second dose,0
2063_1,-6.7185,2.4849,-3.67424,-2.09274,0.803278,3.05016,6.97928,1.46321,97,0.00216898,-6.71317,2.46862,-3.6917,-2.13194,0.734377,2.76239,6.71075,1.45722,97,0.00180878,-6.72222,2.40184,-3.6943,-2.25265,0.618493,2.61779,3.99591,1.45129,97,0.000641935,0.236343,0.247593,0.348525,0.666145,0.394996,1.36248,4.63068,0.154769,0,0.00354031,NBA,1,Delta,-1,No record,0
2669_1,-6.49215,2.07861,-3.48276,-5.12118,0.477484,2.30202,13.2822,1.44344,97,0.00178091,-6.6242,2.17236,-3.56921,-5.0558,0.525817,2.41699,14.9268,1.44758,97,0.0023382,-6.64022,2.18327,-3.57718,-4.84032,0.492745,2.06759,10.6184,1.4377,97,0.000706315,0.185065,0.200845,0.369347,0.733493,0.147496,1.70636,5.72448,0.155362,0,0.00385527,NBA,1,Omicron,3,Boosted,0
2014_1,-6.44168,2.47734,-3.64347,-5.13666,0.868674,1.94178,9.3305,1.50508,97,0.00167226,-6.4285,2.51591,-3.62234,-5.21404,0.931666,2.088,10.1763,1.49022,97,0.00171716,-6.46735,2.46477,-3.60397,-4.84312,0.887261,1.92577,8.72394,1.49344,97,0.000713495,0.176398,0.214217,0.353249,0.946151,0.266772,1.18794,4.85758,0.149706,0,0.00287367,NBA,2,Delta,2,Second dose,0
1899_2,-7.00526,2.00622,-3.65612,-6.91176,1.005,3.56062,7.67948,1.47023,97,0.00141053,-6.77279,1.76281,-3.60109,-6.57277,0.672821,4.01066,8.04623,1.4875,97,0.00125481,-6.9166,1.84478,-3.63443,-6.38688,0.602472,3.82841,7.99366,1.47227,97,0.000704515,0.155421,0.158773,0.368601,1.02792,0.32671,1.8445,0.719741,0.160156,0,0.00191066,NBA,2,Omicron,3,Boosted,0
924_2,-6.55546,2.30909,-3.60471,-5.42218,1.18211,2.45341,7.28392,1.46624,97,0.0018604,-6.60357,2.21966,-3.62246,-6.02684,1.51667,2.59289,9.03746,1.43117,97,0.0017722,-6.69097,2.19287,-3.70353,-5.85257,1.35214,2.30414,4.58999,1.46544,97,0.000438169,0.187804,0.234566,0.342145,1.33974,0.686724,1.63619,6.55936,0.164227,0,0.00328346,NBA,1,Omicron,2,Second dose,0
994_1,-6.57843,2.6022,-3.54548,-3.90043,1.6196,2.27812,11.0588,1.4641,97,0.00259206,-6.53352,2.50727,-3.67378,-4.14169,1.56879,2.31723,10.2619,1.47363,97,0.0023103,-6.58455,2.53869,-3.5603,-4.13792,1.79991,2.07722,9.66253,1.45276,97,0.00101093,0.248996,0.22109,0.328527,0.893735,0.562598,1.38569,7.42472,0.149524,0,0.0064087,NBA,1,Delta,2,Second dose,0
491_1,-6.73915,2.0518,-3.55101,-6.23545,0.640238,2.25192,11.8746,1.42022,97,0.00176014,-6.73042,2.0702,-3.57921,-6.16829,0.672279,2.15862,12.835,1.41854,97,0.00203869,-6.75208,2.03702,-3.5818,-5.89896,0.621672,1.99322,10.2812,1.42096,97,0.000695131,0.178454,0.195158,0.317814,0.835646,0.286944,1.10639,6.39218,0.144528,0,0.00463633,NBA,2,Delta,-1,No record,0
2438_1,-6.90698,1.76367,-3.71566,-6.62849,0.903595,2.00595,8.45957,1.45455,97,0.00123131,-7.04228,1.932,-3.65465,-6.60793,1.20002,2.35554,9.22909,1.45753,97,0.00182839,-7.02628,1.89632,-3.63059,-6.15821,0.9892,1.91576,8.96888,1.4245,97,0.00070113,0.179398,0.233408,0.333516,0.885805,0.668231,1.04688,3.86568,0.147593,0,0.00397052,NBA,1,Omicron,3,Boosted,0
1165_1,-6.85257,1.9431,-3.58034,-5.94333,0.585004,2.17443,15.1467,1.46154,97,0.00170354,-6.89441,1.96727,-3.49935,-6.26428,0.736611,2.44914,13.1929,1.46248,97,0.0018958,-6.89765,1.89984,-3.58836,-6.34945,0.671083,2.149,9.87196,1.50414,97,0.000659955,0.173604,0.165262,0.3089,1.01825,0.446839,1.7151,5.20801,0.141414,0,0.00464359,NBA,2,Omicron,3,Boosted,0
358_1,-6.57217,2.31044,-3.54205,-4.1382,0.415862,2.30202,15.7765,1.4747,97,0.00236465,-6.56373,2.25532,-3.51593,-4.20531,0.422234,2.3544,15.7924,1.44683,97,0.00177017,-6.60479,2.25526,-3.56967,-4.24643,0.441307,2.13843,10.9843,1.4378,97,0.000722569,0.191791,0.218232,0.331773,0.634229,0.162513,1.5862,6.30945,0.165698,0,0.00277117,NBA,3,Omicron,3,Boosted,0
1439_2,-6.55824,2.32709,-3.58389,-5.33355,0.706075,2.39403,11.1919,1.43259,97,0.00154164,-6.5268,2.32565,-3.59081,-5.63023,0.800986,2.11801,11.3092,1.43872,97,0.00279109,-6.61982,2.26256,-3.58712,-5.68146,0.929411,2.14352,10.2853,1.4366,97,0.000709725,0.197213,0.241506,0.330858,0.907602,0.272096,1.21996,5.84832,0.147479,0,0.00860238,NBA,2,Omicron,3,Boosted,0
351_1,-6.54558,2.30321,-3.58184,-4.43367,0.508999,2.68843,12.7268,1.46692,97,0.00191059,-6.5649,2.26307,-3.54569,-4.54219,0.536193,2.53403,13.9078,1.47333,97,0.00211457,-6.60349,2.26908,-3.58311,-4.47751,0.528823,2.29572,10.3281,1.44678,97,0.000713051,0.173097,0.171723,0.379956,0.50929,0.187491,1.63578,7.43207,0.144959,0,0.00341455,NBA,3,Omicron,3,Boosted,0
1658_1,-6.62747,2.30671,-3.59556,-3.8329,0.621123,2.7371,12.0586,1.44556,97,0.00181854,-6.62487,2.3351,-3.57312,-3.67685,0.559483,2.81683,12.874,1.47086,97,0.00161944,-6.64632,2.32213,-3.58566,-3.711,0.583528,2.1418,10.3112,1.44144,97,0.000715313,0.221366,0.285215,0.360957,0.579141,0.218625,1.58949,6.99103,0.155881,0,0.00402595,NBA,3,Omicron,3,Boosted,0
83_1,-6.52188,2.27899,-3.58801,-5.75615,0.76498,2.45239,11.6133,1.44997,97,0.00291351,-6.54771,2.25855,-3.57368,-5.75371,0.740231,2.38402,12.9249,1.44134,97,0.00171418,-6.65709,2.21149,-3.58644,-5.86894,0.882679,2.14063,10.2978,1.43003,97,0.000709107,0.2214,0.201668,0.296114,0.801242,0.221866,1.47356,7.8588,0.143275,0,0.00298413,NBA,2,Omicron,2,Second dose,0
2097_1,-6.40593,2.45249,-3.55157,-4.51943,0.657212,2.51068,15.8178,1.4745,97,0.00185212,-6.42193,2.46741,-3.51402,-4.66334,0.691904,2.60209,14.2706,1.47249,97,0.00244689,-6.46833,2.44178,-3.58471,-4.62669,0.704413,2.39084,10.5292,1.47255,97,0.000722534,0.193948,0.207446,0.368494,0.804025,0.166733,1.59255,4.6956,0.156347,0,0.00501816,NBA,3,Omicron,3,Boosted,0
2580_1,-6.51049,2.4091,-3.64163,-4.20165,0.707093,3.13387,8.72926,1.45425,97,0.00165207,-6.51213,2.3904,-3.6346,-4.12574,0.668126,2.58161,7.99092,1.48486,97,0.00165509,-6.58167,2.37501,-3.61936,-4.1114,0.668328,2.67043,7.81721,1.45282,97,0.000718163,0.204581,0.208891,0.330335,1.01452,0.300682,1.2853,2.82912,0.153574,0,0.00363972,NBA,1,Omicron,3,Boosted,0
2256_1,-6.37734,2.50517,-3.62209,-5.56889,1.5992,3.19642,12.5339,1.51753,97,0.00190524,-6.39136,2.53735,-3.60564,-5.282,1.49555,2.56243,10.762,1.5071,97,0.00293781,-6.45753,2.54776,-3.58817,-5.4134,1.80191,2.13922,10.2986,1.48093,97,0.000709308,0.222462,0.206092,0.341925,1.16753,0.442149,1.54181,6.14225,0.150454,0,0.0124354,NBA,2,Omicron,2,Second dose,0
362_1,-6.46272,2.27809,-3.5386,-5.95117,0.57782,2.29246,9.12931,1.46221,97,0.00172735,-6.49884,2.34726,-3.59224,-5.53992,0.54535,2.23964,9.48099,1.44877,97,0.00142405,-6.50018,2.31358,-3.59763,-5.51029,0.534214,2.25978,7.82219,1.4385,97,0.000709832,0.208554,0.210041,0.391964,0.750157,0.183885,1.16674,4.75223,0.14361,0,0.00292269,NBA,2,Omicron,2,Second dose,0
2031_2,-6.65108,2.3362,-3.63511,-5.99765,1.11655,2.12463,7.07606,1.46164,97,0.00200507,-6.63138,2.30708,-3.63452,-6.16321,1.29722,2.11115,8.25388,1.42525,97,0.00159069,-6.70434,2.23189,-3.63956,-6.03604,1.19933,1.94315,5.9278,1.43555,97,0.000792594,0.194429,0.203824,0.359345,0.887966,0.509829,1.09008,5.36083,0.140519,0,0.00222821,NBA,2,Omicron,2,Second dose,0
2054_2,-6.64493,2.30281,-3.58406,-3.8048,0.720747,2.28901,12.7759,1.42678,97,0.00257564,-6.59419,2.32523,-3.57617,-3.7395,0.689077,2.51521,12.3091,1.45089,97,0.00158302,-6.64918,2.36582,-3.58594,-3.6572,0.714525,2.13617,10.3153,1.44361,97,0.000710134,0.227014,0.2672,0.34737,0.897775,0.362097,1.63169,6.00342,0.153037,0,0.00489992,NBA,2,Omicron,3,Boosted,0
366_1,-6.4091,2.39916,-3.61408,-5.05497,0.560829,2.17482,17.3708,1.45056,97,0.00189116,-6.426,2.38057,-3.56775,-5.24763,0.595827,2.3259,18.0305,1.46547,97,0.0017249,-6.46225,2.35818,-3.55595,-5.35354,0.641356,2.23053,14,1.47375,97,0.000723485,0.166504,0.181437,0.343792,0.726951,0.114211,1.37894,5.8605,0.14058,0,0.00449901,NBA,2,Omicron,3,Boosted,0
2414_2,-6.5285,2.47037,-3.60983,-5.05419,1.53466,2.27185,11.8496,1.47057,97,0.00299765,-6.49589,2.44846,-3.61607,-4.56016,1.20915,2.4146,11.8651,1.46433,97,0.00217697,-6.60389,2.4277,-3.58703,-4.29066,1.08797,2.08939,10.3683,1.44738,97,0.000717458,0.217901,0.244083,0.299398,1.02509,0.53386,1.58712,6.77498,0.159792,0,0.00452413,NBA,2,Omicron,2,Second dose,0
870_1,-6.60682,2.25707,-3.60947,-5.29178,0.937597,2.16072,10.5418,1.45107,97,0.00156795,-6.54574,2.2854,-3.61696,-5.54349,1.0603,2.16818,13.8696,1.47096,97,0.00195949,-6.61852,2.33021,-3.59813,-4.93066,0.997981,1.99341,10.1853,1.44133,97,0.000713554,0.233474,0.255447,0.375649,1.14022,0.340992,1.22067,7.27008,0.168912,0,0.0033833,NBA,2,Delta,2,Second dose,0
1968_1,-6.65826,2.21767,-3.52075,-5.13658,0.661042,2.55828,13.7106,1.43324,97,0.00175733,-6.58993,2.24005,-3.5388,-5.44736,0.717601,2.36787,15.5599,1.44774,97,0.00169899,-6.61891,2.24463,-3.56835,-5.05656,0.682886,2.13176,10.5319,1.43015,97,0.000689932,0.214048,0.287455,0.365085,1.10512,0.266929,1.42656,6.20335,0.156678,0,0.00315163,NBA,3,Omicron,3,Boosted,0
2284_1,-6.80413,1.91593,-3.51656,-6.35128,0.506628,1.99012,17.02,1.40714,97,0.00269419,-6.84656,1.95791,-3.4628,-6.42041,0.542049,2.48773,17.1118,1.46713,97,0.00154014,-6.82353,1.95477,-3.54286,-6.24772,0.52363,2.29026,13.6064,1.42456,97,0.000693457,0.180025,0.19026,0.347573,0.856457,0.173041,1.56985,5.79327,0.158645,0,0.00235777,NBA,2,Omicron,3,Boosted,0
301_1,-6.45183,2.47588,-3.63897,-4.72114,0.678593,2.61381,8.99759,1.46218,97,0.00122166,-6.41507,2.39654,-3.69859,-5.33179,0.721981,2.20815,8.11865,1.48288,97,0.00184244,-6.47353,2.40098,-3.62,-5.09668,0.730775,2.22362,7.97162,1.46087,97,0.000733498,0.202666,0.204681,0.353315,1.03252,0.237264,0.924384,1.77178,0.155876,0,0.0033348,NBA,2,Omicron,2,Second dose,0
2516_1,-6.51786,2.22099,-3.63827,-3.88209,0.467223,2.58673,7.6496,1.47029,97,0.00125604,-6.53537,2.35742,-3.63203,-3.51094,0.438851,2.81295,7.93059,1.41918,97,0.00143575,-6.61893,2.29597,-3.61791,-3.68019,0.427405,2.72995,7.8135,1.44866,97,0.000703261,0.194325,0.225797,0.311641,0.541784,0.20051,1.20429,1.45454,0.148082,0,0.00284515,NBA,2,Omicron,3,Boosted,0
396_1,-6.55887,2.35435,-3.56463,-5.76127,1.38447,2.41329,11.6364,1.44388,97,0.000991146,-6.56401,2.33225,-3.58717,-5.80817,1.43197,2.47668,12.0211,1.45089,97,0.00221232,-6.60125,2.3632,-3.59399,-5.27224,1.42863,2.10081,10.071,1.44138,97,0.000741131,0.173657,0.183035,0.360268,1.11545,0.558044,1.27438,6.23396,0.16013,0,0.00660327,NBA,3,Omicron,3,Boosted,0
945_1,-6.63544,2.19995,-3.62827,-5.81046,0.617851,2.35353,13.638,1.4468,97,0.00229208,-6.61663,2.1842,-3.52936,-5.72774,0.59724,2.6644,13.9248,1.46132,97,0.00189619,-6.62866,2.18092,-3.60335,-5.40464,0.556511,2.31844,9.31423,1.44339,97,0.000698109,0.191136,0.209109,0.390985,0.787721,0.144987,2.08685,5.65199,0.154028,0,0.00431417,NBA,2,Omicron,3,Boosted,0
357_1,-6.53129,2.35956,-3.5961,-5.06345,0.896029,2.26569,11.2851,1.44563,97,0.00187208,-6.50614,2.38356,-3.63031,-5.30804,0.974327,2.55378,11.4611,1.4612,97,0.00179849,-6.59679,2.33813,-3.58637,-4.91682,0.91362,2.14242,10.2891,1.4437,97,0.000708704,0.194657,0.223726,0.36548,1.01663,0.303559,1.56828,5.75083,0.143736,0,0.00354195,NBA,2,Omicron,3,Boosted,0
260_1,-6.58207,2.35447,-3.49801,-3.85127,0.546899,2.11321,15.8597,1.45735,97,0.00147941,-6.53953,2.29051,-3.50216,-4.08333,0.571017,2.32871,14.6638,1.45433,97,0.00160843,-6.62787,2.3119,-3.58215,-3.93107,0.553265,2.10595,10.2723,1.44032,97,0.000705799,0.235235,0.244909,0.323087,0.902713,0.209367,1.39802,5.45089,0.1493,0,0.00198352,NBA,3,Omicron,3,Boosted,0
75_1,-6.51611,2.46839,-3.607,-4.43648,0.966478,2.53379,10.8704,1.44765,97,0.00164236,-6.50994,2.46897,-3.55229,-4.53503,1.02958,2.401,12.2443,1.46585,97,0.00196938,-6.56335,2.44834,-3.59105,-4.16871,0.952246,2.0955,10.4214,1.46753,97,0.000661534,0.208837,0.218107,0.329243,1.14872,0.389283,1.51887,6.23187,0.155682,0,0.00309872,NBA,2,Omicron,3,Boosted,0
1514_1,-6.49274,2.36704,-3.53651,-5.6552,1.05576,2.44071,12.518,1.45042,97,0.00180068,-6.48855,2.33933,-3.58362,-5.58541,0.980526,2.4105,12.184,1.43081,97,0.00176719,-6.58608,2.34889,-3.58397,-5.20933,0.972579,2.49194,10.4973,1.45289,97,0.000638172,0.224403,0.219495,0.30651,0.892955,0.269445,1.24201,5.72205,0.142086,0,0.00258528,NBA,3,Omicron,3,Boosted,0
117_1,-6.49219,2.39301,-3.6892,-3.95079,0.737867,2.80184,8.91352,1.46836,97,0.00206772,-6.56036,2.40885,-3.57118,-3.88687,0.694656,2.57739,9.01201,1.4714,97,0.00157518,-6.6003,2.37176,-3.6249,-3.74329,0.610792,2.37352,7.95648,1.45522,97,0.000709539,0.189978,0.176075,0.3373,0.799574,0.3078,1.36471,3.57218,0.150676,0,0.0024325,NBA,2,Delta,2,Second dose,0
436_1,-6.34629,2.47817,-3.50231,-5.3007,0.570128,2.2751,17.5729,1.49368,97,0.0019515,-6.38326,2.46034,-3.56253,-5.64715,0.630061,2.40515,16.271,1.49705,97,0.00227874,-6.42219,2.43037,-3.57152,-5.40222,0.620129,2.15697,12.7842,1.48168,97,0.000683821,0.192771,0.219455,0.3726,0.76132,0.0915772,1.44177,5.0066,0.160297,0,0.00415573,NBA,2,Omicron,3,Boosted,0
1904_1,-6.61502,2.27306,-3.57052,-4.41011,0.497239,2.2098,13.7878,1.46815,97,0.00276176,-6.53898,2.27108,-3.51659,-4.13031,0.420071,2.50625,15.4007,1.45468,97,0.00215686,-6.61964,2.24206,-3.58575,-4.32904,0.465807,2.39503,10.4222,1.44395,97,0.000684471,0.208806,0.221729,0.369843,0.708246,0.161792,1.59271,6.25197,0.134716,0,0.00517905,NBA,3,Omicron,3,Boosted,0
2916_1,-6.55529,2.4146,-3.57021,-4.54427,0.788031,2.55664,14.0278,1.45221,97,0.00143401,-6.55569,2.34915,-3.47829,-4.40479,0.688651,2.17441,12.9361,1.47583,97,0.00210105,-6.61112,2.32494,-3.58385,-4.38676,0.701579,2.14845,10.3168,1.44371,97,0.000698236,0.211886,0.20283,0.338313,0.689166,0.256418,1.4252,5.27487,0.142996,0,0.00409401,NBA,2,Omicron,3,Boosted,0
344_1,-6.40378,2.48248,-3.59798,-5.57147,1.42544,3.18268,11.7163,1.49422,97,0.0017584,-6.44908,2.51659,-3.62463,-5.25376,1.37353,2.48636,12.1782,1.49158,97,0.00170676,-6.49426,2.51221,-3.59798,-5.01679,1.40983,2.0085,10.1553,1.4657,97,0.000749207,0.20237,0.213848,0.336207,1.00808,0.452663,1.42672,5.62617,0.127899,0,0.00275194,NBA,2,Omicron,3,Boosted,0
988_1,-6.5251,2.35225,-3.55234,-3.84182,0.512048,2.19581,14.1359,1.45477,97,0.00177216,-6.57759,2.27174,-3.53575,-4.25321,0.589441,2.60143,14.8144,1.44444,97,0.00225393,-6.63622,2.28364,-3.58054,-4.10427,0.55791,2.14014,10.3161,1.43949,97,0.000708915,0.219625,0.257082,0.293915,0.659293,0.192295,1.54254,5.40645,0.163263,0,0.00526224,NBA,1,Omicron,2,Second dose,0
2119_1,-6.58001,2.18734,-3.60573,-5.80133,0.602937,1.99371,13.867,1.49257,97,0.00133198,-6.59559,2.19895,-3.55731,-5.78625,0.605181,2.1503,14.0899,1.4616,97,0.00160265,-6.58692,2.19652,-3.56967,-5.56948,0.558065,2.03661,10.7385,1.43565,97,0.000696197,0.173034,0.186305,0.37917,0.845892,0.179691,1.43113,5.26397,0.150251,0,0.00255205,NBA,2,Omicron,3,Boosted,0
150_1,-6.60105,2.33744,-3.64159,-5.87921,1.09763,2.35466,10.8327,1.41405,97,0.00189892,-6.60879,2.29324,-3.6211,-6.0843,1.16568,2.43206,11.5776,1.42867,97,0.00207916,-6.64886,2.27844,-3.58523,-6.02641,1.2906,2.14014,10.3024,1.43169,97,0.000708919,0.180316,0.207947,0.338626,0.907924,0.335134,1.36428,5.80017,0.138515,0,0.0052137,NBA,1,Omicron,3,Boosted,0
1919_1,-6.42477,2.4912,-3.63707,-4.15818,0.847574,3.34907,7.19391,1.46851,97,0.00150937,-6.46085,2.49142,-3.62169,-4.1015,0.760386,3.19021,6.3033,1.5095,97,0.0021547,-6.52639,2.44707,-3.66616,-4.10518,0.737709,3.22581,6.46739,1.47464,97,0.000738711,0.198367,0.196908,0.371375,0.584807,0.252625,1.45044,0.961032,0.168275,0,0.00482011,NBA,2,Omicron,3,Boosted,0
523_1,-6.53551,2.52678,-3.59564,-3.4787,0.750411,2.34618,11.5376,1.43935,97,0.00194253,-6.51955,2.43962,-3.60753,-3.71264,0.811844,2.29822,12.5168,1.48903,97,0.00201276,-6.58009,2.46241,-3.5981,-3.63209,0.797283,2.24568,9.66952,1.45963,97,0.000736581,0.17399,0.177773,0.363159,0.587439,0.254728,1.43476,6.39298,0.15544,0,0.00357372,NBA,2,Omicron,3,Boosted,0
2317_1,-6.70321,2.21588,-3.60978,-5.09806,1.09162,2.10648,6.58319,1.41788,97,0.00129943,-6.68589,2.19558,-3.67611,-5.11245,1.06033,2.55632,7.01532,1.41607,97,0.00146835,-6.71576,2.24055,-3.66713,-4.70417,0.908288,2.40513,5.22744,1.43486,97,0.000715403,0.212143,0.217099,0.347615,1.15735,0.580824,1.27355,4.77321,0.138646,0,0.00253487,NBA,1,Omicron,3,Boosted,0
2145_1,-6.77262,2.02871,-3.57273,-6.4559,1.25623,2.26902,11.4295,1.41024,97,0.00198049,-6.85572,2.13032,-3.58081,-5.98893,1.22401,2.58973,11.6163,1.37762,97,0.00349861,-6.84165,2.08641,-3.60177,-5.55108,1.16605,2.20005,9.28254,1.38831,97,0.0007342,0.187624,0.180832,0.323814,1.0123,0.393394,1.36032,5.66956,0.143003,0,0.00996749,NBA,2,Omicron,3,Boosted,0
2441_1,-6.58453,2.23251,-3.5175,-5.11652,0.651545,2.25921,15.9969,1.41537,97,0.00204915,-6.62277,2.21679,-3.53877,-5.36865,0.68419,2.4908,15.5168,1.46032,97,0.0018549,-6.73547,2.12863,-3.58668,-5.2652,0.675875,2.47578,11.147,1.43539,97,0.000627003,0.216646,0.213224,0.34072,1.02104,0.190312,1.30958,5.2822,0.179079,0,0.00343114,NBA,2,Omicron,3,Boosted,0
2322_1,-6.61014,2.25963,-3.592,-5.72375,0.898161,2.10083,12.9657,1.41087,97,0.00120184,-6.60995,2.24924,-3.61086,-5.73089,0.935896,2.19468,12.0763,1.42977,97,0.00172419,-6.62801,2.27926,-3.5882,-5.81055,1.13648,2.1417,10.3019,1.43569,97,0.000709043,0.218964,0.22451,0.363791,0.902314,0.295513,1.38953,6.4634,0.150838,0,0.00355987,NBA,1,Omicron,2,Second dose,0
103_2,-6.5636,2.37104,-3.68371,-3.88219,0.823318,3.16159,5.39215,1.45091,97,0.00415907,-6.60987,2.42183,-3.65304,-4.02544,1.10724,2.76745,7.31925,1.46218,97,0.00255569,-6.63871,2.40038,-3.68565,-3.87346,0.91683,2.67434,4.8429,1.46284,97,0.000460203,0.229261,0.230502,0.347869,0.871743,0.626572,1.3857,4.60776,0.156383,0,0.0108093,NBA,1,Omicron,3,Boosted,0
2081_1,-6.56622,2.26613,-3.47673,-5.94108,0.51996,2.55031,15.029,1.47819,97,0.00170689,-6.52767,2.27988,-3.53517,-5.62736,0.496988,2.22685,15.1509,1.46064,97,0.0013487,-6.56559,2.26813,-3.59011,-5.6288,0.468953,1.94299,8.98099,1.46815,97,0.000669852,0.176589,0.185521,0.359403,0.744336,0.131698,1.52931,6.40361,0.168854,0,0.00208567,NBA,1,Omicron,3,Boosted,0
1923_1,-6.84916,2.15338,-3.44596,-6.32609,0.529478,2.33741,20.1066,1.41251,97,0.0015073,-6.77494,2.05165,-3.49527,-6.60011,0.529941,2.41291,20.6927,1.42944,97,0.00188783,-6.81331,2.06468,-3.52731,-6.45523,0.551426,2.13642,16.9246,1.43896,97,0.000686488,0.18337,0.188207,0.321657,0.706392,0.0894969,1.88995,4.75931,0.124099,0,0.00346647,NBA,2,Omicron,3,Boosted,0
974_1,-6.52281,2.23172,-3.58214,-5.32487,0.759232,3.01,8.6083,1.43387,97,0.0021423,-6.56033,2.28808,-3.68646,-4.84029,0.650401,3.50163,8.30517,1.45439,97,0.00202027,-6.61566,2.27029,-3.63283,-4.7127,0.617696,3.14633,8.3366,1.45783,97,0.000639721,0.186212,0.198723,0.372387,0.916293,0.247736,1.96446,0.972995,0.146076,0,0.00308131,NBA,1,Omicron,3,Boosted,0
281_1,-7.03652,1.65391,-3.78387,-6.34221,0.619975,2.90778,8.75708,1.45901,97,0.00259716,-7.07777,1.73685,-3.63938,-6.70374,0.901294,3.13643,8.30388,1.46819,97,0.00187652,-7.07893,1.72681,-3.61802,-6.07469,0.782785,3.02487,7.99877,1.48255,97,0.00071621,0.162724,0.187317,0.347204,1.12168,0.48976,1.41942,1.4848,0.153803,0,0.00364072,NBA,2,Omicron,3,Boosted,0
1531_1,-6.77744,1.95015,-3.60779,-5.7645,0.494717,2.39768,15.8848,1.41924,97,0.00157207,-6.75672,1.99855,-3.50905,-5.0325,0.36235,2.21774,15.0973,1.42362,97,0.00219166,-6.79567,1.92549,-3.56605,-5.24904,0.366203,1.99907,11.0343,1.44888,97,0.000814326,0.209311,0.220707,0.359234,0.801827,0.153521,1.45762,4.86538,0.152186,0,0.00435195,NBA,3,Omicron,3,Boosted,0
2531_1,-6.51236,2.48705,-3.57738,-4.11671,0.802407,3.39373,12.5811,1.45131,97,0.00217764,-6.50948,2.49049,-3.56651,-4.13103,0.814372,2.57732,12.1554,1.46419,97,0.00174495,-6.54302,2.38786,-3.61745,-4.28302,0.804993,2.49562,8.97547,1.44416,97,0.000700334,0.204386,0.213499,0.316177,0.693313,0.229623,1.45777,4.54864,0.168216,0,0.00373154,NBA,2,Delta,2,Second dose,0
419_1,-6.84501,1.99616,-3.57348,-6.76177,0.78876,1.93095,9.55752,1.43287,97,0.00117922,-6.80562,1.98237,-3.58326,-6.9297,0.938263,2.24639,11.5074,1.39677,97,0.00199772,-6.81067,1.97069,-3.5911,-6.56776,0.869684,1.98911,8.64491,1.39893,97,0.000591572,0.147546,0.166862,0.383371,0.761664,0.333833,1.6453,5.38259,0.131006,0,0.0037702,NBA,1,Delta,2,Second dose,0
2487_1,-6.77054,2.03564,-3.6623,-5.93263,0.916849,2.87213,7.49374,1.41975,97,0.00317097,-6.7884,2.06237,-3.61669,-5.54842,0.982511,2.71938,8.55089,1.41426,97,0.00151254,-6.83257,2.08047,-3.62215,-5.23654,0.873497,2.35423,7.48557,1.41995,97,0.000675991,0.179472,0.176153,0.362676,1.14645,0.456565,1.5226,3.49438,0.141974,0,0.00335152,NBA,1,Delta,2,Second dose,0
1879_1,-6.43695,2.4362,-3.60627,-5.17436,1.11434,2.649,8.04751,1.45152,97,0.00114915,-6.41872,2.40531,-3.68178,-5.16068,1.08108,2.94772,8.13613,1.47869,97,0.00273914,-6.48199,2.39818,-3.66856,-4.83352,1.0148,2.79631,5.90111,1.47062,97,0.000756402,0.217691,0.224206,0.330684,1.01016,0.364495,1.71947,5.33857,0.152598,0,0.00617006,NBA,1,Omicron,-1,No record,0
1353_1,-6.67936,2.25044,-3.50321,-2.9352,0.451705,2.54211,13.9301,1.39501,97,0.00158783,-6.70775,2.38372,-3.51845,-2.90098,0.545099,2.28552,15.4576,1.43221,97,0.00209237,-6.76954,2.2428,-3.5522,-3.18362,0.548912,2.01276,12.9609,1.45158,97,0.000942382,0.237044,0.241053,0.348058,0.572851,0.154529,1.57833,5.78997,0.183662,0,0.00478177,NBA,2,Delta,-1,No record,0
1209_1,-6.44532,2.3979,-3.48158,-5.3761,0.511769,2.64818,18.1639,1.43995,97,0.00143725,-6.44581,2.38177,-3.51953,-5.33657,0.49152,2.27662,17.2727,1.47414,97,0.00183052,-6.47344,2.34967,-3.54964,-5.37444,0.516465,2.18618,12.8863,1.46576,97,0.000691642,0.204118,0.200208,0.338186,0.769318,0.122851,1.18138,5.3718,0.148751,0,0.0046542,NBA,3,Omicron,3,Boosted,0
493_1,-6.69328,2.11491,-3.55395,-4.69891,0.454319,2.85346,12.2707,1.44879,97,0.00159211,-6.66667,2.04942,-3.55003,-5.22632,0.57203,2.22098,13.7404,1.45369,97,0.00194916,-6.74424,2.07717,-3.57942,-4.81481,0.46199,1.91305,10.1944,1.43777,97,0.000748945,0.212754,0.229589,0.335086,1.11741,0.248982,1.29072,6.02986,0.165078,0,0.00305418,NBA,1,Omicron,3,Boosted,0
2101_1,-6.5352,2.4183,-3.58401,-2.98231,0.58989,2.30508,12.3869,1.45765,97,0.00157431,-6.61308,2.46134,-3.44848,-2.97732,0.597901,2.3466,13.3358,1.44397,97,0.00208386,-6.63802,2.39584,-3.58639,-3.11017,0.604079,2.19385,10.2783,1.45172,97,0.000705496,0.231993,0.198444,0.353522,0.501635,0.2514,1.34084,5.95793,0.133733,0,0.00308145,NBA,1,Omicron,2,Second dose,0
3057_1,-6.68725,2.12558,-3.67885,-5.70589,0.834147,2.55064,7.53976,1.42967,97,0.00131098,-6.70931,2.18152,-3.67181,-5.37408,0.790572,2.58712,8.0824,1.44333,97,0.00321371,-6.73044,2.0962,-3.61364,-5.69139,0.707639,2.36547,6.55353,1.44847,97,0.000783183,0.20974,0.217468,0.307589,1.14747,0.405854,1.61702,3.85485,0.149294,0,0.0121542,NBA,2,Omicron,3,Boosted,0
3021_1,-6.81609,1.777,-3.53034,-6.59701,0.776359,2.65423,13.1446,1.48951,97,0.00214912,-6.86981,1.83495,-3.52312,-6.65218,0.840539,2.25103,15.5652,1.46247,97,0.00275817,-6.90389,1.83835,-3.58584,-6.16166,0.733128,2.07156,10.3375,1.47641,97,0.000698051,0.184533,0.192453,0.337828,1.09529,0.498085,1.25763,9.07553,0.158722,0,0.00676886,NBA,3,Delta,-1,No record,0
1577_1,-6.57293,2.2781,-3.57355,-5.61022,0.780234,2.30229,14.8394,1.38463,97,0.00148743,-6.59463,2.2707,-3.4995,-5.84955,0.827593,2.07512,15.1327,1.38753,97,0.00188621,-6.60348,2.26099,-3.57721,-5.56365,0.810837,1.86929,10.2319,1.39137,97,0.000685694,0.18283,0.197209,0.318749,0.807435,0.149566,1.20223,6.16784,0.136785,0,0.00352103,NBA,2,Omicron,-1,No record,0
2672_1,-6.66842,2.02041,-3.53332,-6.08918,0.529939,2.17637,15.8994,1.42052,97,0.000960228,-6.6435,2.015,-3.46115,-6.06714,0.503476,2.30725,16.4628,1.40573,97,0.00183433,-6.69281,2.04933,-3.5887,-5.86161,0.52717,1.99234,11.6012,1.42186,97,0.000670437,0.183776,0.184444,0.341491,0.849787,0.131668,1.4355,8.22706,0.160308,0,0.00251701,NBA,2,Omicron,3,Boosted,0
89_2,-6.69756,2.12833,-3.74509,-6.25749,0.607012,4.05007,7.20217,1.4378,97,0.00160614,-6.6434,2.14166,-3.65479,-6.17457,0.568008,3.63522,7.10552,1.39539,97,0.0019469,-6.65185,2.14848,-3.63616,-5.84336,0.541961,3.05982,6.99454,1.40871,97,0.000702063,0.175572,0.200033,0.362964,0.825043,0.180145,1.68891,0.774083,0.132352,0,0.00316222,NBA,2,Omicron,-1,No record,0
1751_1,-6.64489,2.10792,-3.5898,-6.45519,0.69816,2.49657,11.9509,1.41338,97,0.00140253,-6.73099,2.18606,-3.62026,-6.25395,0.749496,2.61873,12.0972,1.4427,97,0.00213877,-6.70242,2.15479,-3.56769,-6.1192,0.697332,2.32379,10.1846,1.40652,97,0.00066183,0.176496,0.19176,0.351081,0.767046,0.248793,1.41434,6.23382,0.145532,0,0.00553757,NBA,2,Delta,-1,No record,0
1509_2,-6.42493,2.45957,-3.54287,-5.1647,0.904008,2.64847,11.8057,1.46976,97,0.00262134,-6.44118,2.43739,-3.61514,-5.25333,0.918664,2.53509,11.9975,1.49088,97,0.00252308,-6.4933,2.43982,-3.58854,-5.34556,1.09646,2.1418,10.2964,1.46634,97,0.000707515,0.188327,0.193972,0.372858,1.03653,0.297951,1.85528,7.09103,0.153082,0,0.00614052,NBA,2,Omicron,-1,No record,0
2094_1,-6.55926,2.36884,-3.63321,-5.10471,1.16091,2.41557,8.36663,1.45458,97,0.00206623,-6.56439,2.38966,-3.63463,-4.34806,0.95903,2.69933,9.05177,1.43952,97,0.00193197,-6.63421,2.35959,-3.65465,-4.10276,0.844592,2.27969,6.99562,1.4628,97,0.000686142,0.206467,0.243308,0.346408,1.41132,0.438898,2.21371,4.6083,0.141891,0,0.00338561,NBA,2,Omicron,-1,No record,0
774_2,-6.52259,2.37976,-3.64387,-4.65575,0.773892,2.36715,10.91,1.44871,97,0.00180467,-6.49359,2.33091,-3.60513,-4.56243,0.6839,2.73563,11.4979,1.47019,97,0.00199226,-6.58079,2.33013,-3.57808,-4.44068,0.668704,2.1873,10.5099,1.45308,97,0.000690639,0.232605,0.245182,0.354453,1.0428,0.330566,1.63049,5.45674,0.1368,0,0.00444527,NBA,1,Omicron,-1,No record,0
2057_1,-6.66064,2.32339,-3.63194,-5.79968,1.2306,2.54926,13.45,1.45828,97,0.00236147,-6.61352,2.26232,-3.55421,-6.26861,1.37004,2.53661,12.2737,1.45003,97,0.00168458,-6.66769,2.28044,-3.60103,-6.12393,1.48427,2.08003,10.4886,1.44542,97,0.000725807,0.191546,0.18599,0.358355,1.00958,0.322853,1.60239,5.10756,0.141062,0,0.00375002,NBA,1,Delta,-1,No record,0
1355_2,-6.63432,1.96537,-3.55214,-5.07849,0.442096,2.25889,13.6346,1.42434,97,0.00181627,-6.73638,2.09943,-3.56046,-4.90825,0.473956,2.25063,13.5478,1.40412,97,0.0022761,-6.74792,2.05914,-3.59108,-4.86845,0.442096,1.97291,9.28584,1.40605,97,0.000740446,0.224812,0.211725,0.374824,0.711153,0.184521,1.77956,5.77214,0.142899,0,0.00687988,NBA,1,Omicron,3,Boosted,0
1143_1,-6.61676,2.28759,-3.76411,-3.13139,0.509822,3.81745,3.61097,1.46267,97,0.00155532,-6.6542,2.40224,-3.70303,-3.41797,0.977818,3.60847,5.22517,1.46197,97,0.00205734,-6.65692,2.43217,-3.72213,-3.26645,0.839435,3.43183,3.72503,1.44898,97,0.000702661,0.219661,0.249127,0.351742,0.684003,0.555459,2.20121,4.22138,0.157442,0,0.0036979,NBA,1,Omicron,2,Second dose,0
2087_1,-6.4646,2.33445,-3.6484,-6.07569,1.52946,2.32494,7.719,1.46549,97,0.00138421,-6.5564,2.45082,-3.6409,-5.06781,1.21492,2.94244,6.53806,1.4851,97,0.00155649,-6.58578,2.41569,-3.69365,-4.84067,1.10112,2.75901,4.84835,1.48956,97,0.000617571,0.17418,0.189976,0.347789,1.11825,0.519967,1.48659,4.5588,0.165925,0,0.00229905,NBA,2,Omicron,3,Boosted,0
2328_1,-6.62478,2.18776,-3.58764,-4.72896,0.611213,2.43794,16.264,1.3619,97,0.00226756,-6.62575,2.18731,-3.48097,-4.93946,0.684814,2.30825,14.7226,1.3591,97,0.00159197,-6.67699,2.18782,-3.5836,-4.75086,0.631453,2.08184,9.26456,1.39062,97,0.000745352,0.162672,0.160054,0.369461,0.739814,0.184049,1.25799,6.74543,0.138815,0,0.00218049,NBA,1,Omicron,3,Boosted,0
104_1,-6.43254,2.50333,-3.65571,-4.6103,0.983128,2.35633,11.538,1.48922,97,0.00137309,-6.44443,2.48891,-3.53645,-4.73388,1.02254,2.58637,12.7893,1.4972,97,0.00230864,-6.51,2.48752,-3.60048,-4.3643,0.964083,2.32691,10.3584,1.47378,97,0.000707133,0.19497,0.209514,0.334945,1.01798,0.324498,1.51076,5.93467,0.162034,0,0.00594005,NBA,1,Omicron,3,Boosted,0
67_1,-6.60167,2.27,-3.55439,-5.98045,0.764874,2.23636,14.5832,1.43602,97,0.00218592,-6.70723,2.23211,-3.55835,-6.385,0.859051,2.20949,15.0757,1.42057,97,0.0026087,-6.80012,2.14341,-3.5841,-6.48026,1.01429,2.14014,10.3059,1.42062,97,0.000708894,0.18556,0.214678,0.370561,0.826895,0.192673,1.47452,7.7039,0.143387,0,0.00676962,NBA,1,Omicron,2,Second dose,0
273_1,-6.52839,2.40939,-3.57389,-4.25304,0.779324,2.67689,11.1544,1.42895,97,0.00389392,-6.52893,2.39301,-3.62181,-4.1323,0.699274,2.63529,11.8007,1.46313,97,0.00207215,-6.59241,2.3394,-3.58535,-4.15644,0.62094,2.19209,10.3993,1.45286,97,0.000694186,0.219629,0.203246,0.346384,0.800955,0.333494,1.61706,6.31623,0.155382,0,0.00350201,NBA,2,Omicron,3,Boosted,0
1300_1,-6.59995,2.28145,-3.52247,-3.58287,0.341247,2.20541,13.3002,1.43163,97,0.00149989,-6.59977,2.23065,-3.56875,-3.72246,0.338652,2.53733,12.5707,1.46493,97,0.00140262,-6.6323,2.21391,-3.58033,-3.72504,0.320208,2.14015,10.324,1.43952,97,0.000700031,0.247933,0.220061,0.342357,0.540266,0.140104,1.42239,5.22451,0.156388,0,0.00183228,NBA,2,Omicron,3,Boosted,0
2830_1,-6.45272,2.50227,-3.57278,-4.08779,1.37096,2.33627,11.8814,1.48064,97,0.00173324,-6.46413,2.49887,-3.58054,-4.09191,1.36354,2.55628,12.4266,1.48692,97,0.00157943,-6.57143,2.52298,-3.58645,-3.77074,1.14658,2.13612,10.3492,1.47119,97,0.000699167,0.224692,0.227797,0.337854,1.13793,0.840553,1.49807,6.89188,0.157198,0,0.0023206,NBA,1,Omicron,3,Boosted,0
2771_1,-6.67929,2.3066,-3.62986,-3.65018,0.574679,2.94351,6.48883,1.47452,97,0.00287857,-6.66931,2.2352,-3.61008,-4.01534,0.716701,2.89253,7.11595,1.48035,97,0.00163938,-6.65274,2.30931,-3.62993,-3.41122,0.517383,3.25521,6.79887,1.43528,97,0.00075493,0.216018,0.266482,0.307122,1.06957,0.403546,1.57291,2.92613,0.164996,0,0.00360809,NBA,2,Omicron,2,Second dose,0
3061_1,-6.46822,2.53327,-3.61935,-4.76432,0.996186,2.40849,11.4049,1.49081,97,0.00213306,-6.43615,2.50308,-3.55814,-4.68824,1.00604,2.32105,13.8854,1.50054,97,0.00302378,-6.49205,2.49354,-3.58949,-4.49755,0.974172,2.10585,10.2399,1.47482,97,0.000754009,0.184398,0.188104,0.383199,0.785381,0.241958,1.48211,6.03685,0.158503,0,0.00852128,NBA,2,Omicron,3,Boosted,0
2739_2,-6.43449,2.6144,-3.60103,-5.80036,2.40943,2.63555,11.3723,1.53164,97,0.000990689,-6.4103,2.60175,-3.60767,-5.64329,2.35611,2.79052,13.0811,1.4725,97,0.00137664,-6.46066,2.59386,-3.59293,-5.34164,2.37865,2.20939,10.3738,1.49555,97,0.000717188,0.20675,0.206874,0.322327,1.08041,0.331225,1.70216,7.53388,0.154557,0,0.00224163,NBA,2,Omicron,-1,No record,0
2880_2,-6.6615,2.20667,-3.65213,-5.51845,0.862423,2.34363,11.0887,1.42203,97,0.00173733,-6.64852,2.18103,-3.53682,-5.67323,0.882089,2.52425,11.0573,1.43815,97,0.0019411,-6.69473,2.23566,-3.57885,-5.48954,1.0014,2.09888,10.4592,1.43775,97,0.000642292,0.20575,0.201235,0.360868,1.1483,0.348986,1.48284,6.34351,0.155336,0,0.00444856,NBA,1,Omicron,3,Boosted,0
1017_1,-6.41118,2.5812,-3.64011,-5.41716,1.8281,2.11972,12.992,1.50873,97,0.00195843,-6.37765,2.47426,-3.61813,-5.91549,1.83258,2.63338,11.5697,1.49937,97,0.00125208,-6.48738,2.53944,-3.58019,-5.27451,1.94474,2.11279,10.3472,1.47112,97,0.000711021,0.203368,0.229644,0.339273,1.16221,0.31211,2.19785,5.73523,0.1622,0,0.00179509,NBA,2,Omicron,-1,No record,0
2412_1,-6.845,2.10307,-3.653,-6.8957,1.60025,2.7626,6.58875,1.422,97,0.00174432,-6.85613,2.10394,-3.61545,-6.45525,1.43814,3.1441,7.80131,1.4587,97,0.00192517,-6.86764,2.06355,-3.64109,-6.03088,0.982947,3.6287,6.0781,1.42563,97,0.000590061,0.142818,0.143134,0.380422,0.944253,0.78791,1.62605,5.22153,0.146626,0,0.00285297,NBA,1,Omicron,2,Second dose,0
2658_1,-6.65845,2.09124,-3.60204,-6.36884,0.669338,2.29793,10.9059,1.41096,97,0.0013679,-6.75693,2.20026,-3.62454,-6.47344,0.792739,2.12294,13.4134,1.43954,97,0.00153286,-6.7432,2.17671,-3.5864,-6.30155,0.836525,2.24378,10.4546,1.41834,97,0.000696251,0.180529,0.175581,0.361437,0.799426,0.259162,1.2294,7.02707,0.15169,0,0.00238981,NBA,2,Omicron,3,Boosted,0
212_1,-6.67898,2.21542,-3.63376,-5.57014,1.00846,1.94694,7.62258,1.45766,97,0.00185266,-6.66972,2.19987,-3.61038,-6.01466,1.19174,2.2238,9.93273,1.4476,97,0.00236505,-6.72624,2.19045,-3.65291,-5.55824,1.09262,1.92177,6.94673,1.45887,97,0.000567939,0.175876,0.175382,0.354436,1.11623,0.436184,1.60375,5.41429,0.132829,0,0.00980039,NBA,2,Omicron,2,Second dose,0
2646_1,-6.60884,2.27869,-3.49569,-5.83599,1.28257,2.60186,12.1359,1.39086,97,0.00168989,-6.60295,2.2779,-3.57616,-5.97404,1.32869,2.29498,11.2986,1.39834,97,0.00220486,-6.62467,2.29137,-3.58404,-5.74682,1.45268,2.37586,10.2338,1.41183,97,0.000726243,0.156156,0.16278,0.316646,0.91567,0.373023,1.33112,6.49732,0.144542,0,0.00377207,NBA,2,Omicron,-1,No record,0
2484_1,-6.50838,2.40637,-3.56262,-4.85748,0.727392,2.329,12.4129,1.48055,97,0.00260766,-6.49612,2.35926,-3.61475,-4.9695,0.67999,2.8683,10.9689,1.48019,97,0.00186512,-6.53927,2.34633,-3.58378,-4.80824,0.680176,2.1422,10.3062,1.4555,97,0.000706481,0.195032,0.19477,0.369939,0.832308,0.273808,1.72902,6.10556,0.143374,0,0.00390914,NBA,1,Delta,-1,No record,0
1432_1,-6.71867,2.1661,-3.47639,-6.66418,1.18272,1.9193,15.771,1.3981,97,0.0017569,-6.63974,2.05022,-3.59716,-6.25094,1.0256,2.39362,13.7185,1.43873,97,0.00255436,-6.738,2.1468,-3.61001,-5.60557,0.999125,2.16483,9.73235,1.40164,97,0.000679191,0.171651,0.185694,0.345076,0.855904,0.221119,1.51195,5.90226,0.150537,0,0.00715026,NBA,2,Delta,-1,No record,0
2821_1,-6.7665,2.16603,-3.60467,-6.19439,0.911782,2.94874,11.4906,1.37789,97,0.00159192,-6.71269,2.11366,-3.65258,-6.22254,0.913651,2.31975,12.2164,1.36563,97,0.00146206,-6.72393,2.09248,-3.57367,-5.97699,0.838631,2.06261,10.3357,1.39863,97,0.000712856,0.182063,0.177635,0.354397,0.920147,0.400441,1.4022,6.696,0.143408,0,0.00270977,NBA,2,Delta,2,Second dose,0
2842_1,-6.61147,2.07978,-3.57572,-6.18313,1.10448,2.62005,12.1885,1.4496,97,0.00152224,-6.67303,2.14295,-3.52996,-6.29057,1.25415,2.3252,12.9464,1.45071,97,0.00182719,-6.73378,2.20057,-3.58886,-5.8631,1.33278,2.17268,10.2605,1.42699,97,0.000679356,0.206324,0.212728,0.379258,0.977418,0.361415,1.34909,6.35341,0.152855,0,0.00288606,NBA,1,Omicron,-1,No record,0
277_1,-6.6868,2.14657,-3.55405,-5.74545,0.749143,2.52115,14.5388,1.43342,97,0.00193569,-6.67719,2.13804,-3.53406,-5.78964,0.770717,2.447,14.1176,1.41791,97,0.00155915,-6.72108,2.14323,-3.59739,-5.55751,0.781901,2.27619,9.84323,1.4271,97,0.000684973,0.163745,0.179912,0.391063,0.915397,0.185868,1.54072,5.57745,0.154507,0,0.00337442,NBA,1,Omicron,-1,No record,0
587_1,-6.75105,2.27961,-3.53734,-6.3652,1.37076,2.61694,12.6233,1.45333,97,0.000966337,-6.66262,2.19485,-3.62617,-6.38108,1.26314,2.14401,11.9071,1.42365,97,0.00239123,-6.67898,2.24677,-3.58568,-5.94551,1.26456,1.95944,8.94486,1.38423,97,0.000742079,0.16887,0.17701,0.369878,0.842753,0.340994,1.28246,6.53158,0.132561,0,0.00738858,NBA,1,Omicron,2,Second dose,0
3050_1,-6.47495,2.3142,-3.47052,-5.55402,0.78884,2.09971,16.7841,1.4765,97,0.00207223,-6.52961,2.3524,-3.60507,-5.5104,0.78062,2.20558,16.6798,1.4807,97,0.00198545,-6.54023,2.34709,-3.55681,-5.54314,0.873394,2.13545,13.0077,1.45075,97,0.000720865,0.189989,0.209172,0.38145,1.04174,0.167581,1.55339,5.44349,0.17435,0,0.00313412,NBA,2,Omicron,3,Boosted,0
1000_1,-6.51264,2.485,-3.63407,-5.9515,1.32904,1.87506,9.08579,1.49223,97,0.00183383,-6.48908,2.51267,-3.65051,-5.68425,1.37175,2.18524,10.0882,1.45799,97,0.00268521,-6.53598,2.45313,-3.66795,-5.8204,1.31421,1.94863,5.74632,1.46261,97,0.000617344,0.181467,0.20106,0.359789,0.897236,0.431096,1.18065,5.97616,0.17092,0,0.00752798,NBA,1,Omicron,-1,No record,0
1038_1,-6.48826,2.26266,-3.61405,-5.88853,0.951269,2.33585,13.8115,1.45512,97,0.00119888,-6.54043,2.36033,-3.50535,-5.49537,0.964793,2.63233,14.2889,1.45642,97,0.00149849,-6.57307,2.34433,-3.574,-5.26954,0.944792,2.3582,10.9137,1.45111,97,0.000717597,0.174644,0.187054,0.306833,0.762504,0.169858,1.63402,4.72377,0.145814,0,0.00237636,NBA,2,Delta,2,Second dose,0
94_1,-6.47607,2.42125,-3.61379,-4.43567,0.639155,3.01306,13.3608,1.37976,97,0.00210955,-6.4896,2.41477,-3.61669,-4.1943,0.578844,2.42003,12.8392,1.39135,97,0.00211834,-6.48832,2.41896,-3.5525,-4.22039,0.614908,2.58282,12.9052,1.38149,97,0.000761993,0.173942,0.186303,0.316739,0.486084,0.170156,1.44463,3.62183,0.153199,0,0.00359219,NBA,2,Omicron,-1,No record,0
1367_1,-6.48966,2.50556,-3.54223,-3.59365,0.786303,2.35114,13.2918,1.54201,97,0.00182932,-6.45883,2.5478,-3.55535,-3.49859,0.775849,2.50971,12.7655,1.47426,97,0.00315645,-6.53086,2.49653,-3.58568,-3.70661,0.833679,2.36531,10.3162,1.47931,97,0.000715637,0.21937,0.21174,0.346925,0.596569,0.255265,1.80235,5.13461,0.138335,0,0.015187,NBA,2,Omicron,-1,No record,0
1786_1,-6.48905,2.45831,-3.67691,-4.78579,0.794974,2.57308,10.1046,1.47608,97,0.00156337,-6.45699,2.41424,-3.6161,-4.72082,0.742376,2.81431,9.64978,1.48796,97,0.00150689,-6.50385,2.41253,-3.6105,-4.45176,0.668925,2.46008,9.32646,1.47805,97,0.000705559,0.209012,0.206904,0.294198,0.792615,0.279913,1.63029,2.55634,0.173242,0,0.00339537,NBA,2,Omicron,-1,No record,0
2276_2,-6.76987,2.08672,-3.57558,-6.49172,0.793366,2.96021,7.12127,1.45442,97,0.0019803,-6.74335,2.03144,-3.61063,-6.7516,0.890766,2.71441,7.25981,1.49829,97,0.00192553,-6.77569,2.04286,-3.62112,-6.3476,0.833038,2.62597,7.17345,1.46016,97,0.000703024,0.189548,0.202868,0.343602,0.863058,0.30283,1.42888,1.15697,0.154047,0,0.0027926,NBA,2,Omicron,-1,No record,0
1575_1,-6.5911,2.25284,-3.54835,-5.89493,0.77133,2.24216,15.2214,1.45555,97,0.00321962,-6.55797,2.25873,-3.55541,-6.01293,0.769207,2.21196,15.2535,1.42605,97,0.00258776,-6.62582,2.30387,-3.55926,-5.86626,0.851179,2.17679,10.9864,1.44163,97,0.000666861,0.182958,0.187353,0.324725,0.813692,0.176036,1.48707,7.09877,0.156426,0,0.00530247,NBA,3,Omicron,3,Boosted,0
2287_1,-6.91453,2.07718,-3.56205,-4.89264,0.789864,2.06806,14.1895,1.39679,97,0.00191774,-6.8476,1.98687,-3.62202,-4.90086,0.628322,2.13676,12.3696,1.39866,97,0.00170545,-6.87045,2.0642,-3.58792,-4.23103,0.529372,1.86784,10.8808,1.41895,97,0.000662357,0.183875,0.215508,0.349141,1.27289,0.422171,1.49518,5.90847,0.148604,0,0.00314716,NBA,1,Omicron,3,Boosted,0
2410_1,-6.74331,1.98641,-3.64492,-6.01431,0.826569,2.11521,9.74958,1.4707,97,0.00325962,-6.75485,2.01499,-3.56451,-6.10679,0.829565,2.29135,10.264,1.45419,97,0.00157863,-6.7904,2.0591,-3.59392,-5.5581,0.792061,2.38055,9.91871,1.45172,97,0.000896362,0.187387,0.185833,0.347146,0.975223,0.305921,1.17828,3.75867,0.143367,0,0.00288339,NBA,2,Omicron,3,Boosted,0
604_1,-6.39456,2.30649,-3.54634,-5.4675,0.506473,2.53015,14.7947,1.37673,97,0.00234945,-6.40052,2.34596,-3.60584,-5.20263,0.507574,2.2931,13.5839,1.38262,97,0.00199581,-6.4559,2.35297,-3.56853,-5.15877,0.521843,2.08207,10.1373,1.38455,97,0.000730774,0.185539,0.2032,0.370073,0.775217,0.151923,1.44181,5.77049,0.131188,0,0.00314119,NBA,1,Omicron,-1,No record,0
2499_1,-6.44634,2.54575,-3.73096,-5.81991,1.5875,3.10296,5.76729,1.47536,97,0.00145892,-6.47856,2.58546,-3.71197,-5.91912,1.70092,2.90433,7.27255,1.46763,97,0.00165649,-6.50718,2.5326,-3.70305,-5.93524,1.65275,2.7574,4.21166,1.49295,97,0.000690366,0.210791,0.207589,0.382674,0.782483,0.553197,1.53792,5.66246,0.14781,0,0.00245919,NBA,1,Omicron,-1,No record,0
469_1,-6.72038,2.09696,-3.58877,-6.17354,0.728169,2.28168,12.8601,1.46658,97,0.00217446,-6.69164,2.05431,-3.54101,-6.41587,0.794493,2.33413,13.7876,1.43824,97,0.00157255,-6.73511,2.10069,-3.59941,-6.07071,0.766188,2.13046,9.48986,1.44731,97,0.000623544,0.187867,0.177186,0.369529,0.78561,0.218021,1.3879,5.7255,0.14336,0,0.00363888,NBA,1,Omicron,-1,No record,0
1131_1,-6.66824,2.17366,-3.61555,-6.1275,0.605663,2.18376,11.0679,1.39783,97,0.00222488,-6.69534,2.20727,-3.58823,-6.31665,0.671175,2.11088,11.0766,1.40737,97,0.00155908,-6.68674,2.19782,-3.62594,-6.04598,0.626073,1.90645,8.29759,1.3899,97,0.000620494,0.200124,0.194161,0.371585,0.634519,0.206609,1.3296,5.55025,0.151159,0,0.00239005,NBA,1,Omicron,3,Boosted,0
2334_1,-6.87754,1.90254,-3.56468,-5.57051,1.01158,2.28852,11.3948,1.42316,97,0.00209002,-6.91327,1.90268,-3.62583,-5.76018,0.90752,2.35015,9.67465,1.47915,97,0.00169141,-6.96779,1.93848,-3.60766,-5.11864,0.763481,1.84184,8.49154,1.43843,97,0.000640705,0.150561,0.162817,0.366658,1.0488,0.588758,1.43976,6.04275,0.157422,0,0.003532,NBA,3,Omicron,3,Boosted,0
2361_1,-6.6577,2.16552,-3.58884,-4.82029,0.661645,2.40749,12.4951,1.43506,97,0.00458012,-6.60681,2.1699,-3.60214,-5.06794,0.694194,2.591,11.7776,1.4392,97,0.00196252,-6.68296,2.20916,-3.58375,-4.64234,0.624156,2.33963,10.5535,1.43522,97,0.000676943,0.225729,0.22411,0.359118,1.23536,0.319052,1.50096,5.17104,0.124339,0,0.00353244,NBA,2,Omicron,-1,No record,0
2330_1,-6.52822,2.30742,-3.58097,-4.17995,0.523847,3.16909,7.25495,1.37296,97,0.00155196,-6.56149,2.27727,-3.61216,-4.27126,0.533126,3.07748,7.16611,1.40895,97,0.00220536,-6.58896,2.27744,-3.63649,-4.27782,0.478507,2.66891,7.07616,1.40285,97,0.000677165,0.197814,0.199223,0.31777,0.655737,0.243643,1.64896,1.45392,0.139093,0,0.0052879,NBA,1,Omicron,2,Second dose,0
770_1,-6.50853,2.26009,-3.64149,-4.96586,0.634479,4.10422,9.60193,1.4682,97,0.00140025,-6.60328,2.22648,-3.6535,-5.29139,0.69713,3.45364,9.74008,1.44375,97,0.00240236,-6.62608,2.24528,-3.59983,-5.0809,0.709254,3.64993,9.92862,1.43713,97,0.000698079,0.218176,0.271621,0.349131,1.02949,0.240992,2.04892,1.53853,0.151865,0,0.00478506,NBA,2,Omicron,3,Boosted,0
2121_1,-6.56012,2.4176,-3.59762,-3.32319,0.552375,2.62986,12.1932,1.44762,97,0.00279925,-6.58606,2.38124,-3.58376,-3.528,0.620093,2.61104,11.2119,1.47654,97,0.00274159,-6.63976,2.33675,-3.58368,-3.63166,0.589724,2.15071,10.3176,1.44498,97,0.000702361,0.237876,0.238367,0.35849,0.630976,0.263506,1.73939,5.08451,0.149433,0,0.00660687,NBA,2,Omicron,-1,No record,0
3042_1,-6.39883,2.4822,-3.46262,-6.07582,0.835943,2.51289,15.0812,1.47451,97,0.00175805,-6.3766,2.51723,-3.63381,-5.80205,0.746616,2.09535,12.8853,1.4771,97,0.00174476,-6.45242,2.4914,-3.60218,-5.63929,0.658954,1.59848,7.97102,1.49255,97,0.000686599,0.185384,0.217639,0.381845,0.718105,0.192621,1.24324,6.15592,0.13221,0,0.0042916,NBA,2,Omicron,-1,No record,0
223_1,-6.70888,2.25901,-3.55345,-3.94959,0.691058,2.35575,15.0835,1.42205,97,0.00149942,-6.71891,2.249,-3.52302,-3.85886,0.693228,2.47798,14.6672,1.41939,97,0.00216404,-6.76044,2.23495,-3.57758,-3.92619,0.694073,2.2958,10.4775,1.43374,97,0.000712226,0.203903,0.220155,0.347042,0.741194,0.28364,1.34892,6.18437,0.1609,0,0.00421597,NBA,2,Omicron,-1,No record,0
1888_1,-6.61193,2.34336,-3.55031,-4.72131,1.17598,2.31353,7.27384,1.4361,97,0.00180146,-6.55772,2.28776,-3.64181,-5.36294,1.31001,2.37097,7.87908,1.46324,97,0.00212726,-6.66042,2.36787,-3.65215,-4.53542,1.13243,2.23375,6.01758,1.433,97,0.000736819,0.19487,0.204008,0.335501,1.31984,0.59014,1.40274,4.45467,0.149193,0,0.00420303,NBA,3,Omicron,3,Boosted,0
2300_1,-6.57597,2.21242,-3.5665,-5.36237,0.654686,2.30365,11.523,1.46155,97,0.00167333,-6.55883,2.19078,-3.52636,-5.23463,0.601132,2.35186,10.9059,1.46595,97,0.00218945,-6.60664,2.25673,-3.57016,-5.12628,0.692852,2.30342,11.6421,1.44141,97,0.000729911,0.18897,0.200621,0.306316,0.855534,0.182398,1.30816,1.86082,0.167469,0,0.00414468,NBA,3,Delta,2,Second dose,0
1991_1,-6.47597,2.51086,-3.6255,-5.17915,0.970125,2.37432,8.80785,1.48619,97,0.00119762,-6.44791,2.44947,-3.5901,-5.23974,0.8666,2.7849,8.7988,1.50709,97,0.00220076,-6.48131,2.42745,-3.62515,-4.95377,0.79494,2.46689,7.62575,1.47176,97,0.000700522,0.173491,0.184499,0.333165,0.978042,0.301228,1.99084,3.47435,0.17254,0,0.00494581,NBA,3,Omicron,3,Boosted,0
958_1,-7.00273,1.96662,-3.58553,-7.03378,2.78191,2.01939,13.1577,1.5024,97,0.00124224,-6.95385,1.79699,-3.56723,-7.10388,1.02333,1.94688,12.897,1.45959,97,0.00147125,-6.9781,1.79378,-3.54872,-6.55111,0.846062,1.76452,12.0599,1.46756,97,0.000775602,0.156118,0.189139,0.338622,1.0409,0.663547,1.03614,5.93422,0.170132,0,0.00343632,NBA,3,Omicron,3,Boosted,0
1849_1,-6.40585,2.44423,-3.50718,-4.88801,0.948105,2.49285,14.7833,1.52237,97,0.00108234,-6.4169,2.50466,-3.58029,-4.34272,0.878304,2.45737,13.9842,1.4863,97,0.00202027,-6.47722,2.50324,-3.57447,-4.37536,0.909634,2.14015,10.3338,1.48215,97,0.000708923,0.189058,0.196845,0.338776,0.646547,0.220008,1.52667,5.12709,0.173512,0,0.00537977,NBA,1,Omicron,-1,No record,0
2971_1,-6.66523,2.15989,-3.54747,-6.31066,0.845589,2.17407,12.7905,1.48682,97,0.00294413,-6.65048,2.15849,-3.62374,-6.26486,0.82527,2.21061,12.3005,1.47379,97,0.00195388,-6.70681,2.1979,-3.58402,-6.1768,0.967943,2.1434,10.307,1.44609,97,0.000685025,0.204169,0.187908,0.337689,0.861467,0.28945,1.36945,6.5909,0.16621,0,0.00444678,NBA,1,Omicron,-1,No record,0
921_1,-6.72017,2.0456,-3.57734,-6.01758,0.660762,2.29371,15.4107,1.38237,97,0.00188482,-6.69361,2.03037,-3.48664,-6.10733,0.693051,2.51624,14.3939,1.36522,97,0.0018038,-6.72364,2.04992,-3.59944,-5.92932,0.67239,2.24398,10.3775,1.37792,97,0.000694221,0.149424,0.14896,0.348401,0.901139,0.175766,1.48897,4.85027,0.139845,0,0.00327311,NBA,1,Delta,2,Second dose,0
2571_1,-6.52672,2.61327,-3.61672,-4.3233,1.54764,2.31855,10.8324,1.52554,97,0.00173539,-6.49173,2.53724,-3.56506,-4.54994,1.58546,2.25438,12.0579,1.48597,97,0.00206824,-6.56948,2.536,-3.58682,-4.22288,1.53431,2.117,10.2078,1.46232,97,0.000703406,0.208948,0.235513,0.33384,1.2171,0.489727,1.18218,5.69672,0.157453,0,0.00351323,NBA,1,Omicron,3,Boosted,0
942_2,-6.75881,2.23155,-3.70749,-4.09788,0.986249,2.04325,7.76593,1.43495,97,0.0014482,-6.7349,2.26267,-3.59646,-4.76349,1.57542,2.62559,9.56048,1.41594,97,0.00269646,-6.81489,2.29654,-3.61705,-4.45079,1.65192,2.00958,8.69934,1.4014,97,0.000685623,0.202654,0.19672,0.314255,1.33231,0.727234,1.35589,5.90817,0.150166,0,0.00497645,NBA,2,Omicron,-1,No record,0
308_1,-6.71629,2.3259,-3.54202,-6.63585,1.69913,2.53078,8.54636,1.34141,97,0.00239446,-6.63879,2.22149,-3.62689,-6.74947,1.58993,2.35767,7.6266,1.3515,97,0.00188603,-6.7055,2.28302,-3.64808,-6.25994,1.55383,2.39143,6.05158,1.36328,97,0.000691366,0.178054,0.190934,0.312152,0.884374,0.653212,1.46046,5.13966,0.123582,0,0.00428805,NBA,1,Delta,2,Second dose,0
445_1,-6.80765,1.95875,-3.50282,-4.98413,0.394194,2.22958,17.4621,1.40295,97,0.00250035,-6.77403,1.92564,-3.47707,-5.01865,0.392257,2.3433,17.6353,1.41158,97,0.00164971,-6.82294,1.98073,-3.56393,-4.88002,0.379056,2.12392,11.9967,1.41402,97,0.000627488,0.203105,0.197454,0.384963,0.534616,0.149775,1.32533,6.33448,0.15085,0,0.00331617,NBA,1,Omicron,3,Boosted,0
1042_1,-6.55526,2.29816,-3.48143,-4.5892,0.541585,2.78582,17.5753,1.41059,97,0.00147676,-6.55953,2.28207,-3.56249,-4.57982,0.519589,2.46405,16.1526,1.47963,97,0.00213204,-6.63224,2.22794,-3.54138,-4.52452,0.468615,2.14184,11.1555,1.46719,97,0.000719305,0.227923,0.24775,0.378001,0.748796,0.152472,1.54259,6.4149,0.158644,0,0.0033227,NBA,3,Omicron,3,Boosted,0
2154_2,-6.83861,2.12445,-3.47852,-5.42887,0.899472,1.93576,16.0103,1.49197,97,0.00195179,-6.72489,2.12772,-3.56394,-5.09673,0.772308,2.24042,15.2677,1.42659,97,0.00233553,-6.8597,2.05872,-3.55296,-5.41718,0.952522,2.67157,12.0373,1.48679,97,0.000676263,0.206786,0.237997,0.365967,1.20954,0.342754,1.48409,7.16675,0.143375,0,0.00509412,NBA,1,Omicron,-1,No record,0
224_1,-6.84504,2.06589,-3.5731,-3.87901,0.486514,2.36424,14.8544,1.47523,97,0.00228655,-6.83335,2.10916,-3.57407,-3.82245,0.499992,2.31587,13.8319,1.46601,97,0.00170355,-6.86694,2.03639,-3.58272,-3.84267,0.420109,2.12425,10.3113,1.43711,97,0.000697821,0.241765,0.23242,0.333685,0.954583,0.351438,1.38347,5.22977,0.159714,0,0.00303402,NBA,2,Omicron,3,Boosted,0
923_2,-6.84551,2.18814,-3.68582,-5.08805,1.17363,2.63026,7.70863,1.38939,97,0.000826333,-6.77952,2.10239,-3.59756,-5.48226,1.32112,2.48747,8.67118,1.41502,97,0.00158463,-6.8455,2.15712,-3.66122,-4.73833,1.11024,2.40622,6.64882,1.39651,97,0.000569955,0.183733,0.173232,0.308806,1.08912,0.718739,1.36311,6.59939,0.14989,0,0.00253663,NBA,1,Omicron,-1,No record,0
2365_1,-6.37246,2.46826,-3.68123,-5.41571,1.52737,3.0429,8.78681,1.48951,97,0.00192623,-6.44051,2.58778,-3.63432,-4.89291,1.46699,3.03448,9.66954,1.48728,97,0.00159184,-6.49029,2.53635,-3.63635,-4.81839,1.60781,1.92848,10.189,1.47354,97,0.000824583,0.207701,0.202195,0.345567,1.01295,0.376967,1.64629,5.53497,0.152251,0,0.00291907,NBA,2,Delta,2,Second dose,0
2425_1,-6.65251,2.33094,-3.55715,-3.39955,0.602943,2.3417,12.8336,1.44946,97,0.00244822,-6.6107,2.34853,-3.50575,-3.26624,0.583499,2.43925,14.347,1.45426,97,0.00175425,-6.65203,2.36615,-3.58472,-3.30455,0.622887,2.2663,10.5262,1.45382,97,0.000651088,0.26722,0.260331,0.317875,0.542962,0.212233,1.40045,6.0828,0.158237,0,0.00290479,NBA,2,Omicron,3,Boosted,0
551_1,-6.66098,2.17301,-3.60304,-4.46079,0.789122,2.29961,12.4422,1.42509,97,0.00101783,-6.7162,2.22769,-3.60304,-4.36813,0.771784,2.44137,12.3513,1.42653,97,0.00129446,-6.73855,2.20367,-3.58562,-4.26509,0.650652,2.18349,10.3465,1.4215,97,0.000701342,0.206556,0.19396,0.332515,0.679234,0.452095,1.43851,6.81581,0.153999,0,0.00202169,NBA,3,Omicron,-1,No record,0
702_1,-6.54013,2.13588,-3.55273,-5.62756,0.568211,2.25483,14.3551,1.45603,97,0.00142753,-6.6074,2.20993,-3.57133,-5.67595,0.585862,2.29169,13.6566,1.43475,97,0.00187665,-6.67943,2.11995,-3.59499,-5.6794,0.597959,2.17969,10.2464,1.44976,97,0.000675247,0.224681,0.229214,0.35392,0.990852,0.187351,1.24078,5.77337,0.159974,0,0.00322176,NBA,3,Omicron,-1,No record,0
226_1,-6.67825,2.26555,-3.46652,-3.02616,0.291977,2.32169,15.5472,1.41739,97,0.00270099,-6.6977,2.26298,-3.57419,-3.17588,0.314432,2.49389,15.7975,1.39585,97,0.00270659,-6.67959,2.20761,-3.59129,-3.26184,0.312868,2.16463,10.3701,1.41155,97,0.000682212,0.193214,0.222521,0.380403,0.480241,0.108106,1.60135,5.34359,0.140345,0,0.00695548,NBA,2,Omicron,3,Boosted,0
3023_1,-6.75637,2.30546,-3.53056,-4.07354,0.890084,2.46198,13.6596,1.36342,97,0.00212711,-6.7472,2.27082,-3.67338,-4.11467,0.888684,2.28073,10.7765,1.37887,97,0.00215689,-6.76499,2.25712,-3.57964,-4.01446,0.834804,2.0236,10.7038,1.40505,97,0.000696517,0.192079,0.223791,0.392193,0.911829,0.513296,1.5451,6.20104,0.141497,0,0.00392267,NBA,3,Delta,2,Second dose,0
2514_1,-6.70193,2.11856,-3.5672,-5.8116,0.584343,2.41597,15.3502,1.41267,97,0.00246807,-6.63412,2.0565,-3.51698,-5.98821,0.548761,2.47963,14.4278,1.40032,97,0.00171612,-6.69477,2.08478,-3.6016,-5.60723,0.532769,2.20761,9.58093,1.43444,97,0.000797011,0.163507,0.174474,0.345955,0.926351,0.165104,1.30671,5.88715,0.174275,0,0.002807,NBA,3,Omicron,3,Boosted,0
975_1,-6.43246,2.362,-3.7029,-5.4836,0.890816,2.01181,9.2101,1.54046,97,0.00170147,-6.50011,2.52167,-3.57469,-4.92275,0.895657,2.29072,10.2147,1.47657,97,0.00140504,-6.49677,2.43886,-3.62553,-4.70157,0.854386,2.10657,8.88844,1.46444,97,0.00069859,0.213918,0.221106,0.324408,0.921451,0.238005,1.20124,4.13518,0.164353,0,0.00195586,NBA,2,Omicron,3,Boosted,0
2216_1,-6.653,2.33858,-3.8147,-3.40221,0.681459,3.31511,3.76262,1.43597,97,0.00204564,-6.70495,2.43225,-3.72523,-3.45761,1.00201,3.20687,5.54314,1.48289,97,0.00173454,-6.74669,2.33085,-3.73339,-3.70465,0.845627,3.13427,3.58329,1.44264,97,0.000750911,0.201752,0.197923,0.344786,0.61247,0.556858,1.73945,4.8419,0.161127,0,0.00276873,NBA,1,Omicron,2,Second dose,0
2727_1,-6.5251,2.18574,-3.51996,-5.18881,0.552741,2.59295,14.6928,1.44938,97,0.00122719,-6.50446,2.1462,-3.50554,-5.12763,0.486861,2.63105,14.0988,1.49086,97,0.00136825,-6.58404,2.24248,-3.56896,-4.82675,0.485227,2.18737,9.72329,1.44174,97,0.000735287,0.17873,0.166521,0.358635,0.822495,0.177869,1.6149,4.75651,0.142477,0,0.00255719,NBA,unknown,Omicron,2,Second dose,0
986_1,-6.51653,2.40285,-3.55492,-4.95621,0.732072,2.74525,8.34577,1.46652,97,0.00234649,-6.49622,2.33687,-3.60833,-5.15531,0.782298,2.61732,8.51485,1.45567,97,0.00245665,-6.54868,2.35787,-3.61883,-5.05673,0.843856,2.96805,8.58024,1.4518,97,0.000712606,0.192,0.191491,0.374438,1.08134,0.260128,1.62207,2.97506,0.152752,0,0.0114962,NBA,2,Omicron,-1,No record,0
2605_1,-6.49172,2.43005,-3.52652,-4.2595,0.705362,2.68445,13.3483,1.45666,97,0.00186299,-6.47555,2.39058,-3.56645,-4.36974,0.707398,2.45878,14.4253,1.4667,97,0.00169966,-6.54934,2.3783,-3.58318,-4.25047,0.690029,2.26945,10.1858,1.46129,97,0.000700429,0.196124,0.203849,0.354554,0.900744,0.243306,1.39369,5.77433,0.148877,0,0.00256465,NBA,1,Omicron,2,Second dose,0
785_1,-6.5712,2.50782,-3.56135,-3.02704,0.752652,2.18412,11.916,1.45206,97,0.00120507,-6.57065,2.52987,-3.51356,-3.19504,0.862239,2.67925,15.5521,1.4762,97,0.00162431,-6.64387,2.41761,-3.55213,-3.40732,0.823441,2.16071,10.0083,1.45488,97,0.000729684,0.230599,0.27254,0.321551,0.597891,0.190692,1.65651,6.77658,0.151622,0,0.00430925,NBA,2,Delta,2,Second dose,0
1913_1,-6.6477,2.07294,-3.5258,-6.24813,0.600347,2.3228,15.1927,1.38166,97,0.00246308,-6.72979,2.15889,-3.54685,-6.19028,0.633712,2.11541,14.665,1.39373,97,0.00124916,-6.69606,2.10193,-3.57709,-6.14075,0.61561,1.92071,10.3733,1.41052,97,0.000608227,0.151236,0.146923,0.32885,0.653278,0.13975,1.20849,6.25568,0.129477,0,0.00193196,NBA,2,Omicron,3,Boosted,0
384_1,-6.71038,1.95977,-3.69862,-6.43779,0.783146,3.75345,5.4028,1.48821,97,0.00145603,-6.75127,2.00423,-3.74526,-6.39618,0.897362,4.1541,5.59057,1.4602,97,0.00175046,-6.8011,1.99922,-3.65539,-6.19595,0.780413,4.51427,5.63248,1.46119,97,0.000687727,0.169259,0.188829,0.340122,1.0429,0.469306,1.6594,0.441795,0.138822,0,0.0036172,NBA,1,Omicron,3,Boosted,0
283_1,-6.64014,2.21611,-3.66037,-5.45193,1.08462,3.08931,7.02073,1.41483,97,0.00129005,-6.64093,2.2361,-3.6705,-5.03247,0.924236,3.40904,6.65106,1.41916,97,0.00224358,-6.68032,2.25094,-3.6697,-4.69534,0.816805,3.11611,5.97474,1.42101,97,0.000699844,0.202474,0.226123,0.309518,1.00357,0.431385,1.89078,3.03576,0.144312,0,0.00527739,NBA,1,Omicron,2,Second dose,0
1676_1,-6.34518,2.43704,-3.54833,-5.45302,0.805829,2.60751,13.9453,1.49703,97,0.00335289,-6.3491,2.46102,-3.60753,-5.4957,0.830383,2.38193,13.5483,1.49476,97,0.00222369,-6.43034,2.4566,-3.57276,-5.23846,0.795834,2.23681,10.4753,1.48321,97,0.00072425,0.197952,0.206223,0.378442,0.932948,0.263405,1.30739,7.81403,0.157453,0,0.00542441,NBA,3,Omicron,3,Boosted,0
2868_1,-6.75743,2.13607,-3.55326,-5.69934,0.739621,2.01298,12.8099,1.42311,97,0.0020433,-6.68211,2.04669,-3.51494,-6.22186,0.868545,2.36449,13.5491,1.43441,97,0.00166406,-6.76176,2.10441,-3.6086,-5.68233,0.808832,2.1458,9.18975,1.42646,97,0.000719458,0.18221,0.188567,0.329697,1.0175,0.300866,1.48843,6.37411,0.168484,0,0.00266888,NBA,2,Delta,2,Second dose,0
718_1,-6.64204,2.0628,-3.59365,-5.02836,0.338698,2.56499,14.3841,1.39065,97,0.00227122,-6.61446,2.00038,-3.5394,-5.08553,0.329152,2.47031,13.5681,1.42975,97,0.00201462,-6.63723,2.09608,-3.60902,-4.84134,0.312207,2.16458,9.38312,1.42458,97,0.000692301,0.220797,0.206577,0.348798,0.675207,0.116123,1.75992,4.94933,0.146838,0,0.00389424,NBA,1,Omicron,2,Second dose,0
2293_1,-6.58521,2.57181,-3.6242,-3.37614,0.934175,2.95518,6.79626,1.44067,97,0.000994136,-6.51346,2.41372,-3.62395,-3.37932,0.781194,2.64791,6.3262,1.45908,97,0.00218382,-6.62178,2.42064,-3.68184,-3.42502,0.71121,2.40809,5.07945,1.46103,97,0.000728376,0.19771,0.275905,0.363981,0.552608,0.338865,1.43919,3.54172,0.152478,0,0.00473109,NBA,1,Omicron,2,Second dose,0
2944_1,-6.52467,2.28009,-3.57995,-4.95233,0.670556,2.36207,12.7133,1.44427,97,0.0022724,-6.5479,2.31645,-3.57925,-4.74727,0.606189,2.33068,10.9779,1.4781,97,0.00173061,-6.59102,2.31628,-3.58811,-4.63821,0.691112,2.14014,10.2974,1.44664,97,0.000709363,0.210916,0.218619,0.341225,0.964621,0.238818,1.59048,5.27969,0.166467,0,0.00249934,NBA,2,Omicron,3,Boosted,0
2417_1,-7.05185,2.05729,-3.67957,-5.94515,1.15429,2.14936,6.03019,1.43088,97,0.00103495,-6.90472,1.92193,-3.65175,-6.63673,1.24383,2.44468,6.62376,1.41639,97,0.00221868,-6.9277,1.89856,-3.68132,-6.51292,1.00922,2.24357,5.12748,1.44093,97,0.000665576,0.125877,0.146941,0.296465,1.05765,0.859767,1.37847,2.70015,0.145921,0,0.00570179,NBA,1,Omicron,2,Second dose,0
2262_1,-6.67125,2.26868,-3.69245,-4.2598,0.830013,2.4301,7.39803,1.38111,97,0.00241352,-6.67671,2.21607,-3.59387,-4.54329,0.956043,2.59745,8.49919,1.40712,97,0.00183657,-6.72888,2.25942,-3.63553,-4.24902,0.839435,2.28467,7.01989,1.4221,97,0.000667032,0.174694,0.188406,0.309381,1.07795,0.465004,1.53544,4.11846,0.119598,0,0.00356611,NBA,1,Omicron,2,Second dose,0
2746_1,-6.6259,2.11048,-3.66284,-6.08247,0.526766,2.16446,13.1465,1.43913,97,0.00140595,-6.71137,2.16951,-3.4988,-6.01052,0.532736,2.35447,13.4856,1.44826,97,0.00173859,-6.68098,2.08852,-3.56146,-5.89098,0.443374,2.02491,8.99542,1.45209,97,0.0005085,0.219582,0.23077,0.331737,0.856322,0.165837,1.42065,5.68212,0.154341,0,0.00311801,NBA,2,Omicron,3,Boosted,0
251_1,-6.78733,2.12054,-3.51975,-4.59004,0.973784,2.45158,13.1124,1.4461,97,0.00208254,-6.77023,2.09245,-3.68772,-4.66085,0.99542,2.14245,11.9353,1.39756,97,0.002146,-6.85508,2.14749,-3.5789,-4.38675,0.951544,2.22252,9.94602,1.37787,97,0.000708049,0.223913,0.231484,0.364984,0.748353,0.330693,1.49483,5.27012,0.151768,0,0.00456183,NBA,1,Omicron,2,Second dose,0
2631_1,-6.62724,2.36823,-3.66315,-4.02824,0.921294,3.86246,6.85827,1.4385,97,0.00174388,-6.63805,2.33916,-3.65951,-4.41446,1.0926,3.17223,7.06407,1.45498,97,0.00278172,-6.7092,2.3283,-3.65586,-4.12206,0.96046,2.84619,5.77821,1.43813,97,0.000681921,0.199223,0.259174,0.36132,1.33347,0.546732,1.74935,3.60363,0.136304,0,0.00621623,NBA,1,Omicron,2,Second dose,0
228_1,-6.67823,2.08526,-3.44732,-6.02393,0.885982,2.41579,14.8482,1.39198,97,0.00231408,-6.73517,2.16729,-3.53222,-5.68974,0.834159,2.22437,13.1174,1.4013,97,0.002019,-6.7447,2.13634,-3.60842,-5.64738,0.904335,2.10249,9.95664,1.44397,97,0.000721935,0.196112,0.199741,0.351621,0.869739,0.248734,1.51591,5.42963,0.139877,0,0.00328089,NBA,1,Omicron,2,Second dose,0
3030_1,-6.55265,2.19095,-3.73116,-5.47598,0.543525,4.26915,5.95351,1.40927,97,0.0014802,-6.55557,2.17876,-3.71789,-5.63308,0.579012,3.98533,5.9162,1.42142,97,0.00194996,-6.58273,2.2045,-3.66823,-5.25133,0.527752,4.04459,5.99375,1.41716,97,0.000715114,0.189799,0.176593,0.355145,0.777659,0.231471,1.2459,0.476689,0.14929,0,0.00395092,NBA,1,Omicron,2,Second dose,0
2513_1,-6.45794,2.47224,-3.63009,-5.15479,1.06387,2.41518,11.0162,1.47173,97,0.00292046,-6.4507,2.49704,-3.59865,-5.27399,1.21161,2.14936,11.1629,1.44993,97,0.00162702,-6.5037,2.45653,-3.58896,-5.08122,1.15623,2.17697,10.3508,1.46234,97,0.000738688,0.181863,0.216203,0.320022,0.946484,0.399374,0.942192,6.43677,0.138386,0,0.00223996,NBA,1,Omicron,3,Boosted,0
2719_1,-6.32552,2.53471,-3.61964,-5.48082,1.02683,2.00215,11.4986,1.47499,97,0.00128428,-6.35573,2.51717,-3.5821,-5.51494,1.04245,2.42438,13.1713,1.50866,97,0.00207037,-6.42415,2.50599,-3.60369,-5.09461,1.00457,2.04685,10.1835,1.49085,97,0.000731342,0.18736,0.214975,0.328306,0.966969,0.25916,1.70016,7.25776,0.165818,0,0.00372945,NBA,2,Omicron,3,Boosted,0
2732_1,-6.4586,2.29079,-3.64737,-5.99039,0.964856,2.41493,6.32856,1.45535,97,0.00420304,-6.5066,2.36432,-3.68747,-5.69546,0.974884,3.0687,6.63895,1.43674,97,0.00196854,-6.55202,2.35328,-3.67204,-5.49729,0.916743,2.79186,5.83379,1.45076,97,0.000658334,0.221014,0.201075,0.327093,0.859293,0.317609,1.40275,3.21059,0.148055,0,0.0041984,NBA,1,Omicron,2,Second dose,0
2186_1,-6.80694,2.23526,-3.49535,-4.6244,0.790408,1.6948,12.7289,1.49053,97,0.00139347,-6.71681,2.18816,-3.62552,-4.57802,0.737889,1.71557,11.518,1.44471,97,0.00139895,-6.68325,2.24754,-3.58647,-3.88726,0.54763,1.57796,9.95345,1.41774,97,0.000678429,0.241926,0.206278,0.386576,1.1752,0.425239,1.18875,5.99831,0.162785,0,0.0028988,NBA,1,Omicron,2,Second dose,0
178_1,-6.64612,2.19787,-3.51539,-4.05441,0.477157,2.30462,13.9587,1.41631,97,0.00461589,-6.69728,2.25752,-3.49528,-4.09247,0.516471,2.32043,15.7631,1.43143,97,0.00156975,-6.67769,2.22953,-3.58196,-4.13851,0.525219,2.14016,10.312,1.40546,97,0.000708914,0.194973,0.214541,0.34118,0.580362,0.179076,1.25287,6.7033,0.151247,0,0.00192491,NBA,1,Omicron,3,Boosted,0
2120_1,-6.81456,2.04346,-3.639,-6.54974,0.915678,2.30849,13.4544,1.39272,97,0.00240565,-6.79393,2.0226,-3.52865,-6.43664,0.902758,2.47627,14.7119,1.43948,97,0.00164212,-6.8329,2.0533,-3.56091,-6.21836,0.95255,2.29327,11.0839,1.37884,97,0.000683723,0.205581,0.211921,0.357508,0.940799,0.178096,1.62521,5.04115,0.135645,0,0.00316161,NBA,1,Omicron,3,Boosted,0
2763_1,-6.62937,2.34654,-3.57884,-6.34771,0.921811,2.10723,13.6737,1.43067,97,0.00183442,-6.5761,2.25013,-3.56361,-6.29778,0.85851,2.18509,13.3534,1.44037,97,0.00144776,-6.70566,2.2529,-3.60695,-6.22575,0.933847,2.48727,9.50138,1.42952,97,0.000688069,0.180748,0.186681,0.350267,0.766293,0.178474,1.28547,5.75292,0.142683,0,0.00244863,NBA,1,Omicron,3,Boosted,0
2083_1,-6.68149,2.07455,-3.67539,-5.87078,0.490402,4.04804,7.78844,1.43833,97,0.0011809,-6.72386,2.0864,-3.67589,-6.29646,0.572474,3.23877,7.45586,1.41332,97,0.00188834,-6.71285,2.07667,-3.62246,-6.12656,0.551786,3.14201,7.4917,1.41992,97,0.00071081,0.15991,0.16974,0.323928,0.767624,0.197629,1.16936,0.613538,0.151789,0,0.00347521,NBA,1,Delta,2,Second dose,0
232_1,-6.75966,2.18753,-3.73883,-3.92698,0.643284,4.05498,2.95583,1.38159,97,0.00218708,-6.77317,2.17606,-3.68041,-3.87366,0.76285,4.22818,3.4343,1.41393,97,0.00165089,-6.80345,2.15813,-3.75447,-3.90764,0.648788,3.86253,3.00169,1.40442,97,0.000638463,0.181276,0.204377,0.347762,0.628109,0.416093,2.43894,1.66013,0.157141,0,0.00238011,NBA,1,Omicron,3,Boosted,0
2807_1,-6.58208,2.27039,-3.65737,-5.17552,0.996918,2.31234,6.73135,1.45373,97,0.000849098,-6.63283,2.28992,-3.66768,-5.1077,1.13411,2.44266,8.18316,1.44816,97,0.00115823,-6.68621,2.34092,-3.66399,-4.63888,1.04521,2.21076,6.56018,1.46069,97,0.000650888,0.190534,0.205978,0.342449,0.816764,0.416745,1.43314,4.7213,0.138222,0,0.00166495,NBA,1,Omicron,2,Second dose,0
516_1,-6.83853,2.32511,-3.6014,-4.25901,0.696004,3.02536,6.22427,1.43317,97,0.00173319,-6.69247,2.16943,-3.64026,-4.53125,0.711903,2.96801,6.51109,1.42447,97,0.00137526,-6.73507,2.17626,-3.64458,-4.33027,0.624807,2.9188,6.2719,1.39832,97,0.00084604,0.190903,0.223073,0.332427,0.837789,0.386947,1.40864,2.52791,0.140513,0,0.0018415,NBA,1,Omicron,2,Second dose,0
2653_1,-6.4071,2.31759,-3.57318,-5.65365,0.795624,2.26539,15.845,1.39037,97,0.00207513,-6.45311,2.36371,-3.50347,-5.28928,0.773616,2.1419,16.496,1.39108,97,0.00166666,-6.51,2.3999,-3.58238,-5.0262,0.767113,1.93721,11.1537,1.39153,97,0.000807905,0.212154,0.2118,0.335046,0.706127,0.133839,1.32535,7.54033,0.134272,0,0.00270851,NBA,1,Omicron,2,Second dose,0
2208_1,-6.55115,2.42527,-3.50779,-5.99527,0.820556,2.20827,15.104,1.4593,97,0.00179798,-6.56323,2.41576,-3.53377,-6.17558,0.831809,2.2769,13.7232,1.44997,97,0.00157585,-6.56245,2.40309,-3.61623,-5.90271,0.825187,2.08557,9.69746,1.44842,97,0.000617269,0.202268,0.195543,0.334428,0.649173,0.151843,1.46518,6.14196,0.157025,0,0.00243958,NBA,1,Omicron,2,Second dose,0
1290_1,-6.92866,2.08823,-3.6063,-6.3871,1.07787,3.40586,6.424,1.40189,97,0.0015574,-6.81705,1.95248,-3.68633,-6.49711,0.828154,4.29878,6.44254,1.441,97,0.00176859,-6.84798,1.9583,-3.67394,-6.08331,0.687338,3.19217,6.08636,1.44714,97,0.00071054,0.17156,0.200881,0.329007,0.827475,0.552588,2.10452,1.24113,0.160936,0,0.00350071,NBA,1,Omicron,2,Second dose,0
2021_1,-6.69605,2.32712,-3.59376,-4.34186,0.893803,2.86053,6.50644,1.42214,97,0.00179615,-6.64939,2.30445,-3.64912,-4.67687,1.1656,2.53181,6.86301,1.41261,97,0.00106849,-6.72182,2.31276,-3.64904,-4.30247,0.998575,2.57757,5.57504,1.41446,97,0.000827453,0.210014,0.252988,0.372115,1.08587,0.570612,1.22422,3.64144,0.14048,0,0.00174125,NBA,1,Omicron,2,Second dose,0
3022_1,-6.53915,2.27645,-3.67993,-4.70128,0.7552,2.06935,6.19213,1.4438,97,0.0013905,-6.58979,2.24388,-3.69666,-5.14639,0.86804,2.32426,6.81639,1.47101,97,0.00175962,-6.62926,2.29755,-3.65391,-4.63706,0.715062,2.15833,5.59899,1.47161,97,0.000641007,0.213239,0.239341,0.345221,1.24901,0.534993,1.11787,4.16121,0.138879,0,0.00279334,NBA,1,Omicron,2,Second dose,0
2437_1,-6.69734,2.3891,-3.65747,-4.01137,0.906316,2.42219,7.49249,1.49563,97,0.00246869,-6.62273,2.37939,-3.66033,-3.94387,0.858441,2.49946,6.45037,1.44529,97,0.00263287,-6.68385,2.32153,-3.66552,-3.8953,0.777215,2.2696,6.07069,1.45023,97,0.000726246,0.187852,0.229701,0.344576,0.885465,0.398075,1.38982,2.66166,0.13873,0,0.0092538,NBA,1,Omicron,3,Boosted,0
363_1,-6.63887,2.41587,-3.5683,-3.07925,0.520618,2.84863,12.3373,1.37549,97,0.00149108,-6.63123,2.40159,-3.608,-3.20441,0.567315,2.41213,12.5282,1.38912,97,0.00184639,-6.65412,2.34692,-3.5863,-3.30324,0.559518,2.18446,10.3423,1.40039,97,0.000706333,0.19893,0.210665,0.364656,0.506913,0.252724,1.551,6.1685,0.144868,0,0.00272425,NBA,1,Omicron,2,Second dose,0
2688_1,-6.71264,1.9645,-3.55521,-6.5753,0.538705,2.49061,14.2362,1.398,97,0.00194015,-6.76288,2.02475,-3.53902,-6.5679,0.590769,2.3804,13.4341,1.40441,97,0.00269365,-6.7843,2.03051,-3.60887,-6.34161,0.564816,2.13878,9.29872,1.40527,97,0.000698361,0.199276,0.194136,0.376311,0.692192,0.162906,1.42655,5.56681,0.147662,0,0.00700172,NBA,1,Omicron,2,Second dose,0
2321_1,-6.62948,2.29815,-3.62936,-5.00609,0.87614,2.23927,13.2357,1.39204,97,0.00204596,-6.58431,2.27233,-3.55188,-4.99675,0.872772,2.46743,14.2645,1.39036,97,0.00289887,-6.63106,2.30323,-3.57764,-4.71403,0.830306,2.19254,10.5346,1.39883,97,0.000686895,0.200409,0.215893,0.335829,0.883424,0.283382,1.52973,7.09574,0.129242,0,0.00468782,NBA,1,Omicron,2,Second dose,0
300_1,-6.82625,1.98176,-3.54313,-6.70711,0.863497,2.25288,15.3078,1.41552,97,0.00134712,-6.8352,2.00379,-3.53422,-6.38124,0.829638,2.36006,15.0415,1.40961,97,0.00153835,-6.82077,1.98661,-3.60342,-6.19361,0.85025,1.82765,11.1095,1.39357,97,0.0007769,0.149521,0.155971,0.343153,0.875375,0.206704,1.5957,5.87075,0.148866,0,0.00199529,NBA,1,Omicron,3,Boosted,0
45_1,-6.49949,2.42936,-3.60142,-4.12798,0.812168,2.61051,11.5412,1.48433,97,0.00168672,-6.47626,2.44921,-3.5863,-3.98273,0.737439,2.413,12.8461,1.46793,97,0.00248027,-6.55347,2.43873,-3.58969,-3.98055,0.744389,2.25721,10.4454,1.4697,97,0.00068894,0.202414,0.245123,0.347983,0.680881,0.303688,1.51975,6.23068,0.155512,0,0.00568227,NBA,1,Omicron,3,Boosted,0
3051_1,-6.66577,2.04767,-3.38665,-5.89438,0.611274,2.38682,27.5776,1.41463,97,0.0016024,-6.67234,2.06092,-3.46665,-5.61223,0.538053,1.9749,23.4612,1.41793,97,0.00184203,-6.69193,2.11419,-3.42401,-5.40225,0.596077,1.68776,21.9774,1.39992,97,0.000741679,0.167524,0.17464,0.335336,0.782668,0.13024,1.3865,8.25375,0.14876,0,0.00339845,NBA,3,Delta,-1,No record,0
2628_1,-6.88015,1.95611,-3.58866,-6.66395,0.750247,2.0169,12.5744,1.44398,97,0.00113095,-6.81653,1.89205,-3.57824,-6.49965,0.678908,2.10487,12.4833,1.47867,97,0.00204677,-6.88699,1.94189,-3.59074,-6.44142,0.721042,2.17897,10.4381,1.47177,97,0.000691362,0.162111,0.158543,0.324251,0.717993,0.340738,1.09794,5.84392,0.153089,0,0.00342671,NBA,3,Delta,2,Second dose,0
2457_1,-6.59371,2.40165,-3.64357,-4.46153,0.775623,2.44121,10.849,1.46629,97,0.00172014,-6.57537,2.35729,-3.64434,-4.97024,0.913678,2.47268,10.4377,1.46727,97,0.00240771,-6.6116,2.34895,-3.59383,-4.92788,1.03522,2.13121,10.1646,1.44319,97,0.000713264,0.210015,0.215132,0.297404,1.22831,0.427365,2.00295,5.2356,0.159825,0,0.00457365,NBA,2,Delta,2,Second dose,0
304_1,-6.50867,2.57958,-3.56149,-3.42948,0.794788,2.44845,11.5787,1.51257,97,0.0016771,-6.47018,2.5123,-3.54344,-3.55965,0.808756,2.4529,12.1668,1.47479,97,0.00213176,-6.54765,2.47494,-3.58404,-3.52383,0.743098,2.12413,10.3458,1.47657,97,0.000675723,0.24316,0.235696,0.354475,0.821672,0.345056,1.52357,5.57072,0.167977,0,0.00488935,NBA,3,Delta,-1,No record,0
2616_1,-6.74538,2.15807,-3.63149,-6.84789,1.03162,2.16214,13.4413,1.37104,97,0.00230405,-6.81169,2.24258,-3.58131,-6.56698,1.07191,2.32377,11.5715,1.34734,97,0.00165192,-6.78334,2.19292,-3.61074,-6.46676,1.04031,2.0148,8.45941,1.37723,97,0.000714708,0.15203,0.156788,0.368131,0.677134,0.2476,1.47089,5.2837,0.119429,0,0.00370626,NBA,2,Delta,-1,No record,0
541_1,-6.76309,2.16435,-3.58936,-3.84208,0.576254,2.48936,12.1081,1.39595,97,0.00246868,-6.76551,2.17731,-3.56713,-3.78194,0.581018,2.56917,12.1653,1.43517,97,0.00262222,-6.80158,2.15771,-3.58765,-3.64421,0.50378,2.25517,10.3398,1.42226,97,0.00069781,0.193556,0.239905,0.337458,0.952661,0.315507,1.47411,6.18802,0.176411,0,0.00850931,NBA,2,Delta,-1,No record,0
2943_1,-6.73899,2.19073,-3.6045,-4.4471,0.585042,2.35025,14.5605,1.4024,97,0.00143957,-6.7373,2.19344,-3.46843,-4.49332,0.63327,2.20721,15.6469,1.41006,97,0.0018259,-6.74301,2.17006,-3.588,-4.49147,0.612872,1.97614,11.994,1.41922,97,0.000691632,0.183908,0.173095,0.35739,0.540608,0.180534,1.28272,5.56196,0.154847,0,0.00352383,NBA,1,Delta,-1,No record,0
1896_1,-6.46795,2.30394,-3.59099,-5.11713,0.921518,2.7711,11.2814,1.46284,97,0.00206676,-6.55318,2.42178,-3.64743,-4.63389,0.809671,2.53216,9.44197,1.46944,97,0.0026056,-6.57015,2.37397,-3.59184,-4.43528,0.760679,2.21596,9.64144,1.45164,97,0.000710928,0.222746,0.219839,0.337909,1.01173,0.258122,1.42031,2.85254,0.147793,0,0.00638081,NBA,2,Delta,2,Second dose,0
1746_1,-7.00581,1.91972,-3.53376,-7.03151,0.88607,2.41848,11.0825,1.45735,97,0.00165144,-6.98121,1.90091,-3.60457,-6.81834,0.902896,2.43426,11.4321,1.44462,97,0.00117643,-6.97758,1.87975,-3.58531,-6.77761,0.7872,2.12094,10.167,1.44497,97,0.0007108,0.19669,0.222343,0.343582,0.82021,0.460205,1.71567,6.13334,0.152863,0,0.00189613,NBA,1,Delta,-1,No record,0
1746_2,-6.5492,2.4239,-3.57106,-3.83363,0.795032,2.32373,13.2359,1.44777,97,0.00108145,-6.53551,2.40633,-3.6872,-3.55708,0.617092,2.59898,10.1116,1.46785,97,0.0016683,-6.59709,2.36707,-3.59616,-3.6325,0.609981,2.50161,9.35154,1.45247,97,0.000705556,0.196542,0.217518,0.31991,0.581883,0.217366,1.58047,3.06916,0.158225,0,0.00753212,NBA,1,Omicron,-1,No record,0
2665_1,-6.80481,1.96215,-3.57528,-6.72886,0.54185,2.26165,15.8436,1.41221,97,0.00257272,-6.83211,1.99401,-3.57881,-6.65055,0.555269,2.20097,15.0223,1.39948,97,0.00152962,-6.86284,2.00614,-3.56289,-6.49699,0.572887,2.10593,11.555,1.41396,97,0.000838215,0.175322,0.18354,0.421117,0.77318,0.198142,1.33916,5.90735,0.146766,0,0.0028272,NBA,2,Delta,-1,No record,0
188_1,-6.59221,2.25926,-3.57223,-6.09699,0.859092,2.30725,11.9291,1.4035,97,0.00373028,-6.6395,2.29763,-3.60623,-6.14454,0.849862,2.54896,12.0288,1.4074,97,0.00201863,-6.64041,2.27871,-3.58775,-6.0195,0.961977,2.11301,10.3518,1.40052,97,0.000700719,0.200737,0.179215,0.385169,0.854748,0.229734,1.83256,6.40504,0.136075,0,0.00353325,NBA,2,Delta,2,Second dose,0
706_1,-6.54294,2.33705,-3.59953,-5.70626,0.870801,2.42616,11.7821,1.46762,97,0.00183258,-6.53586,2.31607,-3.56827,-5.59515,0.883177,2.12057,12.7271,1.46779,97,0.00313372,-6.57912,2.3343,-3.58714,-5.7061,1.06796,2.09107,10.2751,1.44323,97,0.000711022,0.181835,0.196394,0.340938,0.904333,0.266719,1.28815,5.97899,0.164179,0,0.015287,NBA,1,Delta,-1,No record,0
426_1,-6.6945,2.17145,-3.54934,-5.58709,1.08951,2.66308,11.9296,1.40544,97,0.00167541,-6.6877,2.15122,-3.62114,-5.43041,0.960496,2.45723,10.9937,1.41268,97,0.00282004,-6.74319,2.17476,-3.59454,-5.00165,0.852609,2.10152,10.0622,1.41595,97,0.000685726,0.197638,0.20478,0.306348,1.05,0.481347,1.46269,6.64799,0.145252,0,0.0124936,NBA,2,Delta,-1,No record,0
199_1,-6.55237,2.29616,-3.58393,-6.1713,0.933013,2.18011,11.0488,1.46086,97,0.00236295,-6.59192,2.3611,-3.5481,-6.10755,0.95073,2.28562,11.9461,1.43392,97,0.00181903,-6.63052,2.36485,-3.58556,-6.11653,1.18313,2.1524,10.3199,1.43185,97,0.000706805,0.172385,0.179517,0.351586,0.793925,0.284101,1.1563,5.84172,0.121617,0,0.00351842,NBA,1,Delta,-1,No record,0
804_1,-6.69591,2.40718,-3.54015,-3.79989,0.85864,2.4627,13.7654,1.48225,97,0.00273132,-6.62656,2.38743,-3.598,-3.62504,0.756588,2.17639,11.845,1.46709,97,0.00217357,-6.69654,2.34049,-3.5858,-3.93187,0.898925,2.13946,10.3069,1.43125,97,0.000710031,0.224553,0.213971,0.358604,0.715892,0.293274,1.17715,6.09712,0.164524,0,0.00349184,NBA,2,Delta,-1,No record,0
697_1,-6.89787,2.07531,-3.6216,-6.78515,0.753568,2.02271,12.8945,1.43164,97,0.00170207,-6.81885,2.00201,-3.58117,-6.73494,0.68513,2.37888,13.3494,1.43858,97,0.00273437,-6.86733,2.04346,-3.59023,-6.5587,0.724802,2.16769,9.64926,1.43728,97,0.0006457,0.164084,0.173336,0.337172,0.727921,0.221632,1.56671,5.79563,0.148553,0,0.00768126,NBA,1,Omicron,3,Boosted,0
738_1,-6.69561,2.04898,-3.60738,-5.18835,0.922744,2.48054,12.9616,1.49048,97,0.00187461,-6.71726,2.1528,-3.58111,-4.40242,0.691271,2.35052,12.1292,1.45574,97,0.00209752,-6.83858,2.1352,-3.59527,-4.76219,0.930937,2.57798,10.4483,1.45579,97,0.000647708,0.162229,0.218365,0.335929,1.25665,0.415982,1.43816,6.26281,0.155103,0,0.00391377,NBA,1,Delta,-1,No record,0
1796_1,-6.79925,2.18794,-3.66642,-5.18499,1.21884,2.3596,9.19183,1.44289,97,0.00200366,-6.77561,2.12691,-3.67034,-5.06159,1.12103,2.51264,8.8428,1.44195,97,0.00173522,-6.84614,2.1623,-3.60252,-4.50634,0.953458,2.33856,7.88761,1.43377,97,0.000605582,0.189052,0.174862,0.384609,1.34819,0.620647,1.4954,4.27053,0.140501,0,0.00263937,NBA,2,Delta,-1,No record,0
204_1,-6.52067,2.45761,-3.76225,-3.13942,0.767468,2.82016,5.61805,1.4754,97,0.00168991,-6.56688,2.52963,-3.6371,-3.12839,0.780564,2.84625,5.84566,1.47816,97,0.00211111,-6.62565,2.42605,-3.67308,-3.17618,0.689063,2.58246,5.2521,1.46683,97,0.000664957,0.223906,0.230185,0.351685,0.652459,0.38037,1.44359,3.58099,0.148398,0,0.00467246,NBA,2,Omicron,-1,No record,0
963_1,-6.63298,2.25712,-3.69551,-4.70473,0.965358,2.28842,7.92779,1.44725,97,0.00159959,-6.66993,2.24366,-3.63031,-5.03465,1.11235,2.09337,9.12602,1.41177,97,0.00142506,-6.7266,2.2765,-3.64668,-4.44299,0.96368,2.09416,6.87947,1.43059,97,0.000759597,0.190181,0.187288,0.35619,1.31743,0.551419,1.41099,5.38296,0.146913,0,0.00202121,NBA,1,Delta,-1,No record,0
3066_1,-6.4866,2.31763,-3.6727,-4.96999,0.836085,1.92691,8.9344,1.47272,97,0.00395052,-6.54049,2.30491,-3.6235,-4.74306,0.716799,1.77709,7.31132,1.46277,97,0.0016588,-6.60146,2.31459,-3.62686,-4.51099,0.673221,1.727,7.10734,1.44564,97,0.000734899,0.208357,0.217432,0.364837,0.8169,0.291492,0.752326,2.00614,0.136818,0,0.00345372,NBA,3,Omicron,3,Boosted,0
834_1,-6.70085,2.27998,-3.62888,-4.7813,1.36493,2.62495,9.66705,1.39863,97,0.00166269,-6.69329,2.29551,-3.63454,-4.6188,1.29832,2.65722,10.1395,1.37885,97,0.00203065,-6.72219,2.27354,-3.58484,-4.31989,1.0563,2.16525,10.2263,1.39114,97,0.000690261,0.201089,0.185084,0.357722,0.990248,0.861531,1.46383,5.69481,0.127987,0,0.00362776,NBA,1,Delta,-1,No record,0
2869_1,-6.72151,1.99078,-3.69449,-7.2952,1.67098,2.26101,10.5449,1.42793,97,0.00176721,-6.84612,2.08172,-3.59762,-6.38677,1.25808,2.07052,8.58469,1.44196,97,0.0027385,-6.82081,2.03614,-3.66214,-6.20991,1.0491,2.02068,5.91738,1.43902,97,0.000735455,0.183403,0.197102,0.299839,0.852203,0.684,0.798673,5.73591,0.147576,0,0.00675429,NBA,2,Delta,2,Second dose,0
287_1,-6.63662,2.14153,-3.66869,-6.3905,1.07787,2.66752,6.49543,1.42896,97,0.00173905,-6.67476,2.19334,-3.65078,-5.86129,0.99026,2.77195,6.56389,1.41735,97,0.00179754,-6.69733,2.17521,-3.67397,-5.66834,0.875078,2.4797,5.17605,1.42288,97,0.00069226,0.193506,0.196858,0.350993,0.888292,0.462198,1.39767,3.11451,0.143049,0,0.00331134,NBA,1,Omicron,2,Second dose,0
1657_1,-6.55316,2.3297,-3.64238,-5.61882,0.935641,2.81126,11.522,1.45935,97,0.00163212,-6.50803,2.30675,-3.64064,-5.62083,0.907284,2.51522,11.5628,1.46245,97,0.00174167,-6.57768,2.31134,-3.58726,-5.23734,0.826672,2.26321,10.3453,1.45174,97,0.000683865,0.221961,0.230113,0.385454,0.951641,0.383826,1.40631,6.23027,0.152229,0,0.00305964,NBA,1,Delta,2,Second dose,0
683_1,-6.77856,1.99148,-3.53136,-6.67167,0.922797,2.53522,11.4709,1.39757,97,0.00117386,-6.78553,1.9883,-3.62761,-6.39237,0.889305,2.58257,11.6655,1.43946,97,0.00205256,-6.81993,2.00607,-3.58647,-6.10152,0.789946,2.07981,10.2472,1.43899,97,0.00072954,0.218353,0.249021,0.358291,0.895718,0.467225,1.56522,6.66013,0.151924,0,0.00385598,NBA,1,Omicron,2,Second dose,0
2001_1,-6.63872,2.20638,-3.57936,-5.28485,0.660619,2.45275,14.5266,1.4539,97,0.00169602,-6.57291,2.22108,-3.48355,-5.27481,0.642163,2.31358,15.2422,1.44412,97,0.00170541,-6.61861,2.25208,-3.59842,-5.02774,0.612673,2.06233,9.83005,1.44539,97,0.000704063,0.244737,0.269787,0.313491,1.05614,0.240841,1.30115,6.50023,0.16057,0,0.00232024,NBA,2,Omicron,3,Boosted,0
2469_1,-6.81655,2.11377,-3.68036,-5.92916,1.10354,1.91941,7.34751,1.42397,97,0.00187657,-6.76841,2.05373,-3.60597,-5.99741,0.921003,1.84715,6.74251,1.40084,97,0.00172858,-6.79242,2.07457,-3.63789,-5.38309,0.807662,1.92995,6.21047,1.39397,97,0.000748805,0.153655,0.144849,0.332763,1.04275,0.453729,0.745658,3.55199,0.132676,0,0.00295129,NBA,1,Omicron,3,Boosted,0
121_1,-6.64179,2.0858,-3.65031,-5.96523,0.689655,2.28584,10.7593,1.42306,97,0.00386501,-6.60579,2.04027,-3.57953,-6.1718,0.659165,2.01178,10.7426,1.44903,97,0.00202464,-6.67407,2.13064,-3.58669,-5.56082,0.610662,1.77305,9.59865,1.42285,97,0.000710651,0.197553,0.194097,0.332342,0.988146,0.229958,1.28815,4.49504,0.155907,0,0.00422933,NBA,2,Omicron,3,Boosted,0
480_1,-6.52315,2.38703,-3.59489,-5.52128,0.918756,2.22202,8.4297,1.42946,97,0.00145455,-6.52093,2.38875,-3.64656,-5.61031,1.01072,2.21827,9.72203,1.46517,97,0.00217145,-6.52595,2.36473,-3.62348,-5.41549,0.956587,2.08997,7.50681,1.44177,97,0.000734496,0.200473,0.218944,0.355768,0.900297,0.298296,1.26074,6.47824,0.185253,0,0.00438357,NBA,2,Omicron,3,Boosted,0
1068_1,-6.67399,2.1943,-3.62304,-6.24714,0.97631,2.88568,9.43912,1.41065,97,0.00264344,-6.67305,2.18651,-3.58233,-6.123,0.911202,3.25796,8.8813,1.41777,97,0.00166681,-6.68187,2.18257,-3.61442,-5.76647,0.900705,3.53198,8.77471,1.39969,97,0.000684836,0.215411,0.217388,0.363679,0.891764,0.245985,2.67487,2.08797,0.133219,0,0.00309357,NBA,3,Omicron,3,Boosted,0
1698_1,-6.62571,2.12709,-3.69551,-6.05211,0.990872,2.8314,5.99394,1.41604,97,0.00170807,-6.60364,2.10278,-3.6515,-6.33957,1.08948,2.5274,5.50299,1.41715,97,0.00155402,-6.68916,2.17046,-3.6966,-5.93797,0.956231,2.50367,4.52303,1.40998,97,0.00073972,0.165253,0.174623,0.326364,0.863334,0.539078,1.16929,2.86885,0.139418,0,0.00259069,NBA,1,Omicron,3,Boosted,0
1874_1,-6.62276,2.27003,-3.6056,-4.16429,0.598393,2.40567,8.91843,1.44179,97,0.00168107,-6.65339,2.22161,-3.56201,-4.32192,0.622235,2.2389,8.9803,1.41423,97,0.0015819,-6.64114,2.2759,-3.61379,-3.95288,0.517376,2.67768,8.91975,1.425,97,0.000753722,0.262881,0.256058,0.317195,0.815927,0.300645,1.05866,2.96166,0.159462,0,0.00412295,NBA,3,Omicron,3,Boosted,0
1159_1,-6.64631,1.98354,-3.67413,-6.12889,0.663662,2.10329,7.46711,1.46416,97,0.00114991,-6.73247,2.04402,-3.68315,-6.00796,0.836765,2.10048,8.13103,1.49036,97,0.00160529,-6.81554,2.06019,-3.60354,-6.26023,1.09904,2.70869,8.92694,1.48343,97,0.000670436,0.208501,0.205217,0.323931,0.999665,0.397092,1.02846,2.96715,0.152333,0,0.00212948,NBA,1,Omicron,3,Boosted,0
2663_1,-6.57474,2.59365,-3.73123,-3.64165,1.16351,2.44812,8.88039,1.48284,97,0.00234856,-6.57637,2.54045,-3.71271,-3.77171,1.28174,2.31683,8.72668,1.47355,97,0.0017287,-6.62364,2.49109,-3.67279,-3.74397,1.20105,2.1848,5.69313,1.45914,97,0.000739205,0.219512,0.208008,0.35688,0.559609,0.459419,1.42468,5.52918,0.153056,0,0.0034843,NBA,2,Delta,3,Boosted,0
673_1,-6.39636,2.57617,-3.64245,-5.60095,2.46564,2.54455,10.5537,1.49341,97,0.00183807,-6.46879,2.61367,-3.69557,-5.11497,2.20546,2.79157,8.59164,1.48068,97,0.00146129,-6.48886,2.58323,-3.60337,-5.2033,2.59053,1.87407,9.89288,1.47029,97,0.000703305,0.200251,0.220987,0.334314,1.16841,0.716182,1.86731,6.22118,0.154155,0,0.0019188,NBA,2,Omicron,3,Boosted,0
409_1,-6.72771,2.10453,-3.49596,-5.99038,0.752761,2.52465,14.123,1.3971,97,0.00885652,-6.69332,2.04822,-3.53095,-6.14371,0.741292,2.47645,14.943,1.44913,97,0.00163193,-6.75407,2.10522,-3.61563,-5.66926,0.736485,2.27707,10.195,1.44139,97,0.000636598,0.183039,0.196394,0.348763,0.947637,0.198877,1.36105,5.58514,0.144032,0,0.0027545,NBA,1,Omicron,3,Boosted,0
1375_1,-6.66186,2.20966,-3.55497,-4.14294,0.478648,2.57874,16.5375,1.37431,97,0.00163133,-6.65811,2.17932,-3.5333,-4.09361,0.441953,2.42301,15.224,1.40278,97,0.00133344,-6.68069,2.19968,-3.58065,-4.08164,0.44936,2.14119,10.2699,1.40881,97,0.000704844,0.172106,0.192312,0.385552,0.503613,0.142442,1.37858,6.18324,0.122888,0,0.00187687,NBA,2,Omicron,3,Boosted,0
2554_1,-6.76406,1.99595,-3.54626,-6.44088,0.722115,2.50158,14.0837,1.48159,97,0.00206992,-6.75534,2.01453,-3.56993,-6.44455,0.658208,1.97135,10.1784,1.42945,97,0.00139837,-6.7835,1.98631,-3.63727,-6.24417,0.521039,1.50061,6.98962,1.45262,97,0.000740381,0.17059,0.153725,0.380413,0.804504,0.287607,1.08244,4.60388,0.143483,0,0.00342356,NBA,1,Omicron,3,Boosted,0
2291_1,-6.6328,2.5547,-3.45317,-2.1483,0.733004,2.60723,17.195,1.46328,97,0.00192624,-6.63053,2.51727,-3.47877,-2.06439,0.654814,2.46365,13.688,1.45165,97,0.00226563,-6.67726,2.50712,-3.5793,-2.1444,0.641466,2.17306,10.1019,1.47402,97,0.000744317,0.221661,0.248099,0.355439,0.527557,0.193558,1.39687,4.10518,0.157811,0,0.00658931,NBA,1,Omicron,3,Boosted,0
2824_1,-6.76565,2.1781,-3.54286,-5.48559,0.927326,3.00837,8.89764,1.44177,97,0.00144162,-6.68099,2.1235,-3.65235,-5.52692,0.864922,3.07818,8.89579,1.43859,97,0.00299652,-6.74965,2.15179,-3.61473,-5.15831,0.812199,2.92156,8.59503,1.42336,97,0.000642833,0.183584,0.175615,0.344483,1.02747,0.308363,1.65006,2.18863,0.15717,0,0.00879612,NBA,3,Omicron,3,Boosted,0
2015_1,-6.7007,2.07907,-3.62476,-5.74818,0.764769,2.53627,14.7722,1.45261,97,0.0019498,-6.6836,2.10685,-3.47698,-5.36936,0.660719,2.45792,14.7609,1.41883,97,0.00226449,-6.7492,2.101,-3.58937,-5.19939,0.632282,2.16743,9.73537,1.44098,97,0.00066235,0.203804,0.211105,0.359521,0.86157,0.198394,1.51478,6.35023,0.142511,0,0.00597722,NBA,1,Omicron,3,Boosted,0
2185_1,-6.51924,2.3893,-3.55308,-5.1068,0.720444,2.17176,15.2896,1.45684,97,0.00188541,-6.4911,2.30518,-3.58962,-5.33271,0.734539,2.37608,15.4149,1.47516,97,0.00218974,-6.54074,2.34488,-3.58095,-5.04194,0.750149,2.2244,10.3954,1.45604,97,0.000711953,0.171761,0.175291,0.348219,0.858821,0.179441,1.566,7.60435,0.145217,0,0.00443795,NBA,1,Omicron,3,Boosted,0
764_1,-6.66319,2.36541,-3.50467,-2.90465,0.536876,2.43961,12.3592,1.44396,97,0.00221415,-6.65487,2.41404,-3.67066,-2.77149,0.524331,2.43007,12.1657,1.42739,97,0.00311812,-6.71864,2.30189,-3.58332,-3.04414,0.532959,2.238,10.4027,1.4348,97,0.000712203,0.221827,0.22527,0.348795,0.668678,0.209579,1.66886,6.04354,0.134846,0,0.011623,NBA,1,Omicron,3,Boosted,0
993_1,-6.59495,2.21068,-3.48022,-5.45232,0.436085,2.17321,14.643,1.41661,97,0.00281784,-6.54635,2.1728,-3.51025,-5.55449,0.410028,2.5309,15.6226,1.39871,97,0.00334956,-6.58521,2.17776,-3.58727,-5.30807,0.403223,2.26157,10.4074,1.42262,97,0.000671641,0.20941,0.208918,0.352139,0.786015,0.137061,1.53921,5.85562,0.139049,0,0.0141061,NBA,2,Omicron,2,Second dose,0
1761_2,-6.39238,2.42794,-3.54953,-5.45427,1.00596,2.59904,10.0011,1.35954,97,0.00155281,-6.44217,2.46651,-3.59053,-5.54484,1.10112,2.4593,10.8087,1.39433,97,0.00168959,-6.45476,2.47058,-3.5795,-5.16601,1.01344,2.12844,10.2596,1.375,97,0.000731773,0.205636,0.230317,0.367407,0.916167,0.416225,1.59412,6.53988,0.15394,0,0.00310085,NBA,1,Omicron,-1,No record,0
1672_1,-6.60072,2.12023,-3.67987,-6.19929,1.10207,4.62836,4.75655,1.34231,97,0.00218265,-6.7032,2.20134,-3.7261,-6.30904,1.40614,4.44405,4.51228,1.4036,97,0.00240806,-6.69831,2.1863,-3.73222,-6.14911,1.21674,4.45198,3.832,1.37971,97,0.000674181,0.181894,0.214331,0.394634,0.929591,0.788447,2.01153,2.62835,0.154953,0,0.00399802,NBA,1,Omicron,-1,No record,0
400_1,-6.51021,2.52912,-3.6451,-4.58643,1.35599,3.29774,6.64667,1.47574,97,0.00259228,-6.50502,2.50589,-3.70413,-3.96454,0.982123,3.3441,5.47056,1.49188,97,0.00210835,-6.56112,2.44344,-3.6874,-3.93135,0.869901,3.18439,4.47491,1.48084,97,0.00075605,0.213628,0.216483,0.372088,0.739986,0.456487,1.73423,3.21351,0.189286,0,0.00444979,NBA,1,Omicron,2,Second dose,0
1228_1,-6.84605,1.92454,-3.66696,-5.18232,0.762495,3.39369,7.10162,1.45335,97,0.00234878,-6.8137,1.93224,-3.63056,-5.68646,1.07955,3.22783,8.29228,1.44588,97,0.00139746,-6.93617,2.04153,-3.64127,-4.94492,0.930054,3.25888,7.81035,1.42332,97,0.00060524,0.160817,0.150623,0.37267,1.0947,0.56632,2.14857,4.11235,0.150968,0,0.00271189,NBA,1,Omicron,2,Second dose,0
1132_1,-6.40485,2.56387,-3.49118,-5.76817,1.29609,2.47568,12.7999,1.50659,97,0.00209186,-6.38708,2.54835,-3.66525,-5.73324,1.20218,2.07792,10.7151,1.51584,97,0.00208803,-6.4583,2.56104,-3.58201,-5.68683,1.31255,2.2008,8.9949,1.47888,97,0.000674276,0.190953,0.180085,0.343545,0.794532,0.242702,1.09751,5.64865,0.146313,0,0.00511199,NBA,1,Delta,2,Second dose,0
16_1,-6.90902,2.17464,-3.69197,-3.47224,0.782863,2.72827,9.10732,1.39845,97,0.0016272,-6.8688,2.0022,-3.68664,-4.06395,0.627047,2.25013,6.78413,1.41341,97,0.00112359,-6.89815,1.98724,-3.72069,-3.95092,0.445976,1.66882,4.56314,1.43434,97,0.000688026,0.1728,0.206072,0.344723,0.539875,0.35915,1.28222,6.31561,0.135702,0,0.00182417,NBA,1,Omicron,3,Boosted,0
928_1,-6.41033,2.575,-3.58121,-5.88098,1.23591,2.726,15.7679,1.4549,97,0.00177739,-6.4251,2.64426,-3.50162,-5.76743,1.27324,2.52224,12.838,1.49389,97,0.00186713,-6.45645,2.57375,-3.58982,-5.747,1.26591,2.35151,8.99934,1.47968,97,0.000799686,0.220064,0.243683,0.315313,0.81232,0.145765,1.56568,4.56598,0.156765,0,0.00281666,NBA,2,Delta,2,Second dose,0
2843_1,-6.55619,2.1167,-3.63858,-5.6589,0.769236,1.89117,11.8131,1.42053,97,0.00140479,-6.62196,2.17208,-3.5866,-5.43072,0.75909,2.55016,12.0859,1.43486,97,0.00183009,-6.6657,2.21175,-3.56772,-5.23125,0.805221,2.34441,11.7208,1.42487,97,0.00073653,0.180973,0.211895,0.357797,1.09734,0.213932,1.7983,3.49464,0.163973,0,0.00364089,NBA,2,Omicron,3,Boosted,0
2591_1,-6.35808,2.53706,-3.65793,-5.58246,0.711662,1.3463,6.7048,1.47301,97,0.00101846,-6.41583,2.57616,-3.54024,-5.64617,0.730513,1.60388,7.54478,1.46053,97,0.00170308,-6.43754,2.49639,-3.62705,-5.52367,0.644592,1.3717,5.89938,1.45991,97,0.000718056,0.193722,0.217605,0.362932,0.753631,0.224558,0.654922,3.8725,0.154991,0,0.00218846,NBA,1,Omicron,3,Boosted,0
2714_1,-6.49304,2.52095,-3.61703,-5.47127,1.65933,2.15103,10.0623,1.51676,97,0.00256019,-6.49821,2.52742,-3.60234,-5.14861,1.67689,2.1167,11.5455,1.45977,97,0.00124936,-6.55662,2.5074,-3.64619,-5.01821,1.75719,1.806,8.78516,1.45469,97,0.000742617,0.186002,0.216072,0.374462,0.935212,0.358429,1.17868,6.25832,0.137827,0,0.00158221,NBA,2,Omicron,3,Boosted,0
3015_1,-6.68687,2.09343,-3.59338,-6.13733,0.955372,2.16305,13.1193,1.40477,97,0.00230084,-6.69915,2.12745,-3.60601,-5.65167,0.856203,2.16388,12.7839,1.43005,97,0.00153371,-6.75459,2.1583,-3.59209,-5.24075,0.826179,2.12366,9.74003,1.41271,97,0.000726024,0.201682,0.193975,0.336363,0.892573,0.268165,1.38225,5.45131,0.131482,0,0.00401743,NBA,1,Omicron,3,Boosted,0
2737_1,-7.05699,2.0634,-3.53258,-5.12192,0.650315,1.99962,16.3768,1.40361,97,0.00288958,-6.87041,1.8745,-3.53067,-5.9554,0.692123,2.32479,15.5518,1.40037,97,0.00204902,-6.92924,1.92845,-3.53703,-5.41107,0.638373,2.02972,13.8278,1.40048,97,0.000577261,0.178919,0.192618,0.319534,1.14277,0.265722,1.73642,7.24455,0.156699,0,0.00419181,NBA,1,Omicron,3,Boosted,0
1854_1,-6.63555,2.23399,-3.56857,-5.30539,0.749309,2.23969,7.68821,1.45264,97,0.0028002,-6.59188,2.17412,-3.61677,-5.7191,0.820707,2.55396,9.20143,1.45863,97,0.00218427,-6.64268,2.21385,-3.61853,-5.2354,0.709458,1.78844,7.11903,1.42596,97,0.000749305,0.188468,0.191468,0.316432,0.941909,0.276562,1.46694,4.74888,0.154031,0,0.00454811,NBA,1,Omicron,3,Boosted,0
641_1,-6.50675,2.53938,-3.53205,-4.03872,1.11034,2.45847,11.0794,1.46364,97,0.00184635,-6.50559,2.49293,-3.55838,-4.5038,1.37816,2.31777,12.5666,1.47869,97,0.00143819,-6.58908,2.48572,-3.58552,-4.22926,1.31006,2.11012,10.2772,1.45483,97,0.000685766,0.197498,0.223634,0.354117,1.11102,0.469077,1.33529,5.88393,0.159446,0,0.00378352,NBA,2,Omicron,-1,No record,0
475_1,-6.48922,2.44731,-3.64295,-3.86698,0.637701,2.92099,6.88059,1.44509,97,0.00134468,-6.50843,2.35327,-3.62987,-4.08285,0.655713,2.98231,7.69065,1.5194,97,0.00255533,-6.57193,2.3764,-3.64389,-3.96762,0.601645,2.90007,6.88161,1.45108,97,0.000685567,0.223855,0.233548,0.307485,0.681823,0.291727,1.58727,3.1944,0.162648,0,0.00532017,NBA,2,Omicron,3,Boosted,0
2748_1,-6.76136,2.00514,-3.48842,-5.39144,0.709943,2.84004,16.9085,1.43998,97,0.00239227,-6.79624,2.03904,-3.55971,-5.66943,0.817148,2.55147,14.4425,1.41968,97,0.00206836,-6.83213,2.05544,-3.576,-5.29466,0.779847,2.09177,10.6592,1.42374,97,0.000705265,0.216114,0.227789,0.353023,0.930833,0.240142,1.52352,4.87007,0.152031,0,0.00399745,NBA,1,Omicron,3,Boosted,0
2197_1,-6.72127,2.16058,-3.50099,-5.81161,0.472203,2.12083,14.6061,1.40753,97,0.00208552,-6.69299,2.10321,-3.55523,-5.95457,0.489326,2.50126,16.0265,1.3988,97,0.00121952,-6.65903,2.10263,-3.57915,-5.82825,0.478229,2.24786,10.4356,1.40817,97,0.000691299,0.216269,0.220283,0.364604,0.641777,0.143115,2.00086,7.17975,0.145925,0,0.00251298,NBA,1,Omicron,3,Boosted,0
201_1,-6.54677,2.25512,-3.56846,-5.20406,0.577807,2.24401,13.3384,1.49412,97,0.00184034,-6.52719,2.23813,-3.61312,-5.17085,0.524056,1.9782,11.6412,1.45228,97,0.00203366,-6.54956,2.25006,-3.59587,-4.91453,0.47702,1.75149,9.00551,1.44081,97,0.0007447,0.216089,0.22392,0.354038,0.937562,0.180694,1.24251,4.72029,0.156477,0,0.00484581,NBA,3,Omicron,3,Boosted,0
2123_1,-6.57172,2.2972,-3.54288,-6.10043,0.644299,2.46368,11.4839,1.46906,97,0.00146224,-6.55491,2.27141,-3.60901,-6.04592,0.59128,2.58481,11.4988,1.46781,97,0.0015584,-6.59487,2.30856,-3.58501,-5.93428,0.706789,2.14002,10.3043,1.43819,97,0.000709458,0.166872,0.183343,0.355883,0.704059,0.180109,1.4292,6.60981,0.175061,0,0.0037574,NBA,1,Omicron,3,Boosted,0
2952_1,-6.34244,2.53679,-3.585,-5.39591,1.20398,2.34983,9.37918,1.48344,97,0.00151214,-6.33715,2.54985,-3.30303,-5.23398,1.28667,2.77998,17.8631,1.47265,97,0.00144916,-6.44196,2.52386,-3.62767,-5.30734,1.27276,2.36549,8.5104,1.48901,97,0.000627839,0.273577,0.27768,0.458624,0.869123,0.27722,1.50864,9.89176,0.145021,0,0.00213585,NBA,2,Delta,2,Second dose,0
26_1,-6.47402,2.4893,-3.52727,-4.92623,1.20823,2.24806,14.8682,1.46692,97,0.00486244,-6.43034,2.5307,-3.51616,-4.62616,1.14258,2.3374,14.2593,1.45827,97,0.00154244,-6.52505,2.48742,-3.56487,-4.505,1.1221,2.09533,10.3196,1.46521,97,0.000714546,0.202165,0.198763,0.327777,0.771392,0.236369,1.47477,5.78875,0.155003,0,0.00248309,NBA,1,Omicron,3,Boosted,0
1910_1,-6.91055,1.96087,-3.67647,-6.08711,0.928275,1.92954,7.28263,1.4428,97,0.00264643,-6.90753,1.99919,-3.63702,-6.39261,1.29671,2.13377,8.21038,1.44032,97,0.00214819,-6.93262,1.97608,-3.64049,-5.71477,1.07872,1.52124,6.30156,1.47238,97,0.000582955,0.144049,0.190804,0.32164,0.975412,0.756102,1.21067,6.16593,0.147579,0,0.0046259,NBA,1,Omicron,3,Boosted,0
2454_1,-6.50543,2.46356,-3.60764,-4.0449,0.58906,2.62464,14.3082,1.47367,97,0.00116864,-6.46764,2.42978,-3.59388,-4.21708,0.627398,2.40361,14.3741,1.48453,97,0.00280026,-6.51744,2.41188,-3.58163,-4.17509,0.630593,2.13919,10.3123,1.46757,97,0.000708691,0.177404,0.192803,0.348246,0.682014,0.175161,1.48979,6.55117,0.174704,0,0.00856739,NBA,3,Omicron,3,Boosted,0
56_1,-6.51288,2.60185,-3.57033,-3.07839,1.03323,2.46083,12.4146,1.4789,97,0.00137202,-6.48707,2.57316,-3.63236,-3.07901,0.9991,2.42543,11.8844,1.47238,97,0.00156671,-6.57936,2.54291,-3.59992,-3.17684,0.954731,2.16579,9.07198,1.47333,97,0.000671592,0.221832,0.229156,0.37212,0.646,0.294667,1.39535,5.43786,0.15555,0,0.00275995,NBA,2,Omicron,3,Boosted,0
970_1,-6.6886,2.15127,-3.55709,-5.55641,0.49399,2.60096,15.3401,1.37324,97,0.00220515,-6.64558,2.06003,-3.50706,-5.75039,0.495806,2.37224,14.1022,1.41631,97,0.00223037,-6.63479,2.12028,-3.56512,-5.3661,0.442496,2.17387,9.99559,1.42624,97,0.000584582,0.204388,0.215628,0.367628,0.776262,0.157434,1.32624,4.86048,0.131347,0,0.00478247,NBA,3,Omicron,3,Boosted,0
2762_1,-6.48282,2.48418,-3.49875,-5.29548,0.596643,2.21686,14.4029,1.45559,97,0.001726,-6.42208,2.36226,-3.49553,-5.58088,0.570774,1.9975,12.4513,1.47426,97,0.00201496,-6.50368,2.3787,-3.57849,-5.64017,0.668093,1.97997,9.60075,1.44896,97,0.000679235,0.184116,0.203187,0.402457,0.726213,0.156834,1.13285,6.09274,0.167295,0,0.00531461,NBA,1,Delta,2,Second dose,0
1284_1,-6.70349,1.98436,-3.76854,-5.30611,0.874875,5.07003,4.68988,1.4168,97,0.00157771,-6.76571,2.07213,-3.69575,-4.71566,0.696343,4.05024,4.42629,1.41154,97,0.00216031,-6.8322,2.09845,-3.69078,-4.40877,0.62045,5.08049,4.89637,1.4024,97,0.000764508,0.227812,0.24519,0.362951,1.01254,0.369065,2.35842,0.815445,0.15006,0,0.00416744,NBA,1,Omicron,2,Second dose,0
368_1,-6.9199,1.87921,-3.63227,-6.96949,0.529307,2.30671,13.6351,1.53436,97,0.00354603,-6.90544,1.87896,-3.56491,-6.9378,0.580887,2.30015,13.496,1.53013,97,0.00255234,-6.99538,1.91335,-3.58859,-6.79954,0.534079,1.9789,10.9062,1.56243,97,0.000606835,0.183676,0.166754,0.33284,0.693415,0.311019,1.46995,5.85319,0.159165,0,0.00557225,NBA,2,Omicron,3,Boosted,0
1584_1,-6.60606,2.2084,-3.5713,-6.12813,1.76344,2.36892,9.32806,1.35845,97,0.00111876,-6.67399,2.25785,-3.58147,-5.64721,1.50368,2.31334,8.52547,1.38325,97,0.00207165,-6.6664,2.22869,-3.61175,-6.34426,2.26019,2.3721,9.96352,1.42398,97,0.000758302,0.203996,0.231906,0.363246,1.23188,0.706365,1.3245,5.49592,0.146313,0,0.00382427,NBA,1,Omicron,3,Boosted,0
2393_1,-6.68373,1.99268,-3.54311,-6.08435,0.481606,2.73705,15.4104,1.40723,97,0.0010299,-6.65126,1.96615,-3.55355,-6.1728,0.49443,2.53447,15.7605,1.42327,97,0.00194942,-6.70848,2.01924,-3.59134,-5.80124,0.462488,2.07852,9.973,1.4281,97,0.000764555,0.189385,0.21056,0.328461,0.738474,0.139201,1.79294,6.54382,0.129939,0,0.003791,NBA,3,Omicron,3,Boosted,0
165_1,-6.64476,1.95769,-3.4792,-5.40364,0.499862,2.39201,16.138,1.42481,97,0.00228097,-6.70664,2.06285,-3.54149,-4.89652,0.443544,2.45007,15.3587,1.43882,97,0.00189809,-6.77041,2.08583,-3.58822,-4.71255,0.434849,2.25126,10.3961,1.43058,97,0.000696893,0.209812,0.203677,0.378818,1.02007,0.204053,1.59458,5.7438,0.154549,0,0.00549902,NBA,2,Omicron,3,Boosted,0
2636_2,-6.70583,2.29586,-3.62241,-1.97005,0.338379,3.03359,8.60624,1.46692,97,0.00168696,-6.65258,2.37195,-3.60896,-1.84884,0.364114,2.81593,8.3957,1.43406,97,0.00174828,-6.72883,2.2728,-3.61574,-2.04106,0.290739,2.51346,6.98858,1.43448,97,0.000709263,0.247289,0.292641,0.345324,0.671537,0.156658,1.72533,3.15776,0.173368,0,0.0028522,NBA,1,Omicron,3,Boosted,0
811_1,-6.96121,1.77697,-3.59542,-7.42389,1.22502,2.25295,9.30668,1.435,97,0.00168853,-7.1321,1.96314,-3.5463,-5.97623,1.55132,2.79959,15.1441,1.40872,97,0.001807,-7.14527,1.93389,-3.5358,-5.60925,0.966938,2.22135,14.0057,1.42439,97,0.000737745,0.166192,0.23769,0.365077,0.990362,1.67244,1.83989,6.89296,0.146449,0,0.00429026,NBA,1,Omicron,3,Boosted,0
2455_1,-6.81566,2.15342,-3.51432,-4.75404,0.423366,2.41968,15.3715,1.40262,97,0.0017708,-6.63613,2.00395,-3.51945,-5.14235,0.435903,2.34091,14.6058,1.4205,97,0.00201952,-6.73399,2.06238,-3.57802,-4.87051,0.421126,2.1474,10.7131,1.41312,97,0.000706272,0.184977,0.209841,0.398045,1.02981,0.179814,1.37863,4.73122,0.142655,0,0.00387285,NBA,3,Omicron,3,Boosted,0
254_1,-6.77654,1.97018,-3.52289,-6.99571,0.544485,2.27555,13.1865,1.45379,97,0.00325752,-6.85913,2.05915,-3.55522,-6.82961,0.571097,2.31735,15.2464,1.45285,97,0.00191852,-6.83748,2.02943,-3.57686,-6.58495,0.547557,2.16674,9.96878,1.43943,97,0.000741841,0.199804,0.196333,0.330301,0.673905,0.171269,1.48476,7.0728,0.161096,0,0.00270561,NBA,1,Omicron,3,Boosted,0
2903_1,-6.72302,2.09216,-3.57748,-5.9775,0.758981,2.37121,14.7691,1.4195,97,0.00240025,-6.7328,2.10681,-3.61134,-5.59187,0.723534,2.55617,14.4263,1.40176,97,0.00190655,-6.74092,2.09254,-3.53949,-5.3504,0.71161,2.21293,13.7655,1.41709,97,0.000683348,0.19167,0.194054,0.351908,0.781383,0.16378,1.68267,4.3109,0.134042,0,0.00353086,NBA,1,Omicron,2,Second dose,0
217_1,-6.49009,2.37453,-3.44313,-4.80218,0.506184,2.11582,17.1231,1.46848,97,0.00280645,-6.41745,2.26123,-3.54235,-4.88954,0.472297,2.22211,17.1922,1.46701,97,0.00168005,-6.52298,2.28316,-3.55301,-4.8528,0.49136,2.05167,12.539,1.46774,97,0.000607211,0.203576,0.195887,0.331563,0.74027,0.135541,1.31043,5.37788,0.14925,0,0.00295364,NBA,2,Omicron,3,Boosted,0
319_1,-6.69833,2.00012,-3.53047,-6.12052,0.580757,2.17262,15.2611,1.40461,97,0.00164735,-6.67581,1.99765,-3.50988,-5.99848,0.546082,2.35216,15.9213,1.37701,97,0.00211748,-6.73793,2.03526,-3.57501,-5.74095,0.545461,2.19428,10.5054,1.39887,97,0.000719903,0.177606,0.204502,0.320569,0.756809,0.154437,1.34628,6.2907,0.147213,0,0.00438297,NBA,2,Omicron,2,Second dose,0
2369_1,-6.6834,1.95394,-3.52689,-4.70867,0.348541,2.01677,15.6422,1.41254,97,0.00264806,-6.72422,2.02057,-3.52142,-4.7815,0.364991,2.31745,14.7008,1.38634,97,0.00246899,-6.74988,2.03275,-3.57163,-4.57523,0.340347,2.07889,10.9798,1.38837,97,0.000701057,0.198711,0.208115,0.439595,0.660118,0.135923,1.3509,5.02679,0.148733,0,0.00447734,NBA,2,Omicron,3,Boosted,0
53_1,-6.59486,2.32498,-3.60449,-4.43402,0.883069,2.40263,11.9277,1.44671,97,0.00198499,-6.61464,2.29892,-3.57042,-4.47817,0.896728,2.31519,12.2591,1.44798,97,0.00172144,-6.66567,2.31031,-3.58724,-4.27216,0.786694,2.12969,10.3325,1.43555,97,0.000708191,0.199404,0.207942,0.363213,0.832091,0.431095,1.29911,6.26377,0.149894,0,0.00568469,NBA,1,Omicron,3,Boosted,0
1036_1,-6.6277,2.54356,-2.9472,-2.78501,0.657942,2.2493,27.4503,1.31766,97,0.00190811,-6.61109,2.49482,-2.97718,-2.92608,0.68415,2.66082,26.6996,1.3135,97,0.00130504,-6.58326,2.54767,-2.86686,-2.77129,0.686553,2.42684,22.9876,1.3725,97,0.000726229,0.204987,0.217177,0.294241,0.500715,0.2171,1.4468,7.23798,0.112885,0,0.00225454,NBA,1,Omicron,2,Second dose,0
303_1,-6.6647,2.2031,-3.60429,-5.457,1.04154,2.01899,9.95967,1.44608,97,0.00159733,-6.66056,2.19872,-3.59184,-5.33088,1.14136,2.18139,10.3653,1.4666,97,0.00203604,-6.78743,2.14592,-3.59037,-4.79443,1.05491,2.04104,8.94755,1.43669,97,0.000832053,0.220214,0.23442,0.318677,1.0504,0.399036,1.78254,6.2696,0.153942,0,0.00283121,NBA,1,Omicron,2,Second dose,0
2917_1,-6.61538,2.27646,-3.48832,-4.20705,0.643291,1.94859,15.5252,1.45705,97,0.00129587,-6.65125,2.29739,-3.53442,-4.13488,0.63392,2.18303,13.8008,1.4595,97,0.00196061,-6.6493,2.30305,-3.58264,-3.89097,0.589442,1.97106,10.3117,1.43563,97,0.00073979,0.202874,0.202366,0.350653,0.90302,0.260322,1.52458,5.64604,0.157196,0,0.00369812,NBA,1,Omicron,3,Boosted,0
15_1,-6.46334,2.4649,-3.62419,-5.79046,1.35368,3.1362,12.6117,1.49067,97,0.00123867,-6.418,2.45741,-3.6255,-5.47258,1.2057,2.62065,11.1813,1.48953,97,0.00143201,-6.50072,2.47013,-3.60435,-5.08294,1.17431,2.42532,7.98528,1.47108,97,0.000781821,0.190358,0.193595,0.370107,1.07038,0.274023,1.60487,5.76122,0.136204,0,0.00225594,NBA,1,Omicron,3,Boosted,0
1089_1,-6.56288,2.32326,-3.66018,-5.72419,1.16623,1.88567,7.65966,1.46447,97,0.0024517,-6.58173,2.33925,-3.61432,-5.43951,1.12757,2.29156,9.94408,1.46587,97,0.00155556,-6.61199,2.3469,-3.6387,-5.11541,1.04096,1.82095,6.75046,1.44497,97,0.000704573,0.176151,0.210283,0.341439,1.16371,0.406891,1.47694,5.76604,0.152402,0,0.00342262,NBA,1,Omicron,2,Second dose,0
430_1,-6.89608,1.97263,-3.58566,-6.2677,0.994186,2.38657,11.8768,1.44003,97,0.00139472,-6.84314,1.92242,-3.60071,-6.32486,0.845216,2.62831,12.7302,1.4445,97,0.00183044,-6.90324,1.91921,-3.58366,-5.74117,0.702953,2.13488,10.2904,1.44329,97,0.000711312,0.19002,0.206603,0.338775,1.04053,0.48124,1.50367,6.95903,0.167905,0,0.0031788,NBA,1,Omicron,-1,No record,0
2104_1,-6.72768,2.00826,-3.51384,-4.77258,0.475211,2.41307,13.3769,1.41536,97,0.00256151,-6.7921,2.07903,-3.59919,-4.5565,0.44019,2.39621,12.7285,1.44009,97,0.00251327,-6.78083,2.03809,-3.58216,-4.51902,0.400702,2.1347,10.3326,1.42746,97,0.0006861,0.171142,0.19411,0.317814,0.610976,0.197977,1.47045,5.60759,0.194547,0,0.00673368,NBA,1,Omicron,-1,No record,0
2769_1,-6.54526,2.19341,-3.52875,-5.59857,0.79599,2.3568,11.9926,1.44326,97,0.00202917,-6.57205,2.2116,-3.60948,-5.5234,0.757676,2.57318,12.9329,1.46477,97,0.00240999,-6.62657,2.25894,-3.58456,-5.23034,0.809664,2.14044,10.3039,1.44147,97,0.000708749,0.184585,0.194354,0.350699,1.02324,0.278519,1.56719,8.45601,0.157188,0,0.00716703,NBA,2,Omicron,-1,No record,0
1150_1,-6.67638,2.2525,-3.48848,-6.05015,1.04347,2.85274,14.508,1.39255,97,0.00197294,-6.65442,2.18208,-3.5885,-5.53561,0.867743,2.13711,12.8124,1.40575,97,0.00198305,-6.68059,2.23953,-3.59902,-5.58105,1.00591,2.43921,10.2682,1.42616,97,0.000750608,0.181742,0.185417,0.344792,0.930501,0.278408,1.54318,5.4998,0.144515,0,0.00271527,NBA,2,Omicron,3,Boosted,0
1866_1,-6.55145,2.46691,-3.65854,-4.10636,1.20964,3.36286,7.79442,1.48779,97,0.0018857,-6.54823,2.45972,-3.6621,-4.3342,1.44394,2.76965,7.19562,1.47789,97,0.00201424,-6.67471,2.44574,-3.69211,-4.12429,1.30118,2.59376,4.73115,1.45506,97,0.000591749,0.215997,0.206014,0.346411,1.02064,0.661595,1.54249,5.41485,0.15118,0,0.00349354,NBA,2,Omicron,3,Boosted,0
2659_1,-6.67261,2.30728,-3.65098,-4.59337,1.00792,2.72355,9.47395,1.41874,97,0.00172328,-6.63555,2.26898,-3.61527,-4.69767,0.942933,2.60162,9.15506,1.3886,97,0.00163306,-6.67993,2.30439,-3.60727,-4.22894,0.859669,2.45667,7.79542,1.40201,97,0.000686969,0.20958,0.228081,0.340381,1.12777,0.364395,1.40247,4.51006,0.139557,0,0.00436874,NBA,2,Omicron,2,Second dose,0
2510_1,-6.71551,2.05905,-3.57252,-4.99839,0.698606,2.13358,6.49472,1.39751,97,0.00228782,-6.75904,2.13295,-3.66124,-4.92422,0.689036,1.9445,6.55942,1.41312,97,0.00134949,-6.77209,2.08389,-3.65168,-4.80786,0.561867,1.8842,5.98777,1.41896,97,0.000703336,0.197761,0.203999,0.334769,1.07753,0.465295,0.700251,2.1394,0.153758,0,0.00195208,NBA,1,Omicron,3,Boosted,0
2060_1,-6.54105,2.19012,-3.56272,-5.4602,0.766573,2.97079,14.3769,1.4679,97,0.00221917,-6.57408,2.27104,-3.55238,-4.98336,0.71738,2.81557,12.8075,1.415,97,0.00148638,-6.64005,2.25437,-3.57552,-4.84834,0.691721,2.49728,11.0154,1.44873,97,0.00066604,0.200394,0.21928,0.378736,0.906633,0.210785,1.53515,4.60791,0.132623,0,0.0030217,NBA,2,Omicron,3,Boosted,0
263_1,-6.76568,2.40948,-3.62863,-3.00714,0.627484,3.5753,4.23608,1.40353,97,0.00180548,-6.76531,2.37627,-3.68903,-3.243,0.622516,3.45438,4.42398,1.45224,97,0.00245317,-6.75066,2.25711,-3.70185,-3.46377,0.568379,3.4567,3.67072,1.42296,97,0.000797115,0.227579,0.228438,0.381674,0.67961,0.310365,1.62162,4.61413,0.165035,0,0.0110781,NBA,2,Omicron,2,Second dose,0
881_1,-6.41927,2.50882,-3.58851,-4.20572,0.925337,2.6417,11.0177,1.4925,97,0.0021925,-6.45486,2.50386,-3.65935,-4.06257,0.855757,2.44012,10.7674,1.47494,97,0.00270352,-6.52391,2.46782,-3.58154,-4.00424,0.789725,2.20874,10.3749,1.47583,97,0.000713166,0.225691,0.217427,0.328068,0.761361,0.432132,1.50284,5.13193,0.151503,0,0.0103909,NBA,2,Omicron,3,Boosted,0
2997_1,-6.49375,2.39913,-3.5767,-4.11031,0.750092,2.29376,14.9696,1.46592,97,0.00152672,-6.47852,2.48009,-3.55853,-4.02669,0.75756,2.6101,15.4629,1.4387,97,0.00137332,-6.56727,2.41669,-3.57573,-3.96304,0.716021,2.25158,11.0041,1.45894,97,0.000701184,0.203119,0.201083,0.340797,0.802952,0.232614,1.85928,7.13723,0.170305,0,0.00192526,NBA,1,Omicron,3,Boosted,0
985_1,-6.56641,2.13239,-3.4773,-6.0561,0.595953,2.48233,18.1462,1.40904,97,0.00208343,-6.61496,2.19236,-3.47756,-5.94779,0.581093,2.36825,16.6743,1.3924,97,0.00235668,-6.61362,2.20413,-3.55039,-5.86968,0.625276,2.11214,12.9673,1.40122,97,0.000728065,0.19786,0.204685,0.327485,0.775884,0.12883,1.69248,5.40777,0.134401,0,0.00407121,NBA,1,Omicron,2,Second dose,0
695_1,-6.74346,2.25063,-3.61436,-3.39474,0.480489,2.60575,7.62142,1.42138,97,0.000991538,-6.73931,2.22377,-3.66825,-3.48067,0.481056,2.40033,7.36461,1.3955,97,0.00149833,-6.74318,2.2153,-3.65626,-3.43532,0.457643,2.50461,6.92917,1.40989,97,0.000671325,0.205602,0.233137,0.418374,0.511998,0.274168,1.10891,3.77198,0.151147,0,0.00235797,NBA,1,Omicron,3,Boosted,0
2505_1,-6.38394,2.39474,-3.63286,-4.40441,0.504456,3.02024,9.69295,1.50454,97,0.00574534,-6.45369,2.49749,-3.59564,-4.25566,0.510955,3.17958,9.81815,1.46311,97,0.0019798,-6.44647,2.41301,-3.59931,-4.28249,0.489072,3.04495,9.9121,1.48412,97,0.000692739,0.204358,0.197305,0.316828,0.566077,0.148747,1.5749,0.82937,0.131815,0,0.00326325,NBA,2,Omicron,3,Boosted,0
482_1,-6.73037,2.31422,-3.81482,-4.14895,0.763795,4.32541,3.23486,1.39725,97,0.00190744,-6.64929,2.28928,-3.64604,-4.76657,1.62122,3.44187,6.29288,1.40809,97,0.00229478,-6.7502,2.3512,-3.71825,-4.13404,1.27796,3.25227,3.85357,1.41527,97,0.000630172,0.211833,0.19909,0.360901,1.4196,1.10374,1.97271,4.76733,0.158717,0,0.00416262,NBA,1,Omicron,2,Second dose,0
1922_1,-6.47644,2.34896,-3.50928,-3.36066,0.322469,2.61754,18.9199,1.48441,97,0.00138917,-6.46778,2.33818,-3.40317,-3.43732,0.363906,2.30044,18.6502,1.4945,97,0.00135841,-6.55367,2.32914,-3.5319,-3.47016,0.331397,1.95176,13.9883,1.48067,97,0.000659127,0.190204,0.230051,0.354053,0.529143,0.183989,1.33655,4.89588,0.159651,0,0.00222192,NBA,1,Omicron,2,Second dose,0
2460_1,-6.90862,1.94239,-3.57677,-6.46027,0.751529,2.27584,14.0259,1.41458,97,0.00259619,-6.85151,1.90015,-3.51861,-6.56091,0.780867,2.29477,15.1064,1.42256,97,0.00156509,-6.89044,1.94012,-3.54279,-6.11062,0.81293,2.38745,10.7678,1.38772,97,0.000858702,0.174801,0.180493,0.360644,0.893975,0.275969,1.3234,6.86279,0.144756,0,0.00239147,NBA,2,Omicron,3,Boosted,0
2093_1,-6.81309,1.99272,-3.43771,-6.1227,0.676245,2.50822,21.7121,1.43019,97,0.0012395,-6.76213,1.93074,-3.53329,-6.30352,0.698015,2.50377,20.1678,1.40731,97,0.0018571,-6.81369,1.9615,-3.52536,-5.94202,0.687994,2.21449,16.9595,1.40625,97,0.000704866,0.203339,0.215531,0.351114,0.86616,0.126966,1.52339,5.12601,0.16384,0,0.00504472,NBA,2,Omicron,3,Boosted,0
966_1,-6.77678,2.10729,-3.60963,-4.75497,0.656954,3.07182,7.1464,1.43646,97,0.00114333,-6.71015,2.05981,-3.61483,-4.52371,0.437328,3.51413,7.04494,1.38607,97,0.00178838,-6.73669,2.10256,-3.62848,-4.32725,0.396091,3.34844,7.19578,1.39745,97,0.000679885,0.189514,0.202443,0.357769,0.76369,0.221304,1.6759,0.600433,0.139928,0,0.00302527,NBA,1,Delta,2,Second dose,0
1863_1,-6.75757,2.15397,-3.68072,-6.22306,0.713448,2.39402,13.5635,1.45573,97,0.00183168,-6.72508,2.1298,-3.59114,-6.46579,0.757626,2.41871,11.115,1.44451,97,0.0017534,-6.74844,2.12536,-3.59931,-6.25351,0.757115,2.33201,10.3464,1.45577,97,0.000711593,0.188674,0.188721,0.329497,0.860351,0.270016,1.4551,5.40482,0.161851,0,0.00477447,NBA,1,Omicron,2,Second dose,0
2654_1,-6.44416,2.55773,-3.57814,-5.12916,1.201,2.4886,11.6173,1.45608,97,0.00158384,-6.41003,2.47646,-3.58767,-5.24026,1.18704,2.60731,12.7646,1.50043,97,0.00171332,-6.48194,2.48913,-3.59174,-4.83863,1.15499,2.20365,10.3712,1.47868,97,0.000700878,0.179941,0.195974,0.340832,0.977141,0.311216,1.75193,6.72681,0.144972,0,0.00316516,NBA,3,Omicron,3,Boosted,0
394_1,-6.70597,2.26292,-3.56963,-3.85799,0.560423,2.42884,13.0376,1.44511,97,0.00181139,-6.69196,2.22897,-3.58349,-3.84565,0.514061,2.45397,13.2175,1.41938,97,0.00171736,-6.71783,2.21795,-3.58577,-3.9089,0.52297,2.15057,10.303,1.43439,97,0.000711449,0.198645,0.201725,0.299113,0.542611,0.209088,1.68932,6.34225,0.130772,0,0.00343637,NBA,2,Omicron,3,Boosted,0
675_1,-6.43423,2.42369,-3.59339,-3.63516,0.572046,2.56805,7.86219,1.47978,97,0.00292165,-6.4997,2.42624,-3.65379,-3.71079,0.571094,2.78598,7.73737,1.50499,97,0.00189155,-6.53196,2.38857,-3.62685,-3.69005,0.504528,2.49292,7.60973,1.46667,97,0.000727799,0.195192,0.230368,0.289017,0.671881,0.216777,1.69863,0.86684,0.171321,0,0.00313572,NBA,1,Omicron,3,Boosted,0
1061_1,-6.57937,2.29315,-3.57668,-4.8741,0.906893,2.51328,13.4217,1.45489,97,0.00215968,-6.56734,2.3198,-3.5819,-4.74628,0.859601,2.27879,12.2847,1.44994,97,0.00187257,-6.63565,2.31374,-3.58877,-4.57239,0.830495,2.11046,10.436,1.43933,97,0.000750479,0.21507,0.243124,0.33466,0.931107,0.309902,1.19092,5.16596,0.150252,0,0.00366501,NBA,1,Delta,2,Second dose,0
417_1,-6.49248,2.34976,-3.58421,-5.46153,0.916711,2.45613,11.178,1.4457,97,0.00173137,-6.52632,2.36592,-3.57407,-5.36916,0.881834,2.30576,11.0671,1.43178,97,0.00181794,-6.55889,2.35745,-3.59405,-5.4384,1.0685,2.14584,10.1585,1.45151,97,0.000717778,0.208912,0.202336,0.384042,0.993874,0.302949,1.50162,6.39104,0.138752,0,0.00412727,NBA,1,Omicron,3,Boosted,0
749_1,-6.59317,2.18644,-3.55018,-6.24373,0.643671,2.75802,14.1538,1.45764,97,0.00247217,-6.64417,2.22032,-3.56933,-6.22356,0.682824,2.47073,13.702,1.41813,97,0.00211605,-6.65558,2.19258,-3.6014,-6.09203,0.670159,2.23329,9.20235,1.44778,97,0.000736349,0.183788,0.172139,0.321278,0.723996,0.181408,1.50905,6.25729,0.137014,0,0.0073498,NBA,3,Omicron,3,Boosted,0
325_1,-6.44869,2.45781,-3.45951,-5.5986,0.82549,2.37925,16.29,1.46759,97,0.00171039,-6.45731,2.45216,-3.53477,-5.56317,0.794623,2.55596,14.4587,1.47811,97,0.00198096,-6.48718,2.42963,-3.57493,-5.57948,0.840434,2.12602,10.3529,1.46206,97,0.000701679,0.209869,0.207406,0.330139,0.730148,0.163031,1.25589,5.03941,0.157936,0,0.00384789,NBA,2,Omicron,3,Boosted,0
2816_1,-6.52715,2.36897,-3.58891,-5.26925,0.804141,2.73901,9.82917,1.44688,97,0.0021123,-6.56256,2.30641,-3.59051,-5.46139,0.770654,2.39178,10.3415,1.46162,97,0.00193807,-6.5524,2.27115,-3.63174,-5.37301,0.73324,2.24097,8.76796,1.459,97,0.000745792,0.175408,0.166446,0.377715,0.918986,0.246855,1.2332,5.99187,0.142131,0,0.00679413,NBA,3,Omicron,2,Second dose,0
1718_1,-6.46478,2.4646,-3.69375,-5.09104,1.73314,2.76385,9.26703,1.4864,97,0.00151897,-6.47344,2.46028,-3.65093,-5.03714,1.63291,2.9389,8.07576,1.48366,97,0.00215102,-6.60829,2.47022,-3.6951,-4.47413,1.52744,2.71766,4.8566,1.46366,97,0.000694746,0.243774,0.217221,0.345926,1.2633,0.717786,1.72607,5.91973,0.1363,0,0.00640154,NBA,2,Omicron,2,Second dose,0
1556_1,-6.65044,2.1166,-3.61936,-5.59521,0.707817,2.54817,15.7469,1.45095,97,0.00249277,-6.6704,2.17253,-3.50443,-5.58643,0.713081,2.23335,15.4087,1.41487,97,0.00172593,-6.7093,2.14354,-3.55987,-5.41119,0.693591,1.99391,10.8636,1.42769,97,0.000708795,0.208669,0.209778,0.34701,0.886193,0.177421,1.3291,6.29386,0.149157,0,0.00262028,NBA,3,Omicron,3,Boosted,0
1898_1,-6.36472,2.32612,-3.50069,-5.25834,0.510016,2.50013,12.9714,1.47759,97,0.0026504,-6.44105,2.3602,-3.54827,-5.35254,0.568173,2.70377,13.0277,1.48551,97,0.00239225,-6.47585,2.35297,-3.57797,-5.22729,0.577015,2.15315,10.2976,1.46401,97,0.000719175,0.223033,0.215138,0.371406,0.794029,0.168236,1.61997,5.27786,0.160733,0,0.00454158,NBA,2,Omicron,3,Boosted,0
2050_1,-6.45178,2.52601,-3.54061,-4.38581,1.20083,2.16383,8.82869,1.4536,97,0.00197374,-6.45947,2.50838,-3.62385,-4.33093,1.18848,2.10359,9.56029,1.49312,97,0.00149832,-6.54393,2.52697,-3.6588,-3.81724,1.06498,2.07033,6.52557,1.4705,97,0.000695459,0.227077,0.22574,0.29963,1.18106,0.511303,1.17773,6.88721,0.175785,0,0.00244227,NBA,2,Omicron,2,Second dose,0
2606_1,-6.64587,2.22903,-3.51786,-4.32571,0.486422,2.58375,14.3072,1.45151,97,0.00144289,-6.58984,2.19507,-3.55676,-4.24055,0.426805,2.35507,14.2216,1.47581,97,0.00153237,-6.62879,2.23711,-3.58417,-4.13136,0.432155,2.15916,10.338,1.44116,97,0.000709056,0.21027,0.232826,0.380784,0.79174,0.177748,1.67435,5.67047,0.161779,0,0.00217229,NBA,3,Omicron,3,Boosted,0
2679_1,-6.59213,2.24737,-3.6624,-4.50456,0.562488,2.66057,6.96634,1.42784,97,0.00167005,-6.64637,2.24566,-3.63619,-4.56131,0.57896,2.96184,7.27592,1.44826,97,0.00186897,-6.63953,2.21593,-3.634,-4.47939,0.494758,2.49475,6.93293,1.43214,97,0.000728475,0.192246,0.190062,0.341219,0.705897,0.24161,1.65207,1.19824,0.171375,0,0.00482876,NBA,3,Omicron,2,Second dose,0
661_1,-6.40299,2.44018,-3.54385,-4.80731,0.750379,2.45581,11.159,1.48913,97,0.00153308,-6.40276,2.45558,-3.56848,-4.92806,0.829329,2.24076,12.3681,1.48768,97,0.00229742,-6.48354,2.45472,-3.59106,-4.74691,0.876983,2.19787,10.2672,1.47714,97,0.000647924,0.19639,0.209413,0.350011,0.955677,0.280269,1.4509,6.85235,0.14821,0,0.00687354,NBA,2,Omicron,3,Boosted,0
2346_1,-6.50464,2.33348,-3.53593,-5.20431,0.673462,2.24955,11.7238,1.48503,97,0.0020131,-6.51382,2.37714,-3.60458,-4.78127,0.632895,2.21572,12.0846,1.46183,97,0.00225127,-6.5556,2.33892,-3.59337,-4.99182,0.762497,2.25605,10.5402,1.45648,97,0.000707565,0.204351,0.228101,0.35622,0.964385,0.228667,1.22726,6.46969,0.150246,0,0.00377991,NBA,1,Omicron,-1,No record,0
2473_1,-6.50485,2.36594,-3.56879,-4.46511,0.58416,2.04498,13.5276,1.43491,97,0.00116991,-6.51648,2.32215,-3.50791,-4.50247,0.590304,2.25775,14.234,1.44216,97,0.00198045,-6.56609,2.31212,-3.59239,-4.41451,0.54402,1.99281,9.09696,1.44536,97,0.000720545,0.212304,0.224312,0.339642,0.830688,0.18892,1.36462,6.21235,0.159046,0,0.00346275,NBA,3,Omicron,3,Boosted,0
1778_1,-6.61961,2.19999,-3.55154,-5.28031,0.759506,2.18956,13.3534,1.45066,97,0.00193862,-6.60063,2.20253,-3.50916,-5.75727,0.869374,2.33798,13.6266,1.42845,97,0.0022928,-6.65895,2.25197,-3.59018,-5.16529,0.844145,2.19543,10.341,1.43202,97,0.000714123,0.171191,0.202389,0.333973,1.16045,0.231297,1.51945,5.23724,0.147025,0,0.00543891,NBA,2,Omicron,2,Second dose,0
688_1,-6.61923,2.23907,-3.62267,-5.94252,0.773442,2.67462,7.78259,1.46829,97,0.00185916,-6.55528,2.16961,-3.65945,-5.85685,0.718612,2.67955,7.50412,1.44869,97,0.00199709,-6.60214,2.21977,-3.66212,-5.59804,0.634834,2.2418,6.3532,1.46891,97,0.000711674,0.191393,0.200952,0.303214,0.956433,0.301166,1.26606,2.53286,0.157089,0,0.00418105,NBA,1,Omicron,3,Boosted,0
1706_1,-6.46007,2.38876,-3.64087,-5.37119,0.874166,2.62563,6.12239,1.48068,97,0.00362329,-6.44352,2.43288,-3.57552,-5.13795,0.986372,2.76067,8.11127,1.49246,97,0.00184089,-6.51664,2.42273,-3.65332,-4.93755,0.912221,2.53056,6.48798,1.46262,97,0.000666678,0.232466,0.208839,0.359924,1.02181,0.356132,1.5582,4.53636,0.180679,0,0.00364271,NBA,1,Omicron,-1,No record,0
2240_1,-6.64626,2.298,-3.53264,-6.25281,0.864421,2.95429,9.70218,1.42032,97,0.00143809,-6.60722,2.22934,-3.59915,-6.22437,0.814476,2.87515,10.0666,1.42433,97,0.00183632,-6.63737,2.25751,-3.58799,-5.92539,0.825092,2.44908,9.22854,1.4185,97,0.000691266,0.19629,0.212701,0.333499,0.909099,0.199884,1.68389,3.17393,0.163885,0,0.00320082,NBA,3,Delta,-1,No record,0
324_1,-6.40389,2.54747,-3.55409,-5.11956,0.961644,2.04225,13.4754,1.44246,97,0.00265495,-6.38819,2.50701,-3.57268,-5.30125,0.945449,2.22488,11.6057,1.50056,97,0.00235591,-6.44338,2.48802,-3.5912,-5.28342,1.04917,2.13946,10.2863,1.4797,97,0.000710077,0.180065,0.181045,0.394501,0.808755,0.209423,1.21403,5.57745,0.160646,0,0.00477626,NBA,1,Delta,-1,No record,0
113_1,-7.02575,1.80002,-3.65607,-5.42189,0.454353,4.12497,7.82894,1.48058,97,0.00113638,-6.89683,1.72436,-3.61353,-5.725,0.757203,3.49859,7.66494,1.44023,97,0.00162667,-7.02777,1.82495,-3.62388,-5.30868,0.630998,3.53252,7.95492,1.44694,97,0.00075563,0.178091,0.193889,0.383273,0.905102,0.567888,1.8651,0.596955,0.146081,0,0.00370587,NBA,2,Omicron,-1,No record,0
832_1,-6.5285,2.27842,-3.64378,-5.88538,1.01926,2.48202,9.30821,1.46015,97,0.00268535,-6.54562,2.31716,-3.63724,-5.78903,1.04905,2.16754,8.87539,1.45051,97,0.00193554,-6.57689,2.32006,-3.62179,-5.43016,0.984034,2.31037,7.52487,1.4403,97,0.000769431,0.214753,0.213289,0.370908,0.867108,0.336499,1.00535,3.91971,0.163166,0,0.00498312,NBA,3,Omicron,-1,No record,0
1927_1,-6.40478,2.43167,-3.67534,-5.33052,0.980558,2.7932,9.01181,1.44473,97,0.00218159,-6.46947,2.44883,-3.64616,-5.54558,1.05376,2.34193,8.59233,1.49688,97,0.00213875,-6.49904,2.41413,-3.63048,-5.22204,1.01494,3.13184,7.77404,1.46576,97,0.000721752,0.182818,0.202995,0.310703,0.815566,0.273804,1.32561,3.71235,0.158217,0,0.00366541,NBA,1,Delta,-1,No record,0
1683_1,-6.3268,2.45825,-3.50041,-5.16681,0.849161,2.59894,15.9916,1.51626,97,0.00331351,-6.31392,2.44709,-3.45122,-5.18356,0.851617,2.74027,15.3843,1.50741,97,0.00246493,-6.43615,2.48204,-3.5974,-4.87924,0.830044,2.48995,10.5309,1.49456,97,0.000636209,0.177265,0.196883,0.363894,0.867121,0.18867,1.53703,6.68797,0.165038,0,0.00517755,NBA,1,Delta,-1,No record,0
1836_1,-6.45102,2.51748,-3.51728,-4.55253,0.817519,2.69666,14.8298,1.50345,97,0.00208992,-6.47893,2.46001,-3.55924,-5.06995,0.853525,2.39711,14.9642,1.53467,97,0.00170752,-6.49766,2.44053,-3.57619,-4.63919,0.813852,2.14214,10.3665,1.473,97,0.000678722,0.209168,0.210948,0.315988,0.903932,0.20222,1.51802,8.1807,0.168747,0,0.00351753,NBA,1,Delta,-1,No record,0
956_1,-6.7925,2.00595,-3.47618,-6.23437,0.46654,2.05982,13.2099,1.41252,97,0.00234423,-6.80768,2.01589,-3.53061,-6.41168,0.532223,2.27499,15.6378,1.43564,97,0.0020285,-6.79517,1.98326,-3.58619,-6.20997,0.494711,2.10435,10.2165,1.43683,97,0.000710548,0.216678,0.212304,0.340932,0.800572,0.172391,1.41737,7.1584,0.145774,0,0.00452834,NBA,2,Omicron,3,Boosted,0
243_1,-6.70937,2.09832,-3.50116,-4.54831,0.4827,2.36074,13.5535,1.3963,97,0.00222622,-6.75561,2.11658,-3.5577,-4.61041,0.509184,2.55915,13.7669,1.40199,97,0.00159811,-6.75979,2.10519,-3.58427,-4.53198,0.480815,2.3308,10.5421,1.41717,97,0.00067932,0.190353,0.212168,0.34581,0.623497,0.206716,1.31106,5.79733,0.140535,0,0.00286607,NBA,3,Omicron,2,Second dose,0
1748_1,-6.73573,1.82321,-3.48655,-5.86162,0.275072,2.38427,19.8425,1.46541,97,0.00193247,-6.84747,1.81716,-3.50529,-6.43361,0.34498,2.33471,18.3661,1.53837,97,0.0020309,-6.86466,1.81168,-3.5696,-6.10689,0.313678,2.1484,14.2126,1.53537,97,0.000716641,0.16543,0.14923,0.377552,0.873212,0.119794,1.2665,4.99681,0.143854,0,0.0042637,NBA,3,Omicron,3,Boosted,0
913_1,-6.58617,2.39741,-3.56918,-6.01559,0.841606,2.35359,14.6482,1.45687,97,0.00185634,-6.54995,2.41642,-3.56614,-6.05744,0.819452,2.55317,15.2298,1.44103,97,0.00111999,-6.61846,2.3442,-3.57787,-6.02541,0.89388,2.1377,10.9734,1.4329,97,0.000693208,0.197679,0.191514,0.335861,0.767559,0.143854,1.67274,6.86295,0.145158,0,0.00150802,NBA,1,Delta,-1,No record,0
2478_1,-6.6937,2.21125,-3.7333,-4.90184,1.09622,3.10028,5.89008,1.39442,97,0.00147568,-6.66514,2.29244,-3.73999,-4.09266,0.81604,3.59011,5.1521,1.36362,97,0.0021871,-6.73023,2.23553,-3.67176,-4.09257,0.692546,3.32445,4.45127,1.38758,97,0.000785957,0.218789,0.223648,0.33759,0.688812,0.499529,1.89619,2.84335,0.124831,0,0.00477024,NBA,1,Omicron,2,Second dose,0
901_1,-6.66968,2.43523,-3.55747,-2.23805,0.557657,2.58519,9.44495,1.46693,97,0.0018394,-6.66633,2.40171,-3.62764,-2.35119,0.563788,2.5556,10.3533,1.47006,97,0.00236772,-6.72059,2.35737,-3.62378,-2.36148,0.509942,2.33874,7.81383,1.46617,97,0.000618842,0.217208,0.206788,0.35167,0.556597,0.235039,1.38429,5.38519,0.156541,0,0.00504919,NBA,2,Delta,2,Second dose,0
2547_1,-6.66227,2.28347,-3.65069,-5.3588,1.25607,2.73598,8.48908,1.41814,97,0.00217849,-6.6363,2.25892,-3.58843,-5.59246,1.30251,2.62877,8.95403,1.41267,97,0.00175626,-6.68614,2.25069,-3.61347,-5.15637,1.09091,2.33634,7.9893,1.42661,97,0.000721995,0.18827,0.211624,0.353012,1.07905,0.751229,1.56732,5.16609,0.143559,0,0.00296398,NBA,1,Delta,-1,No record,0
1402_1,-6.55443,2.48155,-3.5012,-4.94137,1.15304,2.34312,15.4668,1.46879,97,0.00131328,-6.51548,2.39086,-3.5255,-5.15054,1.20749,2.3797,14.7825,1.44988,97,0.0018398,-6.59014,2.395,-3.58394,-4.89526,1.20004,2.16755,10.261,1.44748,97,0.000736961,0.228314,0.249454,0.365785,1.19469,0.243454,1.35389,7.22137,0.132738,0,0.00367198,NBA,2,Delta,2,Second dose,0
298_1,-6.76077,2.14006,-3.57379,-5.62913,0.971439,2.29891,13.3634,1.39402,97,0.00229095,-6.77738,2.12364,-3.56728,-5.14533,0.842899,2.22148,12.0678,1.4003,97,0.00177355,-6.79306,2.14372,-3.59219,-4.67033,0.755671,2.05946,10.1296,1.41029,97,0.000704778,0.188414,0.179864,0.343652,1.10132,0.385027,1.24793,5.90835,0.147873,0,0.00293662,NBA,1,Delta,-1,No record,0
2139_1,-6.40845,2.50964,-3.62885,-5.60582,1.46487,1.89302,10.2085,1.50894,97,0.0011465,-6.39522,2.55448,-3.63676,-5.43785,1.4507,2.68186,9.67515,1.47735,97,0.00152512,-6.44734,2.54364,-3.66077,-5.03388,1.45131,2.18173,7.72296,1.47821,97,0.000644524,0.191951,0.231357,0.341359,0.909279,0.301576,2.32611,5.13484,0.154476,0,0.00263788,NBA,2,Delta,-1,No record,0
359_1,-6.52356,2.52977,-3.65387,-3.42133,0.916061,2.36158,9.63913,1.44928,97,0.00173745,-6.56823,2.51847,-3.54587,-3.50916,0.999669,2.16526,11.6053,1.47862,97,0.00198401,-6.60065,2.47677,-3.57826,-3.4849,0.922444,2.07513,10.2537,1.45473,97,0.000746373,0.189451,0.218954,0.333585,0.600212,0.371511,1.122,6.3351,0.154743,0,0.00473239,NBA,2,Delta,-1,No record,0
2775_1,-6.5192,2.40373,-3.52974,-3.06752,0.28963,2.39228,13.3065,1.5174,97,0.00268059,-6.47075,2.36843,-3.58052,-3.07404,0.290192,2.22957,14.4031,1.50377,97,0.00169065,-6.54125,2.33006,-3.61075,-3.25603,0.297568,1.98342,9.23665,1.47131,97,0.000616599,0.220843,0.219647,0.338996,0.494972,0.110976,1.48524,5.90754,0.163387,0,0.00320566,NBA,2,Omicron,3,Boosted,0
887_1,-6.58768,2.27472,-3.59562,-5.7105,1.15509,2.38845,10.932,1.46071,97,0.00166969,-6.57031,2.30796,-3.64548,-5.5312,1.12706,2.57351,11.3791,1.45821,97,0.00215088,-6.61367,2.33782,-3.58685,-4.97281,1.02991,2.13447,10.3498,1.44122,97,0.000715048,0.228831,0.212102,0.358807,1.02165,0.449085,1.78305,6.27732,0.143593,0,0.00322691,NBA,2,Omicron,-1,No record,0
2897_1,-6.7664,2.01457,-3.56373,-4.78858,0.639925,1.68669,9.45977,1.42373,97,0.00145093,-6.76641,2.08329,-3.62807,-4.51584,0.577914,1.68523,9.15621,1.41924,97,0.00229381,-6.80716,2.06118,-3.62063,-4.36633,0.471751,1.6348,7.98029,1.42674,97,0.000700315,0.211486,0.210793,0.359477,0.99506,0.380677,0.891775,4.41244,0.12564,0,0.00589436,NBA,1,Omicron,3,Boosted,0
1972_1,-6.49015,2.55324,-3.73159,-3.67092,0.951045,2.39176,9.11046,1.46788,97,0.00233124,-6.5076,2.52478,-3.66119,-3.75143,0.966622,2.83666,8.67075,1.50158,97,0.00147668,-6.55968,2.49421,-3.64354,-3.67289,0.91876,2.61568,6.91666,1.46884,97,0.000718352,0.215473,0.205272,0.352017,0.5806,0.312157,1.74563,6.4013,0.179809,0,0.00257205,NBA,1,Delta,-1,No record,0
2633_1,-6.54187,2.22569,-3.65709,-5.44989,0.739409,2.14186,13.7576,1.38507,97,0.00191487,-6.63428,2.28985,-3.557,-5.08915,0.71884,2.12904,13.1248,1.40189,97,0.00214988,-6.65884,2.23576,-3.59386,-4.84358,0.698366,1.92443,12.5638,1.40151,97,0.000743895,0.224815,0.230066,0.328192,0.916992,0.210639,1.21099,4.74018,0.138225,0,0.00505457,NBA,1,Delta,-1,No record,0
180_1,-6.69805,2.29189,-3.56169,-6.0567,1.06561,2.5689,16.0981,1.41549,97,0.00184201,-6.65513,2.23575,-3.46919,-6.51166,1.12457,2.19044,17.6896,1.41874,97,0.00179449,-6.68815,2.24219,-3.5453,-6.25962,1.13208,1.93385,12.9991,1.42742,97,0.000695122,0.169124,0.182225,0.345908,0.716507,0.121092,1.22665,5.86467,0.139011,0,0.00319822,NBA,2,Delta,-1,No record,0
2152_1,-6.83371,2.02355,-3.77325,-6.00232,0.994542,3.26828,6.52519,1.42118,97,0.00152693,-6.75444,1.9326,-3.61656,-6.22818,0.931219,2.95689,6.25164,1.41621,97,0.00157236,-6.83269,2.00095,-3.6246,-5.63887,0.794648,2.50185,7.04637,1.41794,97,0.000698691,0.176932,0.172544,0.369811,1.01347,0.526703,1.52141,2.44601,0.137507,0,0.002507,NBA,1,Delta,-1,No record,0
2564_1,-6.63037,2.34163,-3.60327,-2.40494,0.443769,2.14376,13.1579,1.44812,97,0.00184154,-6.62878,2.36905,-3.60092,-2.21628,0.366805,2.77093,12.5464,1.44187,97,0.00217606,-6.68602,2.3426,-3.58299,-2.32366,0.398387,2.14026,10.3093,1.44429,97,0.000709379,0.200225,0.233519,0.328589,0.531882,0.167644,1.91309,4.93103,0.150631,0,0.00534074,NBA,1,Delta,-1,No record,0
1571_1,-6.45197,2.49227,-3.50936,-4.16701,0.451946,2.65968,15.7391,1.49826,97,0.00158495,-6.44645,2.43034,-3.51935,-4.18478,0.406222,2.41639,16.5439,1.48919,97,0.00173483,-6.44678,2.39169,-3.54617,-4.26441,0.423356,2.19531,11.6211,1.48203,97,0.000704219,0.205745,0.20091,0.359585,0.441775,0.107407,1.58477,5.61653,0.158187,0,0.00266472,NBA,1,Omicron,3,Boosted,0
1442_1,-6.60189,2.09922,-3.49387,-5.60601,0.682378,2.28457,13.8749,1.43198,97,0.00277168,-6.61638,2.13502,-3.48144,-5.55533,0.655434,3.03311,14.1609,1.44415,97,0.00186798,-6.69495,2.17218,-3.54248,-5.16546,0.650899,2.77294,13.9036,1.4239,97,0.000657441,0.234128,0.266051,0.3545,1.08254,0.127918,1.85448,1.83843,0.161211,0,0.00300211,NBA,3,Omicron,3,Boosted,0
1650_1,-6.7947,2.064,-3.53752,-6.40472,0.519393,2.0185,12.9893,1.39425,97,0.00152669,-6.79801,2.04731,-3.49552,-6.36564,0.546317,2.43322,14.0642,1.4414,97,0.00199093,-6.77246,2.04287,-3.60919,-6.30833,0.508088,2.13472,9.00288,1.40706,97,0.000741404,0.184294,0.18872,0.347209,0.688231,0.195632,1.726,6.15269,0.156115,0,0.00443763,NBA,2,Delta,2,Second dose,0
2068_1,-6.6289,2.18514,-3.63966,-6.23902,0.771295,2.51135,12.4593,1.37425,97,0.00137224,-6.65487,2.1897,-3.55936,-6.28576,0.74046,2.73092,12.1084,1.41543,97,0.00242044,-6.68622,2.18798,-3.58227,-6.08688,0.674678,2.40288,10.4355,1.41196,97,0.000667398,0.170021,0.172208,0.37183,0.82341,0.329186,1.55471,6.62514,0.138081,0,0.00540679,NBA,3,Omicron,3,Boosted,0
2238_1,-6.61796,2.28889,-3.58634,-3.62588,0.489409,2.37755,14.8434,1.4427,97,0.001257,-6.60884,2.26051,-3.59674,-3.54753,0.461321,2.26893,14.2363,1.46396,97,0.00143609,-6.65623,2.28441,-3.58479,-3.1262,0.386817,2.20714,10.2307,1.44643,97,0.000692081,0.228793,0.242708,0.339104,1.31382,0.254688,1.22617,5.7669,0.132634,0,0.00221372,NBA,2,Delta,-1,No record,0
2032_1,-6.62527,2.163,-3.6415,-6.4172,0.766082,2.74554,11.1509,1.40364,97,0.0025365,-6.70024,2.21983,-3.51351,-6.22889,0.749202,2.61947,10.2368,1.42827,97,0.00164257,-6.70934,2.21868,-3.59428,-6.18353,0.800309,2.60348,9.83509,1.42986,97,0.000654597,0.184205,0.184776,0.358655,0.808212,0.203205,1.38317,3.78014,0.163815,0,0.00263966,NBA,1,Delta,-1,No record,0
1213_1,-6.48536,2.39866,-3.64374,-4.7351,1.1343,2.1946,11.732,1.45602,97,0.00147951,-6.46414,2.36825,-3.58691,-4.86388,1.11107,2.61276,11.4509,1.46018,97,0.00149615,-6.58239,2.41485,-3.58554,-4.40577,0.974555,2.14574,10.309,1.45301,97,0.00070899,0.212929,0.247805,0.343394,1.28618,0.539434,1.48791,5.95844,0.149837,0,0.00259978,NBA,1,Omicron,3,Boosted,0
2477_1,-6.46413,2.44887,-3.58146,-5.88412,0.922314,2.09353,12.9081,1.47714,97,0.00225588,-6.41132,2.45611,-3.55417,-5.46644,0.84021,2.65664,12.4474,1.49148,97,0.00160537,-6.47652,2.42608,-3.56883,-5.45144,0.877075,2.50969,10.5821,1.46953,97,0.000644058,0.202551,0.196471,0.341547,0.789492,0.171632,2.06064,5.95963,0.172807,0,0.00297924,NBA,2,Omicron,3,Boosted,0
1221_1,-6.52747,2.54357,-3.76509,-3.32874,0.860343,3.09821,5.89328,1.44887,97,0.00192759,-6.56129,2.49779,-3.67468,-3.54086,0.992552,2.86341,6.02735,1.4776,97,0.00153124,-6.59258,2.46187,-3.68865,-3.5573,0.886554,2.76184,4.63118,1.4657,97,0.000724331,0.200868,0.223195,0.318906,0.602486,0.438743,1.65873,3.5326,0.177523,0,0.00305059,NBA,2,Delta,-1,No record,0
1739_1,-6.70396,2.05452,-3.49475,-5.87545,0.54144,2.35667,14.6899,1.41694,97,0.00164234,-6.70125,2.01381,-3.50326,-6.19849,0.597327,2.51366,15.3012,1.42531,97,0.00211495,-6.70953,2.07005,-3.57651,-5.78321,0.557082,2.16376,10.8751,1.42212,97,0.000686924,0.188137,0.193932,0.367136,0.862593,0.265577,1.50842,5.1935,0.142829,0,0.00573316,NBA,1,Delta,-1,No record,0
796_1,-6.66992,2.19345,-3.5985,-6.25707,0.613798,2.27212,12.0201,1.34328,97,0.00122725,-6.62812,2.13424,-3.62718,-6.2616,0.55844,2.189,12.5134,1.34457,97,0.00190924,-6.6937,2.21231,-3.5837,-6.18261,0.664405,2.14359,10.3151,1.35207,97,0.000708945,0.148297,0.155677,0.381428,0.656866,0.160456,1.15385,5.78153,0.148671,0,0.00339473,NBA,3,Delta,-1,No record,0
1798_1,-6.42502,2.47822,-3.54717,-5.75217,1.13122,1.85714,12.5662,1.47372,97,0.00140315,-6.49113,2.51501,-3.49928,-5.87426,1.34236,2.5006,14.9387,1.47931,97,0.00160755,-6.50011,2.47985,-3.57946,-5.74254,1.30858,2.30285,10.0167,1.46096,97,0.000652549,0.176907,0.194292,0.328605,0.800716,0.112634,1.45735,5.81375,0.155786,0,0.00331347,NBA,1,Delta,-1,No record,0
1045_1,-7.02665,1.706,-3.59285,-7.36956,0.609237,2.15391,16.1364,1.42058,97,0.00181364,-7.01937,1.7049,-3.49449,-7.3031,0.665792,2.62947,17.0954,1.43449,97,0.00267047,-7.0535,1.70798,-3.51359,-6.97303,0.592414,2.35064,16.8466,1.42729,97,0.000661971,0.186553,0.200314,0.373313,0.837873,0.300062,1.33666,1.54902,0.150727,0,0.00957129,NBA,2,Delta,-1,No record,0
2215_1,-6.47788,2.50736,-3.6043,-4.43897,1.4205,3.03459,8.12381,1.51691,97,0.00195815,-6.46688,2.52143,-3.68659,-4.39772,1.51058,2.77277,8.20812,1.49308,97,0.00154284,-6.55596,2.54123,-3.67453,-4.02154,1.34595,2.595,5.88521,1.47594,97,0.000694982,0.212776,0.223136,0.354876,1.19489,0.721087,1.50359,5.29418,0.136422,0,0.00201218,NBA,1,Delta,-1,No record,0
762_1,-6.43597,2.54203,-3.6282,-5.6144,1.08203,3.29277,8.02015,1.47487,97,0.00153958,-6.39015,2.48286,-3.75568,-5.60437,0.942821,3.27855,6.27133,1.44779,97,0.00152452,-6.42489,2.47362,-3.66248,-5.51404,0.887543,3.01522,5.88296,1.46363,97,0.000721339,0.195066,0.201964,0.327915,0.696407,0.329582,1.7844,2.05165,0.15921,0,0.00216651,NBA,1,Delta,-1,No record,0
1997_1,-7.05766,1.75611,-3.55979,-7.0851,0.942023,1.86955,12.9323,1.44166,97,0.00175132,-6.90275,1.6672,-3.49241,-7.74963,1.528,2.15856,13.4523,1.46231,97,0.00227532,-7.04017,1.78591,-3.55283,-7.24038,1.27655,1.97744,12.9672,1.45478,97,0.000680244,0.17637,0.216005,0.359085,1.17392,0.861838,0.97621,4.11174,0.167636,0,0.00497868,NBA,2,Delta,-1,No record,0
1498_1,-6.5939,2.45747,-3.541,-5.21892,1.16924,2.58304,13.8761,1.45958,97,0.0025804,-6.54045,2.40834,-3.54479,-5.19474,1.05475,2.05245,11.1504,1.45466,97,0.00196848,-6.58373,2.39065,-3.59947,-4.76949,1.00836,1.91622,9.34611,1.44707,97,0.000660951,0.216748,0.230994,0.354067,1.1415,0.290611,1.10557,5.50202,0.15288,0,0.00355472,NBA,2,Omicron,-1,No record,0
1460_1,-6.68475,2.05128,-3.55211,-6.11756,0.738631,2.82522,13.5769,1.41703,97,0.00119085,-6.69183,2.05216,-3.62252,-6.04759,0.680889,2.28179,11.6963,1.40043,97,0.00188539,-6.72619,2.11403,-3.58372,-5.56233,0.664908,2.03783,10.2839,1.40191,97,0.000707988,0.188986,0.205994,0.36297,0.973085,0.283044,1.31686,6.11082,0.157037,0,0.00375631,NBA,3,Omicron,-1,No record,0
2434_1,-6.54808,2.20036,-3.61711,-5.04671,0.812481,2.38345,8.01459,1.43315,97,0.00240265,-6.57326,2.27217,-3.68107,-4.48254,0.611396,2.55408,7.97492,1.45517,97,0.0017577,-6.63494,2.2628,-3.63622,-4.49087,0.608945,2.62584,7.50952,1.42979,97,0.000711295,0.207644,0.22297,0.361612,0.915403,0.307833,1.15588,3.22433,0.163552,0,0.00330111,NBA,3,Omicron,3,Boosted,0
1629_1,-6.40848,2.47675,-3.5728,-5.79865,0.817885,2.44117,9.31197,1.44677,97,0.00256822,-6.46355,2.46588,-3.62755,-5.72347,0.780382,2.08264,9.60382,1.47912,97,0.00198622,-6.47833,2.42004,-3.59944,-5.54808,0.75265,1.85368,8.81265,1.46823,97,0.000713174,0.185877,0.180896,0.321718,0.763488,0.192865,1.23076,3.4869,0.139561,0,0.00364216,NBA,2,Omicron,3,Boosted,0
552_1,-6.51208,2.24336,-3.47674,-5.12531,0.445454,2.46735,14.8958,1.4556,97,0.00165881,-6.52433,2.29394,-3.48498,-5.01751,0.423767,2.45997,15.1416,1.43829,97,0.00167351,-6.54242,2.2235,-3.57654,-5.02123,0.419605,2.19025,10.3886,1.4581,97,0.000676435,0.201341,0.198958,0.35341,0.711609,0.119118,1.63896,5.88685,0.150282,0,0.00445863,NBA,3,Omicron,3,Boosted,0
1743_1,-6.65054,1.8939,-3.5831,-6.44416,0.445948,3.03518,9.46069,1.42055,97,0.0013062,-6.65838,1.90479,-3.56443,-6.39767,0.462212,3.37568,9.61438,1.42355,97,0.00152509,-6.74906,1.98929,-3.59164,-6.01337,0.460594,3.38101,9.86224,1.40181,97,0.000767359,0.166069,0.1751,0.320414,0.673252,0.140843,1.31163,0.800561,0.143135,0,0.00237882,NBA,1,Omicron,3,Boosted,0
2312_1,-6.55369,2.30312,-3.55334,-5.60214,1.18786,2.08199,12.7691,1.47199,97,0.00179471,-6.53269,2.33891,-3.6533,-5.04372,0.959293,1.79948,9.50197,1.44625,97,0.00230687,-6.59038,2.34594,-3.60628,-4.67451,0.88767,1.61327,7.93259,1.45771,97,0.000654713,0.205829,0.202973,0.416778,0.901855,0.33177,1.02142,4.16979,0.152552,0,0.00393958,NBA,1,Omicron,3,Boosted,0
1750_1,-6.50421,2.20578,-3.52387,-5.89785,0.57116,2.13289,13.9544,1.41347,97,0.0014885,-6.55809,2.23605,-3.49989,-5.90022,0.579103,2.53956,13.7836,1.44681,97,0.00143147,-6.57922,2.23628,-3.62027,-5.70485,0.588994,2.44515,9.35644,1.44202,97,0.000658698,0.163257,0.185302,0.320682,0.803122,0.141228,1.54444,6.71861,0.136939,0,0.00252566,NBA,3,Omicron,2,Second dose,0
2735_1,-6.48637,2.36579,-3.57179,-6.01192,0.788494,2.40605,16.1612,1.47569,97,0.00114441,-6.49698,2.41611,-3.5204,-5.72883,0.737389,2.11908,14.4426,1.46255,97,0.00370346,-6.53424,2.41202,-3.58045,-5.89097,0.843402,2.16371,11.908,1.44702,97,0.000693858,0.208899,0.185772,0.306861,0.631181,0.184493,1.40722,6.11926,0.146084,0,0.00828367,NBA,1,Delta,-1,No record,0
1054_1,-6.53705,2.50311,-3.7193,-3.86984,1.16861,2.17298,7.99429,1.47268,97,0.000963801,-6.55501,2.58528,-3.60951,-3.95655,1.47931,2.60254,10.5191,1.4651,97,0.00201772,-6.61389,2.51338,-3.61185,-3.91854,1.48157,2.16863,9.95048,1.4814,97,0.000754288,0.239613,0.203058,0.373088,0.995089,0.471513,1.55877,6.73902,0.147119,0,0.00380902,NBA,1,Omicron,-1,No record,0
846_1,-6.67885,2.10637,-3.53822,-5.99189,0.603009,2.47234,13.8785,1.40754,97,0.0021229,-6.6726,2.08265,-3.57893,-5.97755,0.566109,2.29454,12.593,1.39316,97,0.00172519,-6.70022,2.10376,-3.57872,-5.80051,0.615258,2.14352,10.3305,1.40485,97,0.000700226,0.190029,0.198227,0.330734,0.748359,0.192213,1.25187,7.36487,0.132413,0,0.0027785,NBA,1,Omicron,-1,No record,0
2581_1,-6.81396,2.00122,-3.64177,-6.46881,1.21872,2.35267,8.40681,1.45472,97,0.00223881,-6.76784,1.94422,-3.60578,-5.9779,0.855816,2.65558,7.94682,1.40905,97,0.00211636,-6.83643,2.00891,-3.64233,-5.43164,0.696241,2.22981,7.25794,1.40685,97,0.000736707,0.168655,0.175765,0.372844,1.12462,0.444832,1.219,2.77923,0.148766,0,0.0035936,NBA,2,Omicron,-1,No record,0
2218_1,-6.68248,2.14579,-3.47855,-6.30499,0.523787,2.21821,15.4908,1.46656,97,0.00140674,-6.62721,2.124,-3.51685,-6.25118,0.500666,2.0928,14.4738,1.42782,97,0.00180433,-6.68181,2.13201,-3.58468,-6.08138,0.506734,1.9158,9.97994,1.43564,97,0.000630741,0.193735,0.191755,0.408367,0.665224,0.107658,1.18474,6.18754,0.157586,0,0.00506746,NBA,3,Omicron,2,Second dose,0
915_1,-6.62454,2.40669,-3.62763,-4.31058,0.888426,2.36464,10.1601,1.46475,97,0.00168518,-6.54376,2.43755,-3.57881,-3.4452,0.591487,2.37503,8.58158,1.45908,97,0.00196066,-6.62494,2.34822,-3.62999,-3.68673,0.591329,2.42334,7.97636,1.46589,97,0.000725603,0.207854,0.221932,0.334936,0.718588,0.271325,1.2513,3.03163,0.157217,0,0.0055309,NBA,2,Omicron,3,Boosted,0
1590_1,-6.46091,2.38835,-3.3322,-4.94065,0.588374,2.48351,21.9494,1.47043,97,0.00167759,-6.43805,2.40463,-3.37882,-4.80088,0.567639,2.48026,21.2472,1.50461,97,0.00222275,-6.49961,2.35011,-3.51677,-4.81976,0.549325,2.1397,16.9863,1.48491,97,0.000615937,0.213622,0.250226,0.33883,0.858657,0.143559,1.53931,4.78741,0.145617,0,0.00686698,NBA,3,Omicron,-1,No record,0
2324_1,-6.59309,2.2454,-3.61385,-5.16672,0.663343,2.61039,11.6335,1.40068,97,0.00265256,-6.57276,2.19653,-3.61134,-5.2123,0.661269,2.43306,13.1807,1.4097,97,0.00187214,-6.60653,2.24318,-3.58216,-4.80539,0.578386,2.12392,10.3416,1.40422,97,0.000720539,0.184427,0.195168,0.355388,0.865837,0.27461,1.60063,8.24863,0.143714,0,0.00470547,NBA,3,Omicron,2,Second dose,0
2362_1,-6.69521,2.16168,-3.5337,-5.89143,0.787489,2.12798,17.0419,1.44375,97,0.00118749,-6.68846,2.15682,-3.56913,-5.57877,0.698,2.19526,14.4783,1.44159,97,0.00272423,-6.69588,2.15637,-3.57475,-5.4482,0.747522,2.20529,10.2729,1.41669,97,0.000719276,0.179606,0.179815,0.310791,0.986815,0.208252,1.3209,5.7846,0.140935,0,0.00608492,NBA,1,Delta,-1,No record,0
2112_1,-6.49544,2.54629,-3.65009,-4.343,1.20846,2.37027,12.8367,1.48567,97,0.00408925,-6.49511,2.54355,-3.64917,-4.31574,1.1241,1.97466,9.52249,1.50178,97,0.0019917,-6.53146,2.52382,-3.61257,-3.98026,1.06093,1.98765,7.46347,1.45449,97,0.000688042,0.199434,0.201254,0.352072,0.958644,0.384411,1.03716,6.16996,0.147778,0,0.00444086,NBA,2,Omicron,-1,No record,0
1525_1,-6.62162,2.2651,-3.61386,-6.14809,0.682267,2.86212,11.9863,1.41186,97,0.00218212,-6.64504,2.29779,-3.59772,-6.08468,0.610231,2.33858,11.3312,1.40944,97,0.00155338,-6.63305,2.25402,-3.5834,-6.01607,0.640071,2.14178,10.3064,1.42447,97,0.000709275,0.190716,0.17999,0.34291,0.682819,0.220778,1.63621,5.99854,0.135629,0,0.00295075,NBA,1,Omicron,-1,No record,0
3069_1,-6.57076,2.09543,-3.74795,-5.16744,0.658114,2.25996,7.71293,1.44981,97,0.00346507,-6.66578,2.22404,-3.60395,-4.76884,0.646157,2.44692,8.261,1.45374,97,0.00135871,-6.64508,2.23656,-3.61447,-4.42821,0.5596,2.19391,8.20191,1.43067,97,0.000755548,0.220652,0.225081,0.365278,0.884977,0.3105,1.4123,2.17444,0.149645,0,0.00224569,NBA,2,Omicron,-1,No record,0
175_1,-6.89666,2.04341,-3.75256,-6.74286,1.09627,3.66841,4.99653,1.41106,97,0.00171586,-6.76834,1.91926,-3.69206,-6.78688,1.00098,4.15596,5.33535,1.43886,97,0.00217532,-6.87957,1.96242,-3.70433,-6.45373,0.821789,3.84332,4.94957,1.45154,97,0.000696881,0.15456,0.176304,0.389912,1.03898,0.691836,1.93935,1.51229,0.122945,0,0.00407055,NBA,1,Omicron,-1,No record,0
1196_1,-6.54299,2.37626,-3.65538,-4.15349,0.658763,2.59432,12.3523,1.46842,97,0.00271002,-6.49151,2.38803,-3.55539,-4.293,0.745209,2.58059,13.0068,1.48565,97,0.00181833,-6.58175,2.37483,-3.59249,-4.1483,0.682876,2.29128,10.3647,1.45701,97,0.000679548,0.205948,0.22445,0.345864,0.923453,0.27409,1.62336,6.68867,0.152525,0,0.00269661,NBA,1,Omicron,-1,No record,0
1825_1,-6.73396,2.16606,-3.56782,-5.77234,0.664823,2.28589,11.2337,1.38623,97,0.00249869,-6.68097,2.08547,-3.54574,-5.85408,0.622623,2.27374,11.6081,1.43384,97,0.00216481,-6.68846,2.11766,-3.58242,-5.4955,0.576023,2.12355,10.2351,1.42686,97,0.000692831,0.177199,0.188589,0.327753,0.946046,0.209845,1.41386,4.74801,0.173546,0,0.0036391,NBA,2,Omicron,-1,No record,0
1522_1,-6.39919,2.3446,-3.64094,-6.0664,1.59721,3.99306,6.38728,1.45264,97,0.00289979,-6.52671,2.46583,-3.67473,-5.47949,1.56913,3.8574,5.90789,1.50454,97,0.00203456,-6.56699,2.43094,-3.69695,-5.08334,1.36478,3.62017,3.38327,1.46579,97,0.00051507,0.208753,0.199604,0.361514,1.13213,0.846849,2.51828,4.84923,0.172347,0,0.00634893,NBA,2,Omicron,-1,No record,0
1394_1,-6.48852,2.31276,-3.52289,-5.65558,0.662127,2.09849,12.6614,1.47464,97,0.00121831,-6.48591,2.32582,-3.58019,-5.49837,0.641539,2.84094,13.6017,1.45456,97,0.00254601,-6.52956,2.33686,-3.58126,-5.53305,0.737938,2.16416,10.4474,1.45503,97,0.000711682,0.207531,0.220347,0.316429,0.848001,0.166278,1.72256,6.45365,0.119925,0,0.00580922,NBA,1,Omicron,-1,No record,0
2138_1,-6.61875,2.14776,-3.54424,-5.44949,0.633968,2.14126,16.9628,1.41192,97,0.00153574,-6.59128,2.13161,-3.48148,-5.45609,0.631391,2.08491,17.1505,1.44219,97,0.00181671,-6.65439,2.19162,-3.54753,-5.28496,0.706118,1.65404,14.9884,1.42938,97,0.000707199,0.176071,0.179258,0.349986,0.761878,0.152586,1.70339,6.65607,0.152475,0,0.00334352,NBA,3,Omicron,-1,No record,0
831_1,-6.45011,2.52427,-3.72675,-4.29182,1.51789,3.09815,7.46686,1.49173,97,0.00164495,-6.42141,2.51726,-3.62294,-5.08353,2.08234,3.03067,8.81755,1.50269,97,0.00223707,-6.54795,2.60269,-3.62464,-4.36387,2.08997,2.13884,10.2085,1.47651,97,0.000712459,0.198069,0.189479,0.369782,1.21746,0.704904,1.61874,5.49437,0.155657,0,0.00437049,NBA,2,Omicron,-1,No record,0
465_1,-6.8028,1.95245,-3.66153,-6.02137,0.959076,2.67377,11.1135,1.39408,97,0.00275532,-6.84687,1.99935,-3.62629,-6.08379,0.936344,2.43738,10.3933,1.37361,97,0.00339187,-6.85646,1.99208,-3.58344,-5.63563,0.829087,2.10283,10.295,1.38518,97,0.000724437,0.160987,0.167849,0.399264,0.934714,0.462261,1.41527,5.47596,0.145162,0,0.00627243,NBA,2,Omicron,-1,No record,0
1388_1,-6.52958,2.54523,-3.60521,-2.94181,0.658023,2.33681,10.4053,1.48065,97,0.00248803,-6.50276,2.52106,-3.58142,-3.12296,0.758257,2.61134,12.5167,1.47397,97,0.00152335,-6.57455,2.47573,-3.58507,-3.15463,0.679186,2.13133,10.325,1.47168,97,0.000707549,0.222329,0.255814,0.360099,0.465147,0.351732,2.08435,6.48055,0.158225,0,0.0023416,NBA,1,Omicron,-1,No record,0
1573_1,-6.43125,2.42661,-3.61051,-5.10737,0.817643,2.25961,8.27364,1.49275,97,0.00172754,-6.41636,2.44254,-3.6358,-5.18847,0.86251,2.62249,8.45723,1.49395,97,0.00239889,-6.4681,2.44097,-3.64687,-4.78407,0.829538,2.3793,8.28788,1.46604,97,0.000730324,0.209915,0.232113,0.32221,0.975371,0.218334,1.66588,2.64817,0.160107,0,0.00770645,NBA,2,Omicron,-1,No record,0
2495_1,-6.91293,1.71804,-3.6262,-6.85501,0.751559,2.10286,11.0497,1.40069,97,0.0012107,-7.08428,1.89594,-3.61245,-6.36044,0.843452,2.70347,11.624,1.39204,97,0.00186422,-6.99203,1.77377,-3.58415,-6.49054,0.707222,2.14374,10.3395,1.41279,97,0.000707482,0.170998,0.188095,0.345028,0.966619,0.472559,1.70165,6.39445,0.130659,0,0.0027498,NBA,2,Omicron,-1,No record,0
1579_1,-6.39721,2.4783,-3.53463,-5.77206,0.982434,2.73459,15.9269,1.4808,97,0.0010753,-6.40118,2.53126,-3.61256,-5.5602,0.951237,2.03019,14.9234,1.44149,97,0.00301674,-6.45716,2.48585,-3.56944,-5.51899,1.01267,2.10152,11.0077,1.47214,97,0.00070506,0.187533,0.179543,0.321745,0.771075,0.194141,1.32913,7.50203,0.134467,0,0.00683506,NBA,2,Omicron,-1,No record,0
1551_1,-6.52805,2.23289,-3.52798,-6.07292,0.617496,2.19263,12.4075,1.3953,97,0.00167309,-6.59185,2.26403,-3.63088,-6.05436,0.634935,2.68531,10.7499,1.43492,97,0.00192331,-6.59137,2.28519,-3.5913,-5.90803,0.707786,2.16758,10.4208,1.401,97,0.000681444,0.194926,0.207163,0.332739,0.761822,0.176683,1.4484,4.81401,0.150486,0,0.00647203,NBA,2,Omicron,2,Second dose,0
338_1,-6.68854,2.24838,-3.59999,-6.29806,1.08835,2.33285,11.1378,1.4416,97,0.00117949,-6.6481,2.27722,-3.55426,-6.13651,1.10419,2.36178,11.8934,1.41825,97,0.00196526,-6.76765,2.18273,-3.58487,-6.49541,1.44483,2.14056,10.3046,1.42367,97,0.000709544,0.233003,0.258536,0.345798,1.02353,0.382226,1.23688,7.85286,0.151518,0,0.00400993,NBA,2,Omicron,-1,No record,0
2202_1,-6.62601,2.32563,-3.56022,-5.94952,0.984937,2.34864,12.7376,1.47317,97,0.00186701,-6.5494,2.25056,-3.60302,-6.04487,0.975941,2.24565,14.1444,1.4272,97,0.00210656,-6.60382,2.30915,-3.6073,-5.67099,0.948405,2.10845,9.17244,1.44885,97,0.000672738,0.189542,0.194892,0.373611,0.811943,0.22324,1.23862,6.88725,0.158038,0,0.00323772,NBA,2,Omicron,-1,No record,0
2694_1,-6.67102,2.13649,-3.55507,-5.72794,0.730208,2.64251,9.81627,1.47311,97,0.00167072,-6.64947,2.08768,-3.60169,-5.87793,0.692712,2.78688,9.5504,1.47386,97,0.00205274,-6.7175,2.09911,-3.61599,-5.74731,0.683818,2.16534,9.42911,1.45807,97,0.000572053,0.199015,0.213106,0.326322,1.06968,0.282225,1.72421,2.1453,0.162316,0,0.00296939,NBA,1,Omicron,-1,No record,0
2237_1,-6.54158,2.33893,-3.51813,-5.06496,0.777428,2.42154,13.658,1.46079,97,0.00196191,-6.5132,2.26299,-3.533,-5.3662,0.798851,2.47744,13.8443,1.45519,97,0.00168138,-6.59114,2.32165,-3.58835,-4.88911,0.747345,2.15336,10.2724,1.45781,97,0.000677638,0.190319,0.205548,0.385467,1.04724,0.268696,1.45535,6.73099,0.156758,0,0.00279762,NBA,3,Omicron,-1,No record,0
2116_1,-6.77666,2.196,-3.54602,-6.34405,0.968203,2.41593,11.1443,1.43234,97,0.00127318,-6.73822,2.14799,-3.64693,-6.34215,0.925937,2.27523,11.9577,1.42896,97,0.00144049,-6.70987,2.14567,-3.58133,-5.98324,0.867272,1.96532,10.48,1.4228,97,0.000705252,0.184524,0.19846,0.391758,0.971968,0.305533,1.9048,4.95515,0.152235,0,0.00257051,NBA,3,Omicron,-1,No record,0
1829_1,-6.51725,2.29046,-3.56616,-4.7895,0.603564,2.6102,12.1464,1.45313,97,0.00177991,-6.51298,2.26302,-3.61944,-4.71612,0.56792,2.43313,13.1829,1.47428,97,0.00218336,-6.57142,2.28839,-3.58282,-4.51592,0.515098,2.14015,10.3095,1.44856,97,0.000708918,0.188007,0.188007,0.338648,0.80589,0.227785,1.59381,6.90606,0.136325,0,0.00617998,NBA,2,Omicron,-1,No record,0
2147_1,-6.72461,2.15793,-3.56992,-5.36755,0.819103,2.68171,12.0694,1.48217,97,0.00145893,-6.64724,2.10233,-3.62052,-5.13064,0.628585,2.57346,10.6953,1.43662,97,0.00175862,-6.76114,2.13305,-3.59361,-5.12984,0.762817,2.3231,10.2869,1.44616,97,0.000653538,0.192497,0.222445,0.401732,0.969557,0.267242,1.70992,5.10586,0.149962,0,0.00291622,NBA,2,Omicron,-1,No record,0
2887_1,-6.60929,2.24868,-3.47935,-6.9143,2.36777,2.37985,9.16251,1.36046,97,0.00154982,-6.60607,2.20114,-3.64252,-6.65785,2.20064,2.57093,8.80366,1.42172,97,0.00166331,-6.70486,2.33334,-3.65208,-5.59094,2.26906,2.30283,7.75516,1.3811,97,0.00112285,0.183362,0.204367,0.32689,1.08717,0.719821,2.2065,5.48288,0.145548,0,0.00256113,NBA,1,Omicron,2,Second dose,0
2640_1,-6.75491,1.90903,-3.58887,-6.31618,0.606445,2.3729,13.4227,1.4297,97,0.00211384,-6.77955,1.94039,-3.61324,-6.03703,0.587258,2.26874,13.804,1.4464,97,0.00164582,-6.82095,1.96943,-3.5822,-5.74389,0.60465,2.14084,10.3135,1.43024,97,0.000711779,0.142593,0.162395,0.343923,0.940258,0.264599,1.37527,7.33196,0.160395,0,0.00314612,NBA,2,Omicron,-1,No record,0
1441_1,-6.72641,2.01896,-3.46087,-6.11155,0.502151,2.13989,15.5462,1.44569,97,0.00248265,-6.70281,2.00457,-3.52854,-5.98907,0.479549,2.1616,17.0134,1.42507,97,0.0017937,-6.72737,2.02509,-3.57026,-5.85541,0.467925,2.01065,11.301,1.42803,97,0.000706751,0.167968,0.197277,0.371679,0.805706,0.157003,1.37115,6.87401,0.149589,0,0.00336821,NBA,3,Omicron,-1,No record,0
2720_1,-6.41797,2.51054,-3.63502,-4.36405,1.16332,2.48798,7.96398,1.51545,97,0.000981059,-6.51156,2.61052,-3.61943,-4.11085,1.12675,2.80566,8.51477,1.50677,97,0.00143681,-6.51823,2.53567,-3.65571,-3.99982,1.03131,2.55199,6.28369,1.48466,97,0.000685255,0.220896,0.208635,0.305032,0.813376,0.438063,1.68442,5.15748,0.141856,0,0.00226496,NBA,1,Omicron,-1,No record,0
2829_1,-6.60934,2.17694,-3.60074,-5.57587,0.874018,2.20014,13.1101,1.3982,97,0.00146308,-6.65168,2.20955,-3.57199,-5.34763,0.83883,2.29351,12.5927,1.42937,97,0.00206235,-6.68274,2.23135,-3.58074,-4.7938,0.762175,2.12094,10.2975,1.42907,97,0.000693285,0.19429,0.199902,0.359972,1.22475,0.33268,1.23671,6.10262,0.152681,0,0.00369275,NBA,1,Omicron,-1,No record,0
1725_1,-6.46963,2.44812,-3.46977,-4.40008,0.76162,2.4415,13.9202,1.50128,97,0.00194617,-6.52356,2.49993,-3.53332,-4.3343,0.796647,2.48021,15.6799,1.48535,97,0.00147616,-6.54645,2.41147,-3.59295,-4.45471,0.814243,2.46879,10.352,1.46468,97,0.00068452,0.211841,0.219505,0.334933,1.03389,0.258487,1.37238,7.19673,0.1494,0,0.00230279,NBA,1,Omicron,-1,No record,0
2296_1,-6.49578,2.43566,-3.58345,-3.98233,0.811751,2.72591,11.3971,1.4527,97,0.00259973,-6.56189,2.4892,-3.61364,-3.85582,0.805107,2.49207,12.4886,1.44268,97,0.00179615,-6.59513,2.40358,-3.58477,-3.88507,0.755678,2.15221,10.3168,1.45325,97,0.000703689,0.196222,0.237318,0.373957,0.920141,0.366479,1.46982,6.46513,0.154276,0,0.00391179,NBA,1,Omicron,-1,No record,0
1059_1,-6.65773,2.13762,-3.56934,-5.35819,0.579821,2.39845,15.0411,1.39779,97,0.00190479,-6.65966,2.10229,-3.56331,-5.33572,0.577723,2.30009,14.3314,1.41999,97,0.00188176,-6.7198,2.13747,-3.58217,-5.39103,0.684245,2.01347,10.133,1.42764,97,0.000703727,0.19143,0.201096,0.354454,0.839834,0.22296,1.19782,5.84862,0.141758,0,0.00325466,NBA,2,Omicron,-1,No record,0
80_1,-6.5254,2.64108,-3.64251,-3.44857,1.36057,2.40109,7.40298,1.47831,97,0.00107527,-6.47514,2.62792,-3.59707,-4.03014,1.76278,2.77522,9.43659,1.47405,97,0.00164838,-6.55177,2.65112,-3.59142,-4.01977,1.95397,2.07651,10.0895,1.47436,97,0.000738531,0.228753,0.239521,0.327793,1.05205,0.537184,1.66631,5.41371,0.177325,0,0.00332066,NBA,2,Omicron,-1,No record,0
3005_1,-6.48844,2.49009,-3.58816,-3.02998,0.463603,2.22173,11.9134,1.49483,97,0.00143645,-6.50514,2.50257,-3.49726,-3.13986,0.523634,2.29701,14.1128,1.49302,97,0.00145603,-6.54665,2.43062,-3.58266,-3.21748,0.498262,2.14015,10.31,1.47318,97,0.000708915,0.206596,0.223687,0.353821,0.530395,0.216058,1.27465,5.5558,0.159057,0,0.00213893,NBA,1,Omicron,-1,No record,0
1032_1,-6.64448,2.22339,-3.55135,-4.87858,0.758179,2.23489,12.8212,1.42324,97,0.00187953,-6.62558,2.22269,-3.57178,-4.91224,0.720538,2.52094,12.9229,1.39223,97,0.00209603,-6.66514,2.24824,-3.59152,-4.47058,0.647477,2.25116,10.3837,1.40741,97,0.000697105,0.196288,0.20672,0.314447,1.09982,0.307179,1.45264,5.77214,0.129883,0,0.00513869,NBA,1,Omicron,-1,No record,0
1365_1,-6.62699,1.98429,-3.49263,-5.16835,0.363421,2.27723,14.9513,1.45647,97,0.00290373,-6.66255,2.02743,-3.62296,-5.20695,0.378831,2.23405,14.294,1.43836,97,0.00120535,-6.72178,2.01848,-3.5802,-5.06038,0.339179,1.92192,10.2456,1.46179,97,0.000654632,0.187215,0.209165,0.378097,0.737719,0.118595,1.4988,5.65067,0.156033,0,0.00214145,NBA,1,Omicron,-1,No record,0
1998_1,-6.69519,2.13095,-3.53184,-5.78703,0.618126,2.78684,11.6112,1.41777,97,0.00482506,-6.72894,2.12375,-3.54797,-5.7425,0.59544,2.77806,11.9149,1.4146,97,0.00122203,-6.68517,2.1194,-3.5716,-5.39642,0.560212,2.13899,11.0215,1.40417,97,0.00071468,0.226645,0.238656,0.314041,0.901996,0.177464,1.45577,1.88236,0.145981,0,0.00213331,NBA,2,Omicron,-1,No record,0
1990_1,-6.60948,2.20317,-3.54245,-4.35019,0.35185,2.29016,16.6708,1.43824,97,0.00168727,-6.5348,2.17231,-3.51526,-4.19709,0.286887,2.54362,15.6379,1.41804,97,0.00194378,-6.57388,2.21227,-3.57185,-4.07264,0.289136,2.18209,11.0066,1.40415,97,0.000701275,0.203285,0.238909,0.379381,0.702195,0.103029,1.70194,4.95231,0.148974,0,0.00402713,NBA,1,Omicron,-1,No record,0
1340_1,-7.1848,1.92117,-3.51268,-6.94434,1.9949,2.49788,14.3041,1.45661,97,0.0016204,-7.18762,1.79459,-3.45281,-6.58495,1.09662,3.15434,14.7128,1.47775,97,0.00204196,-7.19528,1.78755,-3.55072,-6.61864,1.03315,2.93443,14.0758,1.45983,97,0.000773197,0.118089,0.151582,0.348357,0.776641,0.398451,1.1747,1.05744,0.132884,0,0.00408105,NBA,2,Omicron,-1,No record,0
1890_1,-6.64033,2.32285,-3.69111,-4.0748,0.825994,3.30408,7.86249,1.44213,97,0.00151373,-6.65775,2.42701,-3.59897,-3.73694,0.823746,3.02064,7.78816,1.45319,97,0.00165389,-6.69484,2.30622,-3.64587,-3.96141,0.766399,2.78114,6.63966,1.42154,97,0.000731895,0.225533,0.253886,0.324635,0.654031,0.305677,2.11921,2.85447,0.15573,0,0.00373419,NBA,1,Omicron,-1,No record,0
2492_1,-6.95183,1.89908,-3.5797,-5.56818,0.674779,2.54256,12.743,1.48615,97,0.00233854,-6.9019,1.87219,-3.54491,-5.38152,0.657206,2.47542,12.6071,1.45844,97,0.00165748,-6.97416,1.85495,-3.58397,-5.31662,0.585617,2.13917,10.2348,1.45236,97,0.000728318,0.181711,0.188562,0.344373,1.33655,0.368102,1.58131,6.79003,0.175027,0,0.00285183,NBA,1,Omicron,-1,No record,0
2279_1,-6.58746,2.25423,-3.63923,-6.03442,0.958565,2.3905,12.2402,1.39495,97,0.00164659,-6.60436,2.25347,-3.53146,-5.92683,0.92679,2.65447,12.8573,1.44546,97,0.00332326,-6.62717,2.27569,-3.58598,-5.87951,1.03356,2.14023,10.3024,1.43648,97,0.000711913,0.193291,0.208703,0.387716,0.791756,0.254529,1.49102,6.22191,0.153694,0,0.00976487,NBA,1,Omicron,-1,No record,0
2539_1,-6.62443,2.05472,-3.56589,-5.74121,0.554524,2.18284,14.184,1.414,97,0.00184308,-6.64925,2.06005,-3.51216,-5.83982,0.56572,2.20656,14.8374,1.41323,97,0.00259537,-6.6745,2.11304,-3.57769,-5.4696,0.536694,2.03816,10.3498,1.41926,97,0.000739518,0.177561,0.203057,0.393427,0.94085,0.186179,1.36268,6.51902,0.14489,0,0.00523998,NBA,2,Omicron,-1,No record,0
2124_1,-6.58563,2.33127,-3.59032,-5.9959,0.455055,2.22634,13.7127,1.45269,97,0.00149601,-6.53774,2.30618,-3.52388,-5.99821,0.471997,2.51895,16.318,1.43248,97,0.00276821,-6.5829,2.30884,-3.57602,-5.92898,0.472236,2.17156,11.2871,1.43716,97,0.000716677,0.18684,0.17729,0.3927,0.630134,0.125372,1.65751,6.58126,0.153658,0,0.004461,NBA,1,Omicron,-1,No record,0
2399_1,-6.51096,2.29472,-3.57567,-5.89416,0.802894,2.36808,11.6619,1.44741,97,0.00226738,-6.5567,2.3254,-3.56036,-5.56412,0.771352,2.27246,11.8188,1.44586,97,0.00205208,-6.57354,2.33972,-3.58643,-5.80347,0.971493,2.15169,10.2347,1.44569,97,0.000713159,0.17997,0.1795,0.366408,0.872887,0.23605,1.26502,6.32159,0.148196,0,0.0036441,NBA,1,Omicron,-1,No record,0
1745_1,-6.5224,2.31896,-3.59899,-5.60267,1.00419,2.42587,12.1456,1.45604,97,0.00148763,-6.52402,2.34737,-3.533,-5.4895,0.995608,2.20429,13.1509,1.45131,97,0.00164683,-6.57924,2.35602,-3.58646,-5.04643,0.918562,2.09622,10.3488,1.45212,97,0.00074429,0.216653,0.234917,0.339223,1.1565,0.384364,1.218,8.24046,0.153465,0,0.00298585,NBA,1,Omicron,-1,No record,0
1057_1,-6.79973,1.99357,-3.62273,-5.46573,0.713917,2.32145,11.4673,1.42166,97,0.00159401,-6.78475,1.98624,-3.58286,-5.79133,0.896563,2.78229,10.2794,1.42724,97,0.00133533,-6.86179,2.02475,-3.58559,-5.24119,0.774993,2.14171,10.2988,1.433,97,0.000711825,0.176942,0.194747,0.3539,0.922887,0.478554,1.60822,6.28039,0.138606,0,0.00239839,NBA,1,Omicron,3,Boosted,0
3014_1,-6.42968,2.44081,-3.54422,-5.24341,0.679383,2.39303,12.5039,1.48403,97,0.00140617,-6.41159,2.42356,-3.63197,-5.29287,0.668923,2.45641,11.4839,1.50589,97,0.00273215,-6.47308,2.41782,-3.59805,-5.36939,0.812119,2.52419,10.1746,1.47359,97,0.000636836,0.197873,0.190172,0.343564,0.851416,0.197186,1.51336,4.8247,0.164922,0,0.00788765,NBA,3,Omicron,-1,No record,0
1510_1,-6.48793,2.56668,-3.51257,-4.07937,0.770203,2.57719,13.177,1.48075,97,0.00203674,-6.38756,2.42247,-3.49185,-4.41404,0.768861,2.4657,12.7078,1.51103,97,0.00201734,-6.49472,2.47601,-3.58373,-4.17909,0.785628,2.15631,10.2498,1.47713,97,0.000702875,0.190472,0.220805,0.353679,0.863746,0.207745,1.50085,5.6233,0.176644,0,0.00283602,NBA,2,Omicron,-1,No record,0
2367_1,-6.56944,2.36799,-3.48046,-3.60437,0.669968,2.73424,12.6505,1.47297,97,0.00249554,-6.58585,2.42442,-3.61707,-3.54377,0.711965,2.51413,11.5395,1.45753,97,0.00187751,-6.6386,2.35029,-3.5851,-3.63567,0.624738,2.20731,10.3153,1.44196,97,0.000710425,0.214121,0.243126,0.345148,0.699035,0.37611,1.40027,6.1864,0.165387,0,0.00259783,NBA,2,Omicron,-1,No record,0
591_1,-6.49854,2.53662,-3.69368,-3.63296,1.08802,2.52058,9.19179,1.45972,97,0.003179,-6.55836,2.57821,-3.66119,-3.52846,1.04012,2.81693,6.99985,1.48154,97,0.00229522,-6.57938,2.49003,-3.67724,-3.62374,0.977989,2.66039,5.75761,1.46725,97,0.000701157,0.192479,0.238036,0.353047,0.704365,0.356684,1.39326,3.2615,0.145529,0,0.00507525,NBA,1,Omicron,-1,No record,0
1860_1,-6.70109,1.99593,-3.57269,-6.51663,0.498759,2.51848,15.3223,1.39773,97,0.00192446,-6.69879,1.99788,-3.51299,-6.22422,0.440488,2.20229,15.01,1.39168,97,0.00345697,-6.72441,2.01816,-3.57281,-6.0489,0.412286,1.92778,11.3008,1.4028,97,0.000724337,0.168712,0.170198,0.366174,0.668336,0.129304,1.33659,5.32376,0.135746,0,0.0237179,NBA,1,Omicron,-1,No record,0
237_1,-6.69502,2.33671,-3.5804,-3.8455,0.772215,2.73315,8.44207,1.45212,97,0.00128485,-6.64895,2.38788,-3.60959,-3.53033,0.656465,2.93633,8.63711,1.42894,97,0.00136948,-6.71281,2.29931,-3.63867,-3.93121,0.764806,3.18627,7.96909,1.45327,97,0.000634538,0.231152,0.20576,0.331757,0.522973,0.263014,1.53637,3.76976,0.153217,0,0.00211161,NBA,1,Omicron,-1,No record,0
2344_1,-6.43118,2.5275,-3.6149,-4.82504,1.3483,2.77802,12.7682,1.50977,97,0.00181051,-6.36834,2.45113,-3.64001,-5.05775,1.37668,2.59112,11.9853,1.4473,97,0.00146715,-6.53709,2.49559,-3.59798,-4.59602,1.34718,2.11852,10.3025,1.47101,97,0.000712111,0.213337,0.227987,0.336699,1.03137,0.223775,1.63193,5.27312,0.147744,0,0.00248914,NBA,1,Omicron,-1,No record,0
1714_1,-6.54849,2.43448,-3.65624,-5.33441,0.689982,3.56884,8.2737,1.43986,97,0.00174486,-6.51864,2.38943,-3.64056,-5.45657,0.732667,3.26325,8.38337,1.46996,97,0.00179357,-6.50912,2.34627,-3.6246,-5.55062,0.731307,3.55705,8.45161,1.45143,97,0.00072632,0.235497,0.230013,0.362778,0.887221,0.219168,2.04369,2.2076,0.145977,0,0.00372616,NBA,2,Omicron,-1,No record,0
497_1,-6.40536,2.45529,-3.62613,-4.96675,1.0799,2.06368,8.83527,1.48544,97,0.00138942,-6.43095,2.4843,-3.55863,-5.02665,1.13506,2.22589,10.4627,1.44439,97,0.0022567,-6.49426,2.4696,-3.60444,-4.64437,1.06274,1.97609,7.65281,1.47273,97,0.000680312,0.206109,0.20914,0.323054,1.09709,0.36416,1.20647,5.984,0.163284,0,0.0036608,NBA,1,Omicron,-1,No record,0
2044_1,-6.50625,2.48424,-3.5852,-4.85517,1.05407,2.74572,10.5813,1.4874,97,0.00188695,-6.44261,2.45054,-3.65157,-4.67133,0.920062,2.92018,9.06266,1.50398,97,0.00168068,-6.51875,2.45621,-3.61852,-4.41142,0.870181,2.63233,8.01631,1.46944,97,0.000704102,0.222261,0.192605,0.327875,0.931148,0.250795,1.71754,3.40193,0.160166,0,0.00656384,NBA,1,Omicron,-1,No record,0
2348_1,-6.4554,2.51449,-3.66487,-5.75381,0.671231,2.91789,8.93012,1.47213,97,0.00198163,-6.45985,2.56312,-3.61778,-5.72129,0.670716,2.7519,9.00343,1.48603,97,0.00143502,-6.4488,2.46291,-3.61123,-5.65443,0.654197,2.66798,9.20387,1.46891,97,0.000723451,0.199676,0.207205,0.348934,0.656227,0.168151,1.27693,1.10727,0.169869,0,0.00207822,NBA,1,Omicron,-1,No record,0
421_1,-6.42616,2.53604,-3.61338,-3.82655,0.779676,3.03994,8.19596,1.45929,97,0.00168828,-6.4913,2.49511,-3.64149,-3.86072,0.698153,2.769,8.1737,1.49235,97,0.00205416,-6.52377,2.45599,-3.62681,-3.88859,0.690622,2.94382,7.64876,1.48564,97,0.00073111,0.19879,0.201842,0.284341,0.706266,0.255227,1.39079,3.1657,0.14909,0,0.00467553,NBA,3,Omicron,-1,No record,0
2280_1,-6.68748,2.15442,-3.45999,-4.81277,0.591845,2.21692,16.527,1.44753,97,0.00142954,-6.67683,2.10678,-3.5308,-5.03358,0.629024,2.2948,15.8342,1.44271,97,0.00159341,-6.74652,2.10498,-3.56631,-4.8896,0.598699,2.04552,11.8236,1.46615,97,0.00064129,0.196355,0.21467,0.361735,0.995101,0.233497,1.20128,6.1794,0.173294,0,0.00236696,NBA,2,Omicron,-1,No record,0
2644_1,-6.71437,2.06523,-3.56964,-6.58256,1.06585,2.46548,12.5382,1.46993,97,0.00150884,-6.76584,2.1063,-3.53953,-6.17309,0.986273,2.42245,11.4452,1.43352,97,0.00232637,-6.77062,2.09968,-3.59,-5.64981,0.889158,2.17438,10.2444,1.44226,97,0.000701154,0.204755,0.194189,0.359647,0.960023,0.474839,1.37473,5.42031,0.150793,0,0.00483208,NBA,1,Omicron,-1,No record,0
2444_1,-6.52355,2.4553,-3.65036,-3.46009,0.573723,2.26614,10.8429,1.48398,97,0.00166113,-6.52572,2.52687,-3.55731,-3.29603,0.558499,2.77027,11.0951,1.47664,97,0.0022476,-6.56178,2.41139,-3.57681,-3.61143,0.584912,2.14535,10.3246,1.46215,97,0.00071004,0.208259,0.227566,0.364295,0.767999,0.204811,1.93766,2.74853,0.148923,0,0.00993817,NBA,2,Omicron,-1,No record,0
947_1,-6.60719,2.24476,-3.55739,-6.02245,0.365916,2.51074,12.8116,1.38617,97,0.00204601,-6.58701,2.21092,-3.51446,-6.21753,0.354727,2.49558,13.1824,1.39287,97,0.00224857,-6.63083,2.26122,-3.58172,-6.05301,0.371372,2.19159,10.3845,1.39024,97,0.0007033,0.186688,0.181542,0.346379,0.598028,0.107522,1.84105,5.5411,0.137421,0,0.00415143,NBA,1,Omicron,-1,No record,0
522_1,-6.6133,2.28048,-3.60024,-5.59281,0.574474,2.35233,11.7127,1.43704,97,0.00232317,-6.5665,2.23889,-3.56074,-5.83696,0.587216,2.33727,12.9981,1.4306,97,0.00304166,-6.5853,2.25873,-3.58354,-5.78075,0.583991,2.28262,8.93875,1.42907,97,0.000759077,0.185534,0.198985,0.315261,0.750959,0.169058,1.46061,6.72965,0.136361,0,0.00636876,NBA,2,Omicron,-1,No record,0
1805_1,-6.69511,2.15185,-3.64175,-6.30507,0.7785,2.48392,12.2254,1.43659,97,0.00161652,-6.64277,2.10993,-3.57393,-6.29022,0.814492,2.40661,12.0126,1.4084,97,0.00238613,-6.71616,2.15176,-3.59781,-6.17406,0.884163,2.36701,10.3543,1.44183,97,0.000668523,0.179241,0.190182,0.336168,0.810522,0.243093,1.36005,5.84419,0.14877,0,0.00533524,NBA,2,Omicron,-1,No record,0
553_1,-6.5894,2.30702,-3.62664,-4.92555,0.730575,2.56773,12.4195,1.50522,97,0.00265775,-6.55173,2.31544,-3.58741,-4.98444,0.797685,2.19583,12.5714,1.45997,97,0.00260241,-6.59484,2.32366,-3.5702,-4.7125,0.750738,1.94703,11.0662,1.43521,97,0.000753914,0.18752,0.225982,0.388369,1.19467,0.251825,1.35454,5.93453,0.159131,0,0.00547607,NBA,2,Omicron,-1,No record,0
1358_1,-6.54079,2.29908,-3.63233,-5.25718,1.1704,2.87618,5.11583,1.47139,97,0.00150824,-6.55249,2.39806,-3.65047,-5.43683,1.58412,2.89873,8.13481,1.4769,97,0.0016017,-6.56055,2.42037,-3.59703,-6.22613,2.33414,2.18828,10.0085,1.45272,97,0.00068096,0.247027,0.238016,0.338797,1.20476,0.719912,1.54128,6.32508,0.170733,0,0.00380047,NBA,1,Omicron,-1,No record,0
2586_1,-6.36256,2.58174,-3.53206,-5.49268,1.77409,2.13941,13.4626,1.46343,97,0.00277038,-6.40452,2.56333,-3.58453,-5.38354,1.74326,2.34232,14.2436,1.48901,97,0.0014418,-6.45937,2.55713,-3.59363,-5.16915,1.78369,2.09186,10.4436,1.49328,97,0.00071676,0.175454,0.163969,0.346855,0.957985,0.203015,1.45402,6.41715,0.152167,0,0.00191943,NBA,1,Omicron,-1,No record,0
1885_1,-6.75919,1.88926,-3.59126,-6.3709,0.371148,2.52133,12.7627,1.41591,97,0.00143249,-6.80482,1.93607,-3.54392,-6.34623,0.397667,2.45033,14.9063,1.43057,97,0.00194567,-6.75689,1.90848,-3.59034,-6.01988,0.330137,2.28954,9.93074,1.40834,97,0.000819999,0.199379,0.189144,0.356812,0.889111,0.13619,1.35024,6.04945,0.147736,0,0.00341486,NBA,3,Omicron,-1,No record,0
2323_1,-6.3418,2.45121,-3.54768,-5.21823,0.985846,2.12831,17.6875,1.49158,97,0.00166919,-6.38316,2.48377,-3.59854,-4.97904,0.968896,2.23949,15.1568,1.50886,97,0.00215974,-6.46905,2.49134,-3.57256,-4.71277,0.945927,1.97355,11.1714,1.49812,97,0.000683888,0.191865,0.220653,0.361638,0.865329,0.197142,1.47752,4.39196,0.166929,0,0.00403373,NBA,2,Omicron,-1,No record,0
2315_1,-6.53391,2.30586,-3.59439,-5.06408,0.839421,2.66388,10.1425,1.45763,97,0.00184654,-6.51339,2.31243,-3.5943,-5.18875,0.875369,2.25175,10.1408,1.45328,97,0.00187695,-6.59165,2.33962,-3.60949,-4.76222,0.809993,2.07449,8.55304,1.44438,97,0.000678518,0.190513,0.187771,0.382925,1.15501,0.318759,1.17404,5.35935,0.148278,0,0.00568917,NBA,1,Omicron,-1,No record,0
2091_1,-6.43765,2.34254,-3.44484,-5.6797,0.825504,2.36937,14.0888,1.48584,97,0.00131224,-6.43709,2.36164,-3.56657,-5.49774,0.801671,2.81397,15.1583,1.4279,97,0.00222951,-6.52295,2.37615,-3.51733,-5.19855,0.787511,2.3471,12.0021,1.45384,97,0.000699626,0.17018,0.211418,0.310771,0.739583,0.106726,1.84468,4.39688,0.145546,0,0.00433513,NBA,3,Omicron,-1,No record,0
145_1,-6.54894,2.4177,-3.56545,-4.6804,1.08766,2.23585,12.695,1.44205,97,0.00154644,-6.52461,2.41386,-3.53278,-4.98405,1.1615,2.32895,13.0564,1.46052,97,0.00174003,-6.61091,2.38877,-3.59886,-4.69714,1.14592,2.1266,9.98245,1.44415,97,0.000723126,0.246004,0.253272,0.355578,1.02119,0.233488,1.39548,5.78012,0.166992,0,0.00278364,NBA,1,Omicron,-1,No record,0
483_1,-6.78139,2.06015,-3.5505,-6.16515,0.690778,2.29403,11.9381,1.42399,97,0.00221184,-6.73336,2.00505,-3.55898,-6.39982,0.722296,2.29336,12.7843,1.39729,97,0.00229332,-6.76652,2.03824,-3.57582,-5.85132,0.665123,2.17487,10.4615,1.42072,97,0.000685864,0.169996,0.185042,0.350966,0.854838,0.292698,1.23329,7.26954,0.145792,0,0.00848489,NBA,2,Omicron,-1,No record,0
64_1,-6.76922,2.23921,-3.55843,-6.21275,0.82025,1.95212,13.0056,1.40093,97,0.00263781,-6.7363,2.19735,-3.55629,-6.38421,0.893583,2.33101,13.2158,1.4014,97,0.00142953,-6.74109,2.18688,-3.58053,-6.2914,0.966272,2.16145,10.3925,1.41378,97,0.000707706,0.19525,0.187944,0.335363,0.730291,0.243865,1.25901,5.6118,0.130334,0,0.00203773,NBA,1,Omicron,-1,No record,0
3029_1,-6.60593,2.40588,-3.56168,-2.83723,0.504696,2.88834,10.54,1.45524,97,0.00155363,-6.59161,2.40661,-3.56843,-2.94423,0.60578,2.86175,12.5398,1.45473,97,0.00292649,-6.65408,2.3604,-3.58411,-3.03003,0.527775,2.13945,10.3086,1.44606,97,0.000708745,0.222906,0.258809,0.401912,0.583846,0.380833,1.86878,6.76727,0.164437,0,0.00854536,NBA,2,Omicron,-1,No record,0
179_1,-6.59207,2.27882,-3.64392,-3.58096,0.637201,2.44277,7.61763,1.43706,97,0.00169237,-6.66269,2.3836,-3.65077,-3.69653,0.803297,2.32445,9.29227,1.46725,97,0.00175786,-6.63297,2.36902,-3.63689,-3.60846,0.719867,2.24351,7.56409,1.44998,97,0.000732797,0.235351,0.260455,0.358944,0.595298,0.330054,1.11822,5.68378,0.173659,0,0.00651929,NBA,1,Omicron,-1,No record,0
2784_1,-6.51881,2.39844,-3.50955,-4.83378,0.760318,2.67804,14.5166,1.47247,97,0.00165075,-6.47775,2.41622,-3.54644,-4.71331,0.720853,2.38399,11.9463,1.47094,97,0.00205094,-6.53567,2.36983,-3.58252,-4.5493,0.66807,2.17068,10.3036,1.45899,97,0.000704963,0.226145,0.237323,0.356461,0.995909,0.275295,1.28525,4.96771,0.151963,0,0.00388082,NBA,2,Omicron,-1,No record,0
601_1,-6.70927,2.14477,-3.52694,-5.34244,0.555045,2.38135,15.0904,1.42493,97,0.00224169,-6.67703,2.13104,-3.53649,-5.40996,0.558478,2.40624,14.3533,1.41812,97,0.00128337,-6.67807,2.14731,-3.57661,-5.16377,0.565133,2.28527,10.2487,1.39876,97,0.000724578,0.194818,0.194009,0.304691,0.860899,0.194854,1.48608,5.27951,0.150108,0,0.00211314,NBA,2,Omicron,-1,No record,0
1946_1,-6.46019,2.42927,-3.45757,-4.3359,0.767919,2.55394,19.8346,1.46587,97,0.00147597,-6.45827,2.38743,-3.51176,-4.51835,0.771691,2.37886,21.8512,1.46965,97,0.00123276,-6.53313,2.41657,-3.45645,-4.31439,0.741029,2.22266,15.9944,1.4507,97,0.000705631,0.207063,0.216274,0.314795,0.795531,0.128701,1.25999,7.80762,0.143921,0,0.0029743,NBA,1,Omicron,-1,No record,0
1882_1,-6.66961,2.13979,-3.59532,-6.17951,0.503686,2.14367,12.0818,1.45115,97,0.0016847,-6.66162,2.11779,-3.58066,-6.1897,0.53619,2.36183,13.8486,1.43419,97,0.00223643,-6.67,2.17337,-3.58712,-6.04164,0.561411,2.18219,10.279,1.42944,97,0.000713591,0.187917,0.188113,0.325626,0.818217,0.185298,1.23127,5.23225,0.154959,0,0.00466078,NBA,3,Omicron,-1,No record,0
900_1,-6.44102,2.36724,-3.62727,-5.33851,0.778106,2.75859,13.0073,1.46986,97,0.00289544,-6.4606,2.39012,-3.57076,-5.03327,0.714423,2.3744,12.2142,1.48178,97,0.00188936,-6.51682,2.36601,-3.59999,-5.18637,0.830133,2.46264,10.2255,1.46762,97,0.000655348,0.198061,0.208245,0.314518,1.03741,0.221321,1.4207,5.259,0.151126,0,0.00346648,NBA,1,Omicron,-1,No record,0
2485_1,-6.57248,2.3688,-3.599,-5.5211,0.90714,2.37939,9.74282,1.44408,97,0.00422155,-6.51822,2.33091,-3.5851,-5.42139,0.874299,2.57427,10.3465,1.43671,97,0.00181262,-6.5703,2.31883,-3.61461,-5.03054,0.805005,2.29846,8.57276,1.44578,97,0.000664025,0.196587,0.197674,0.34225,0.992167,0.311103,1.4383,4.8173,0.150608,0,0.00306043,NBA,1,Omicron,-1,No record,0
1249_1,-6.45614,2.52179,-3.57346,-5.87082,0.773098,2.78885,17.7093,1.50937,97,0.00262083,-6.35712,2.45828,-3.52483,-5.6718,0.698099,2.38038,13.5698,1.471,97,0.00222437,-6.46067,2.47993,-3.55358,-5.68407,0.78136,2.42385,13.9214,1.46469,97,0.000729509,0.183856,0.182767,0.388345,0.665581,0.127915,1.49986,3.58282,0.16424,0,0.00427998,NBA,1,Omicron,-1,No record,0
722_1,-6.39634,2.55041,-3.59955,-5.36292,1.14873,2.50348,13.1279,1.49522,97,0.00329896,-6.38949,2.54101,-3.56851,-5.22173,1.05812,2.52064,12.4243,1.50972,97,0.00223877,-6.44678,2.51103,-3.58492,-4.8716,1.01045,2.19587,10.3104,1.49002,97,0.000706494,0.19497,0.219584,0.349178,0.873645,0.301473,1.64366,6.01,0.137637,0,0.0043801,NBA,1,Omicron,-1,No record,0
2037_1,-6.6029,2.20059,-3.54074,-5.85936,0.596819,2.462,13.6271,1.42827,97,0.00134165,-6.57374,2.18323,-3.58825,-5.84729,0.549619,2.49649,13.7505,1.41601,97,0.00193176,-6.61902,2.20153,-3.58486,-5.7546,0.602444,2.14226,10.3208,1.43409,97,0.000703411,0.171053,0.180211,0.327854,0.749727,0.182012,1.42261,5.10584,0.142742,0,0.00592065,NBA,1,Omicron,-1,No record,0
2134_1,-6.52615,2.46522,-3.64566,-4.10583,0.979161,2.61248,10.8401,1.48463,97,0.00116983,-6.47725,2.49581,-3.59197,-3.83183,0.904516,2.29782,11.3525,1.47042,97,0.0012981,-6.5684,2.44256,-3.5829,-3.90957,0.820718,2.13945,10.3609,1.45802,97,0.000709095,0.191466,0.209883,0.323773,0.717731,0.46026,1.25671,6.34046,0.141974,0,0.00207737,NBA,1,Omicron,-1,No record,0
2377_1,-6.37992,2.4267,-3.57165,-5.49903,0.645962,2.28441,12.4616,1.49998,97,0.00199915,-6.37001,2.38241,-3.51251,-5.52572,0.670372,2.4191,13.2883,1.48248,97,0.0020627,-6.44112,2.42582,-3.57643,-5.28919,0.682223,2.12052,10.2541,1.47465,97,0.000707854,0.197757,0.205816,0.340067,0.844221,0.203653,1.51777,6.71886,0.165843,0,0.00460213,NBA,3,Omicron,-1,No record,0
659_1,-6.32149,2.46576,-3.52352,-5.09294,0.82454,2.38165,13.587,1.51706,97,0.00185329,-6.39321,2.49993,-3.59019,-4.90881,0.852759,2.55054,12.6015,1.52079,97,0.00209363,-6.43475,2.49786,-3.57776,-4.79417,0.884528,2.15127,10.3809,1.48765,97,0.000721685,0.187381,0.206293,0.410079,0.879092,0.241118,1.62139,5.17379,0.158676,0,0.0046519,NBA,1,Omicron,-1,No record,0
2463_1,-6.59476,2.29162,-3.50531,-6.35675,1.6969,3.29187,11.9452,1.43796,97,0.00175459,-6.60761,2.29652,-3.57215,-6.09479,1.60163,2.39376,9.28602,1.44134,97,0.00201306,-6.63831,2.32282,-3.69188,-5.50567,1.58907,2.1608,6.4791,1.43668,97,0.000746813,0.183909,0.187925,0.323145,1.00726,0.542325,1.58771,5.39444,0.167774,0,0.00470136,NBA,2,Omicron,-1,No record,0
648_1,-6.42485,2.46121,-3.50567,-4.03314,0.608892,2.70989,14.1057,1.46528,97,0.0016629,-6.41988,2.45172,-3.51767,-4.44546,0.712176,2.69609,14.1993,1.4774,97,0.00181039,-6.49551,2.42476,-3.59363,-4.27247,0.630182,2.04534,9.49488,1.49011,97,0.000697295,0.220368,0.21523,0.359779,0.751444,0.190037,2.36063,5.31235,0.149984,0,0.00380674,NBA,1,Omicron,2,Second dose,0
2681_1,-6.37188,2.38365,-3.58557,-5.64019,0.821227,3.13214,9.45231,1.47469,97,0.00233124,-6.40871,2.41889,-3.63344,-5.46665,0.801989,3.05019,9.33948,1.49155,97,0.00214367,-6.46602,2.41301,-3.60685,-5.28561,0.785495,2.84924,9.0487,1.46776,97,0.000651406,0.197319,0.1949,0.365331,0.767526,0.164853,1.49923,1.0809,0.163772,0,0.00366174,NBA,1,Omicron,-1,No record,0
518_1,-6.41371,2.49799,-3.42692,-5.3895,0.791057,2.4652,17.1269,1.49728,97,0.00177713,-6.40347,2.49852,-3.55399,-5.15518,0.745262,2.48717,15.3293,1.49308,97,0.00226731,-6.45083,2.44548,-3.56605,-5.26178,0.790554,2.42247,11.0291,1.5094,97,0.000613018,0.208383,0.199002,0.356515,0.709924,0.169928,1.50387,6.34971,0.146789,0,0.00537932,NBA,2,Omicron,-1,No record,0
3052_1,-6.45527,2.52376,-3.50093,-4.57831,1.20495,2.6037,12.1582,1.48527,97,0.00274289,-6.44274,2.49908,-3.5623,-4.66751,1.16348,2.42155,13.2184,1.51342,97,0.00153471,-6.50964,2.50683,-3.57335,-4.39178,1.14153,2.26945,10.3588,1.46377,97,0.000702766,0.227658,0.222327,0.365324,0.992186,0.311382,1.38605,5.63081,0.150477,0,0.002485,NBA,1,Omicron,-1,No record,0
2136_1,-6.50666,2.22519,-3.68935,-4.66827,0.564637,2.42385,10.4791,1.46092,97,0.00188849,-6.54818,2.35567,-3.6209,-4.40165,0.530922,2.75855,10.6289,1.48808,97,0.00158243,-6.61296,2.25684,-3.6024,-4.4965,0.529567,2.41074,10.2746,1.44814,97,0.00063142,0.237502,0.255046,0.323856,0.628347,0.179027,1.60985,1.7806,0.160737,0,0.00203082,NBA,1,Omicron,-1,No record,0
664_1,-6.45921,2.4453,-3.45508,-4.52924,0.728487,2.35631,16.4492,1.4943,97,0.00224003,-6.42428,2.46728,-3.52065,-4.28345,0.649535,2.48732,15.5207,1.49204,97,0.0028974,-6.49733,2.42747,-3.57265,-4.26328,0.645265,2.28131,10.5163,1.47401,97,0.000702095,0.19938,0.241331,0.343564,0.776898,0.195103,1.61844,8.10219,0.157819,0,0.00715084,NBA,1,Omicron,-1,No record,0
1762_1,-6.59738,2.34183,-3.59681,-3.95078,0.683994,2.41348,10.244,1.46732,97,0.00224447,-6.66652,2.35636,-3.59986,-4.07023,0.715138,2.30196,9.98218,1.43988,97,0.00169264,-6.65222,2.2828,-3.60112,-4.0643,0.641728,2.15969,8.9891,1.43683,97,0.000726482,0.215384,0.222435,0.352586,0.965426,0.328638,1.29542,3.8736,0.150195,0,0.00279027,NBA,2,Omicron,-1,No record,0
2783_1,-6.64726,2.32066,-3.59775,-5.63618,1.40991,2.96598,6.92606,1.42017,97,0.00173545,-6.54842,2.22846,-3.74148,-5.46033,1.22022,3.12109,6.09495,1.44809,97,0.0022053,-6.67354,2.31061,-3.69983,-4.85926,1.05034,2.88748,4.85721,1.4514,97,0.000682504,0.191041,0.2203,0.343343,1.33508,0.623476,1.85927,3.0269,0.148298,0,0.00626019,NBA,3,Omicron,-1,No record,0
2391_1,-6.6272,2.21043,-3.60724,-5.87343,1.23048,2.64799,11.5781,1.45175,97,0.0020343,-6.66992,2.29242,-3.5226,-5.40589,1.0763,2.31482,12.6122,1.40973,97,0.0018501,-6.68227,2.28884,-3.58712,-4.82186,1.00156,2.0535,10.4907,1.43085,97,0.000736394,0.194016,0.206757,0.392408,1.18999,0.374548,1.37909,6.83073,0.144328,0,0.00283281,NBA,2,Omicron,-1,No record,0
579_1,-6.42456,2.52512,-3.58319,-5.72357,1.05231,2.25075,12.8045,1.46841,97,0.00177916,-6.4209,2.48157,-3.57506,-5.45127,0.973313,2.32798,12.3772,1.47387,97,0.00203096,-6.47532,2.45105,-3.59219,-5.14613,0.951565,2.31832,10.4166,1.47349,97,0.000707736,0.196326,0.222322,0.334519,1.0152,0.233641,1.24606,7.01079,0.14402,0,0.00339014,NBA,1,Delta,-1,No record,0
595_1,-6.68429,2.0713,-3.59849,-6.12681,0.715008,2.11004,14.0358,1.38246,97,0.00241147,-6.6553,2.04604,-3.53383,-6.06134,0.696916,2.06326,14.1098,1.41498,97,0.00143455,-6.73181,2.12205,-3.58355,-5.9783,0.833029,2.17582,10.3466,1.41862,97,0.000661417,0.184314,0.221399,0.33998,0.940335,0.219794,1.21595,6.80851,0.169219,0,0.00199359,NBA,1,Omicron,-1,No record,0
2266_1,-6.80352,1.75073,-3.53767,-7.00098,0.449481,1.98661,12.336,1.4139,97,0.00185733,-6.90939,1.82986,-3.53362,-7.13387,0.628579,1.95828,13.4908,1.40646,97,0.0024346,-6.96688,1.88834,-3.5317,-6.83999,0.727369,2.98982,14.5479,1.42893,97,0.000714481,0.158643,0.167083,0.340789,0.809725,0.208969,0.979886,2.11739,0.141126,0,0.00604992,NBA,1,Omicron,-1,No record,0
406_1,-6.51516,2.52352,-3.59991,-4.16285,1.06379,2.34658,12.4251,1.47569,97,0.00283517,-6.47799,2.46513,-3.63094,-4.03999,0.906495,2.36851,12.2362,1.50331,97,0.0016693,-6.5586,2.48991,-3.59073,-3.8573,0.887168,2.47417,10.3808,1.46182,97,0.000700953,0.241222,0.211317,0.366998,0.73197,0.359986,1.2947,6.46424,0.166228,0,0.00282287,NBA,2,Omicron,-1,No record,0
1818_1,-6.94068,1.5853,-3.54887,-7.03492,0.681579,2.53114,13.7154,1.4425,97,0.00204106,-7.09869,1.76951,-3.52191,-6.87343,0.82335,2.30047,15.1925,1.42686,97,0.0018565,-7.04837,1.7074,-3.5847,-6.72494,0.75511,2.1409,10.3112,1.41489,97,0.000705792,0.215973,0.249509,0.372842,0.92918,0.400565,1.72079,7.08423,0.126828,0,0.00262343,NBA,1,Omicron,-1,No record,0
2893_1,-6.54873,2.23081,-3.51273,-6.21141,0.766816,2.2178,12.1536,1.47223,97,0.00245146,-6.55187,2.24362,-3.5988,-5.89849,0.699512,2.55105,12.1263,1.42347,97,0.00216709,-6.58812,2.2778,-3.58363,-5.79339,0.736724,2.14733,10.3108,1.44074,97,0.000707971,0.189233,0.19879,0.381621,0.817945,0.267688,2.00684,6.52979,0.160207,0,0.00481332,NBA,2,Omicron,-1,No record,0
959_1,-6.54978,2.38507,-3.58618,-4.24991,0.640668,2.22364,13.4766,1.38206,97,0.00231116,-6.54981,2.36332,-3.57167,-4.30564,0.647231,2.63046,14.0854,1.38432,97,0.00220093,-6.57472,2.34914,-3.59049,-4.1641,0.598069,2.27327,10.1392,1.40225,97,0.000681482,0.199748,0.226328,0.338609,0.825053,0.240431,1.52712,6.00833,0.140058,0,0.00457676,NBA,1,Omicron,-1,No record,0
2354_1,-6.55781,2.20321,-3.63151,-6.01297,0.431562,2.41521,11.3981,1.4208,97,0.00170943,-6.59171,2.20067,-3.59927,-6.08051,0.439077,2.49803,12.9574,1.4579,97,0.00181502,-6.59051,2.23291,-3.58905,-5.89214,0.442912,2.19108,10.2635,1.43571,97,0.000702565,0.209732,0.198224,0.390979,0.804622,0.141124,1.50703,5.90424,0.143438,0,0.00379404,NBA,1,Omicron,-1,No record,0
124_1,-6.3883,2.43112,-3.56975,-5.3802,0.606876,2.38934,11.957,1.49687,97,0.00178175,-6.39074,2.42643,-3.47655,-5.44031,0.638249,2.58493,14.451,1.50094,97,0.00155105,-6.42805,2.41528,-3.58544,-5.35622,0.598647,2.4083,8.99282,1.48088,97,0.000580715,0.190533,0.24072,0.326792,0.858958,0.170544,1.37117,6.03808,0.165121,0,0.0024002,NBA,1,Omicron,-1,No record,0
2905_1,-6.4486,2.50933,-3.66303,-4.9309,0.804628,2.31167,11.7616,1.45265,97,0.00146028,-6.43221,2.46826,-3.55933,-5.10614,0.875544,2.15983,12.4536,1.47596,97,0.00254746,-6.48,2.4422,-3.58588,-4.95493,0.899298,2.18625,10.3406,1.47276,97,0.000705439,0.202466,0.260715,0.343311,0.986755,0.29859,1.27775,6.0844,0.148476,0,0.00660859,NBA,3,Omicron,-1,No record,0
1574_1,-6.46228,2.32402,-3.58395,-4.89335,0.540695,2.17786,16.2483,1.47065,97,0.00176276,-6.47918,2.33087,-3.56717,-4.87423,0.523443,2.39949,15.2905,1.46009,97,0.0013321,-6.52288,2.30692,-3.57355,-4.75175,0.508748,2.19084,10.9976,1.47845,97,0.000614753,0.217773,0.220919,0.283625,0.906456,0.158334,1.42999,4.42345,0.148253,0,0.00219388,NBA,3,Omicron,-1,No record,0
1034_1,-6.71637,1.97413,-3.57509,-5.23817,0.585809,2.45358,13.5842,1.43652,97,0.00137627,-6.79076,2.03708,-3.54025,-5.31285,0.680181,2.35076,12.6648,1.43516,97,0.00232021,-6.81351,2.02933,-3.58063,-4.89756,0.537337,2.05243,10.2761,1.43202,97,0.000750569,0.183458,0.194848,0.325646,1.1354,0.458842,1.7241,6.21451,0.147522,0,0.00512252,NBA,1,Omicron,-1,No record,0
2695_1,-6.40811,2.45086,-3.60749,-5.80428,0.558116,2.41453,10.8052,1.49557,97,0.00125109,-6.38628,2.4609,-3.57717,-5.7696,0.587649,2.48373,11.3071,1.48485,97,0.00219339,-6.44065,2.44273,-3.59401,-5.60893,0.547239,2.16451,10.1026,1.46486,97,0.000715578,0.203592,0.196387,0.342153,0.680944,0.140625,1.53563,2.40523,0.135704,0,0.00406689,NBA,3,Omicron,-1,No record,0
2122_1,-6.56634,2.21237,-3.59443,-5.44661,0.686994,2.42581,13.9027,1.46181,97,0.00232728,-6.57321,2.25122,-3.61676,-5.35274,0.697144,2.28178,13.0182,1.46552,97,0.00273259,-6.60395,2.25954,-3.58382,-5.27932,0.734863,2.13981,10.3065,1.43935,97,0.000709254,0.194037,0.213951,0.38064,1.03823,0.25655,1.44272,5.92054,0.157078,0,0.00842615,NBA,1,Omicron,-1,No record,0
2277_1,-6.48523,2.39401,-3.61927,-4.69312,0.65823,2.84092,7.1769,1.46305,97,0.00154492,-6.47268,2.38923,-3.66985,-4.84851,0.676757,2.94032,6.76893,1.4673,97,0.00251603,-6.51895,2.34324,-3.67212,-4.68121,0.581083,2.45861,6.31299,1.46813,97,0.000746224,0.200858,0.205331,0.325471,0.825248,0.270909,1.79656,1.28679,0.13997,0,0.00515445,NBA,1,Omicron,-1,No record,0
2305_1,-6.49403,2.41256,-3.53548,-4.88067,0.725424,2.58471,13.8252,1.52147,97,0.00263758,-6.4555,2.41902,-3.53832,-4.5922,0.661154,2.32973,14.0244,1.48441,97,0.00212896,-6.51939,2.39897,-3.58056,-4.42101,0.623259,2.1793,10.5336,1.4844,97,0.000702691,0.205647,0.208093,0.352936,0.811034,0.208367,1.28722,6.37697,0.162762,0,0.00626376,NBA,1,Omicron,-1,No record,0
1163_1,-6.62065,2.2418,-3.71738,-4.18245,0.753171,1.87068,8.17047,1.40964,97,0.00148835,-6.67606,2.33552,-3.64021,-4.11988,0.852252,2.33404,9.92177,1.44261,97,0.00263295,-6.69197,2.30239,-3.60397,-3.90411,0.750841,2.13709,8.1808,1.42986,97,0.000738121,0.213291,0.257344,0.357875,0.9971,0.391451,1.35805,5.05608,0.1426,0,0.00567553,NBA,2,Omicron,-1,No record,0
2645_1,-6.46028,2.2177,-3.53971,-5.12378,0.500116,2.51719,13.7136,1.44355,97,0.00150085,-6.51811,2.28944,-3.61815,-4.98041,0.475467,2.44656,13.3409,1.47023,97,0.00172037,-6.54402,2.27756,-3.58204,-4.8871,0.484229,2.19105,10.4496,1.45411,97,0.000747839,0.190183,0.196676,0.364834,0.910412,0.164458,1.40767,4.97737,0.129533,0,0.002643,NBA,1,Omicron,-1,No record,0
2993_1,-7.06891,1.83208,-3.62417,-6.92404,0.843021,2.16638,12.7904,1.42136,97,0.00280578,-7.01534,1.77364,-3.53582,-6.8412,1.00906,2.212,13.794,1.41727,97,0.00158822,-7.02136,1.73513,-3.57516,-6.802,0.813602,1.98759,11.0328,1.43257,97,0.000739352,0.161112,0.171433,0.343774,1.04211,0.717769,1.29794,5.2484,0.149896,0,0.0025751,NBA,1,Omicron,-1,No record,0
459_1,-6.78806,2.01836,-3.60795,-6.07227,0.466799,2.32834,13.9865,1.41984,97,0.0015207,-6.73036,1.96863,-3.61287,-6.36252,0.507371,2.3248,14.3813,1.42987,97,0.00190418,-6.77033,2.0072,-3.58436,-6.15144,0.523323,2.15941,10.3115,1.39043,97,0.000714166,0.197369,0.20649,0.342347,0.726969,0.185039,1.4994,7.34334,0.144823,0,0.00342668,NBA,3,Omicron,-1,No record,0
2989_1,-7.01663,2.08941,-3.64621,-6.9685,1.35884,2.34571,10.642,1.3317,97,0.00313438,-6.95245,1.98629,-3.6513,-6.76532,1.10742,2.327,11.1903,1.38388,97,0.00214932,-6.8999,1.92347,-3.57069,-6.61341,0.958568,2.17414,10.2914,1.38273,97,0.0007453,0.142973,0.164285,0.317446,0.856404,0.640534,1.20059,5.60492,0.129721,0,0.00507964,NBA,1,Omicron,-1,No record,0
1035_1,-6.48631,2.44691,-3.566,-5.336,0.863709,2.27632,11.183,1.46108,97,0.00215198,-6.4485,2.38528,-3.60405,-5.3895,0.837654,2.49369,10.922,1.47562,97,0.00155646,-6.52391,2.38532,-3.60156,-5.04514,0.804332,2.18996,10.9031,1.47295,97,0.000635729,0.201914,0.197181,0.34581,0.793518,0.279593,1.64278,5.89704,0.149519,0,0.00269913,NBA,1,Omicron,-1,No record,0
383_1,-6.44845,2.42346,-3.61034,-5.20678,0.657347,1.85366,13.0644,1.44604,97,0.00190748,-6.44897,2.32173,-3.5715,-5.60562,0.668889,2.20648,13.8958,1.47914,97,0.00265491,-6.50059,2.34071,-3.57306,-5.38628,0.624022,2.05489,10.6941,1.46791,97,0.00073908,0.174046,0.20231,0.316266,0.96809,0.190642,1.13789,6.64446,0.167793,0,0.00890416,NBA,1,Omicron,-1,No record,0
2611_1,-6.51396,2.26641,-3.57211,-6.01765,1.01989,2.46132,11.269,1.49336,97,0.00193221,-6.54908,2.35087,-3.56742,-5.81139,1.07526,2.25892,12.5642,1.46792,97,0.00169645,-6.57788,2.33712,-3.5941,-5.48768,1.0567,2.31406,10.3207,1.44471,97,0.000715947,0.208546,0.220199,0.376441,0.931783,0.258138,1.28373,5.87132,0.156014,0,0.00328063,NBA,1,Omicron,-1,No record,0
1063_1,-6.71071,2.17232,-3.57061,-5.10791,0.875355,2.3817,10.9739,1.40383,97,0.0034845,-6.71403,2.15093,-3.61572,-5.05934,0.805774,2.60155,11.2061,1.4197,97,0.00195486,-6.74629,2.17536,-3.58269,-4.57312,0.692073,2.20337,10.1291,1.41775,97,0.000695179,0.214053,0.23711,0.356204,1.27333,0.358214,1.28019,4.02984,0.157535,0,0.00399292,NBA,2,Omicron,-1,No record,0
891_1,-6.80264,2.08224,-3.5613,-5.4749,0.598283,2.54011,13.0153,1.4519,97,0.00126733,-6.71868,2.08301,-3.55825,-4.93785,0.489801,2.53235,13.9215,1.39512,97,0.00197836,-6.7424,2.05983,-3.55398,-4.84506,0.491023,2.23685,13.3311,1.43231,97,0.000714192,0.186339,0.198813,0.453182,1.018,0.212555,1.63334,4.9976,0.164591,0,0.0047405,NBA,3,Omicron,-1,No record,0
3011_1,-6.52506,2.50346,-3.55412,-5.96044,1.60501,2.10613,10.9004,1.47356,97,0.00154023,-6.43141,2.47351,-3.68615,-5.76339,1.40878,2.72562,8.18251,1.4522,97,0.00224156,-6.51439,2.43935,-3.7142,-5.57297,1.35265,2.35035,5.62725,1.46854,97,0.000702776,0.225394,0.233975,0.295845,0.935217,0.412852,1.82534,4.97758,0.146954,0,0.00538815,NBA,2,Omicron,-1,No record,0
2396_1,-6.81573,1.99721,-3.51086,-5.54959,0.724109,2.19567,13.8182,1.43293,97,0.00236049,-6.76559,1.96089,-3.50088,-5.61048,0.80448,2.52948,12.9064,1.40125,97,0.00141194,-6.83716,2.02833,-3.58444,-5.05398,0.64248,2.14795,10.3459,1.43146,97,0.000688176,0.200323,0.211788,0.331182,1.0429,0.556558,1.59861,5.89424,0.168113,0,0.00204788,NBA,2,Omicron,-1,No record,0
2271_1,-6.52347,2.45808,-3.56044,-3.95405,0.627045,2.28805,13.3701,1.47954,97,0.00172821,-6.48004,2.36728,-3.59299,-4.0105,0.562411,2.50219,13.2172,1.50499,97,0.00165671,-6.544,2.39164,-3.58648,-3.87681,0.552501,2.25171,10.392,1.46142,97,0.000705699,0.187926,0.19319,0.366237,0.671733,0.218232,1.47664,6.58353,0.164492,0,0.00298722,NBA,2,Omicron,-1,No record,0
2857_1,-6.46445,2.33258,-3.58627,-5.75838,0.581376,2.52911,12.1568,1.46419,97,0.00225485,-6.46905,2.34344,-3.56271,-5.69433,0.552249,2.26956,13.7755,1.49697,97,0.00217793,-6.50045,2.33784,-3.58505,-5.52259,0.601314,2.07327,10.2909,1.45591,97,0.000715602,0.195308,0.206138,0.358164,0.751638,0.155818,1.49862,5.82426,0.131676,0,0.00382687,NBA,1,Omicron,-1,No record,0
470_1,-6.71621,2.15326,-3.70325,-6.65934,1.45771,2.23845,8.29811,1.3971,97,0.00189717,-6.7085,2.14188,-3.59716,-6.50812,1.44771,2.37705,8.68083,1.37792,97,0.00286814,-6.78716,2.19219,-3.73509,-6.25374,1.25532,1.80376,5.04855,1.43675,97,0.000485515,0.201801,0.218286,0.372258,1.15955,0.672717,1.86184,5.05368,0.140138,0,0.00646949,NBA,2,Omicron,-1,No record,0
1978_1,-6.67706,2.17373,-3.63426,-6.14146,0.999521,2.30821,10.46,1.43285,97,0.00220314,-6.73419,2.21748,-3.68073,-6.25053,1.13968,2.41665,10.8016,1.44136,97,0.00191117,-6.70408,2.21103,-3.60316,-5.93186,1.12372,2.12634,9.94229,1.42771,97,0.000776374,0.171009,0.17963,0.369212,0.998977,0.451188,1.32072,7.02363,0.142478,0,0.00413936,NBA,2,Omicron,-1,No record,0
1507_1,-6.45508,2.38448,-3.63774,-4.45671,0.801958,2.25053,11.8066,1.46434,97,0.0028173,-6.4706,2.41909,-3.58142,-4.27276,0.798262,2.56883,13.2047,1.47716,97,0.001771,-6.55754,2.42523,-3.59163,-4.23631,0.840831,2.13927,10.2972,1.45872,97,0.000708589,0.188146,0.210841,0.32788,0.911744,0.287359,1.39941,5.86705,0.166924,0,0.00305254,NBA,2,Omicron,-1,No record,0
756_1,-6.44484,2.42654,-3.49748,-4.66405,0.675563,2.36291,16.3809,1.49907,97,0.00160782,-6.48044,2.48819,-3.54413,-4.51789,0.659262,2.30729,16.3838,1.50461,97,0.00168434,-6.50467,2.40599,-3.55427,-4.63556,0.70689,2.34151,11.9956,1.46744,97,0.000686431,0.199301,0.206811,0.353149,0.6994,0.181626,1.28499,5.40812,0.143277,0,0.00283606,NBA,1,Omicron,-1,No record,0
2246_1,-6.6862,2.06378,-3.57887,-5.25737,0.781735,2.67036,11.4661,1.41704,97,0.00141387,-6.70862,2.083,-3.56875,-5.28778,0.801489,2.49006,11.8388,1.45261,97,0.00179088,-6.77658,2.12119,-3.58893,-4.79387,0.694927,2.18957,10.167,1.40967,97,0.000692159,0.186527,0.216208,0.371835,1.14307,0.433486,1.92124,6.38629,0.160567,0,0.00313513,NBA,2,Omicron,-1,No record,0
2707_1,-6.43595,2.4721,-3.64562,-4.54051,0.838476,2.20749,13.5622,1.49732,97,0.00247254,-6.39578,2.47833,-3.55251,-4.27417,0.758747,2.60183,13.7681,1.47408,97,0.00321326,-6.49864,2.45625,-3.58075,-4.19951,0.725246,2.24285,10.4566,1.47904,97,0.000685354,0.209075,0.246182,0.329058,0.841397,0.231187,1.60232,6.92781,0.158207,0,0.0072222,NBA,2,Omicron,-1,No record,0
822_1,-6.47101,2.46347,-3.49113,-5.60909,0.83505,2.25416,12.5962,1.44023,97,0.00153906,-6.44226,2.39805,-3.60219,-5.53572,0.746273,2.41795,12.3811,1.46566,97,0.00279156,-6.50887,2.40462,-3.58724,-5.62062,0.887147,2.40994,10.186,1.4591,97,0.000760626,0.187415,0.202104,0.316798,0.853584,0.184047,1.41227,5.40288,0.151685,0,0.00574081,NBA,2,Omicron,-1,No record,0
842_1,-6.38309,2.44558,-3.59611,-5.06642,0.718801,2.31846,12.9003,1.46396,97,0.00275515,-6.4346,2.47365,-3.50144,-5.0767,0.764001,2.27068,13.6837,1.49198,97,0.00188736,-6.46703,2.4274,-3.58729,-5.08263,0.805686,2.27448,10.3092,1.47497,97,0.000665768,0.188497,0.224581,0.284574,0.885908,0.231039,1.31709,5.76575,0.164546,0,0.00263717,NBA,1,Omicron,-1,No record,0
2900_1,-6.54137,2.37666,-3.5891,-4.87447,1.0284,2.54709,14.0606,1.45648,97,0.00165007,-6.53596,2.35977,-3.63823,-4.90856,0.944623,2.48578,11.8601,1.45098,97,0.00215191,-6.60447,2.36861,-3.58735,-5.04261,1.17233,2.08379,10.2612,1.44362,97,0.000700434,0.217564,0.211833,0.354314,1.10399,0.372052,1.36165,6.22493,0.150641,0,0.00336517,NBA,1,Omicron,-1,No record,0
2874_1,-6.88008,2.00123,-3.58478,-4.55753,0.560353,2.49822,12.5945,1.45249,97,0.00195342,-6.82629,1.95604,-3.5897,-4.68508,0.549947,2.81195,13.3821,1.41927,97,0.00173643,-6.92108,1.9569,-3.58388,-4.53235,0.463039,2.29578,10.4631,1.43312,97,0.000681737,0.194697,0.215132,0.372474,0.976654,0.355785,1.94813,6.40546,0.173709,0,0.00346358,NBA,1,Omicron,-1,No record,0
1792_1,-6.42883,2.31253,-3.62377,-5.37199,1.12453,2.56575,10.6605,1.4734,97,0.00166204,-6.59705,2.44595,-3.56277,-5.1084,1.20339,2.59868,10.9835,1.47657,97,0.00242159,-6.59897,2.39023,-3.6113,-4.84164,1.15618,2.32255,8.65756,1.4687,97,0.000746066,0.245929,0.262736,0.375413,1.20443,0.336565,1.80934,4.48506,0.154141,0,0.00412599,NBA,3,Omicron,-1,No record,0
2988_1,-6.70369,2.1801,-3.56441,-4.53642,0.469568,2.37214,14.5619,1.44953,97,0.00162783,-6.63555,2.15327,-3.58711,-4.55277,0.453784,2.48819,13.2306,1.42532,97,0.0012329,-6.67818,2.16648,-3.58006,-4.53162,0.472459,2.21364,10.3756,1.42757,97,0.00070044,0.203506,0.21647,0.361322,0.838795,0.201054,1.40985,5.53843,0.153638,0,0.00180306,NBA,1,Omicron,-1,No record,0
411_1,-6.68802,2.18553,-3.56164,-4.95508,0.531746,2.35533,13.1792,1.46012,97,0.00271675,-6.66733,2.19247,-3.64221,-5.01626,0.584607,2.44887,13.3886,1.44729,97,0.00188625,-6.66717,2.1895,-3.58389,-4.78388,0.523185,2.21209,10.4811,1.43297,97,0.000679035,0.194665,0.212975,0.350446,0.952424,0.239495,1.40026,6.35039,0.166463,0,0.00677635,NBA,1,Omicron,-1,No record,0
3068_1,-6.67906,2.19614,-3.6236,-4.54061,0.606272,3.03738,9.13538,1.40197,97,0.00274017,-6.68003,2.20594,-3.66007,-4.58086,0.611064,2.70701,8.99509,1.40246,97,0.00151727,-6.6858,2.19744,-3.61458,-4.40616,0.521871,2.43491,8.06929,1.38719,97,0.000737492,0.19366,0.197275,0.352388,0.949916,0.251809,1.63348,2.61699,0.143463,0,0.00217678,NBA,2,Omicron,-1,No record,0
580_1,-6.42357,2.43259,-3.56692,-5.47124,0.765435,2.5884,13.796,1.50694,97,0.00142036,-6.38332,2.45077,-3.58251,-5.19863,0.698602,2.36522,12.9245,1.50147,97,0.00193547,-6.4505,2.43049,-3.58287,-5.13839,0.750055,2.38666,10.4223,1.48134,97,0.00066644,0.219643,0.214055,0.370087,0.891729,0.195485,1.52796,6.22906,0.15831,0,0.00342777,NBA,1,Omicron,-1,No record,0
2878_1,-6.53107,2.26814,-3.63373,-5.83136,1.28064,2.65139,12.129,1.3967,97,0.00199132,-6.57117,2.30211,-3.60479,-5.78232,1.29687,2.70321,10.7813,1.3835,97,0.00168929,-6.61939,2.33582,-3.57463,-5.27119,1.28463,2.03108,10.4548,1.39266,97,0.000697698,0.217215,0.24741,0.367333,1.08271,0.485127,1.66669,5.98336,0.140032,0,0.00402572,NBA,2,Omicron,-1,No record,0
2572_1,-6.72533,2.16446,-3.61027,-5.83343,0.879337,3.23652,11.8398,1.4343,97,0.00165252,-6.67728,2.10258,-3.59917,-6.04385,0.872314,2.44702,11.1348,1.43136,97,0.00175765,-6.7396,2.15428,-3.58543,-6.20098,1.16227,2.14084,10.3418,1.43778,97,0.000708395,0.175679,0.188231,0.363806,1.04812,0.319828,1.51204,5.79292,0.154349,0,0.00294718,NBA,1,Omicron,-1,No record,0
2423_1,-6.83032,1.89043,-3.55332,-5.91596,0.554254,2.36467,15.4356,1.48862,97,0.00412504,-6.79496,1.91343,-3.56218,-5.54766,0.459789,2.31131,17.2084,1.43152,97,0.0013202,-6.83403,1.92667,-3.55526,-5.32727,0.415036,2.04479,12.2166,1.44475,97,0.000725133,0.210973,0.223921,0.336513,0.83054,0.216358,1.65916,6.14047,0.161699,0,0.00209364,NBA,3,Omicron,-1,No record,0
3062_1,-6.32371,2.39128,-3.61971,-4.64251,0.468116,2.71739,18.3568,1.52935,97,0.0016012,-6.36154,2.41836,-3.55045,-4.90248,0.516683,2.49425,15.0928,1.50542,97,0.00172665,-6.41971,2.40405,-3.57875,-4.64527,0.479339,2.15959,10.6561,1.49394,97,0.000698462,0.191441,0.185194,0.326713,0.820206,0.151741,1.76861,5.24374,0.144974,0,0.00296014,NBA,2,Omicron,-1,No record,0
473_1,-6.87372,1.99553,-3.54323,-5.67646,0.732521,2.98738,11.2329,1.44807,97,0.00232195,-6.79797,1.91976,-3.5415,-6.26146,0.873023,2.65509,12.4025,1.43787,97,0.00236319,-6.86246,1.95286,-3.57605,-6.01941,0.766939,2.27321,10.3153,1.4322,97,0.000720408,0.183341,0.19256,0.341124,1.12817,0.465623,1.41265,6.96998,0.151213,0,0.0049928,NBA,1,Omicron,-1,No record,0
519_1,-6.62493,2.33417,-3.65069,-5.69829,1.07456,2.96505,6.1331,1.44005,97,0.00142632,-6.58871,2.34753,-3.65008,-5.63675,1.07733,2.76574,7.15336,1.46509,97,0.00119465,-6.66199,2.21404,-3.63028,-5.52563,0.963187,2.72336,5.59195,1.43312,97,0.000515949,0.227227,0.247602,0.339248,0.93169,0.495381,1.23099,4.09883,0.174876,0,0.00185898,NBA,2,Omicron,3,Boosted,0
669_1,-6.49375,2.50541,-3.6026,-4.51276,0.933541,2.49312,11.6137,1.48479,97,0.00242033,-6.46674,2.43959,-3.62581,-4.70863,0.905107,2.39013,10.8154,1.49822,97,0.00189188,-6.53107,2.44404,-3.58471,-4.39135,0.847915,2.13616,10.3841,1.46294,97,0.000712279,0.204362,0.19601,0.326678,0.899623,0.331661,1.35579,5.49309,0.184239,0,0.00425251,NBA,1,Omicron,-1,No record,0
485_1,-6.98324,1.74585,-3.57654,-6.75067,0.931921,1.82213,12.7586,1.42458,97,0.00198567,-6.9841,1.80849,-3.64833,-6.89401,1.45784,2.18677,12.7962,1.45082,97,0.00131879,-7.03342,1.79285,-3.61349,-7.09314,1.09163,1.99709,8.01084,1.44081,97,0.000684684,0.157473,0.185936,0.355602,1.0285,1.26275,1.37273,5.87864,0.154041,0,0.00195038,NBA,1,Omicron,-1,No record,0
434_1,-6.54263,2.33793,-3.60134,-5.28571,0.860805,2.26521,12.5602,1.47017,97,0.00199076,-6.5473,2.32076,-3.56598,-5.31689,0.900051,2.48137,14.6945,1.46715,97,0.00172499,-6.59012,2.33169,-3.58693,-5.2134,0.973713,2.13409,10.2705,1.44314,97,0.000706757,0.175792,0.165057,0.299888,0.813456,0.207394,1.60623,9.80464,0.146984,0,0.00437445,NBA,2,Omicron,-1,No record,0
1261_1,-6.3964,2.37641,-3.6442,-5.81678,1.096,2.24602,11.0822,1.49216,97,0.00223112,-6.45405,2.42211,-3.6158,-5.54451,1.17757,2.4004,11.304,1.46906,97,0.00304487,-6.50488,2.43919,-3.58569,-5.33675,1.30542,2.10025,9.96436,1.44747,97,0.0007284,0.242375,0.245384,0.341879,0.905784,0.352264,1.26027,7.35167,0.166503,0,0.0066973,NBA,1,Omicron,-1,No record,0
1560_1,-6.57991,2.24567,-3.54084,-5.45378,0.591965,2.18799,13.8167,1.40435,97,0.00235261,-6.58562,2.22736,-3.56751,-5.67476,0.611326,2.60616,14.2269,1.46982,97,0.00242429,-6.57668,2.22724,-3.599,-5.47042,0.59866,2.1453,9.41897,1.44206,97,0.000678874,0.201916,0.205338,0.308419,0.89883,0.175809,1.63594,6.13812,0.168277,0,0.00552962,NBA,1,Omicron,-1,No record,0
3071_1,-6.90178,1.87469,-3.677,-6.71554,1.1402,3.63981,9.8827,1.36188,97,0.00177417,-6.8987,1.80679,-3.60463,-6.12579,0.61564,3.3165,9.82311,1.43557,97,0.00129594,-6.96807,1.87054,-3.57363,-5.57187,0.587355,3.4399,10.3768,1.42279,97,0.000722921,0.150573,0.163079,0.364503,0.872265,0.27068,1.82766,0.869892,0.129987,0,0.00179161,NBA,2,Omicron,-1,No record,0
1407_1,-6.47947,2.48705,-3.62003,-3.96567,0.948649,2.9103,5.84205,1.52287,97,0.00220928,-6.4494,2.51452,-3.72676,-4.09858,1.07119,2.8894,7.06621,1.48535,97,0.00183488,-6.52988,2.50581,-3.69203,-3.94421,0.98923,2.71336,5.78199,1.46945,97,0.000735799,0.195266,0.177366,0.345855,0.67851,0.411665,1.52022,3.53356,0.172456,0,0.00445644,NBA,1,Omicron,-1,No record,0
2078_1,-6.67881,2.11072,-3.65972,-6.1897,0.642684,2.39634,12.5163,1.44394,97,0.0029518,-6.68808,2.1141,-3.606,-5.94523,0.606574,2.5354,12.82,1.42702,97,0.00194262,-6.67585,2.13531,-3.58209,-5.90854,0.606806,2.13745,10.3136,1.42598,97,0.000706424,0.198161,0.195421,0.34091,0.745022,0.232783,1.45218,5.96786,0.143178,0,0.00469081,NBA,1,Omicron,-1,No record,0
413_1,-6.39479,2.49972,-3.67836,-5.74156,0.838556,2.53403,9.75715,1.52862,97,0.00137979,-6.44211,2.5518,-3.58285,-5.35951,0.841209,2.25484,10.0896,1.48048,97,0.0022636,-6.43425,2.46036,-3.62037,-5.28479,0.829328,2.15543,9.80902,1.47581,97,0.000748627,0.191855,0.191776,0.360788,0.71391,0.165655,1.0384,2.2736,0.170686,0,0.00542464,NBA,2,Omicron,-1,No record,0
2959_1,-6.59897,2.17846,-3.54361,-5.88015,0.507011,2.21914,14.902,1.44643,97,0.00136073,-6.54202,2.13982,-3.5554,-5.97721,0.499412,2.6721,14.1074,1.4248,97,0.00221509,-6.59372,2.18048,-3.61681,-5.69662,0.477011,2.34668,8.45209,1.44522,97,0.000683455,0.207761,0.193166,0.357689,0.746141,0.133212,1.75421,6.25614,0.134044,0,0.0043564,NBA,1,Omicron,-1,No record,0
2440_1,-6.68384,1.9512,-3.55192,-6.83074,0.724962,2.17315,12.6542,1.43774,97,0.00127414,-6.75027,2.04362,-3.53287,-6.39489,0.631411,2.22856,11.767,1.44314,97,0.00210034,-6.76109,2.0238,-3.6194,-6.21597,0.614664,2.00612,8.52188,1.46485,97,0.000636021,0.174361,0.176738,0.400945,0.727899,0.216077,1.48698,4.78654,0.160123,0,0.00533387,NBA,1,Omicron,-1,No record,0
2409_1,-6.50374,2.21123,-3.46224,-5.18193,0.574932,2.41154,13.6621,1.41343,97,0.00179105,-6.52851,2.31143,-3.51757,-4.87277,0.519889,2.47121,14.1086,1.36237,97,0.00144636,-6.5643,2.27329,-3.58204,-4.74579,0.517535,2.18248,10.3959,1.40998,97,0.00067625,0.200062,0.202863,0.349275,0.967693,0.192251,1.65176,5.87081,0.131916,0,0.00239719,NBA,1,Omicron,-1,No record,0
2166_1,-6.43557,2.50681,-3.61636,-5.37216,0.903865,2.39504,12.434,1.47768,97,0.00154704,-6.41454,2.45016,-3.63124,-5.37119,0.88302,2.68422,13.4484,1.4869,97,0.00192905,-6.47176,2.45411,-3.58678,-5.473,0.992394,2.14041,10.2619,1.4683,97,0.000713194,0.208752,0.196527,0.391477,0.73901,0.211975,1.7184,6.96162,0.151558,0,0.00284984,NBA,1,Omicron,-1,No record,0
2456_1,-6.40381,2.41559,-3.54486,-5.57409,1.15833,2.57955,11.8163,1.51935,97,0.0011303,-6.42271,2.50968,-3.61743,-5.40798,1.20658,2.59019,11.2043,1.48585,97,0.00349663,-6.48626,2.46075,-3.58519,-5.13182,1.12575,2.13196,10.3168,1.46727,97,0.000707048,0.192097,0.196788,0.338191,0.872219,0.45724,1.43946,5.78357,0.158633,0,0.0162708,NBA,3,Omicron,-1,No record,0
2994_1,-6.41605,2.35939,-3.54029,-5.84583,0.506814,2.62016,13.9491,1.44993,97,0.00160984,-6.47459,2.36659,-3.55114,-5.60315,0.495468,2.40234,14.8008,1.49949,97,0.0026503,-6.50112,2.33962,-3.59106,-5.65139,0.496829,2.38715,10.1245,1.48009,97,0.000520978,0.181327,0.186803,0.338235,0.756237,0.114012,1.23767,4.76148,0.16841,0,0.00937472,NBA,1,Omicron,-1,No record,0
2018_1,-6.40738,2.30521,-3.54307,-4.78496,0.557476,2.54977,14.3962,1.50128,97,0.00189366,-6.41979,2.31786,-3.54161,-4.80171,0.555446,2.51412,12.0903,1.47732,97,0.00186272,-6.51743,2.35472,-3.58051,-4.58595,0.560788,2.17262,10.3293,1.46543,97,0.000714772,0.226936,0.196198,0.349102,0.859046,0.227456,1.72113,4.90713,0.17056,0,0.00391043,NBA,1,Omicron,-1,No record,0
663_1,-6.56678,2.49179,-3.57434,-2.98177,0.663462,2.99828,12.4172,1.49379,97,0.00173601,-6.56649,2.48027,-3.57701,-2.97501,0.641673,2.57984,12.1299,1.47333,97,0.00197744,-6.61098,2.44502,-3.5887,-3.11857,0.692509,2.27973,10.4257,1.458,97,0.000699513,0.206626,0.204439,0.324128,0.613235,0.302888,1.82716,6.14272,0.149459,0,0.00316288,NBA,2,Omicron,-1,No record,0
2779_1,-6.5583,2.33491,-3.61598,-5.32206,0.566234,2.0691,10.5545,1.43849,97,0.00234673,-6.55519,2.32168,-3.56064,-5.48365,0.583392,2.43527,11.925,1.46212,97,0.00185411,-6.54434,2.26839,-3.61208,-5.37709,0.524533,2.19403,8.22176,1.44807,97,0.000759119,0.210465,0.215421,0.332614,0.797564,0.168466,1.28702,5.6508,0.14098,0,0.00354213,NBA,1,Omicron,-1,No record,0
1428_1,-6.35452,2.48235,-3.61139,-5.93977,2.01625,2.80181,12.0096,1.51125,97,0.00127792,-6.4216,2.59706,-3.64925,-5.36934,1.90864,2.58673,9.90117,1.52667,97,0.00221104,-6.47119,2.5886,-3.59676,-4.88591,1.96781,2.23655,10.3721,1.48872,97,0.000721596,0.191605,0.20926,0.336112,1.12002,0.38641,1.45321,6.73972,0.170235,0,0.00397039,NBA,2,Omicron,-1,No record,0
2388_1,-6.6097,2.08924,-3.53669,-5.34709,0.665105,2.11008,13.6058,1.36907,97,0.00153627,-6.68503,2.10413,-3.56833,-5.40129,0.707196,2.59911,14.1434,1.41984,97,0.00227486,-6.7414,2.12167,-3.55931,-5.2212,0.731067,2.2771,10.579,1.42602,97,0.000777662,0.167531,0.188552,0.37144,0.896,0.222324,2.25936,5.89177,0.147813,0,0.006203,NBA,2,Omicron,-1,No record,0
2285_1,-6.6518,2.25298,-3.60801,-5.31496,0.738676,2.04501,11.9276,1.41507,97,0.00270977,-6.6283,2.19742,-3.55045,-5.66915,0.824746,2.55887,13.6161,1.43595,97,0.00197243,-6.64388,2.2325,-3.58469,-5.46221,0.860509,2.14411,10.28,1.43235,97,0.000699746,0.191586,0.212862,0.330881,1.09104,0.295872,2.19309,6.18905,0.139711,0,0.00261154,NBA,2,Omicron,-1,No record,0
2333_1,-6.65755,2.14231,-3.58988,-5.82783,0.580294,2.26531,12.8132,1.40293,97,0.0015806,-6.6464,2.11653,-3.52872,-6.01295,0.602559,2.24589,13.0067,1.42991,97,0.00146929,-6.67316,2.11581,-3.60756,-5.77025,0.566905,2.08785,8.16675,1.42487,97,0.00071642,0.209362,0.195427,0.387761,0.867106,0.207625,1.58045,4.90286,0.14942,0,0.00403714,NBA,1,Omicron,-1,No record,0
2255_1,-6.61883,2.2215,-3.62436,-4.90362,0.687647,2.64713,13.0066,1.38541,97,0.00241734,-6.58836,2.1891,-3.5683,-4.64561,0.542128,2.459,12.5588,1.40729,97,0.00158324,-6.66351,2.2288,-3.59622,-4.51255,0.541115,2.26749,10.4249,1.41432,97,0.00064748,0.234353,0.226083,0.358047,0.86084,0.235386,1.35813,5.69978,0.165721,0,0.00251932,NBA,1,Omicron,-1,No record,0
59_1,-6.59005,2.21738,-3.58589,-6.12748,0.493842,2.64148,13.2495,1.3937,97,0.00182172,-6.62188,2.2427,-3.59711,-6.14809,0.531737,2.66594,13.0463,1.39134,97,0.00287206,-6.62975,2.22647,-3.58298,-5.99943,0.52365,2.14017,10.3089,1.38867,97,0.000708939,0.189386,0.18073,0.352908,0.592178,0.159885,1.9428,5.86338,0.168168,0,0.00730902,NBA,1,Omicron,-1,No record,0
1352_1,-6.7467,2.12527,-3.53788,-4.24133,0.586176,2.22549,13.9819,1.44866,97,0.0016826,-6.73498,2.16278,-3.50265,-3.98994,0.529107,2.35684,14.4184,1.42831,97,0.00174317,-6.81332,2.09861,-3.58813,-4.17242,0.515897,2.21705,10.3691,1.4396,97,0.00070437,0.194118,0.23623,0.349224,1.08671,0.277983,1.24935,7.18812,0.156252,0,0.00318202,NBA,2,Omicron,-1,No record,0
2847_1,-6.40722,2.34473,-3.52586,-4.95211,0.737983,2.64574,14.4995,1.48474,97,0.00237451,-6.44221,2.43928,-3.57691,-4.67149,0.67776,2.32207,12.8041,1.48621,97,0.00234766,-6.50253,2.39597,-3.57989,-4.68542,0.707745,2.19213,10.2947,1.46845,97,0.000691796,0.208043,0.202791,0.351215,0.763504,0.221041,1.27494,5.20163,0.156897,0,0.00737481,NBA,1,Omicron,-1,No record,0
2356_1,-6.60144,2.28101,-3.50116,-5.45652,0.73999,2.05746,11.2111,1.45734,97,0.0029833,-6.59836,2.26413,-3.62344,-5.62571,0.75907,2.24001,11.6146,1.44045,97,0.00181828,-6.60011,2.2811,-3.6034,-5.57446,0.851989,2.09826,8.2527,1.43795,97,0.000722918,0.216635,0.233147,0.370477,0.945927,0.24645,1.61613,7.14335,0.139455,0,0.00446256,NBA,1,Omicron,-1,No record,0
2143_1,-6.66603,2.15136,-3.58431,-6.19163,0.798582,2.73177,12.7302,1.41481,97,0.00243901,-6.63219,2.11121,-3.60268,-6.01893,0.761085,2.41651,13.2299,1.40133,97,0.00251654,-6.68656,2.16529,-3.58456,-5.88638,0.833024,2.13873,10.3061,1.40147,97,0.000697508,0.16766,0.183437,0.342107,0.850493,0.265774,1.37108,7.23244,0.123649,0,0.00643916,NBA,2,Omicron,-1,No record,0
1436_1,-6.5105,2.43215,-3.53682,-3.13714,0.849739,2.58933,11.1833,1.46489,97,0.00235108,-6.55221,2.46392,-3.61631,-3.10663,0.734581,2.48321,10.3083,1.49212,97,0.00186761,-6.61155,2.4358,-3.58443,-3.09456,0.647692,2.15027,10.3162,1.46032,97,0.000705274,0.221373,0.232259,0.331746,0.590463,0.382564,1.75567,5.075,0.143805,0,0.0040906,NBA,2,Omicron,-1,No record,0
827_1,-6.56671,2.46125,-3.61539,-3.99375,0.803262,2.41775,12.6142,1.47613,97,0.00204698,-6.49985,2.37435,-3.61052,-4.09618,0.764841,2.4776,12.2081,1.4809,97,0.00203958,-6.61203,2.38139,-3.57412,-3.87237,0.678617,2.14787,10.6518,1.45665,97,0.000613792,0.200346,0.208318,0.348702,0.985673,0.378608,1.38761,5.57097,0.141889,0,0.00350619,NBA,2,Omicron,-1,No record,0
946_1,-6.69946,2.09115,-3.57795,-5.94955,0.502285,2.432,11.9913,1.46442,97,0.0012445,-6.67901,2.08735,-3.52999,-5.88951,0.482764,2.5488,13.4565,1.43828,97,0.00282283,-6.66111,2.10178,-3.57566,-5.72911,0.48435,2.15661,10.3407,1.42586,97,0.00070396,0.190894,0.210866,0.34818,0.763663,0.19276,1.29797,5.34863,0.172355,0,0.00712601,NBA,1,Omicron,-1,No record,0
424_1,-6.66861,2.1939,-3.48223,-4.79108,0.750237,2.38042,13.4399,1.41089,97,0.00353673,-6.6521,2.13541,-3.56208,-4.58239,0.696478,2.56778,12.9879,1.4448,97,0.0027279,-6.73289,2.20036,-3.57736,-4.16142,0.591466,2.2357,10.267,1.42768,97,0.000693827,0.183761,0.168983,0.344139,1.15823,0.381374,1.51479,5.91816,0.162977,0,0.0133501,NBA,1,Omicron,-1,No record,0
636_1,-6.66957,2.05882,-3.50147,-5.77948,0.784162,2.26548,13.4478,1.43577,97,0.00329046,-6.67445,2.04715,-3.56052,-5.67911,0.754877,2.24355,12.7004,1.42236,97,0.00212089,-6.76463,2.11418,-3.58522,-5.2871,0.781512,2.14018,10.3026,1.42428,97,0.000708924,0.168165,0.187521,0.371602,1.00034,0.276614,1.39293,5.60539,0.124172,0,0.00407808,NBA,1,Omicron,-1,No record,0
2380_1,-6.36782,2.28037,-3.57932,-5.33346,0.545557,1.69597,8.0499,1.47925,97,0.00214589,-6.46357,2.37675,-3.64671,-5.29256,0.600964,1.77903,9.00492,1.45996,97,0.00144501,-6.49079,2.33277,-3.60797,-5.19678,0.563548,1.70855,8.42357,1.47412,97,0.000689811,0.228877,0.214794,0.302417,0.689779,0.211428,0.634663,2.7847,0.139011,0,0.00234647,NBA,2,Omicron,-1,No record,0
2972_1,-6.38183,2.51283,-3.63829,-5.53416,0.796959,2.21987,13.2453,1.54002,97,0.00201522,-6.37807,2.54563,-3.61727,-5.57398,0.855099,2.25907,11.7016,1.48878,97,0.00184141,-6.41724,2.50754,-3.58362,-5.45655,0.871548,2.30892,10.5481,1.47713,97,0.000678738,0.180715,0.229114,0.307587,0.734422,0.211103,1.28231,5.75433,0.151738,0,0.00459193,NBA,2,Omicron,-1,No record,0
2602_1,-6.64435,2.22648,-3.58843,-5.10514,1.12484,2.42362,10.4666,1.45114,97,0.00268667,-6.69013,2.32423,-3.61652,-4.56612,0.951379,2.03477,9.84123,1.42105,97,0.00209987,-6.71293,2.28397,-3.59334,-4.30028,0.858251,1.83695,9.99966,1.42718,97,0.000724966,0.19049,0.237242,0.354608,1.21231,0.42796,1.13243,6.28064,0.154566,0,0.00480174,NBA,3,Omicron,-1,No record,0
2651_1,-6.41349,2.37386,-3.55288,-5.1671,0.699851,2.63533,16.1301,1.49655,97,0.00171411,-6.42876,2.38778,-3.48596,-5.07243,0.713747,2.39419,16.3618,1.46649,97,0.00162456,-6.50952,2.3745,-3.56877,-5.07724,0.744735,2.36271,11.0004,1.46686,97,0.000702507,0.190336,0.202976,0.364879,0.895338,0.161312,1.30297,6.91349,0.157987,0,0.00266584,NBA,2,Omicron,-1,No record,0
1060_1,-6.59888,2.41586,-3.48589,-3.18035,0.79354,2.85796,10.8373,1.45954,97,0.00174982,-6.58469,2.44863,-3.49895,-2.9242,0.680253,2.64895,12.2238,1.47314,97,0.00237781,-6.68132,2.37061,-3.58979,-3.07206,0.632001,2.28406,10.4519,1.44997,97,0.000696019,0.207063,0.223272,0.360055,0.58606,0.278487,1.58888,6.0319,0.154239,0,0.00563059,NBA,1,Omicron,-1,No record,0
581_1,-6.77894,2.24513,-3.6594,-3.61461,0.688031,2.86001,6.57834,1.4467,97,0.00175744,-6.72532,2.29463,-3.60772,-3.34574,0.620005,3.26165,6.88668,1.43864,97,0.00229692,-6.77638,2.20283,-3.6441,-3.43259,0.532572,2.99253,5.91565,1.42784,97,0.000691417,0.260211,0.233987,0.336246,0.826359,0.367492,1.57196,3.45532,0.168296,0,0.00434508,NBA,2,Omicron,-1,No record,0
2242_1,-6.80593,1.87229,-3.53888,-5.61791,0.64447,2.80003,11.9938,1.45919,97,0.00212837,-6.8724,1.9285,-3.5813,-5.27516,0.598204,2.45743,12.5326,1.45459,97,0.0015334,-6.8931,1.93632,-3.58112,-5.0259,0.520048,2.16099,10.3749,1.4424,97,0.000693177,0.187823,0.201515,0.345096,0.908614,0.328667,1.21697,6.86977,0.134558,0,0.00352154,NBA,1,Omicron,-1,No record,0
2914_1,-6.74532,2.02468,-3.58269,-5.80337,0.758869,2.31817,13.2123,1.44279,97,0.00144188,-6.76561,2.06488,-3.52318,-5.83649,0.749508,2.67698,12.3038,1.42531,97,0.00165712,-6.79492,2.06843,-3.58376,-5.53249,0.734394,2.1317,10.2636,1.42559,97,0.000729505,0.197279,0.210992,0.34249,1.11826,0.31482,1.91967,5.38282,0.146321,0,0.00314258,NBA,1,Omicron,-1,No record,0
1299_1,-6.64706,2.25654,-3.59229,-6.00442,1.24223,2.49248,10.0757,1.43346,97,0.00230101,-6.65731,2.29547,-3.68132,-5.74616,1.16503,2.8054,9.19313,1.45665,97,0.00152391,-6.65191,2.28878,-3.62738,-5.27731,1.12172,2.92676,7.97773,1.43262,97,0.000735555,0.180017,0.199177,0.306653,1.15957,0.319234,1.4158,3.63671,0.157944,0,0.00393135,NBA,1,Omicron,-1,No record,0
2597_1,-6.48675,2.45006,-3.67145,-5.10728,1.52873,2.34044,10.6452,1.48895,97,0.00256603,-6.46564,2.4851,-3.64454,-4.99546,1.43152,2.34079,9.91283,1.44872,97,0.00186386,-6.5613,2.49557,-3.63926,-4.55983,1.42927,2.22501,6.80757,1.43092,97,0.000765824,0.19726,0.232179,0.354629,1.28079,0.454261,1.38246,6.1911,0.16103,0,0.00330087,NBA,2,Omicron,-1,No record,0
2113_1,-6.49406,2.29647,-3.53114,-5.11905,0.658869,2.6882,13.1944,1.47706,97,0.00182873,-6.48358,2.25572,-3.54854,-5.31529,0.654647,2.35899,13.7494,1.48728,97,0.00228511,-6.55605,2.31473,-3.58609,-4.96481,0.674304,2.14037,10.2977,1.45102,97,0.000708274,0.198111,0.214018,0.327534,0.86566,0.196687,1.51918,6.28062,0.145885,0,0.00442282,NBA,1,Omicron,-1,No record,0
2332_1,-6.69099,2.04981,-3.48054,-6.41344,0.600226,2.71007,14.1302,1.4574,97,0.00192186,-6.70511,2.0843,-3.54098,-6.09382,0.602681,2.41001,13.3765,1.42455,97,0.00229015,-6.71216,2.06315,-3.58067,-5.9188,0.559629,2.20949,10.3925,1.43181,97,0.00069453,0.187754,0.196995,0.336009,0.83956,0.225241,1.35518,6.5536,0.140104,0,0.00585249,NBA,1,Omicron,-1,No record,0
2435_1,-6.67593,2.20854,-3.5304,-5.27725,0.972388,2.43286,15.2722,1.3572,97,0.00222321,-6.63017,2.18439,-3.6454,-5.82587,1.12719,2.46962,12.1074,1.3749,97,0.00227193,-6.70238,2.22725,-3.57996,-5.23541,1.03694,2.17562,10.311,1.384,97,0.000730836,0.189579,0.19951,0.362739,1.05115,0.411784,1.24756,6.53329,0.13955,0,0.00513208,NBA,1,Omicron,-1,No record,0
1543_1,-6.52281,2.21272,-3.60127,-5.91819,0.640508,2.77103,13.3497,1.47167,97,0.00164369,-6.57025,2.27764,-3.557,-5.79838,0.671902,2.3673,12.0539,1.4618,97,0.00150063,-6.57329,2.26899,-3.58607,-5.63526,0.680924,2.18833,10.4423,1.44533,97,0.000695464,0.178848,0.185008,0.389804,0.715612,0.235177,1.28705,5.28209,0.144531,0,0.00267865,NBA,2,Omicron,-1,No record,0
1665_1,-6.85143,1.98945,-3.57386,-5.57524,0.698499,2.50688,12.5562,1.43282,97,0.0018926,-6.8036,1.92509,-3.58875,-5.96321,0.760667,2.45706,12.077,1.43586,97,0.0020223,-6.86697,1.96093,-3.57973,-5.47309,0.671274,2.19881,10.3059,1.41578,97,0.000728623,0.175208,0.203114,0.364893,0.935203,0.374374,1.61641,7.19201,0.164383,0,0.0035395,NBA,1,Omicron,-1,No record,0
1384_1,-6.34855,2.46827,-3.60088,-5.53618,0.932088,2.59327,11.7398,1.50532,97,0.00168899,-6.41098,2.50883,-3.64691,-5.55499,0.979641,2.47413,11.6669,1.53311,97,0.00209211,-6.43163,2.486,-3.57574,-5.34759,0.906223,2.17054,10.4255,1.48385,97,0.000693688,0.201268,0.198658,0.357189,0.711774,0.366416,1.57093,6.20183,0.173968,0,0.00504615,NBA,3,Omicron,-1,No record,0
3035_1,-6.73165,2.02421,-3.53761,-5.41454,0.772297,2.32601,11.9173,1.43154,97,0.00200062,-6.78788,2.05323,-3.58093,-5.45214,0.748002,2.53149,12.5412,1.43388,97,0.0021224,-6.81532,2.05403,-3.58204,-4.96251,0.615389,2.10767,10.2784,1.42671,97,0.000709699,0.212618,0.235022,0.351511,1.27612,0.434757,1.4421,6.97066,0.160607,0,0.00393443,NBA,2,Omicron,-1,No record,0
PLT-TH1-004,-6.65361,2.20489,-3.6134,-3.78805,0.409624,2.52424,10.0021,3.928,97,0.00198678,-6.71234,2.1858,-3.56086,-3.74024,0.420282,2.44881,10.896,3.91978,97,0.00193463,-6.64029,2.26313,-3.57375,-3.56231,0.392243,2.12137,11.5713,3.89382,97,0.000713837,0.297323,0.323051,0.333945,0.748417,0.20781,1.25944,5.8278,0.397831,0,0.00460066,Platcov,3,Delta,2,NA,0
PLT-TH1-007,-6.58534,2.19373,-3.49695,-4.73219,0.617782,2.31321,19.6285,3.94148,97,0.00295997,-6.65738,2.22921,-3.55854,-4.48521,0.574415,2.42443,17.6074,3.88362,97,0.00183735,-6.62189,2.27425,-3.54692,-4.50976,0.61527,2.17476,14.7117,3.88372,97,0.000709517,0.22836,0.235837,0.33734,0.472418,0.144192,1.7731,5.3043,0.410244,0,0.00317368,Platcov,3,Delta,2,NA,0
PLT-TH1-017,-6.59277,2.34792,-3.61198,-3.75929,0.870378,2.03765,13.6981,3.93689,97,0.00196204,-6.6345,2.48908,-3.62242,-3.50779,0.865248,2.59183,14.5607,3.95294,97,0.00154177,-6.64674,2.40354,-3.59851,-3.54051,0.815172,2.26733,11.7611,3.94698,97,0.000696268,0.210799,0.243588,0.34795,0.713341,0.254222,1.68183,7.9107,0.490328,0,0.00284382,Platcov,3,Delta,2,NA,0
PLT-TH1-018,-6.67142,2.08966,-3.59591,-6.04846,0.479286,2.58287,10.0848,3.81919,97,0.002658,-6.64255,2.07047,-3.57961,-6.17778,0.502836,2.58288,10.5789,3.88568,97,0.00133271,-6.64758,2.12811,-3.58068,-5.81179,0.46658,2.17576,11.6434,3.81132,97,0.000719131,0.229501,0.273713,0.33359,0.859975,0.15114,1.3871,2.1521,0.374284,0,0.00184751,Platcov,3,Delta,1,NA,0
PLT-TH1-020,-6.5956,2.24063,-3.43766,-5.06707,0.603284,2.45989,20.0317,3.90798,97,0.00202519,-6.56793,2.24984,-3.45838,-4.91321,0.598868,2.53923,21.5482,3.88821,97,0.00164267,-6.60978,2.25392,-3.5236,-4.89259,0.582358,2.22568,14.9429,3.86998,97,0.000677394,0.207963,0.292003,0.36402,0.668357,0.127395,1.60581,8.28503,0.429054,0,0.00222921,Platcov,3,Delta,2,NA,0
PLT-TH1-028,-6.5979,2.21274,-3.64568,-5.79236,0.936575,2.90549,10.4736,3.83362,97,0.002284,-6.62702,2.25547,-3.65502,-5.48262,0.911673,2.80881,8.57392,3.95081,97,0.00153522,-6.61958,2.26834,-3.61482,-5.28347,0.858669,2.84684,7.20762,3.85761,97,0.000854157,0.250948,0.264815,0.397349,0.96304,0.283596,1.70246,4.55464,0.409642,0,0.0028957,Platcov,3,Delta,2,NA,0
PLT-TH1-035,-6.58766,2.32409,-3.61063,-4.9567,0.934259,3.00287,9.54439,3.93285,97,0.00154122,-6.59732,2.34815,-3.65196,-4.96321,0.979754,2.9789,9.54969,3.95021,97,0.00152971,-6.62196,2.33105,-3.65046,-4.7308,0.948117,3.464,7.77132,3.88115,97,0.000819977,0.22854,0.277591,0.357982,1.13029,0.261129,1.79408,4.97829,0.389046,0,0.00338947,Platcov,3,Delta,2,NA,0
PLT-TH1-036,-6.64885,2.0347,-3.64659,-5.04351,0.486182,2.51562,10.5406,3.85372,97,0.00150628,-6.63577,2.08866,-3.60481,-5.07363,0.615901,2.72015,10.5753,3.82659,97,0.00207075,-6.62134,2.20157,-3.57929,-4.59915,0.441813,2.1333,11.6674,3.86908,97,0.000716207,0.256774,0.286793,0.309351,1.07047,0.542104,1.63999,2.80077,0.398256,0,0.0037478,Platcov,3,Delta,2,NA,0
PLT-TH1-041,-6.60181,2.02835,-3.5658,-6.20638,0.61668,2.53292,21.7137,3.80783,97,0.0026952,-6.59782,2.12659,-3.54858,-5.98622,0.591237,2.53408,21.8687,3.912,97,0.00211551,-6.64095,2.151,-3.55156,-5.66307,0.573591,2.13813,16.3627,3.83096,97,0.000692389,0.235418,0.244631,0.348552,0.870427,0.146357,1.66002,8.954,0.409582,0,0.00465444,Platcov,3,Delta,2,NA,0
PLT-TH1-049,-6.61204,2.15972,-3.60867,-4.91594,0.628075,2.17478,12.4064,3.85421,97,0.0019243,-6.60839,2.24106,-3.5584,-4.86535,0.607504,2.487,13.5795,3.92488,97,0.00206902,-6.62258,2.24149,-3.56687,-4.71037,0.569147,2.05876,12.7469,3.87328,97,0.000703421,0.261083,0.235396,0.341493,0.803372,0.203095,1.82999,6.38114,0.450131,0,0.00422241,Platcov,3,Delta,2,NA,0
PLT-TH57-002,-6.63831,2.40434,-3.60254,-2.99343,0.560604,2.84876,6.03565,3.86049,97,0.00161067,-6.65536,2.41286,-3.68124,-2.80367,0.471678,3.39496,5.99534,3.90547,97,0.00178852,-6.65797,2.30893,-3.68873,-2.97908,0.409886,2.72725,5.2827,3.91036,97,0.000687813,0.204062,0.246226,0.342185,0.57652,0.191043,1.64182,2.45342,0.388273,0,0.00232232,Platcov,3,Delta,2,NA,0
PLT-TH1-053,-6.62425,2.32932,-3.62624,-4.71672,0.716623,1.90091,8.93826,3.80968,97,0.00165137,-6.61103,2.21713,-3.63157,-5.01374,0.753779,2.17134,9.47151,3.94481,97,0.00293052,-6.62929,2.28082,-3.66441,-4.48073,0.586667,1.75026,5.90785,3.86526,97,0.000834368,0.235803,0.269804,0.367311,0.913968,0.275946,0.995098,5.95618,0.482227,0,0.00990279,Platcov,3,Delta,2,NA,0
PLT-TH1-068,-6.58313,2.33652,-3.57649,-5.38965,1.00517,2.60262,10.6567,3.86448,97,0.00158434,-6.59112,2.3061,-3.63011,-5.03737,0.870021,2.29507,9.16457,3.83732,97,0.00204415,-6.62406,2.31621,-3.65129,-4.62217,0.766441,1.95982,6.09434,3.87939,97,0.000702988,0.198384,0.285134,0.363598,1.13618,0.345047,2.05121,5.85072,0.378693,0,0.00394033,Platcov,3,BA.1,3,NA,0
PLT-TH1-069,-6.68063,2.17048,-3.69288,-5.86534,0.638829,2.59552,8.38556,3.87723,97,0.00124777,-6.64516,2.1276,-3.68903,-5.99777,0.624016,2.68914,7.38525,3.82458,97,0.00208269,-6.64701,2.15367,-3.65141,-5.75135,0.585174,2.45065,7.23288,3.81529,97,0.000712896,0.218897,0.257255,0.344966,0.881008,0.225371,1.56529,1.98035,0.3766,0,0.00366296,Platcov,3,BA.1,2,NA,0
PLT-TH58-004,-6.54203,2.38331,-3.62029,-4.28933,1.03992,2.65957,12.2381,3.95292,97,0.00225308,-6.63148,2.37245,-3.64153,-3.38126,0.719935,2.50742,8.08602,4.00679,97,0.00263061,-6.64566,2.3798,-3.6572,-3.17126,0.640005,2.35774,6.65092,3.91653,97,0.000720347,0.268718,0.260789,0.366701,0.910958,0.302029,1.51554,3.76239,0.351406,0,0.0038482,Platcov,3,BA.1,2,NA,0
PLT-TH58-002,-6.57248,2.41131,-3.66884,-4.87024,1.13467,2.77062,7.39944,3.88695,97,0.00276347,-6.63628,2.36181,-3.6598,-5.46432,1.36217,2.6676,9.88248,3.85743,97,0.0013091,-6.59541,2.344,-3.7073,-5.24399,1.26375,2.53397,6.16482,3.94752,97,0.000632181,0.201099,0.243216,0.310002,1.34567,0.524676,1.63682,6.90763,0.434534,0,0.00245253,Platcov,3,BA.1,2,NA,0
PLT-TH1-072,-6.57673,2.28337,-3.4399,-3.26379,0.458036,2.45476,22.6954,3.8621,97,0.00185325,-6.6582,2.32655,-3.4525,-3.27542,0.45999,2.15176,22.1889,3.9283,97,0.00190468,-6.64202,2.32255,-3.46383,-3.30909,0.468495,1.92612,16.9567,3.89367,97,0.000637408,0.245014,0.272215,0.355909,0.697521,0.178091,1.3917,6.99557,0.456462,0,0.00391451,Platcov,3,BA.1,2,NA,0
PLT-TH1-077,-6.55566,2.45008,-3.67659,-4.04195,1.22479,3.25117,9.93322,4.1099,97,0.00189454,-6.60632,2.47003,-3.72039,-3.44406,0.963643,3.25855,7.38744,3.97681,97,0.00192608,-6.66921,2.48895,-3.73818,-3.17797,0.82497,3.10457,5.7393,4.04021,97,0.000463516,0.247739,0.223668,0.355252,1.29964,0.489493,2.11685,4.02691,0.406986,0,0.00398329,Platcov,3,BA.1,2,NA,0
PLT-TH1-081,-6.37365,2.51875,-2.8555,-4.00614,1.05712,3.31731,23.5148,3.9151,97,0.00315455,-6.42008,2.65987,-2.89402,-3.79621,1.10042,2.73305,21.5771,3.81082,97,0.0019162,-6.38146,2.67048,-3.00908,-3.77552,1.0503,2.2645,15.9527,3.93448,97,0.000624333,0.161839,0.212685,0.235474,0.659276,0.347966,1.78127,6.51868,0.402703,0,0.00634654,Platcov,3,BA.1,2,NA,0
PLT-TH1-086,-6.63748,2.24914,-3.4861,-4.5321,0.650903,2.37339,16.3594,3.88472,97,0.00175239,-6.64061,2.27746,-3.52578,-4.28259,0.591436,2.47484,17.1883,3.99116,97,0.00191144,-6.63364,2.28891,-3.53667,-4.13919,0.565463,2.08494,16.0701,3.89812,97,0.00067124,0.255727,0.240364,0.361877,0.888067,0.187541,1.65578,7.70989,0.379092,0,0.00337135,Platcov,3,BA.1,2,NA,0
PLT-TH1-098,-6.64645,2.30203,-3.63026,-6.29889,1.69477,2.70226,11.3778,3.85008,97,0.00140769,-6.61812,2.29441,-3.54331,-6.41503,1.6392,2.38849,13.2321,3.8815,97,0.0014497,-6.70007,2.35407,-3.56749,-6.23107,1.76689,1.98625,10.9131,3.78127,97,0.000905964,0.205226,0.234104,0.317457,0.978161,0.348264,1.5332,9.25722,0.429038,0,0.00270869,Platcov,3,BA.2,3,NA,0
PLT-TH1-099,-6.64067,2.24389,-3.68767,-5.22811,0.880887,2.41187,13.4032,3.86949,97,0.00259436,-6.61463,2.24232,-3.58025,-5.64375,0.987959,2.30216,12.31,3.91047,97,0.00196878,-6.62833,2.29152,-3.6309,-5.07676,0.952039,2.03961,11.6164,3.89924,97,0.000702353,0.242982,0.289686,0.365096,1.13963,0.237593,1.28421,6.77783,0.459525,0,0.00328226,Platcov,3,BA.1,2,NA,0
PLT-TH1-107,-6.4948,2.22096,-3.40781,-5.25738,0.481708,2.92031,22.3913,3.86568,97,0.00124084,-6.54065,2.26318,-3.38133,-5.19271,0.490747,2.60698,22.4962,3.85865,97,0.00214734,-6.58549,2.22152,-3.47068,-5.1844,0.470036,2.28589,15.9304,3.83627,97,0.00072422,0.228487,0.313345,0.403485,0.707241,0.128447,1.69885,7.26168,0.420848,0,0.00487012,Platcov,3,BA.2,3,NA,0
PLT-BR3-002,-6.54697,2.23552,-3.53455,-5.88728,0.961619,2.40149,15.5406,3.75958,97,0.00229475,-6.56956,2.24959,-3.55123,-5.83437,0.972877,2.50624,15.129,3.8736,97,0.00245742,-6.62508,2.26895,-3.58109,-5.54615,0.957143,2.14779,11.6808,3.85789,97,0.000707548,0.229067,0.218314,0.328643,0.924318,0.160126,1.41737,6.33653,0.403757,0,0.00650007,Platcov,3,BA.1,2,NA,0
PLT-BR3-004,-6.62281,2.32278,-3.46581,-4.15668,0.658969,2.40485,15.653,3.85336,97,0.00191265,-6.58673,2.35901,-3.58768,-4.01856,0.648065,2.72872,14.1878,3.94703,97,0.00183182,-6.6312,2.32207,-3.56884,-3.95109,0.599866,2.38393,11.9635,3.91023,97,0.00071585,0.219014,0.275941,0.328999,0.849059,0.232265,1.62565,7.57306,0.412617,0,0.00344414,Platcov,3,BA.1,0,NA,0
PLT-TH1-115,-6.65551,2.3405,-3.58496,-4.21537,0.73927,2.38683,15.7459,3.89323,97,0.00167855,-6.5547,2.3075,-3.57416,-4.51319,0.785941,2.61187,15.4132,3.93554,97,0.00209307,-6.6283,2.3478,-3.56612,-4.12335,0.724641,2.16877,11.704,3.90411,97,0.000696437,0.213624,0.215191,0.330951,0.909934,0.205625,1.36889,6.74546,0.411447,0,0.00359502,Platcov,3,BA.2,3,NA,0
PLT-TH1-120,-6.5797,2.14958,-3.66119,-6.14271,0.80139,2.09981,10.889,3.75307,97,0.00152561,-6.69186,2.09367,-3.60444,-6.51184,1.02032,1.99911,12.7854,3.77222,97,0.00202463,-6.84865,2.05767,-3.57307,-6.7922,1.29801,2.13631,11.1479,3.72057,97,0.00071092,0.21719,0.261265,0.378123,0.868734,0.357999,1.33653,7.44206,0.443211,0,0.00485838,Platcov,3,BA.1,3,NA,0
PLT-TH1-128,-6.40783,2.63767,-3.69492,-5.89488,4.12696,2.51324,13.5775,4.23066,97,0.00199791,-6.5624,2.70307,-3.68791,-4.22537,3.09542,2.61639,13.8481,4.22782,97,0.00171246,-6.62209,2.71566,-3.64088,-3.75215,2.80577,2.21869,12.4813,4.22914,97,0.000739546,0.29487,0.259576,0.367551,2.78017,1.45767,1.68021,8.20944,0.372229,0,0.00364562,Platcov,3,BA.2,3,NA,0
PLT-TH1-129,-6.64659,2.1467,-3.49839,-4.98425,0.446024,2.13881,16.8748,3.91918,97,0.00176556,-6.59918,2.08516,-3.47261,-4.86449,0.394381,2.2755,17.6025,3.92491,97,0.00144762,-6.60409,2.16658,-3.52297,-4.61408,0.366603,1.91191,14.9111,3.85229,97,0.00070683,0.218893,0.285157,0.344126,0.76765,0.14645,1.56351,6.62039,0.446475,0,0.00231144,Platcov,3,BA.2,3,NA,0
PLT-TH1-137,-6.7288,2.12262,-3.61094,-6.3221,0.913381,1.87272,9.43833,3.70075,97,0.00163587,-6.76149,2.13969,-3.56453,-6.43561,0.941488,2.30704,11.8171,3.78542,97,0.00293933,-6.84876,2.1244,-3.61618,-6.39758,1.10471,2.78203,10.9532,3.77801,97,0.000559445,0.235241,0.243448,0.3592,0.9541,0.352293,1.49416,7.45201,0.355461,0,0.00947006,Platcov,3,BA.2,3,NA,0
PLT-TH1-141,-6.61988,2.14076,-3.64232,-5.54717,0.569581,2.60334,6.22315,3.75047,97,0.00139482,-6.64842,2.14165,-3.67877,-5.84411,0.670377,2.46643,6.47805,3.78021,97,0.00195023,-6.63293,2.18026,-3.65018,-5.6112,0.632532,2.31532,6.33045,3.83557,97,0.00072297,0.241895,0.227141,0.356125,0.801595,0.245099,1.3704,1.8567,0.369999,0,0.00271724,Platcov,3,BA.2,2,NA,0
PLT-TH1-142,-6.60241,2.22435,-3.60258,-5.21693,0.797161,1.83116,11.7261,3.86874,97,0.00123406,-6.59945,2.20852,-3.53275,-5.28004,0.79375,2.64125,12.9489,3.87427,97,0.00192257,-6.6276,2.28099,-3.59189,-5.09523,0.828695,2.34347,11.8495,3.88579,97,0.000693903,0.233746,0.269953,0.324974,0.999064,0.209431,1.79256,5.96692,0.412166,0,0.00322895,Platcov,3,BA.2,3,NA,0
PLT-BR3-008,-6.67069,2.31383,-3.39595,-2.70047,0.380446,2.20086,21.1206,3.9356,97,0.0024991,-6.67735,2.29431,-3.44726,-3.02888,0.446892,2.3297,21.5202,3.95749,97,0.00166209,-6.65346,2.29979,-3.51374,-2.93811,0.42676,2.08535,17.8454,3.90981,97,0.000706551,0.218924,0.248563,0.353662,0.704872,0.150135,1.32833,7.48702,0.385738,0,0.00219736,Platcov,3,BA.2,2,NA,0
PLT-TH57-009,-6.62101,2.40386,-3.49037,-4.09142,1.21424,2.31625,13.5586,4.19613,97,0.00166957,-6.62815,2.36545,-3.55967,-3.72505,1.11306,2.44017,14.8052,4.02748,97,0.00212649,-6.62124,2.47551,-3.58233,-3.52929,1.07907,2.13023,11.585,3.995,97,0.000719925,0.242077,0.234085,0.361766,0.961899,0.275426,1.35746,7.56706,0.450172,0,0.0034059,Platcov,3,BA.1,3,NA,0
PLT-TH1-144,-6.60432,2.14038,-3.5144,-6.33821,0.675288,2.1994,21.4083,3.74601,97,0.00183631,-6.68888,2.11358,-3.55984,-6.07488,0.668083,2.32028,22.7418,3.74664,97,0.00158827,-6.67773,2.14658,-3.55152,-6.02085,0.654749,2.13825,16.8143,3.8025,97,0.000708503,0.231837,0.248167,0.362126,0.795533,0.12475,1.3244,7.72383,0.378424,0,0.0040752,Platcov,3,BA.2,3,NA,0
PLT-TH57-010,-6.63452,2.21016,-3.61281,-5.62038,0.695599,2.29099,9.16409,3.94318,97,0.00197702,-6.60091,2.16362,-3.58706,-6.01291,0.77257,2.4987,9.92045,3.90907,97,0.00196779,-6.63792,2.21814,-3.58912,-5.67464,0.807673,2.14051,11.6455,3.84048,97,0.000708622,0.220631,0.260016,0.344238,1.00512,0.205587,1.30542,4.62075,0.401627,0,0.00453381,Platcov,3,BA.2,3,NA,0
PLT-TH1-156,-6.57261,2.18286,-3.46525,-4.55646,0.550467,2.29008,19.3779,3.86815,97,0.0019927,-6.57279,2.28713,-3.42683,-4.43931,0.582206,2.18084,22.7551,3.85208,97,0.00194207,-6.61124,2.27951,-3.52435,-4.42684,0.563821,1.93538,15.9608,3.8754,97,0.000622731,0.241639,0.236622,0.371346,0.549854,0.154326,1.33898,11.1243,0.38715,0,0.00393607,Platcov,3,BA.2,4,NA,0
PLT-TH1-158,-6.65413,2.2476,-3.32023,-4.1085,0.435173,2.52341,23.4386,3.85811,97,0.00285977,-6.54594,2.32365,-3.43677,-4.07894,0.464848,2.35798,21.5172,3.87842,97,0.00190935,-6.6124,2.2675,-3.50327,-4.13389,0.437035,2.12323,16.0237,3.86274,97,0.000732113,0.252699,0.252335,0.347019,0.619356,0.151635,1.34219,5.52765,0.44463,0,0.00324301,Platcov,3,BA.2,2,NA,0
PLT-TH1-162,-6.65738,2.10668,-3.60687,-5.75566,0.601375,2.54013,15.2739,3.76444,97,0.00227013,-6.63102,2.15527,-3.54684,-5.88294,0.620081,2.20063,15.3697,3.7885,97,0.00164089,-6.64162,2.16968,-3.56342,-5.68835,0.597242,1.89765,13.9587,3.81952,97,0.000698743,0.254105,0.247546,0.360886,0.824932,0.148572,1.27852,7.65147,0.369457,0,0.0023884,Platcov,3,BA.2,2,NA,0
PLT-TH1-168,-6.70321,1.95109,-3.5764,-5.64638,0.731801,2.46728,8.31312,3.83476,97,0.00108395,-6.6628,2.12558,-3.57924,-5.26423,0.637558,2.54801,8.76094,3.86564,97,0.0021221,-6.61588,2.19026,-3.62701,-4.76259,0.446154,2.48466,8.33308,3.86236,97,0.00071024,0.277203,0.292455,0.349769,0.830209,0.326881,1.36808,2.24891,0.403185,0,0.00457709,Platcov,3,BA.2,3,NA,0
PLT-TH1-175,-6.60957,2.42637,-3.6396,-4.26491,0.970102,2.45872,15.1507,3.90927,97,0.00228962,-6.56073,2.36004,-3.57972,-4.76474,1.09005,2.43791,13.1047,3.99051,97,0.00186504,-6.61518,2.39867,-3.58781,-4.42634,1.06303,2.09611,11.6248,3.92646,97,0.000702335,0.226796,0.249142,0.372431,1.13767,0.241347,1.70423,6.62152,0.408204,0,0.0032339,Platcov,3,BA.2,2,NA,0
PLT-TH1-179,-6.59689,2.30736,-3.5453,-3.72597,0.333017,2.33427,15.994,3.89161,97,0.00170366,-6.56843,2.18308,-3.53668,-4.07862,0.400241,2.14307,16.5604,3.88165,97,0.00224134,-6.6337,2.1942,-3.55823,-4.04524,0.344085,1.89724,12.372,3.87507,97,0.000781338,0.258863,0.331644,0.341398,0.780476,0.179302,1.37622,6.54246,0.415091,0,0.00505716,Platcov,3,BA.2,2,NA,0
PLT-TH1-185,-6.61715,2.16745,-3.55351,-5.49457,0.607331,2.31518,9.74493,3.88092,97,0.00189795,-6.58969,2.17697,-3.6186,-5.36815,0.58682,2.48091,9.96819,3.85011,97,0.00226719,-6.63342,2.20179,-3.62479,-5.17188,0.544984,2.20979,8.03299,3.86867,97,0.000619133,0.24534,0.246165,0.352238,0.956763,0.185037,1.35092,3.17465,0.395144,0,0.00507484,Platcov,3,BA.2,4,NA,0
PLT-TH1-187,-6.68074,2.03578,-3.57037,-6.43186,0.471892,2.92136,10.5657,3.81083,97,0.00248621,-6.64596,2.128,-3.64701,-6.23844,0.495919,2.88282,10.6364,3.80923,97,0.00150668,-6.7193,2.09971,-3.58352,-6.18566,0.475464,2.15499,11.6636,3.76509,97,0.000686949,0.244594,0.207252,0.293757,0.673906,0.133065,1.58948,1.48629,0.382671,0,0.00270285,Platcov,3,BA.2,2,NA,0
PLT-TH1-188,-6.69587,2.20887,-3.57432,-6.36226,1.01085,2.46964,15.011,3.65798,97,0.00204007,-6.71572,2.14566,-3.54853,-6.24387,0.90457,2.22763,11.9796,3.8391,97,0.00165096,-6.78959,2.11044,-3.58346,-6.399,1.02367,2.17434,11.6671,3.78135,97,0.000712789,0.230037,0.242428,0.36392,0.942359,0.23763,1.53273,4.99048,0.378651,0,0.00365991,Platcov,3,BA.2,3,NA,0
PLT-TH1-202,-6.55122,2.26627,-3.61199,-5.09342,0.775248,2.09613,12.6467,3.90583,97,0.0016273,-6.56234,2.25948,-3.56225,-4.97724,0.753283,2.59414,12.0343,3.88821,97,0.00162382,-6.61778,2.28686,-3.58866,-4.68899,0.709309,2.24899,11.7785,3.88435,97,0.000702457,0.249451,0.257753,0.349128,0.898928,0.206224,1.40253,3.90682,0.397216,0,0.0034034,Platcov,3,BA.2,4,NA,0
PLT-TH1-205,-6.60087,2.19737,-3.64668,-5.04942,0.557327,2.72928,9.46964,3.81774,97,0.00182066,-6.60152,2.16545,-3.60095,-5.48063,0.630866,2.65181,9.98125,3.85617,97,0.00225921,-6.62229,2.22487,-3.59104,-5.30954,0.693333,2.21201,11.6402,3.86392,97,0.000708612,0.229047,0.252896,0.301675,0.896338,0.196369,1.38292,4.17832,0.422659,0,0.00414919,Platcov,3,BA.2,3,NA,0
PLT-TH1-215,-6.58875,2.14102,-3.55303,-5.7906,0.764271,2.39206,19.0966,3.81539,97,0.00164593,-6.64487,2.16446,-3.45783,-5.7373,0.736691,2.25895,18.0773,3.92257,97,0.00131423,-6.62637,2.22856,-3.52607,-5.60851,0.772241,2.10191,16.0697,3.84399,97,0.000758613,0.239469,0.271838,0.351482,0.900939,0.191611,1.65243,9.30736,0.425021,0,0.00218,Platcov,3,BA.2,4,NA,0
PLT-TH1-220,-6.65802,2.23698,-3.62859,-5.99971,0.869815,2.35808,10.0154,3.8227,97,0.00179821,-6.68907,2.18463,-3.64041,-6.07207,0.917339,2.3465,9.09208,3.82598,97,0.00235889,-6.65631,2.20149,-3.6531,-5.88108,0.872657,2.96458,7.63143,3.83074,97,0.000786762,0.238823,0.243107,0.353775,0.954778,0.338281,1.42168,4.8446,0.355158,0,0.00370678,Platcov,3,BA.2,2,NA,0
PLT-TH1-223,-6.56961,2.30947,-3.54363,-5.80227,1.0262,2.07926,13.7085,3.82409,97,0.00115113,-6.60226,2.24359,-3.65912,-5.60209,0.952823,2.08694,14.974,3.90305,97,0.00264452,-6.62283,2.29222,-3.61022,-5.33407,0.993971,2.481,11.7684,3.89442,97,0.00070098,0.210898,0.232859,0.327286,0.986213,0.219715,1.30348,8.43017,0.433022,0,0.00933905,Platcov,3,BA.2,3,NA,0
PLT-TH1-226,-6.59548,2.04618,-3.59326,-6.29235,0.591875,2.56715,20.2334,3.80186,97,0.0015754,-6.6229,2.12275,-3.53016,-6.01215,0.542719,2.24275,19.4058,3.7505,97,0.00313314,-6.65397,2.14339,-3.55339,-5.86008,0.520304,1.9787,14.9144,3.83175,97,0.000708172,0.240009,0.222643,0.371057,0.725591,0.132965,1.38688,6.80225,0.359844,0,0.00988708,Platcov,3,BA.2,3,NA,0
PLT-TH1-230,-6.70386,2.1209,-3.59948,-6.32679,0.888973,1.98798,11.7599,3.72812,97,0.00193804,-6.63746,2.15672,-3.61821,-5.91468,0.76662,1.9245,11.9572,3.84139,97,0.00147876,-6.72929,2.14862,-3.58707,-6.21217,0.917009,2.10871,11.6067,3.78477,97,0.000718984,0.229846,0.238744,0.359655,0.915714,0.295001,1.25865,7.01329,0.353395,0,0.00224375,Platcov,3,BA.2,3,NA,0
PLT-TH1-241,-6.73748,2.2152,-3.50318,-6.59409,1.65375,2.63827,13.388,3.7649,97,0.00232762,-6.66151,2.21394,-3.61941,-6.32469,1.44435,2.1872,11.4424,3.79238,97,0.00291096,-6.80019,2.22151,-3.60579,-6.92075,1.78635,2.51683,11.4127,3.80656,97,0.00109061,0.223177,0.239233,0.347501,1.08883,0.423679,1.16778,7.75425,0.419842,0,0.0106199,Platcov,3,BA.2,3,NA,0
PLT-TH1-243,-6.53914,2.28437,-3.77495,-5.20575,0.824184,8.28204,2.01465,3.7964,97,0.00212287,-6.59389,2.28583,-3.79602,-5.31376,0.868889,7.20087,1.98782,3.81602,97,0.00117042,-6.62493,2.26439,-3.85814,-5.01465,0.78749,7.35146,1.99143,3.89554,97,0.000593904,0.233834,0.256921,0.365662,1.03792,0.35638,2.3476,0.201099,0.407008,0,0.00197844,Platcov,3,BA.2,3,NA,0
PLT-TH1-250,-6.58084,2.31478,-3.47537,-3.79025,0.304926,2.14109,24.0755,3.8163,97,0.00390171,-6.58767,2.20968,-3.41667,-4.15437,0.341373,2.47181,24.2543,3.9015,97,0.00257619,-6.62633,2.18873,-3.54084,-4.14592,0.320474,2.13733,17.7186,3.87884,97,0.000687653,0.229629,0.295125,0.361306,0.556307,0.124071,1.59149,10.7078,0.388839,0,0.00704037,Platcov,3,BA.2,4,NA,0
PLT-BR3-017,-6.61489,2.34535,-3.52021,-4.68286,0.76755,2.4134,20.0601,3.77855,97,0.00256931,-6.59696,2.25507,-3.50222,-5.15438,0.830098,2.54921,18.2053,3.9052,97,0.00169813,-6.55415,2.36813,-3.40505,-4.74366,0.79463,2.19031,17.0711,3.88026,97,0.000682839,0.237562,0.247426,0.363509,0.979292,0.1879,1.55772,6.56997,0.405935,0,0.00281373,Platcov,3,BA.2,3,NA,0
PLT-TH1-253,-6.59412,2.14104,-3.56678,-6.11063,0.550805,2.34804,10.7296,3.75399,97,0.00214515,-6.59368,2.17398,-3.59609,-6.01553,0.523867,2.37835,10.2789,3.73698,97,0.00145044,-6.67274,2.15365,-3.58789,-6.04546,0.549748,2.17266,12.1269,3.78916,97,0.000674433,0.223929,0.262144,0.357887,0.84787,0.152719,1.29052,3.05904,0.400384,0,0.00255511,Platcov,3,BA.2,4,NA,0
PLT-TH1-254,-6.53254,2.27107,-3.37568,-4.82687,0.636394,2.87943,20.4446,3.88113,97,0.005056,-6.56438,2.25411,-3.36526,-5.05848,0.665255,2.45477,21.9653,3.87883,97,0.00211844,-6.59005,2.2897,-3.47246,-4.76678,0.639912,2.15656,16.098,3.86132,97,0.000729465,0.268256,0.288251,0.318936,0.806871,0.148426,1.3467,7.41352,0.424579,0,0.00293675,Platcov,3,BA.2,3,NA,0
PLT-BR3-021,-6.66847,2.3847,-3.65661,-3.91043,1.03292,2.34632,15.6992,3.98087,97,0.00210309,-6.53344,2.36171,-3.58497,-4.21812,1.06631,2.42889,14.791,4.08881,97,0.00230003,-6.66244,2.50436,-3.65291,-3.6946,1.02026,2.19432,12.0129,3.95716,97,0.000605281,0.234168,0.210359,0.372695,1.05452,0.282127,1.41227,8.49829,0.428856,0,0.00568517,Platcov,3,BA.2,3,NA,0
PLT-TH1-259,-6.71594,2.08676,-3.45562,-6.24328,0.404245,2.4138,21.4604,3.74802,97,0.00137987,-6.66019,2.17284,-3.47478,-6.09884,0.408852,2.34852,19.3813,3.78198,97,0.00168017,-6.66982,2.12243,-3.56118,-6.03862,0.385452,2.06094,13.8171,3.77532,97,0.000645724,0.255884,0.279149,0.340778,0.662132,0.0988613,1.44678,7.54059,0.385292,0,0.00267098,Platcov,3,BA.2,3,NA,0
PLT-TH1-265,-6.6665,2.53252,-3.69514,-4.93735,1.68874,2.43539,13.2276,3.94391,97,0.00328237,-6.59037,2.42189,-3.62457,-4.77086,1.45333,2.66267,10.452,4.066,97,0.00242543,-6.63567,2.58284,-3.57806,-3.9312,1.43367,2.37331,10.3075,3.89099,97,0.00065278,0.210351,0.248099,0.36091,1.523,0.43959,1.43854,7.14704,0.408,0,0.00663345,Platcov,3,BA.2,3,NA,0
PLT-BR3-030,-6.68755,2.16722,-3.70019,-5.95108,0.983202,2.03025,6.99095,3.92997,97,0.0014029,-6.69386,2.17232,-3.6612,-5.98633,1.11271,2.03069,8.77648,3.84601,97,0.0020141,-6.68649,2.24522,-3.69738,-5.92638,0.939801,1.92747,5.07741,3.80561,97,0.000602749,0.228625,0.213182,0.359303,1.03979,0.816603,0.930107,6.96825,0.387243,0,0.00378682,Platcov,3,BA.2,3,NA,0
PLT-TH1-269,-6.61595,2.1643,-3.52712,-6.26278,0.765782,2.32692,16.6355,3.85369,97,0.00268461,-6.67052,2.11796,-3.59836,-6.39,0.754956,2.34466,16.9645,3.81513,97,0.00151322,-6.69904,2.15312,-3.54276,-6.07587,0.733789,2.09182,14.8643,3.77972,97,0.000646896,0.207134,0.243975,0.318094,0.837591,0.150811,1.31062,7.33281,0.413222,0,0.00284986,Platcov,3,BA.2,3,NA,0
PLT-TH1-270,-6.64051,2.26229,-3.55604,-4.63661,0.519581,3.20906,6.62893,3.86314,97,0.00198024,-6.57121,2.19137,-3.61884,-5.62547,0.775298,2.97939,7.7337,3.95572,97,0.0021708,-6.70244,2.25207,-3.64176,-4.99331,0.66838,3.36202,6.49134,3.8715,97,0.000853038,0.215677,0.262277,0.321257,1.07492,0.260106,1.59632,3.14678,0.421498,0,0.00924961,Platcov,3,BA.2,3,NA,0
PLT-BR3-032,-6.62359,2.42234,-3.64337,-3.38077,0.702789,2.79248,9.34442,3.90145,97,0.00442184,-6.64648,2.40643,-3.614,-3.41425,0.701296,2.64017,10.3891,3.93461,97,0.00205494,-6.63755,2.40342,-3.6254,-3.84326,0.929778,2.23434,11.8029,3.94608,97,0.000676591,0.217796,0.272514,0.313429,0.879201,0.302158,1.11605,6.88514,0.411086,0,0.00823983,Platcov,3,BA.2,2,NA,0
PLT-TH1-275,-6.60376,2.32457,-3.52895,-4.52145,0.95379,2.63214,16.3154,3.96908,97,0.00164434,-6.61046,2.36782,-3.56654,-4.11913,0.883923,2.62666,15.1568,3.99523,97,0.00161912,-6.63528,2.3774,-3.58196,-3.98224,0.848608,2.29283,11.7751,3.93009,97,0.000654211,0.257432,0.248422,0.351736,1.0394,0.228422,1.63813,5.49141,0.452155,0,0.00304558,Platcov,3,BA.2,3,NA,0
PLT-TH1-280,-6.64083,2.53649,-3.57962,-2.69179,0.820234,2.88797,14.1113,4.04126,97,0.00168824,-6.6225,2.52685,-3.48541,-2.72074,0.854184,2.58174,13.037,4.02937,97,0.00168349,-6.65576,2.46404,-3.57718,-2.77763,0.81077,2.20642,11.6144,3.98472,97,0.000675511,0.245677,0.225469,0.318066,0.855622,0.283601,1.73438,5.98935,0.443278,0,0.00332194,Platcov,3,BA.5,4,NA,0
PLT-TH1-282,-6.56435,2.32375,-3.64531,-5.45466,1.16436,2.66538,7.13307,3.90197,97,0.00142714,-6.62941,2.34049,-3.68991,-4.56552,0.871445,3.22077,6.42447,3.89844,97,0.00215534,-6.6771,2.394,-3.70768,-4.20647,0.788325,2.94222,6.17777,3.9669,97,0.000656477,0.220814,0.247564,0.285674,1.06003,0.370471,1.62907,2.28376,0.413157,0,0.00432473,Platcov,3,BA.5,3,NA,0
PLT-TH1-283,-6.65412,2.0908,-3.55153,-5.91447,0.445547,1.91812,18.6279,3.86559,97,0.00887311,-6.66055,2.06692,-3.51818,-6.05166,0.444851,2.1906,18.0764,3.93315,97,0.00324075,-6.63493,2.11603,-3.5309,-5.71414,0.413636,1.98409,13.5754,3.78727,97,0.000704048,0.223027,0.214667,0.364872,0.672549,0.114079,1.3629,8.12676,0.41332,0,0.0108927,Platcov,3,BA.2,4,NA,0
PLT-TH1-289,-6.53654,2.28691,-3.67685,-5.07099,1.14536,2.50458,8.62081,3.95939,97,0.00210956,-6.57035,2.33075,-3.68792,-4.99291,1.22492,2.66328,11.0655,3.89896,97,0.00146499,-6.58172,2.35585,-3.59969,-5.48377,1.45098,2.19458,11.7963,3.92765,97,0.000728402,0.231436,0.274573,0.340761,1.04201,0.349251,1.51505,6.86755,0.404418,0,0.00206174,Platcov,3,BA.2,3,NA,0
PLT-TH1-291,-6.70028,2.16862,-3.52266,-5.67381,0.733505,2.47826,17.7137,3.79344,97,0.00184021,-6.56326,2.20066,-3.53283,-5.77333,0.712248,2.57731,18.2848,3.82352,97,0.00180117,-6.63382,2.20325,-3.56469,-5.63331,0.740897,2.44436,16.9915,3.83383,97,0.000663777,0.246028,0.282419,0.326252,1.1232,0.15342,1.7757,6.77273,0.425773,0,0.00299401,Platcov,3,BA.2,4,NA,0
PLT-TH1-296,-6.62112,2.26631,-3.75237,-5.49279,1.12999,2.71717,9.05248,3.86779,97,0.00245354,-6.6255,2.36512,-3.70439,-5.02289,1.05665,2.97697,7.74168,3.95229,97,0.00321513,-6.59212,2.35002,-3.80028,-4.78081,0.974136,2.72622,6.16812,4.05077,97,0.000636037,0.260898,0.291215,0.340662,1.23386,0.378273,1.65625,3.83793,0.458693,0,0.0088016,Platcov,3,BA.5,5,NA,0
PLT-TH1-300,-6.58683,2.38638,-3.66704,-5.74898,1.27762,2.44792,10.1113,3.99673,97,0.00191453,-6.55708,2.3974,-3.6573,-5.13126,1.16448,2.47913,10.4628,3.91031,97,0.00177459,-6.60264,2.40016,-3.68638,-4.80486,1.11039,2.24769,7.78503,3.92514,97,0.000471549,0.240937,0.265501,0.400577,1.34631,0.315733,1.48496,5.8548,0.419166,0,0.0037182,Platcov,3,BA.2,4,NA,0
PLT-TH1-315,-6.62577,2.46997,-3.77966,-3.96034,0.96653,4.38117,6.23602,3.89501,97,0.00191916,-6.61308,2.35738,-3.70327,-4.86357,1.27766,3.82071,7.11623,3.91791,97,0.00181781,-6.63897,2.46411,-3.79054,-4.38853,1.17909,3.50911,4.57845,3.9608,97,0.000407764,0.23377,0.226301,0.336172,1.39937,0.529409,2.03195,5.29107,0.398871,0,0.00344077,Platcov,3,BA.4,4,NA,0
PLT-TH1-317,-6.54976,2.30821,-3.60968,-4.39145,0.801344,2.18425,13.9357,3.90194,97,0.00183803,-6.62746,2.32024,-3.57348,-4.23393,0.753926,2.42502,14.4873,3.88529,97,0.00266361,-6.63218,2.33808,-3.61269,-4.39626,0.834469,2.45245,11.7673,3.90893,97,0.000684646,0.246368,0.222936,0.3103,0.912899,0.234837,1.57247,7.74918,0.396988,0,0.00971942,Platcov,3,BA.2,3,NA,0
PLT-TH1-322,-6.62623,2.62885,-3.54882,-2.27786,0.82007,2.84275,15.8509,4.00563,97,0.00339668,-6.69017,2.53879,-3.59047,-2.63518,0.887909,2.65971,14.0783,3.88931,97,0.00102429,-6.6701,2.52879,-3.59568,-2.6397,0.85881,2.27679,11.658,3.97461,97,0.000695123,0.236792,0.215268,0.376074,0.668215,0.214885,1.70856,6.27323,0.405861,0,0.00144968,Platcov,3,BA.2,3,NA,0
PLT-TH1-324,-6.58723,2.27644,-3.54694,-4.92182,0.597356,2.44702,13.6595,3.78956,97,0.00154416,-6.59724,2.21189,-3.55558,-4.82819,0.576123,2.45982,13.7944,3.81747,97,0.0030775,-6.62268,2.25056,-3.58235,-4.69903,0.583233,2.23265,11.7209,3.87786,97,0.000665653,0.222774,0.277963,0.359898,1.03919,0.209985,1.55933,4.50956,0.326315,0,0.00874724,Platcov,3,BA.5,4,NA,0
PLT-TH1-331,-6.56749,2.36069,-3.50831,-4.48666,0.657081,2.17203,17.7786,3.99105,97,0.00290802,-6.61222,2.28753,-3.49797,-4.39225,0.608432,2.02612,17.4224,3.96247,97,0.00183278,-6.622,2.2972,-3.53842,-4.25293,0.560492,1.74837,15.1698,3.87412,97,0.000650894,0.236271,0.254474,0.422743,0.636957,0.226146,1.26119,7.35698,0.397533,0,0.00409814,Platcov,3,BA.5,5,NA,0
PLT-TH1-334,-6.54953,2.29514,-3.59862,-4.86946,0.906071,2.56805,14.1327,3.93762,97,0.00225318,-6.6019,2.34431,-3.58679,-4.62344,0.877329,2.38067,13.8751,3.85256,97,0.00213841,-6.62708,2.33531,-3.60791,-4.43215,0.833493,2.12181,11.6515,3.90825,97,0.000689946,0.253258,0.223617,0.326922,1.04028,0.264894,1.35005,7.56062,0.38503,0,0.00917106,Platcov,3,BA.5,3,NA,0
PLT-TH1-338,-6.58967,2.36049,-3.61647,-4.8542,1.14239,2.35911,13.4591,3.9855,97,0.00185622,-6.61132,2.38723,-3.55711,-4.70704,1.11068,2.00104,14.0652,3.88828,97,0.00177992,-6.64169,2.35911,-3.66337,-4.38044,1.07576,1.8453,11.5267,3.94037,97,0.000727363,0.203467,0.213937,0.361033,1.11458,0.253474,1.09835,7.40931,0.435127,0,0.00438511,Platcov,3,BA.5,2,NA,0
PLT-TH1-344,-6.5881,2.19789,-3.44973,-4.40617,0.50451,2.02324,18.2061,3.83619,97,0.00227906,-6.58796,2.22255,-3.52553,-4.43125,0.527181,2.56369,19.0797,3.87023,97,0.00179781,-6.61803,2.25514,-3.50164,-4.31851,0.497859,2.10958,18.3111,3.89161,97,0.000693636,0.234418,0.250389,0.336399,0.623699,0.158559,1.90529,7.86835,0.419354,0,0.00284642,Platcov,3,BA.5,4,NA,0
PLT-TH1-345,-6.58874,2.28144,-3.56978,-5.33239,0.805839,2.32415,12.8539,3.78313,97,0.00239945,-6.60313,2.23683,-3.59397,-5.48549,0.825326,2.54461,14.0024,3.84354,97,0.00150105,-6.61963,2.26208,-3.587,-5.20718,0.792552,2.28224,11.6244,3.87528,97,0.000687919,0.240165,0.237658,0.358878,0.96705,0.197663,1.43497,9.18889,0.412543,0,0.00242869,Platcov,3,BA.2,3,NA,0
PLT-TH1-347,-6.60047,2.2253,-3.61952,-5.20169,0.544713,2.93308,10.955,3.81349,97,0.00182056,-6.61285,2.19772,-3.6098,-5.3446,0.564807,2.61287,11.1005,3.82175,97,0.00103245,-6.61792,2.19409,-3.57391,-5.09663,0.510951,2.22587,11.8577,3.86144,97,0.000687928,0.220794,0.188345,0.319119,0.755816,0.160561,1.5006,2.83155,0.372267,0,0.00127689,Platcov,3,BA.5,3,NA,0
PLT-TH1-360,-6.68925,2.19338,-3.62314,-5.65494,0.74714,4.60597,7.27016,3.82274,97,0.00153924,-6.69453,2.19579,-3.65984,-6.06013,0.808862,3.66659,6.58152,3.79806,97,0.00166906,-6.65634,2.21922,-3.66777,-5.84917,0.735236,3.58405,6.64115,3.80281,97,0.000725445,0.260118,0.277667,0.316907,0.991518,0.334988,1.29589,0.712262,0.380202,0,0.00254791,Platcov,3,BA.5,4,NA,0
PLT-TH1-363,-6.66148,2.29381,-3.64017,-3.73867,0.565324,3.81132,5.79611,3.87156,97,0.00241703,-6.68139,2.31201,-3.66368,-4.19444,0.750469,3.83801,7.133,3.89806,97,0.00266846,-6.62687,2.30742,-3.68235,-3.95516,0.655419,4.42428,6.03832,3.92412,97,0.000665231,0.229231,0.265759,0.312213,0.94367,0.370957,2.41218,4.60347,0.381077,0,0.00566351,Platcov,3,BA.5,4,NA,0
PLT-TH1-367,-6.64343,2.38621,-3.51346,-4.02677,0.897033,2.33721,15.9187,3.95917,97,0.00139272,-6.64313,2.3773,-3.64694,-3.59086,0.775366,2.31417,15.8209,3.98053,97,0.00183205,-6.65201,2.39356,-3.59024,-3.52825,0.757595,2.20955,11.7058,3.91654,97,0.000702164,0.219143,0.216194,0.329447,0.829456,0.242076,1.14271,8.82616,0.432641,0,0.00304576,Platcov,3,BA.5,5,NA,0
PLT-TH1-376,-6.54404,2.30974,-3.5996,-5.18419,1.14908,2.28244,12.7787,3.91051,97,0.00211118,-6.60266,2.39262,-3.58899,-4.71554,1.05019,2.1269,11.9603,3.96859,97,0.00170023,-6.65499,2.36737,-3.64447,-4.22613,0.991096,1.9508,11.361,3.92975,97,0.000702605,0.219848,0.266755,0.312045,1.20213,0.313246,1.13253,7.36323,0.408828,0,0.00380897,Platcov,3,BA.5,5,NA,0
PLT-TH1-378,-6.58943,2.31481,-3.62307,-4.24527,0.984974,1.92318,12.2788,3.99009,97,0.00137138,-6.61232,2.38158,-3.64089,-4.05873,0.968836,2.38787,13.2157,3.91096,97,0.00189107,-6.63741,2.40748,-3.61257,-3.83577,0.935928,2.11527,11.7062,3.95305,97,0.000670491,0.272966,0.2539,0.408123,1.07436,0.241912,1.29383,5.56245,0.479583,0,0.00327965,Platcov,3,BA.5,5,NA,0
PLT-TH1-384,-6.5955,2.38828,-3.60684,-4.04723,1.03994,2.19141,15.2644,3.91386,97,0.00178013,-6.59242,2.4427,-3.55077,-3.99423,1.07854,2.4588,14.1891,3.98883,97,0.00170954,-6.64541,2.43176,-3.62713,-3.72321,1.00601,2.1506,11.6074,3.95072,97,0.000712688,0.288667,0.278631,0.350552,1.21036,0.346323,1.48002,10.6641,0.468497,0,0.00331944,Platcov,3,BA.5,4,NA,0
PLT-TH1-388,-6.58848,2.32326,-3.57188,-4.38621,0.784268,2.57319,12.8596,3.94853,97,0.00215796,-6.6147,2.29817,-3.63743,-4.79508,0.933266,2.33308,12.2081,3.93259,97,0.00169626,-6.62687,2.34628,-3.58318,-4.30477,0.808025,2.05559,11.6511,3.90911,97,0.000713047,0.252204,0.257784,0.386263,1.34363,0.4835,1.42697,5.89836,0.425831,0,0.00320209,Platcov,3,BA.5,0,NA,0
PLT-TH1-389,-6.6653,2.22543,-3.72769,-4.39514,0.592219,2.38091,5.32319,3.89857,97,0.00225599,-6.58767,2.27812,-3.67056,-4.8162,0.841409,2.66395,7.69073,3.86932,97,0.00203695,-6.61369,2.30648,-3.71725,-4.48339,0.747998,2.62967,5.83012,3.89834,97,0.0007745,0.22718,0.230138,0.358384,0.992964,0.37166,1.47152,4.63053,0.345693,0,0.00348078,Platcov,3,BA.5,3,NA,0
PLT-TH1-398,-6.67136,2.22105,-3.51966,-5.86861,0.785431,2.26668,20.5629,3.85723,97,0.00150395,-6.58978,2.19756,-3.50193,-6.01292,0.756869,2.3625,17.8822,3.81306,97,0.00214323,-6.65397,2.18792,-3.54945,-5.81058,0.792993,1.97566,14.8309,3.80065,97,0.000793995,0.223661,0.290394,0.356126,0.917743,0.156953,1.74663,6.97007,0.401949,0,0.00645779,Platcov,3,BA.5,5,NA,0
PLT-TH1-399,-6.65287,2.22994,-3.6028,-5.95846,0.896729,2.04734,12.5619,3.8576,97,0.00160495,-6.61619,2.17246,-3.60378,-6.2705,0.927276,2.31084,12.3662,3.76174,97,0.00173393,-6.6815,2.20272,-3.5951,-6.04858,0.953669,2.33708,11.7563,3.80892,97,0.00071869,0.207805,0.24521,0.361836,0.961772,0.212131,1.34356,6.18514,0.35598,0,0.00376966,Platcov,3,BA.5,2,NA,0
PLT-TH1-409,-6.62121,2.26826,-3.68478,-5.73568,0.930493,2.38366,10.0219,3.72232,97,0.00192755,-6.60423,2.23313,-3.60357,-5.94529,0.96583,2.00816,10.472,3.82863,97,0.00135286,-6.66928,2.23209,-3.59128,-6.04103,1.10193,2.13369,11.5602,3.80822,97,0.000679471,0.202348,0.268515,0.303511,0.994894,0.270567,1.0336,6.40655,0.423977,0,0.00358112,Platcov,3,BA.5,2,NA,0
PLT-TH1-411,-6.65869,2.38129,-3.60297,-3.86237,1.10835,2.31091,16.8095,3.89197,97,0.00197566,-6.56572,2.33895,-3.55507,-4.38392,1.23723,2.26448,13.2527,3.98606,97,0.00271854,-6.50701,2.28612,-3.43901,-4.09697,1.10177,2.13885,13.8257,3.99366,97,0.000434341,0.232124,0.221439,0.332729,1.56857,0.459504,1.21917,7.25938,0.466273,0,0.0128781,Platcov,3,BA.2,4,NA,0
PLT-TH1-003,-6.59093,2.21226,-3.52494,-4.89346,0.564838,2.58126,17.7374,3.87234,97,0.121812,-6.56945,2.19521,-3.49493,-5.04527,0.578151,2.21708,19.4682,3.82101,97,0.0930257,-6.6323,2.24182,-3.55207,-4.77624,0.564952,1.97211,14.7314,3.88565,97,0.0474382,0.275727,0.268036,0.366357,0.933186,0.141639,1.27829,7.56062,0.381851,0,0.113317,Platcov,3,Delta,2,NA,1
PLT-TH1-012,-6.64595,2.08484,-3.52283,-5.59688,0.449611,2.15774,17.9067,3.87097,97,0.128674,-6.61562,2.13188,-3.52585,-5.41225,0.446939,2.34473,19.7466,3.90992,97,0.133253,-6.61746,2.14983,-3.54495,-5.23827,0.435534,2.09143,14.2544,3.85378,97,0.0607474,0.238237,0.225901,0.353595,0.800236,0.11479,1.42782,6.9466,0.416867,0,0.179047,Platcov,3,Delta,2,NA,1
PLT-TH1-016,-6.54229,2.21198,-3.54459,-5.36254,0.657733,2.65762,12.5181,3.75684,97,0.149551,-6.57357,2.24452,-3.65158,-5.32726,0.635386,2.43925,12.954,3.86291,97,0.109334,-6.62246,2.21668,-3.58024,-5.14342,0.604386,2.19166,11.8342,3.86043,97,0.0436629,0.239146,0.253996,0.324076,0.95056,0.185604,1.29022,3.76219,0.381937,0,0.202068,Platcov,3,Delta,2,NA,1
PLT-TH1-019,-6.57,2.16536,-3.35751,-5.05275,0.618706,2.20294,22.7253,3.83694,97,0.0242187,-6.71694,2.15364,-3.54259,-5.48496,0.884285,2.41677,18.2931,3.87398,97,0.0175844,-6.43796,2.52612,-3.08135,-4.14822,0.666121,2.62589,15.2896,3.93168,97,0.0273381,0.269423,0.240396,0.318231,1.56934,0.570126,1.36122,6.67982,0.382249,0,0.0186655,Platcov,3,Delta,2,NA,1
PLT-TH1-022,-6.61596,2.43052,-3.65857,-4.92572,1.10664,2.96025,10.241,3.7587,97,0.136693,-6.57113,2.34444,-3.59214,-5.60368,1.32365,2.60572,11.2203,3.85012,97,0.142405,-6.61409,2.33975,-3.57289,-5.74135,1.44187,1.81343,11.553,3.87874,97,0.0578634,0.178161,0.289811,0.322444,1.0376,0.341621,1.66974,6.70126,0.404868,0,0.214145,Platcov,3,Delta,2,NA,1
PLT-TH1-030,-6.57314,2.34813,-3.55711,-4.63155,0.801206,2.71366,12.8442,3.94212,97,0.114258,-6.60144,2.34368,-3.53618,-4.54954,0.848661,2.57081,13.9918,3.84325,97,0.0988014,-6.63587,2.33555,-3.58558,-4.40671,0.821091,2.18214,12.1049,3.8572,97,0.0322057,0.205525,0.242226,0.34974,1.20819,0.303205,1.41893,7.91153,0.395549,0,0.116429,Platcov,3,Delta,0,NA,1
PLT-TH1-031,-6.63468,2.19984,-3.52089,-5.09203,0.801968,2.58855,13.6,3.8614,97,0.114566,-6.59312,2.24174,-3.58567,-4.61954,0.671422,2.06509,14.5161,3.87753,97,0.195195,-6.61881,2.30856,-3.55472,-4.3036,0.642377,1.92686,13.5895,3.89348,97,0.0974099,0.275477,0.265052,0.342737,0.894185,0.215855,1.35455,8.13907,0.335503,0,0.268901,Platcov,3,Delta,2,NA,1
PLT-TH1-039,-6.5878,2.24927,-3.56765,-5.63843,1.06064,2.38592,13.0404,3.77075,97,0.133826,-6.60688,2.27989,-3.57619,-5.68849,1.13337,2.56045,13.1067,3.9159,97,0.267375,-6.61573,2.33689,-3.59294,-5.1281,1.08229,2.24447,11.6189,3.90523,97,0.102428,0.216863,0.254948,0.347362,0.959292,0.315305,1.44309,7.68036,0.38759,0,0.469207,Platcov,3,Delta,1,NA,1
PLT-TH1-044,-6.711,2.27608,-3.56198,-4.41885,0.534611,2.0374,16.4619,3.7424,97,0.354343,-6.65399,2.20126,-3.53907,-4.68129,0.575324,2.15303,16.3352,3.94722,97,0.247142,-6.63187,2.2585,-3.52916,-4.39708,0.540376,1.89887,15.2399,3.88075,97,0.124834,0.245571,0.254787,0.357822,0.88203,0.190341,1.21287,7.47081,0.463716,0,0.388599,Platcov,3,Delta,2,NA,1
PLT-TH1-046,-6.62848,2.17634,-3.51994,-4.618,0.518465,2.73102,19.0758,3.86713,97,0.0596053,-6.6251,2.13664,-3.50604,-4.61652,0.425736,2.25158,18.6592,3.95126,97,0.0544415,-6.62969,2.19772,-3.5139,-4.32056,0.379999,1.89816,15.4487,3.87124,97,0.0263584,0.240994,0.267108,0.342105,0.761497,0.1393,1.46636,6.56937,0.396432,0,0.0756669,Platcov,3,Delta,0,NA,1
PLT-TH1-059,-6.58881,2.32075,-3.61545,-5.31525,0.936661,2.52554,15.0725,3.87135,97,0.0932449,-6.62776,2.25446,-3.57667,-5.48894,0.939381,2.35216,15.6368,3.81801,97,0.145488,-6.62125,2.30887,-3.61544,-5.05459,0.902636,2.08879,11.8948,3.9295,97,0.0334947,0.248586,0.2358,0.373727,0.999825,0.251191,1.31268,7.47559,0.376586,0,0.70785,Platcov,3,BA.1,2,NA,1
PLT-TH1-060,-6.53386,2.44061,-3.33872,-2.43469,0.407921,2.12932,21.0351,3.95105,97,0.0178705,-6.69867,2.3446,-3.44817,-2.6431,0.369165,2.6155,20.8685,3.87606,97,0.0114338,-6.67389,2.29922,-3.51335,-2.73738,0.374249,2.24455,15.8618,3.92157,97,0.00696582,0.246305,0.252786,0.35542,0.554679,0.110227,1.76603,6.68657,0.486947,0,0.0145455,Platcov,3,BA.1,0,NA,1
PLT-TH1-062,-6.58772,2.28979,-3.63255,-6.0854,1.09216,2.6063,14.184,3.76506,97,0.0626542,-6.64682,2.238,-3.6215,-5.99236,1.08894,2.29655,14.5017,3.80102,97,0.119115,-6.63315,2.26703,-3.59153,-5.67571,1.06483,2.01485,11.8209,3.8595,97,0.030248,0.223328,0.299955,0.34765,1.20884,0.227328,1.32325,6.63045,0.390751,0,0.278613,Platcov,3,BA.1,3,NA,1
PLT-TH1-064,-6.75942,2.2032,-3.59396,-6.29732,1.40476,2.37085,9.3895,3.83288,97,0.117284,-6.60253,2.13971,-3.69072,-6.14805,0.913872,2.245,5.4682,3.85766,97,0.0996933,-6.63178,2.2199,-3.72648,-5.66958,0.796758,1.9037,4.2603,3.8388,97,0.0385082,0.243942,0.259379,0.326206,1.06534,0.48383,1.08083,3.51654,0.364021,0,0.255028,Platcov,3,BA.1,2,NA,1
PLT-TH1-071,-6.60476,2.23758,-3.51092,-5.56762,0.855822,2.59124,17.5381,3.84907,97,0.0902279,-6.59945,2.23054,-3.54264,-5.60049,0.862318,2.38603,17.3505,3.91198,97,0.108051,-6.6187,2.27104,-3.55324,-5.2287,0.81246,2.07894,14.839,3.86985,97,0.0279804,0.209796,0.260008,0.355409,1.04001,0.333421,1.45826,6.68348,0.436397,0,0.289706,Platcov,3,BA.1,3,NA,1
PLT-TH1-073,-6.56862,2.32319,-3.60391,-5.44186,1.07582,2.81683,14.8052,3.83944,97,0.0406266,-6.60487,2.37232,-3.59542,-4.83463,0.988813,2.70322,14.4025,3.93982,97,0.027431,-6.61655,2.35472,-3.58657,-4.66328,0.953826,2.37911,11.9078,3.90989,97,0.0108991,0.221492,0.23455,0.361777,0.967506,0.242366,1.49348,7.45083,0.443574,0,0.0650892,Platcov,3,BA.1,3,NA,1
PLT-TH58-005,-6.57852,2.34433,-3.59526,-2.85329,0.868319,2.65079,11.9094,4.10032,97,0.136356,-6.68375,2.49885,-3.5848,-2.47302,0.849287,2.43595,13.12,4.04075,97,0.098821,-6.68959,2.49511,-3.58411,-2.33937,0.75402,2.08246,12.2056,4.02291,97,0.0219783,0.248927,0.251349,0.347891,0.86681,0.39968,1.50525,6.95162,0.443737,0,0.284324,Platcov,3,BA.1,2,NA,1
PLT-TH1-078,-7.17811,1.80454,-3.71453,-5.58287,0.701825,3.97605,9.04457,3.65284,97,0.263686,-7.12129,1.68714,-3.61247,-5.54171,0.436851,4.66885,9.54567,3.8211,97,0.234218,-7.09183,1.6548,-3.63036,-5.59179,0.420895,3.91487,10.5622,3.69154,97,0.144928,0.155997,0.157505,0.329679,0.872739,0.168021,2.31008,1.6499,0.432558,0,0.250079,Platcov,3,BA.1,2,NA,1
PLT-TH1-087,-6.61721,2.185,-3.48907,-5.06057,0.596467,2.22915,20.8775,3.91261,97,0.209867,-6.54866,2.33863,-3.4938,-4.88641,0.621097,2.40293,21.2371,3.96567,97,0.113322,-6.63329,2.2317,-3.53547,-4.95756,0.617584,2.22098,16.8337,3.87109,97,0.0539632,0.243811,0.260657,0.335106,1.05722,0.133166,1.33618,6.46386,0.444726,0,0.146456,Platcov,3,BA.1,2,NA,1
PLT-TH1-090,-6.57822,2.42083,-3.62531,-4.41032,1.00244,2.57231,10.232,3.81495,97,0.107652,-6.58542,2.32533,-3.65272,-4.48413,0.911286,2.7487,10.9913,3.91163,97,0.102031,-6.63727,2.37238,-3.64525,-3.97982,0.818639,2.40085,7.81133,3.88685,97,0.0242536,0.228653,0.248296,0.309251,1.35436,0.375262,1.6619,6.3472,0.450284,0,0.169971,Platcov,3,BA.1,3,NA,1
PLT-TH1-091,-6.57959,2.2694,-3.67599,-4.02836,0.690029,2.76755,9.53549,3.92953,97,0.0357202,-6.60655,2.26708,-3.66736,-4.27899,0.799059,2.90435,10.3935,3.91026,97,0.0320845,-6.66141,2.38425,-3.62391,-4.08995,0.797418,2.32955,12.036,3.91126,97,0.0059548,0.252465,0.252901,0.359103,0.936565,0.316151,1.68583,6.7085,0.439867,0,0.0799764,Platcov,3,BA.1,3,NA,1
PLT-TH1-100,-6.54747,2.40198,-3.42914,-4.08426,0.675615,2.8543,21.849,3.97436,97,0.0679499,-6.59629,2.35221,-3.37864,-4.68692,0.854415,2.43156,19.1338,3.87376,97,0.161953,-6.45182,2.55136,-3.21834,-4.17466,0.81466,2.11455,16.9586,3.90043,97,0.043362,0.239428,0.243486,0.417656,1.01808,0.24359,1.45513,10.7106,0.411219,0,0.3521,Platcov,3,BA.1,2,NA,1
PLT-TH1-108,-6.61725,2.23432,-3.59861,-5.94492,0.990467,2.53405,15.4261,3.8028,97,0.0937372,-6.60705,2.2014,-3.58347,-5.68518,0.866554,2.34446,13.3404,3.91129,97,0.0746618,-6.64395,2.27711,-3.56199,-5.44449,0.93193,2.18055,11.1895,3.84406,97,0.0401856,0.223111,0.267607,0.35162,1.01323,0.236531,1.78441,6.63485,0.463938,0,0.151652,Platcov,3,BA.1,2,NA,1
PLT-TH1-110,-6.6454,2.16043,-3.62275,-6.09856,0.770927,2.44383,18.5692,3.78479,97,0.139565,-6.64117,2.157,-3.54934,-6.03768,0.776636,2.35905,19.3039,3.82989,97,0.162242,-6.6629,2.19116,-3.55882,-5.84916,0.754474,2.08374,15.508,3.8394,97,0.0703521,0.227977,0.238477,0.375377,0.796283,0.192368,1.23044,7.74373,0.370125,0,0.277427,Platcov,3,BA.1,2,NA,1
PLT-BR3-003,-6.59114,2.13806,-3.62883,-5.68358,0.642359,2.85401,6.23947,3.84636,97,0.03886,-6.64366,2.18078,-3.67181,-5.91331,0.815852,2.51982,6.53595,3.78028,97,0.0898343,-6.65605,2.18608,-3.65077,-5.91934,0.814451,2.69039,6.39398,3.8346,97,0.0214675,0.250049,0.261455,0.32285,1.17725,0.381852,1.52639,3.39914,0.371677,0,0.165663,Platcov,3,BA.1,2,NA,1
PLT-TH57-007,-6.5181,2.34553,-3.60714,-5.15027,1.27261,2.64101,12.193,3.99928,97,0.0131073,-6.55755,2.3299,-3.61936,-5.20121,1.28455,2.95774,11.9561,3.87301,97,0.017562,-6.601,2.42079,-3.61445,-4.40578,1.15786,2.39498,10.8942,3.94204,97,0.00430835,0.220653,0.258649,0.349187,1.43018,0.539725,2.02717,7.71541,0.486911,0,0.0331204,Platcov,3,BA.1,3,NA,1
PLT-TH58-009,-6.66094,2.2819,-3.65511,-5.73205,1.14406,2.6188,12.2001,3.8549,97,0.0777621,-6.59525,2.23334,-3.60331,-5.70035,1.07541,2.53085,12.8888,3.9484,97,0.0583731,-6.61663,2.34492,-3.60374,-5.06284,1.0407,2.24503,10.7601,3.87999,97,0.0208133,0.220732,0.262297,0.358354,1.24737,0.300709,1.295,9.02995,0.455008,0,0.133875,Platcov,3,BA.2,3,NA,1
PLT-TH1-117,-6.64491,2.34732,-3.69495,-4.21823,1.10563,2.61398,8.92097,3.91154,97,0.0296814,-6.52782,2.44739,-3.64018,-5.38624,1.68061,2.52336,11.6303,3.9021,97,0.0560004,-6.60021,2.44178,-3.5988,-4.47369,1.32669,2.16918,11.7339,3.99238,97,0.0137543,0.23007,0.266428,0.34795,1.43442,0.5474,1.43438,7.03686,0.377085,0,0.0901364,Platcov,3,BA.1,2,NA,1
PLT-TH1-119,-6.60789,2.19526,-3.5335,-4.96591,0.527667,2.2695,11.0112,3.96404,97,0.285176,-6.58725,2.15019,-3.59471,-5.01447,0.488703,2.37873,11.4487,3.92184,97,0.175807,-6.62444,2.20235,-3.57986,-4.71745,0.467648,2.07662,11.8517,3.87909,97,0.107504,0.255731,0.267271,0.359036,0.920547,0.189897,1.48945,4.10965,0.42408,0,0.185933,Platcov,3,BA.2,2,NA,1
PLT-TH1-125,-6.67037,2.20733,-3.57974,-5.81563,0.774572,2.11928,14.4243,3.74849,97,0.12056,-6.62097,2.17307,-3.57357,-5.71107,0.670481,1.95468,11.1089,3.8395,97,0.0875169,-6.66427,2.20737,-3.62214,-5.55772,0.655222,1.89321,8.45679,3.85415,97,0.0208233,0.250172,0.274944,0.365204,1.08348,0.264208,1.03265,6.8967,0.366913,0,0.297322,Platcov,3,BA.2,2,NA,1
PLT-TH1-126,-6.60911,2.25862,-3.50539,-5.05482,0.711194,2.58549,16.6308,3.84434,97,0.0469278,-6.64481,2.21476,-3.51711,-5.22303,0.703747,2.56165,19.8743,3.9325,97,0.0293024,-6.61169,2.2668,-3.5383,-4.96202,0.681769,2.15778,18.0963,3.88681,97,0.0134728,0.230136,0.23467,0.404706,1.0569,0.192811,1.66567,12.4318,0.392095,0,0.0404242,Platcov,3,BA.2,4,NA,1
PLT-TH1-127,-6.63731,2.14587,-3.54279,-5.76728,0.542639,2.04985,15.0386,3.79994,97,0.17631,-6.65983,2.1169,-3.53423,-5.97968,0.589543,2.30466,17.0878,3.81796,97,0.165179,-6.64759,2.16433,-3.5285,-5.68591,0.552715,1.92917,15.1097,3.79327,97,0.0724198,0.239788,0.252808,0.364315,0.767661,0.162699,1.59048,7.3542,0.41859,0,0.237739,Platcov,3,BA.1,3,NA,1
PLT-TH1-131,-6.66789,2.197,-3.56693,-4.11105,0.468788,2.4956,13.954,3.83399,97,0.321743,-6.64487,2.17133,-3.58572,-3.97435,0.402944,2.40984,13.1984,3.93441,97,0.132278,-6.63101,2.23354,-3.58815,-3.79223,0.385783,2.12549,11.8668,3.88713,97,0.0648201,0.241547,0.25952,0.362057,0.650427,0.148947,1.32923,5.50281,0.401975,0,0.181786,Platcov,3,BA.2,2,NA,1
PLT-TH57-008,-6.6403,2.3871,-3.52789,-3.61547,0.907781,2.40912,11.2402,3.95591,97,0.0205201,-6.62119,2.45057,-3.60784,-3.90013,1.09585,2.68532,13.5238,3.91972,97,0.0734823,-6.63894,2.44049,-3.60148,-3.77435,1.02434,2.06498,11.6842,3.94924,97,0.013077,0.228624,0.268939,0.355596,1.32331,0.387075,1.58073,7.05189,0.412423,0,0.152889,Platcov,3,BA.1,4,NA,1
PLT-TH1-136,-6.66781,2.21709,-3.57991,-4.18143,0.559378,2.18685,11.2945,3.8708,97,0.0360527,-6.63682,2.23893,-3.56849,-3.85618,0.45987,2.6267,11.16,3.92029,97,0.0148479,-6.63723,2.2586,-3.58076,-3.84285,0.43441,2.17229,11.6852,3.89025,97,0.00781844,0.245056,0.257438,0.334754,0.652611,0.174453,1.75016,2.41749,0.390142,0,0.0185574,Platcov,3,BA.2,4,NA,1
PLT-TH1-143,-6.64973,2.1922,-3.65184,-4.98653,0.634556,2.94752,9.76357,3.80108,97,0.128884,-6.67026,2.152,-3.57757,-5.00457,0.600008,4.10711,8.54675,3.89778,97,0.125736,-6.62511,2.24816,-3.64122,-4.60616,0.541471,2.95007,7.72414,3.83742,97,0.0446425,0.244369,0.254074,0.288321,0.787626,0.25777,2.76135,2.81553,0.361814,0,0.251215,Platcov,3,BA.2,2,NA,1
PLT-TH1-150,-6.61745,2.13124,-3.42013,-5.99013,0.539685,2.41953,22.8024,3.73853,97,0.0785236,-6.69529,2.13628,-3.4921,-6.01877,0.526025,2.44168,21.8719,3.84868,97,0.0681418,-6.66137,2.11885,-3.53665,-5.92394,0.51705,2.11273,16.8163,3.81923,97,0.0312537,0.23124,0.269006,0.355789,0.741146,0.116481,1.73512,7.91038,0.385837,0,0.175058,Platcov,3,BA.2,3,NA,1
PLT-TH1-153,-6.53374,2.23445,-3.59701,-5.07236,0.655108,2.31467,14.9731,3.86273,97,0.0505256,-6.5453,2.2107,-3.50393,-5.25324,0.676216,2.1574,16.7292,4.04313,97,0.0715122,-6.62565,2.26424,-3.55212,-4.89398,0.647707,1.88565,14.7996,3.86191,97,0.0236312,0.241494,0.263889,0.38162,0.891286,0.179227,1.26701,7.57024,0.483399,0,0.189245,Platcov,3,BA.1,3,NA,1
PLT-TH1-154,-6.6037,2.46239,-3.588,-3.67974,1.30833,2.4208,13.5037,3.90781,97,0.0395055,-6.63072,2.40018,-3.58885,-4.57981,1.56001,2.49105,12.8321,4.02769,97,0.047604,-6.62104,2.50054,-3.60745,-3.83001,1.335,2.24157,11.6606,3.99919,97,0.0222877,0.282417,0.314208,0.346318,2.09294,0.854035,1.58785,7.07963,0.399646,0,0.140683,Platcov,3,BA.2,3,NA,1
PLT-TH1-170,-6.64968,2.29395,-3.5736,-5.93961,1.31483,2.2795,13.9605,3.84494,97,0.0341913,-6.58602,2.27971,-3.62934,-5.86804,1.22892,2.4247,10.2744,3.91447,97,0.11861,-6.62791,2.38999,-3.64712,-4.95354,1.14034,2.03289,9.48175,3.98432,97,0.023617,0.207856,0.259681,0.370329,1.459,0.441128,1.43142,5.56348,0.425055,0,0.520329,Platcov,3,BA.2,2,NA,1
PLT-TH1-177,-6.57645,2.32552,-3.6523,-5.45594,1.08291,2.30033,12.2705,3.90104,97,0.0628182,-6.55609,2.28356,-3.60819,-5.7209,1.14334,2.36771,11.9147,3.91577,97,0.0618722,-6.61314,2.33371,-3.60215,-5.18903,1.11642,2.01709,11.4078,3.90435,97,0.0218766,0.231454,0.240377,0.367542,1.06959,0.257267,1.31128,4.92975,0.415491,0,0.0995421,Platcov,3,BA.2,4,NA,1
PLT-TH1-178,-6.64834,2.13013,-3.67921,-5.96716,0.66253,4.6926,5.79273,3.76727,97,0.125031,-6.68081,2.16878,-3.7301,-6.03459,0.707628,4.11624,5.52827,3.77406,97,0.181899,-6.63367,2.2282,-3.67178,-5.61675,0.673045,4.29396,5.87617,3.78958,97,0.0519502,0.197646,0.263943,0.331526,0.907543,0.260513,1.57747,0.675077,0.414667,0,0.468755,Platcov,3,BA.2,3,NA,1
PLT-TH1-192,-6.60473,2.15868,-3.69595,-5.62018,0.602876,3.29854,8.3483,3.91436,97,0.183729,-6.64266,2.11679,-3.61872,-5.54982,0.567176,3.13328,7.89243,3.82429,97,0.164828,-6.61758,2.1992,-3.65127,-5.21603,0.556722,3.75071,7.67551,3.84083,97,0.0837832,0.25709,0.260729,0.296277,1.03088,0.236613,1.56229,1.90882,0.428327,0,0.283817,Platcov,3,BA.2,3,NA,1
PLT-TH1-194,-6.61227,2.17314,-3.71613,-6.17424,1.05332,2.65319,6.41391,3.78305,97,0.082313,-6.7292,2.19718,-3.66901,-6.2446,1.27018,2.3889,8.80236,3.75277,97,0.088284,-6.70539,2.21261,-3.68227,-6.16851,1.14647,2.15116,6.0116,3.78302,97,0.0238377,0.215712,0.237372,0.370368,0.892786,0.541325,1.26145,6.12938,0.428932,0,0.31891,Platcov,3,BA.2,3,NA,1
PLT-TH1-199,-6.81447,2.12676,-3.5533,-6.96737,1.25456,2.38403,14.9373,3.71529,97,0.0216521,-6.73898,2.17884,-3.59394,-6.39687,0.936269,1.80969,10.7511,3.87074,97,0.0175379,-6.91027,2.03676,-3.55757,-6.81547,1.41722,2.91119,14.6975,3.83965,97,0.00807439,0.25858,0.248857,0.32903,1.07848,0.426947,1.14071,8.2788,0.404237,0,0.0366626,Platcov,3,BA.2,4,NA,1
PLT-TH1-200,-6.71273,2.13461,-3.64365,-6.14893,0.715452,2.09235,7.99074,3.71933,97,0.0969747,-6.76471,2.08664,-3.66435,-6.55749,0.838057,1.81361,7.41126,3.76371,97,0.0909183,-6.82674,2.03709,-3.66568,-6.46306,0.741805,1.65848,6.1858,3.76826,97,0.0315908,0.246522,0.24907,0.37921,0.889418,0.397977,1.01103,4.4684,0.430618,0,0.172895,Platcov,3,BA.2,4,NA,1
PLT-TH1-207,-6.72968,2.20399,-3.56711,-6.65682,1.58802,2.01067,13.8857,3.69578,97,0.226342,-6.74277,2.13159,-3.60767,-6.76723,1.53561,2.07259,12.4384,3.7617,97,0.083731,-6.80585,2.13307,-3.55981,-6.71984,1.6927,1.71518,11.6258,3.76479,97,0.0572253,0.160074,0.208385,0.360411,0.959152,0.568442,1.0054,6.71905,0.421063,0,0.115406,Platcov,3,BA.2,4,NA,1
PLT-TH1-208,-6.61454,2.26089,-3.58444,-5.53255,0.719013,2.46454,19.2535,3.76356,97,0.0904167,-6.58802,2.18021,-3.48152,-5.55386,0.654049,2.24078,18.9332,3.88312,97,0.0554417,-6.60445,2.25291,-3.55879,-5.39433,0.704584,1.86699,16.7144,3.84623,97,0.0361455,0.225984,0.237957,0.36421,0.907713,0.167356,1.54174,10.2075,0.415582,0,0.0639392,Platcov,3,BA.2,3,NA,1
PLT-TH1-214,-6.66675,2.13307,-3.67266,-6.04825,0.756966,2.4333,11.7835,3.74787,97,0.0760428,-6.66695,2.20427,-3.55451,-5.89898,0.74117,2.31643,12.2241,3.86487,97,0.167085,-6.67768,2.1741,-3.587,-5.92765,0.757908,2.06802,11.7143,3.79276,97,0.0360611,0.226971,0.265796,0.334243,0.857343,0.177998,1.21915,4.86118,0.394691,0,0.727333,Platcov,3,BA.2,3,NA,1
PLT-TH1-216,-6.60629,2.15126,-3.36064,-5.65522,0.687394,2.59603,20.5787,3.82073,97,0.0106563,-6.625,2.20306,-3.43154,-5.51805,0.614268,2.45555,22.0474,3.86747,97,0.00917177,-6.62061,2.20093,-3.54648,-5.48418,0.60722,2.20954,16.0128,3.88416,97,0.00368122,0.240761,0.230776,0.380534,0.887864,0.118963,1.37057,8.52926,0.403198,0,0.0152742,Platcov,3,BA.2,3,NA,1
PLT-TH1-231,-6.65948,2.07273,-3.65607,-6.18064,0.705484,2.29759,6.69225,3.82474,97,0.0840101,-6.63247,2.15462,-3.69044,-6.0552,0.628613,2.30925,5.92786,3.76729,97,0.130703,-6.66703,2.15004,-3.6792,-5.92495,0.625973,2.35052,5.73564,3.78408,97,0.0518769,0.246614,0.215325,0.332497,0.934865,0.246477,0.883398,2.63734,0.42564,0,0.1856,Platcov,3,BA.2,4,NA,1
PLT-TH1-232,-6.70291,2.3008,-3.70967,-6.01303,1.54996,2.47374,10.1892,3.81502,97,0.0575414,-6.59923,2.35416,-3.64674,-5.27431,1.22992,2.59624,6.86903,3.80463,97,0.190707,-6.62018,2.35142,-3.72678,-4.94699,1.06996,2.40996,4.65247,3.91397,97,0.0489906,0.250305,0.226096,0.338695,1.31084,0.561188,1.36984,5.04073,0.437239,0,0.627115,Platcov,3,BA.2,3,NA,1
PLT-TH1-240,-6.78275,2.12537,-3.59915,-6.60268,1.22199,2.39755,14.5811,3.74347,97,0.0135938,-6.76523,2.20782,-3.47932,-6.43508,1.15532,2.33251,15.8888,3.7826,97,0.0199058,-6.77759,2.12225,-3.57055,-6.4471,1.1396,1.97276,11.5239,3.77485,97,0.00866862,0.22478,0.235912,0.349793,0.838496,0.24692,1.46304,7.24378,0.397924,0,0.0397906,Platcov,3,BA.2,3,NA,1
PLT-BR3-012,-6.59249,2.3776,-3.56433,-4.80298,0.920053,2.27695,13.8634,3.83614,97,0.0462666,-6.57076,2.27438,-3.55316,-5.03452,0.890085,2.51411,15.4862,3.94268,97,0.0425518,-6.61912,2.32954,-3.59629,-4.71515,0.855078,2.1684,11.7733,3.91103,97,0.0167019,0.227535,0.253969,0.385547,1.07407,0.217712,1.67184,6.76211,0.382296,0,0.0835817,Platcov,3,BA.2,2,NA,1
PLT-BR3-013,-6.63063,2.16554,-3.75461,-6.11377,1.43061,2.61801,6.12884,3.88604,97,0.156764,-6.61249,2.21511,-3.70902,-5.71655,0.925233,3.0697,6.0695,3.78719,97,0.0802201,-6.63547,2.26019,-3.74217,-5.47316,0.829608,2.77262,4.38326,3.88768,97,0.036075,0.21984,0.241088,0.344328,1.02246,0.428345,1.41404,5.36456,0.427444,0,0.105342,Platcov,3,BA.2,3,NA,1
PLT-BR3-016,-6.47195,2.32648,-3.58279,-4.79608,0.977958,2.33506,14.7316,3.95413,97,0.0768723,-6.61526,2.34396,-3.52555,-5.14527,1.10133,2.38847,13.4685,3.91915,97,0.0783323,-6.61857,2.36673,-3.59232,-4.77853,1.06062,2.12781,11.7646,3.92414,97,0.0309259,0.25059,0.229109,0.396798,1.07266,0.283187,1.36921,6.6578,0.398708,0,0.133345,Platcov,3,BA.2,3,NA,1
PLT-TH1-247,-6.6051,2.29557,-3.60811,-5.60007,0.779319,2.46856,12.4363,3.79756,97,0.040467,-6.63357,2.21463,-3.5874,-5.76231,0.765346,2.75486,12.6572,3.95494,97,0.0554312,-6.62937,2.2129,-3.58068,-5.58878,0.746463,2.27404,11.7779,3.85664,97,0.0132731,0.22816,0.263708,0.319706,1.00889,0.205772,1.75727,4.99033,0.411199,0,0.100586,Platcov,3,BA.2,3,NA,1
PLT-TH1-249,-6.60226,2.21562,-3.53677,-5.26645,0.525997,2.41543,19.5345,3.78566,97,0.00801841,-6.58481,2.23808,-3.47568,-5.52224,0.590385,2.46191,22.7997,3.83385,97,0.0154533,-6.6125,2.19652,-3.52302,-5.44452,0.577489,2.22928,16.0266,3.8445,97,0.00716334,0.230142,0.262785,0.371585,0.953073,0.10605,1.34946,7.32597,0.388874,0,0.0351321,Platcov,3,BA.2,3,NA,1
PLT-BR3-019,-6.63764,2.28522,-3.62936,-5.00823,0.735727,2.7726,12.7364,3.91684,97,0.104488,-6.59516,2.20665,-3.6416,-5.00652,0.67569,2.58231,12.2548,3.92773,97,0.0850191,-6.61919,2.26531,-3.58905,-4.79461,0.675902,2.20837,11.9458,3.89162,97,0.0305348,0.224791,0.281446,0.390535,0.972425,0.200586,1.66855,5.7798,0.437182,0,0.10583,Platcov,3,BA.2,3,NA,1
PLT-TH1-258,-6.67872,2.21249,-3.39231,-6.1156,1.11158,2.51276,21.6369,3.78059,97,0.0246068,-6.58833,2.23981,-3.43554,-5.50151,0.662267,2.43712,21.1782,3.95907,97,0.0173009,-6.61666,2.22157,-3.4967,-5.42045,0.651123,2.12058,16.0439,3.82992,97,0.00782347,0.236199,0.260688,0.362901,0.91687,0.157214,1.66028,7.74892,0.496257,0,0.02123,Platcov,3,BA.2,4,NA,1
PLT-BR3-022,-6.62675,2.3525,-3.55885,-3.37618,0.597962,2.69458,14.9601,4.01531,97,0.0205077,-6.60791,2.34315,-3.56945,-3.09634,0.493875,2.67764,14.5239,3.90068,97,0.0121639,-6.65371,2.29328,-3.58872,-3.32612,0.504115,2.32782,11.3953,3.91073,97,0.00578707,0.234199,0.246956,0.357316,0.744291,0.199227,1.65548,4.99911,0.426238,0,0.0270101,Platcov,3,BA.2,3,NA,1
PLT-TH1-261,-6.64246,2.09358,-3.74663,-6.09023,0.693258,3.67001,4.05134,3.71806,97,0.0796413,-6.67227,2.1325,-3.71272,-6.36231,0.843049,3.74461,4.10409,3.74454,97,0.0710557,-6.73765,2.10378,-3.7286,-6.18191,0.696099,3.48169,3.99688,3.77759,97,0.0415452,0.224106,0.245688,0.340051,1.04171,0.589219,1.41977,0.560735,0.398605,0,0.0960386,Platcov,3,BA.2,3,NA,1
PLT-TH1-262,-6.56511,2.24685,-3.71461,-5.71506,1.06144,3.06797,6.19772,3.84495,97,0.112074,-6.61994,2.33548,-3.6673,-5.56885,1.14591,3.03543,7.88485,3.92631,97,0.0990517,-6.62469,2.30249,-3.67347,-5.29887,1.08102,3.37683,5.49473,3.85756,97,0.0525063,0.247146,0.247004,0.343172,1.16649,0.390067,1.62054,5.00664,0.376863,0,0.166401,Platcov,3,BA.2,3,NA,1
PLT-BR3-026,-6.54758,2.42059,-3.50838,-5.45458,1.81493,2.5225,12.4407,3.96127,97,0.0949476,-6.5872,2.46197,-3.61093,-4.70826,1.53616,2.65508,12.2529,4.0157,97,0.0846534,-6.60413,2.47248,-3.58909,-4.33189,1.46011,2.25242,12.0926,3.99189,97,0.02622,0.22929,0.265066,0.323571,1.34944,0.514683,1.50085,7.37451,0.440524,0,0.126725,Platcov,3,BA.2,3,NA,1
PLT-BR3-027,-6.6112,2.33902,-3.453,-5.23574,1.14455,2.47794,14.2441,3.95984,97,0.0292023,-6.59579,2.36617,-3.56078,-5.17934,1.12157,2.50004,14.0656,3.9079,97,0.015736,-6.6129,2.37065,-3.59066,-4.80265,1.07495,2.14796,11.5954,3.92197,97,0.00653963,0.248144,0.231592,0.329612,1.31336,0.30822,1.60055,7.71366,0.371944,0,0.0238156,Platcov,3,BA.2,3,NA,1
PLT-TH1-268,-6.70119,2.4218,-3.57083,-3.66866,0.76849,2.44703,12.9584,3.94248,97,0.134001,-6.62292,2.3548,-3.62716,-3.75638,0.747672,2.71555,14.108,3.96941,97,0.144812,-6.64119,2.3851,-3.57386,-3.76345,0.787402,2.43721,11.7441,3.91178,97,0.0584161,0.256471,0.246788,0.296895,0.703719,0.23679,1.58322,7.57639,0.468803,0,0.172633,Platcov,3,BA.2,3,NA,1
PLT-BR3-035,-6.80597,2.00963,-3.33634,-5.33187,1.07303,2.41865,20.3887,3.87436,97,0.0504425,-6.93682,1.83024,-3.5517,-5.65237,0.770265,2.02405,16.7719,3.90291,97,0.0198184,-7.18457,1.74016,-3.6232,-6.16952,0.609465,1.62765,14.1757,3.73915,97,0.00759686,0.223227,0.36915,0.318536,2.30612,0.501078,1.49507,4.63705,0.394109,0,0.0284009,Platcov,3,BA.2,2,NA,1
