id,log10beta_SAEM,log10pi_SAEM,log10rho_SAEM,log10phi_SAEM,delta_SAEM,m_SAEM,tau_SAEM,tzero_SAEM,Vzero_SAEM,IC50_SAEM,log10beta_mean,log10pi_mean,log10rho_mean,log10phi_mean,delta_mean,m_mean,tau_mean,tzero_mean,Vzero_mean,IC50_mean,log10beta_mode,log10pi_mode,log10rho_mode,log10phi_mode,delta_mode,m_mode,tau_mode,tzero_mode,Vzero_mode,IC50_mode,log10beta_sd,log10pi_sd,log10rho_sd,log10phi_sd,delta_sd,m_sd,tau_sd,tzero_sd,Vzero_sd,IC50_sd,Study,cat_AgeGroup,cat_LineageBroad,cat_VaccStatus,cat_VaccStatus_0,treatment_cov,tStudy,tTreatment_cov
460_2,-6.6936,2.1707,-3.92881,-4.77278,1.14725,2.28035,8.47869,1.54388,97,0.00501802,-6.69637,2.17295,-3.83449,-5.48683,1.39284,2.40583,9.28903,1.52778,97,0.00592014,-6.71948,2.33485,-3.93944,-4.38646,1.15891,2.15544,7.84486,1.51629,97,0.0033429,0.171449,0.182314,0.504042,1.22292,0.718162,1.54945,6.34456,0.192184,0,0.00887032,NBA,1,Omicron,3,Boosted,0,G_NBA,G_0
407_1,-6.59745,2.25528,-4.01651,-4.74474,0.471814,3.67114,7.00794,1.47567,97,0.00825352,-6.58537,2.28966,-3.98757,-5.20143,0.63961,3.67362,7.15091,1.4744,97,0.0132162,-6.61944,2.27745,-3.93605,-5.04197,0.57515,3.36941,6.99488,1.47878,97,0.00361363,0.189589,0.236017,0.365804,0.920686,0.283325,1.9097,1.3007,0.171378,0,0.0440796,NBA,3,Omicron,3,Boosted,0,G_NBA,G_0
1053_1,-6.74975,2.25725,-3.96008,-6.32382,0.840395,2.34329,16.1938,1.42992,97,0.00555132,-6.64659,2.1311,-3.9393,-6.327,0.739409,2.08354,13.8481,1.4205,97,0.0122249,-6.69854,2.18026,-3.94798,-6.13233,0.781889,2.27318,10.7633,1.4275,97,0.00459382,0.13914,0.188498,0.364304,0.777934,0.170888,1.0324,6.21384,0.159504,0,0.0326418,NBA,1,Omicron,2,Second dose,0,G_NBA,G_0
2969_1,-6.77318,2.2126,-3.92286,-4.1298,0.760801,2.50181,7.10013,1.43282,97,0.00971863,-6.69813,2.05619,-3.96938,-4.42877,0.603653,2.8501,6.76949,1.47303,97,0.00974038,-6.73835,2.18564,-3.92267,-3.98344,0.508583,2.74004,6.08785,1.42416,97,0.00384799,0.178199,0.224864,0.355709,0.617429,0.294236,1.31816,4.48079,0.146782,0,0.0169039,NBA,2,Omicron,2,Second dose,0,G_NBA,G_0
352_1,-6.77097,1.8133,-3.96017,-6.58062,1.03615,2.64956,8.46689,1.42094,97,0.011101,-6.84096,1.86614,-3.97876,-6.29703,0.904219,2.806,8.15114,1.41989,97,0.0106204,-6.85654,1.8566,-3.95776,-5.84307,0.803804,2.45828,8.00112,1.44405,97,0.00395387,0.184212,0.204154,0.382026,0.942989,0.449161,1.17599,1.88685,0.195928,0,0.0193745,NBA,2,Omicron,2,Second dose,0,G_NBA,G_0
2558_2,-6.51247,2.62882,-3.90727,-4.6652,0.887622,2.59232,3.63167,1.48688,97,0.00913017,-6.61662,2.56695,-3.98163,-5.87601,1.72016,2.93748,8.36507,1.48289,97,0.00972553,-6.59161,2.49496,-3.87479,-5.90661,1.67497,2.52347,4.71945,1.50877,97,0.00267296,0.176962,0.189304,0.442737,0.829995,0.539548,1.63187,5.71318,0.172103,0,0.0141491,NBA,1,Omicron,2,Second dose,0,G_NBA,G_0
960_1,-6.62711,2.40523,-3.97178,-6.34194,1.10792,2.20737,15.2043,1.47595,97,0.00440294,-6.62098,2.40832,-4.0474,-5.97657,1.07352,2.06363,17.5362,1.47691,97,0.00854423,-6.67581,2.35541,-3.97556,-6.1103,1.15915,2.20124,11.0045,1.44899,97,0.00387879,0.165401,0.190056,0.36957,0.733852,0.153523,1.04413,8.54732,0.17483,0,0.0130899,NBA,1,Delta,2,Second dose,0,G_NBA,G_0
2299_1,-6.81665,1.95159,-3.98824,-4.21175,0.38705,2.35484,15.5101,1.46663,97,0.0240136,-6.77944,1.96325,-3.97989,-4.0636,0.347093,2.34314,17.3886,1.42473,97,0.00797383,-6.82527,2.00382,-3.97588,-4.05692,0.349042,2.22171,11.6229,1.43035,97,0.00371077,0.178964,0.211006,0.404492,0.440593,0.126693,1.35751,5.55687,0.170407,0,0.0192627,NBA,2,Omicron,3,Boosted,0,G_NBA,G_0
1956_1,-6.70519,2.35747,-3.98585,-3.2442,0.596133,2.56094,13.1558,1.40911,97,0.0187232,-6.71288,2.26302,-3.95306,-3.4891,0.630646,2.54124,14.1254,1.42537,97,0.00744668,-6.74646,2.29181,-3.97729,-3.52878,0.653523,2.39367,10.9957,1.41361,97,0.00352253,0.158057,0.184414,0.416218,0.789397,0.322119,1.29488,7.12513,0.155525,0,0.0100029,NBA,2,Omicron,2,Second dose,0,G_NBA,G_0
30_2,-6.66653,2.29,-3.77665,-4.93877,1.35469,3.19728,4.35992,1.45803,97,0.0108522,-6.64216,2.29626,-3.983,-5.35265,1.76202,2.89058,8.26319,1.48959,97,0.0181421,-6.72602,2.34324,-3.88364,-4.80614,1.42313,2.8428,3.52095,1.46555,97,0.00422311,0.196318,0.201582,0.414544,1.41874,1.17731,1.18859,8.34734,0.17997,0,0.0370377,NBA,1,Omicron,2,Second dose,0,G_NBA,G_0
398_2,-6.54659,2.40489,-3.95897,-5.44977,0.933064,2.57939,7.63089,1.51785,97,0.00808036,-6.56327,2.41612,-3.99746,-5.37,0.912326,2.03946,8.01832,1.47424,97,0.0063863,-6.58458,2.41629,-3.94084,-4.95186,0.845957,2.07848,7.33173,1.46856,97,0.00445869,0.141217,0.151982,0.37555,0.852865,0.332459,0.77139,4.43857,0.187584,0,0.00928746,NBA,1,Omicron,3,Boosted,0,G_NBA,G_0
2618_1,-6.79731,2.05525,-4.00989,-6.0774,0.876864,2.58549,7.84258,1.49919,97,0.00965852,-6.75295,2.02741,-3.95386,-5.85224,0.71246,2.85887,7.93519,1.51523,97,0.0140683,-6.771,1.96984,-3.86679,-6.28119,0.942809,2.92959,8.17841,1.55491,97,0.00396721,0.161851,0.188423,0.389361,0.965002,0.334035,1.14634,1.45971,0.175681,0,0.0267504,NBA,2,Delta,2,Second dose,0,G_NBA,G_0
951_1,-6.64074,2.04579,-3.98349,-5.30425,0.365096,2.19532,16.3045,1.40519,97,0.00803695,-6.64514,2.0505,-3.91405,-5.53642,0.386616,2.26193,16.7507,1.43494,97,0.0128437,-6.67152,2.06934,-3.96337,-5.18353,0.344836,2.01853,11.0629,1.40266,97,0.00382749,0.177809,0.191841,0.456731,0.782323,0.123843,1.30077,7.23271,0.177297,0,0.0224422,NBA,2,Omicron,3,Boosted,0,G_NBA,G_0
1058_1,-6.77046,1.98785,-4.04209,-5.65319,0.640092,2.93715,13.9439,1.38355,97,0.0074506,-6.8158,2.00754,-3.87352,-5.3765,0.553743,2.72866,16.1947,1.40382,97,0.013985,-6.79157,1.976,-3.97806,-5.20281,0.510045,2.19119,10.2187,1.43388,97,0.00361798,0.148792,0.143611,0.402631,0.664622,0.18604,2.57393,8.19179,0.162261,0,0.0236291,NBA,3,Omicron,3,Boosted,0,G_NBA,G_0
2872_1,-6.61503,2.23745,-3.84264,-5.06658,0.540133,2.47985,8.70661,1.49232,97,0.0141566,-6.62653,2.24733,-3.93751,-5.00111,0.568047,2.4382,9.60598,1.50208,97,0.00814116,-6.63714,2.24715,-3.94473,-4.83858,0.504238,2.26702,8.21843,1.47023,97,0.00362653,0.166202,0.201911,0.401071,0.808581,0.225202,1.31836,3.83709,0.19243,0,0.0162765,NBA,3,Omicron,3,Boosted,0,G_NBA,G_0
1335_1,-6.60076,2.28229,-3.98694,-5.19795,1.13906,2.27895,8.73575,1.42792,97,0.010497,-6.65359,2.33282,-4.01648,-5.3417,1.36705,2.43059,12.359,1.40525,97,0.00989867,-6.68217,2.37562,-3.87248,-5.01059,1.36489,2.22426,7.73102,1.40965,97,0.00409159,0.16749,0.187978,0.387597,1.04372,0.400849,1.15382,7.20787,0.14583,0,0.015807,NBA,2,Omicron,2,Second dose,0,G_NBA,G_0
2634_1,-6.87993,1.97248,-3.91933,-6.50859,1.02093,2.2037,9.46281,1.47121,97,0.0174828,-6.77182,1.84573,-3.92267,-6.89763,0.946266,1.99582,9.48897,1.44477,97,0.0126367,-6.84537,1.90734,-3.93814,-6.49964,0.837531,2.00767,7.35263,1.46672,97,0.00377898,0.155454,0.173929,0.360924,0.804706,0.478275,0.793896,6.43129,0.136828,0,0.0381423,NBA,1,Omicron,2,Second dose,0,G_NBA,G_0
828_2,-6.74945,2.24255,-3.86333,-3.50043,0.433237,3.24082,6.29996,1.39417,97,0.00711646,-6.76365,2.25461,-3.97924,-3.81133,0.675965,2.79115,7.12846,1.37224,97,0.0094582,-6.76226,2.18364,-3.90397,-3.85034,0.594257,2.63359,6.42217,1.38563,97,0.00417034,0.18056,0.23766,0.431508,0.60556,0.310233,1.39377,2.96838,0.167107,0,0.0176683,NBA,1,Omicron,2,Second dose,0,G_NBA,G_0
427_1,-6.66994,2.42714,-3.91258,-2.80065,0.724271,2.40372,7.30604,1.54618,97,0.00702241,-6.62854,2.46193,-3.89543,-2.46075,0.461255,2.91846,5.17747,1.45998,97,0.0105235,-6.71616,2.29759,-3.91272,-2.83298,0.435109,2.732,5.00186,1.45633,97,0.00372048,0.21519,0.311338,0.418267,0.715824,0.227073,1.36809,0.956351,0.174958,0,0.0227899,NBA,2,Omicron,2,Second dose,0,G_NBA,G_0
1050_1,-6.6287,2.16625,-3.94666,-6.21966,1.10179,2.18852,10.0381,1.45111,97,0.0175985,-6.69435,2.22711,-3.94352,-5.70461,1.00128,2.2485,11.6831,1.50266,97,0.0111739,-6.69933,2.21067,-3.97278,-5.3608,0.908158,2.16001,7.92271,1.44781,97,0.00390657,0.185941,0.194876,0.388118,1.00789,0.370348,1.24359,7.30067,0.166283,0,0.0237706,NBA,1,Delta,0,Unvaccinated,0,G_NBA,G_0
1050_2,-6.74803,2.21975,-3.77309,-5.34032,1.05748,2.33387,4.84003,1.42408,97,0.0158036,-6.7127,2.18078,-4.02688,-5.73763,1.35992,2.90118,8.03204,1.43932,97,0.0124965,-6.76883,2.23558,-3.95974,-4.9847,1.12307,2.99126,5.49518,1.42811,97,0.00344693,0.170598,0.176478,0.327156,0.975133,0.766867,1.28793,8.00013,0.171378,0,0.0284873,NBA,1,Omicron,1,First dose,0,G_NBA,G_0
2678_1,-6.73106,2.15098,-3.95924,-4.89051,0.785619,2.14125,14.0583,1.45783,97,0.0151054,-6.71593,2.1528,-3.87629,-4.4461,0.641484,2.15172,13.7511,1.43352,97,0.0101358,-6.76038,2.18683,-3.96111,-4.41379,0.638624,2.16547,9.53243,1.43621,97,0.00391455,0.182961,0.216781,0.37833,0.865203,0.28477,1.17385,5.05253,0.156502,0,0.0246652,NBA,2,Omicron,3,Boosted,0,G_NBA,G_0
388_1,-6.57104,2.4893,-3.89784,-4.95179,0.928202,2.751,8.545,1.53689,97,0.00866996,-6.54959,2.43651,-3.9034,-4.88152,0.842671,2.12982,8.90263,1.49148,97,0.00590696,-6.59097,2.38575,-3.93558,-4.79367,0.758169,2.0485,7.08051,1.50523,97,0.00339926,0.184623,0.214601,0.452252,0.972134,0.350508,0.922112,4.40665,0.182419,0,0.0111629,NBA,3,Omicron,2,Second dose,0,G_NBA,G_0
871_1,-6.70626,1.99119,-3.96634,-6.54672,0.672161,2.24166,8.07301,1.44652,97,0.0045071,-6.76001,2.02578,-3.99817,-6.21633,0.448786,2.26709,7.46183,1.51483,97,0.010145,-6.74721,1.98771,-3.9284,-6.19563,0.453182,2.32308,7.48986,1.46807,97,0.00366549,0.141115,0.118364,0.401198,0.655166,0.143756,0.669708,0.767501,0.180413,0,0.0212181,NBA,2,Delta,2,Second dose,0,G_NBA,G_0
2889_1,-6.61717,2.26431,-4.07569,-4.80195,0.671432,2.47868,14.3188,1.3995,97,0.0151172,-6.62136,2.26514,-4.01385,-4.89175,0.665647,2.32632,14.0145,1.42728,97,0.0232015,-6.64453,2.24827,-4.0054,-4.73494,0.635715,2.16266,9.22423,1.43673,97,0.00284071,0.164255,0.194802,0.404544,0.925355,0.235146,1.48136,5.59915,0.1615,0,0.0846457,NBA,2,Omicron,3,Boosted,0,G_NBA,G_0
1993_1,-6.5718,2.29931,-3.84682,-4.09966,0.5511,2.48975,18.6443,1.41184,97,0.0144117,-6.60778,2.36122,-3.9576,-4.0356,0.563057,2.3837,15.8629,1.42679,97,0.00703288,-6.6407,2.34061,-3.97284,-4.0308,0.555506,2.32849,11.9968,1.41726,97,0.00366981,0.151351,0.178702,0.427377,0.502545,0.135539,1.18873,4.4081,0.148666,0,0.0158065,NBA,3,Omicron,3,Boosted,0,G_NBA,G_0
51_1,-6.59809,2.43272,-3.95464,-3.60404,0.559193,2.37839,13.6691,1.50362,97,0.0118761,-6.60585,2.39377,-3.97689,-3.73513,0.553919,2.31597,13.5602,1.51231,97,0.0111062,-6.64955,2.35178,-3.96354,-3.85934,0.580826,2.1845,10.5553,1.47422,97,0.00387887,0.175881,0.216808,0.350017,0.673217,0.211561,1.2698,5.72379,0.157341,0,0.0318529,NBA,2,Omicron,3,Boosted,0,G_NBA,G_0
361_1,-6.77802,2.07597,-3.92352,-6.07553,0.606757,2.08067,13.098,1.37698,97,0.00895728,-6.77422,2.03582,-4.04028,-6.03638,0.573662,1.97064,13.0965,1.43366,97,0.0110164,-6.7577,2.01037,-3.95623,-6.144,0.574949,1.91811,10.0312,1.40507,97,0.00373604,0.15853,0.196975,0.38645,0.705834,0.174137,1.05564,5.02703,0.159074,0,0.0234903,NBA,2,Omicron,3,Boosted,0,G_NBA,G_0
3070_2,-6.66574,2.17975,-3.97809,-5.49059,0.884918,2.57852,9.51116,1.47619,97,0.027885,-6.75372,2.25727,-3.93516,-5.59909,0.969623,1.95568,11.2432,1.49536,97,0.0090195,-6.70232,2.21507,-3.94147,-5.27344,0.922278,1.8564,8.71148,1.44308,97,0.00400605,0.136763,0.155544,0.353878,0.780544,0.286963,0.871286,6.06641,0.173084,0,0.0118229,NBA,1,Omicron,2,Second dose,0,G_NBA,G_0
2244_2,-6.7005,2.25969,-3.82888,-4.75999,1.02928,2.99277,7.50755,1.47945,97,0.0079359,-6.71978,2.18559,-3.82721,-4.86339,0.77117,2.85562,5.16199,1.48918,97,0.0116598,-6.70781,2.23157,-3.89708,-4.26865,0.635728,2.80702,4.99494,1.47767,97,0.00388927,0.199652,0.243929,0.390845,1.22714,0.492744,1.15458,2.37064,0.162815,0,0.0241875,NBA,1,Omicron,2,Second dose,0,G_NBA,G_0
1029_1,-6.4478,2.58602,-3.93385,-4.74224,1.39047,2.44892,10.0529,1.50917,97,0.0130427,-6.5239,2.56736,-3.93649,-4.57178,1.34527,2.53834,10.4833,1.59209,97,0.00714215,-6.57808,2.58771,-3.97386,-4.61405,1.53519,2.15094,10.5464,1.50565,97,0.00380699,0.162462,0.206752,0.359623,0.786912,0.395516,1.26848,5.87116,0.211384,0,0.0162561,NBA,1,Omicron,3,Boosted,0,G_NBA,G_0
1603_1,-6.59209,2.24964,-3.9273,-5.17558,0.517092,2.35065,13.8393,1.46212,97,0.0149598,-6.58506,2.23264,-3.98474,-5.27758,0.518611,2.49473,15.6788,1.49339,97,0.0061519,-6.64602,2.1894,-3.96353,-5.14747,0.489105,2.4462,10.418,1.47443,97,0.00347474,0.173098,0.219566,0.415599,0.777355,0.148622,1.22874,7.51954,0.187359,0,0.00871231,NBA,2,Omicron,3,Boosted,0,G_NBA,G_0
841_1,-6.59593,2.10477,-3.89831,-5.9951,0.584576,2.45179,14.5895,1.41903,97,0.00685256,-6.6241,2.14199,-3.97482,-5.87787,0.583109,2.69609,14.9865,1.42236,97,0.0155247,-6.65783,2.16249,-3.96981,-5.5611,0.567877,2.38508,10.5678,1.42378,97,0.00295218,0.162118,0.184815,0.379379,0.766772,0.143087,1.49883,5.68413,0.172914,0,0.0336599,NBA,1,Omicron,3,Boosted,0,G_NBA,G_0
2459_1,-6.46252,2.46053,-3.9866,-5.2833,0.682491,2.49698,16.1076,1.5275,97,0.00570648,-6.48825,2.51009,-3.98954,-5.17737,0.687545,2.17227,16.5345,1.54999,97,0.0264924,-6.53203,2.46741,-3.96439,-5.08221,0.690044,2.09691,11.6152,1.51571,97,0.00310339,0.182072,0.212567,0.393194,0.770248,0.124409,0.839193,5.65784,0.182896,0,0.115444,NBA,2,Omicron,3,Boosted,0,G_NBA,G_0
1701_1,-6.68725,2.14226,-3.85203,-5.03877,0.810162,2.04444,11.4037,1.42986,97,0.010495,-6.63738,2.11276,-4.01925,-5.10601,0.826962,2.32973,11.5294,1.41327,97,0.00821975,-6.74972,2.16472,-3.97219,-4.78937,0.77605,2.15702,9.97742,1.41365,97,0.00378243,0.185146,0.203146,0.324531,0.800857,0.263294,1.09395,5.25318,0.173972,0,0.0127549,NBA,1,Omicron,3,Boosted,0,G_NBA,G_0
2508_1,-6.77281,1.93168,-3.88095,-5.41949,0.701827,1.85156,7.7268,1.57164,97,0.0126304,-6.79914,1.99814,-3.94503,-5.21182,0.673916,1.73657,6.87315,1.44641,97,0.00916563,-6.83249,1.91451,-3.92971,-5.18068,0.554452,1.65228,6.68994,1.49312,97,0.00381104,0.251782,0.264604,0.349686,1.16,0.461044,0.53099,2.21572,0.163578,0,0.0130923,NBA,2,Omicron,2,Second dose,0,G_NBA,G_0
2817_2,-6.84109,1.96894,-4.10047,-4.41144,0.391883,2.47498,16.9255,1.45464,97,0.0136696,-6.78936,1.93361,-3.98109,-4.61484,0.431222,2.24924,14.861,1.45333,97,0.00860516,-6.83309,1.91956,-3.96574,-4.56368,0.410406,2.1624,10.5754,1.44005,97,0.00379981,0.183872,0.219611,0.422019,0.795932,0.213684,1.14944,5.50902,0.163622,0,0.0157774,NBA,1,Omicron,3,Boosted,0,G_NBA,G_0
392_1,-6.80398,1.85331,-3.90096,-4.52728,0.308049,2.41061,16.1802,1.4616,97,0.0115601,-6.79418,1.69073,-3.9429,-6.1857,1.14741,2.3885,12.6847,1.50379,97,0.00944113,-6.97303,1.70009,-3.95882,-5.50843,0.654997,2.17164,10.322,1.48069,97,0.00378361,0.163163,0.213199,0.405831,1.51377,1.47448,1.09961,8.19706,0.153207,0,0.0173004,NBA,3,Omicron,3,Boosted,0,G_NBA,G_0
76_1,-6.75181,2.32661,-3.98179,-6.05873,1.21847,2.4871,12.5596,1.42092,97,0.014957,-6.68173,2.25552,-3.93253,-6.13212,1.10722,2.90658,9.8175,1.43351,97,0.0114019,-6.69391,2.22604,-3.95296,-5.8772,1.08037,2.5737,8.59853,1.43711,97,0.00400608,0.166175,0.184428,0.389619,0.848957,0.24155,1.7211,3.84745,0.144355,0,0.0186553,NBA,1,Omicron,2,Second dose,0,G_NBA,G_0
1688_1,-6.6897,2.0881,-3.9634,-5.58642,0.702861,2.41698,12.8323,1.45322,97,0.00925042,-6.68779,2.08719,-4.02274,-5.51304,0.724996,2.45328,13.2996,1.42775,97,0.0119922,-6.70578,2.16142,-3.96396,-4.90409,0.592309,2.1125,10.4864,1.44663,97,0.00384957,0.178338,0.209088,0.404966,1.14824,0.400273,1.62953,5.92582,0.143847,0,0.0182896,NBA,3,Omicron,3,Boosted,0,G_NBA,G_0
628_1,-6.53709,2.37643,-4.00412,-4.80626,0.577948,1.93451,17.7748,1.49324,97,0.00936443,-6.55745,2.37845,-4.04246,-4.83568,0.553148,2.16819,15.3978,1.46999,97,0.0106403,-6.59536,2.3473,-3.95489,-5.07797,0.664839,2.11226,10.7262,1.49395,97,0.0030871,0.175953,0.200117,0.35969,1.04619,0.206558,1.144,6.85861,0.182935,0,0.0206762,NBA,3,Omicron,3,Boosted,0,G_NBA,G_0
1905_1,-6.8498,2.13661,-4.01608,-6.5988,1.62243,2.25618,13.148,1.45796,97,0.00570339,-6.77868,2.02987,-3.89785,-6.70063,1.25878,2.27711,9.22517,1.45267,97,0.0113351,-6.817,2.06815,-3.93339,-5.80956,1.15094,2.07856,8.09878,1.41857,97,0.00371141,0.165984,0.193833,0.366058,0.917878,0.513914,1.52312,5.48102,0.126981,0,0.0184314,NBA,2,Delta,2,Second dose,0,G_NBA,G_0
650_2,-6.79732,1.58824,-3.94291,-6.87439,0.650766,3.70767,7.48655,1.51481,97,0.00617524,-6.78435,1.70029,-3.92215,-7.19497,1.33173,2.91715,7.44889,1.45343,97,0.00732979,-6.87042,1.75608,-3.89224,-6.86508,1.14334,3.07735,7.27494,1.46131,97,0.00498319,0.109951,0.139231,0.358941,1.02467,0.747812,0.885373,0.628071,0.174275,0,0.015172,NBA,1,Omicron,2,Second dose,0,G_NBA,G_0
563_1,-6.51518,2.42275,-3.88995,-5.28145,0.832918,2.29719,14.0583,1.41477,97,0.0128816,-6.53508,2.42385,-4.07961,-4.67248,0.736293,2.8229,14.6893,1.44251,97,0.00718605,-6.55812,2.46562,-3.96601,-4.75622,0.8434,2.16186,10.6571,1.39346,97,0.0038306,0.171611,0.207313,0.402079,0.868059,0.23827,1.73314,7.05283,0.145893,0,0.0133022,NBA,2,Omicron,3,Boosted,0,G_NBA,G_0
2224_1,-6.51945,2.58661,-3.82593,-3.62808,0.887691,2.71123,14.9236,1.52564,97,0.00883255,-6.57816,2.54737,-3.88438,-3.74337,0.908792,2.33729,17.9218,1.57383,97,0.00908098,-6.60295,2.5164,-3.91352,-3.76288,0.865869,2.11948,10.9776,1.50524,97,0.00291148,0.207452,0.203292,0.433769,0.475968,0.167771,1.27551,8.04228,0.163132,0,0.0147389,NBA,1,Omicron,3,Boosted,0,G_NBA,G_0
1293_1,-6.65575,2.0809,-3.91667,-4.54985,0.536945,2.43557,9.62648,1.43391,97,0.00637932,-6.67672,2.0891,-3.87806,-4.44127,0.469379,2.6383,9.3355,1.42701,97,0.00708867,-6.71917,2.16394,-3.96507,-4.36323,0.520868,2.4345,9.51584,1.42014,97,0.0037879,0.190875,0.213579,0.397743,0.736523,0.233758,1.29597,2.02911,0.14637,0,0.0149247,NBA,2,Omicron,3,Boosted,0,G_NBA,G_0
571_1,-6.54624,2.17464,-3.943,-5.6631,0.791295,2.52419,9.88259,1.47105,97,0.0210399,-6.5591,2.20304,-3.86771,-5.74129,0.84346,2.23959,10.018,1.43209,97,0.0127888,-6.65645,2.27854,-3.96487,-5.55005,0.971559,2.74376,9.83901,1.44402,97,0.00347377,0.164054,0.192416,0.380409,0.872266,0.257211,1.45342,4.40681,0.176375,0,0.0224607,NBA,2,Delta,2,Second dose,0,G_NBA,G_0
1129_1,-6.62949,2.36536,-3.938,-3.8865,0.41626,3.09081,10.2986,1.39412,97,0.00522645,-6.66657,2.41273,-3.96594,-3.85925,0.438535,3.31424,10.605,1.41682,97,0.00988483,-6.62027,2.3374,-3.98243,-4.05919,0.496656,3.20841,10.942,1.42362,97,0.0032586,0.205443,0.233981,0.369705,0.495537,0.117456,1.96545,0.749149,0.13527,0,0.020127,NBA,3,Omicron,3,Boosted,0,G_NBA,G_0
3056_2,-6.69104,2.61167,-3.79096,-2.93284,1.26034,2.83001,7.08692,1.44359,97,0.00932979,-6.66516,2.61869,-3.8982,-3.06351,1.39994,2.50148,8.12107,1.47664,97,0.00994877,-6.67488,2.60334,-3.9173,-2.73763,1.2075,2.20286,6.34516,1.48162,97,0.00400526,0.188586,0.224664,0.366413,0.715785,0.701264,1.29231,6.05169,0.178878,0,0.0141281,NBA,2,Omicron,2,Second dose,0,G_NBA,G_0
556_1,-6.57223,2.25512,-3.99062,-5.25238,0.442571,2.68102,13.6291,1.47491,97,0.0090457,-6.61183,2.26568,-3.9958,-5.21213,0.40005,2.26259,12.6264,1.5073,97,0.0107823,-6.57073,2.25448,-3.95068,-4.99517,0.351406,2.16963,8.82571,1.48767,97,0.00379585,0.188071,0.213093,0.355279,0.865557,0.124774,1.05596,4.60113,0.157718,0,0.0145069,NBA,2,Omicron,3,Boosted,0,G_NBA,G_0
2910_1,-6.42759,2.48389,-4.04483,-5.38531,1.16864,2.18252,13.673,1.57834,97,0.0163685,-6.46074,2.55797,-4.09602,-5.18541,1.18133,2.53119,13.2539,1.51315,97,0.00832266,-6.54627,2.56935,-3.96552,-4.89395,1.18593,2.37491,10.0016,1.53604,97,0.00375472,0.189326,0.211696,0.373862,0.909991,0.155515,1.40291,4.57675,0.178542,0,0.014519,NBA,1,Omicron,2,Second dose,0,G_NBA,G_0
1234_2,-6.48545,2.45242,-3.90556,-4.80328,0.975636,2.63568,6.48597,1.51132,97,0.0171162,-6.55801,2.5611,-3.87685,-4.55242,1.03027,2.64423,7.16834,1.5028,97,0.0130624,-6.58587,2.5015,-3.93491,-4.47091,0.926633,2.56233,5.81537,1.52276,97,0.00335135,0.158602,0.196142,0.331867,0.728938,0.426356,1.04813,3.55837,0.167997,0,0.0287358,NBA,2,Omicron,3,Boosted,0,G_NBA,G_0
530_1,-6.6783,2.52791,-3.9912,-2.43445,1.00467,2.24716,9.03728,1.52476,97,0.0126067,-6.68735,2.53247,-3.77604,-2.48542,0.943066,2.72202,6.82934,1.51693,97,0.0132135,-6.70126,2.50246,-3.91568,-2.34545,0.804448,2.60623,4.13962,1.51479,97,0.0032634,0.168167,0.328974,0.40876,0.645519,0.456032,1.33531,4.74202,0.180005,0,0.0352191,NBA,1,Omicron,2,Second dose,0,G_NBA,G_0
531_1,-6.6931,2.0594,-4.02533,-4.76514,0.617313,2.18427,13.6658,1.37496,97,0.00978171,-6.72594,2.07717,-4.07526,-4.55814,0.538158,2.42878,14.5562,1.401,97,0.0105497,-6.76625,2.10342,-3.96471,-4.66876,0.633058,2.13769,10.5052,1.40245,97,0.00377432,0.186724,0.194508,0.38355,0.666871,0.195728,1.33063,4.37261,0.134901,0,0.0197553,NBA,3,Omicron,3,Boosted,0,G_NBA,G_0
2810_1,-6.65552,2.29305,-3.98444,-3.27551,0.37663,2.46138,14.2353,1.43044,97,0.00415688,-6.67144,2.29741,-3.87885,-3.24113,0.344598,2.37917,15.7457,1.48885,97,0.0118814,-6.69262,2.24361,-3.96341,-3.49789,0.40163,2.15203,10.5549,1.45861,97,0.00379961,0.179809,0.212679,0.357686,0.59137,0.128366,1.20873,6.83094,0.170399,0,0.0199779,NBA,2,Omicron,3,Boosted,0,G_NBA,G_0
625_1,-6.61138,1.9684,-3.91272,-6.05461,0.532054,2.38138,19.0598,1.45788,97,0.0102812,-6.60769,2.00352,-4.03102,-5.50328,0.434478,2.8289,16.2536,1.42972,97,0.0219155,-6.70236,2.0413,-3.97979,-5.39172,0.457253,2.51735,11.6838,1.4353,97,0.00327112,0.200302,0.235831,0.420703,0.764037,0.133555,1.57734,4.81249,0.18521,0,0.0721368,NBA,2,Omicron,3,Boosted,0,G_NBA,G_0
621_1,-6.57806,2.6398,-3.88221,-4.77494,1.08899,2.78006,15.0796,1.52068,97,0.0133583,-6.54078,2.53275,-4.02773,-4.87965,1.08945,2.7618,16.3494,1.53288,97,0.0142515,-6.5801,2.4904,-3.96618,-4.7996,1.07407,2.11655,10.4894,1.49386,97,0.00377536,0.168522,0.193256,0.383931,0.752135,0.23058,1.41498,7.74286,0.200867,0,0.0289411,NBA,2,Omicron,2,Second dose,0,G_NBA,G_0
289_1,-6.59462,2.59498,-3.95702,-2.7074,0.691017,2.35251,14.7691,1.4888,97,0.0108185,-6.61357,2.54343,-4.00952,-2.96161,0.71066,2.62493,14.6818,1.49611,97,0.0101145,-6.64268,2.48098,-3.94981,-2.96964,0.648708,2.3124,9.9967,1.48419,97,0.00418281,0.167451,0.183797,0.371702,0.456242,0.149775,1.62137,6.84108,0.195139,0,0.0158654,NBA,1,Omicron,2,Second dose,0,G_NBA,G_0
2175_1,-6.64492,2.43834,-3.93119,-4.04554,0.986569,2.23686,8.18385,1.46024,97,0.00559072,-6.64327,2.42276,-3.91655,-4.12242,0.922207,2.42489,8.25471,1.50538,97,0.00708399,-6.68095,2.42099,-3.90194,-3.84228,0.770034,1.91144,6.00351,1.47333,97,0.00358237,0.180227,0.202751,0.363329,1.02106,0.422012,1.11799,3.80777,0.168392,0,0.00970854,NBA,1,Omicron,3,Boosted,0,G_NBA,G_0
890_1,-6.58964,2.40493,-3.87397,-4.59979,1.0511,3.05527,10.0657,1.42572,97,0.0154625,-6.63206,2.39827,-3.98367,-4.56703,0.998473,2.8859,10.0703,1.47275,97,0.0131992,-6.67645,2.36977,-3.9832,-4.46375,0.957655,2.72626,7.9857,1.47108,97,0.00415292,0.182798,0.210953,0.409623,0.927932,0.266752,1.40506,5.36039,0.13819,0,0.0272067,NBA,2,Omicron,3,Boosted,0,G_NBA,G_0
423_1,-6.83374,2.20445,-3.92221,-6.37051,0.765242,2.42976,6.89804,1.50286,97,0.0179666,-6.77219,2.1422,-3.97344,-6.27582,0.732139,2.34421,6.76302,1.4632,97,0.0162635,-6.74594,2.08104,-3.92261,-6.23275,0.645543,2.18204,6.40856,1.43503,97,0.00366676,0.1533,0.180834,0.366499,0.678109,0.316876,1.11638,1.33726,0.138414,0,0.041405,NBA,2,Omicron,3,Boosted,0,G_NBA,G_0
1662_1,-6.60476,2.39557,-3.96579,-3.82352,0.669899,2.16831,19.7042,1.50991,97,0.0101861,-6.5679,2.44936,-4.07802,-3.40448,0.607631,2.1968,19.2395,1.5164,97,0.00932034,-6.64224,2.41423,-3.9695,-3.40256,0.581875,2.01902,13.9844,1.50592,97,0.00339707,0.200485,0.215621,0.366351,0.727212,0.141661,1.37983,6.01529,0.178031,0,0.013538,NBA,1,Omicron,2,Second dose,0,G_NBA,G_0
1386_1,-6.67325,2.12834,-3.89644,-6.04931,0.643687,2.31087,14.4705,1.42463,97,0.00582283,-6.63117,2.11173,-3.97301,-5.83168,0.580246,2.4475,16.5353,1.42231,97,0.0110491,-6.67694,2.12305,-3.96087,-5.97395,0.573994,2.25207,8.98675,1.44564,97,0.00381964,0.149675,0.17703,0.394061,0.714339,0.169704,1.40001,9.54296,0.154197,0,0.0138676,NBA,3,Delta,2,Second dose,0,G_NBA,G_0
589_2,-6.62798,2.27783,-3.86334,-3.87806,0.568116,3.19012,5.45435,1.46309,97,0.00762701,-6.62937,2.29638,-3.88324,-3.78382,0.617229,3.06497,6.20586,1.46633,97,0.0149595,-6.68851,2.25259,-3.89224,-3.87964,0.519818,2.88012,5.10608,1.46058,97,0.00355915,0.207996,0.242989,0.395944,0.771773,0.453915,1.7628,4.50826,0.16463,0,0.0587202,NBA,2,Omicron,3,Boosted,0,G_NBA,G_0
36_1,-6.49212,2.38593,-3.95432,-5.47972,0.87412,3.37899,7.78807,1.52536,97,0.0129709,-6.4969,2.39696,-3.88089,-5.49571,0.938542,2.83204,8.1326,1.49079,97,0.00654526,-6.57972,2.4237,-3.9513,-5.28512,0.93159,3.34041,7.79178,1.49187,97,0.00369921,0.201743,0.196153,0.359727,0.844172,0.238703,2.02033,4.14909,0.159862,0,0.0139931,NBA,1,Omicron,2,Second dose,0,G_NBA,G_0
2673_1,-6.62405,2.46935,-3.89753,-2.59836,0.308812,2.15774,15.4388,1.50105,97,0.0252223,-6.60437,2.26156,-3.94577,-3.17045,0.375985,2.24561,17.4093,1.52447,97,0.0114098,-6.6813,2.27607,-4.0015,-3.12524,0.351404,2.01975,15.5266,1.46399,97,0.00369166,0.156147,0.231917,0.380162,0.50901,0.106234,1.23914,6.19214,0.186413,0,0.0253434,NBA,1,Delta,2,Second dose,0,G_NBA,G_0
2649_2,-6.64349,2.55397,-4.02585,-3.23228,0.970767,2.90133,14.0801,1.47183,97,0.0106244,-6.63685,2.58625,-3.9833,-3.26952,1.13073,2.39143,14.9077,1.50066,97,0.0083526,-6.69206,2.46418,-3.94656,-3.43175,1.06539,2.15312,10.5667,1.46749,97,0.00379961,0.177917,0.214163,0.41725,0.931279,0.450025,1.1903,7.94011,0.2074,0,0.0198655,NBA,2,Omicron,2,Second dose,0,G_NBA,G_0
623_1,-6.63576,2.14445,-3.95745,-5.78142,0.732222,2.34183,10.3302,1.43598,97,0.00597905,-6.67409,2.14803,-3.98311,-5.84293,0.708643,2.10894,9.23788,1.45609,97,0.00701819,-6.68783,2.17437,-3.96181,-5.5263,0.753542,2.18403,9.28567,1.43754,97,0.00394084,0.161682,0.184281,0.327477,0.899702,0.252125,1.04542,3.9824,0.171914,0,0.0118086,NBA,1,Omicron,2,Second dose,0,G_NBA,G_0
268_1,-6.68762,2.02956,-3.9151,-5.86489,0.580849,2.44574,18.0738,1.41894,97,0.0236029,-6.6484,2.01454,-3.98426,-5.82751,0.572168,2.44944,21.1556,1.41695,97,0.00879392,-6.71475,2.09674,-3.99916,-5.5078,0.584604,2.31758,14.9377,1.42419,97,0.00360874,0.192884,0.227397,0.387228,0.767659,0.107938,1.03509,8.12275,0.192642,0,0.027671,NBA,3,Omicron,3,Boosted,0,G_NBA,G_0
2537_1,-6.50975,2.47432,-4.01497,-4.99981,1.04548,2.31769,12.6229,1.4319,97,0.00736368,-6.51409,2.36863,-3.93963,-5.63968,1.11185,2.49481,13.0882,1.58076,97,0.00685956,-6.59058,2.4421,-3.94799,-5.14969,1.09822,2.28679,9.59884,1.48627,97,0.00364986,0.199367,0.22384,0.380316,0.902346,0.21407,1.38392,4.85443,0.160689,0,0.00961097,NBA,1,Omicron,2,Second dose,0,G_NBA,G_0
2498_1,-6.6856,2.54498,-3.91125,-3.68206,2.07866,2.81409,11.4088,1.4357,97,0.00927275,-6.65946,2.52621,-3.93124,-3.19526,1.27263,2.92917,6.75605,1.36488,97,0.00657228,-6.6985,2.47904,-3.88491,-3.17264,1.03954,2.9104,3.00445,1.41987,97,0.00349706,0.161989,0.230132,0.398886,0.504336,0.744224,1.26011,5.74498,0.108556,0,0.0118038,NBA,1,Omicron,2,Second dose,0,G_NBA,G_0
747_1,-6.51606,2.67978,-3.91724,-4.92776,1.31308,2.28249,11.9484,1.50721,97,0.0153264,-6.54652,2.61996,-3.99761,-5.46489,1.49945,2.37977,12.5756,1.49921,97,0.00731319,-6.55295,2.56368,-3.97049,-5.43164,1.5509,2.09976,10.5227,1.51245,97,0.0037822,0.155243,0.1831,0.331119,0.842925,0.256246,1.16779,5.51495,0.175067,0,0.0148888,NBA,2,Delta,3,Boosted,0,G_NBA,G_0
2219_1,-6.67678,2.32021,-3.90044,-5.53066,0.714181,2.11669,15.5352,1.43581,97,0.0125058,-6.63897,2.26206,-4.0456,-5.59861,0.69747,2.36172,16.6346,1.4197,97,0.0312504,-6.62921,2.27472,-3.9547,-5.53545,0.730165,2.16779,10.5876,1.40925,97,0.00381057,0.157097,0.194425,0.379296,0.73397,0.153101,1.41474,9.2294,0.144251,0,0.15607,NBA,2,Omicron,3,Boosted,0,G_NBA,G_0
123_1,-6.48598,2.67016,-3.97872,-3.94015,0.477421,2.56722,14.4072,1.49738,97,0.00734523,-6.44596,2.4655,-3.88422,-4.4804,0.495146,2.43911,15.4037,1.54576,97,0.00980639,-6.50491,2.4865,-3.96561,-4.47889,0.511423,2.08794,11.8801,1.52829,97,0.00386761,0.166925,0.185893,0.355382,0.590033,0.126771,1.10483,5.61814,0.18584,0,0.0158403,NBA,2,Delta,2,Second dose,0,G_NBA,G_0
2325_1,-6.68355,2.10123,-4.03357,-5.65561,0.597866,2.03741,15.5802,1.49768,97,0.0323839,-6.67393,2.12173,-4.06479,-5.27417,0.55543,2.29941,16.0375,1.46677,97,0.00982323,-6.71186,2.10829,-3.96549,-5.25495,0.591491,2.17993,10.9937,1.46324,97,0.00370142,0.15808,0.193479,0.37093,0.846996,0.176114,0.993852,5.75489,0.17388,0,0.015284,NBA,3,Omicron,2,Second dose,0,G_NBA,G_0
322_2,-6.82639,2.09431,-4.06115,-3.9663,0.518598,1.78988,7.10921,1.44072,97,0.0135967,-6.78298,2.07789,-4.01847,-4.0653,0.646179,2.28114,8.15465,1.44745,97,0.00788169,-6.79894,2.08589,-3.94353,-3.95004,0.491753,1.85008,6.92472,1.41673,97,0.00466927,0.160636,0.173959,0.356815,0.459401,0.295517,1.41801,2.62542,0.172386,0,0.0118244,NBA,1,Omicron,2,Second dose,0,G_NBA,G_0
539_2,-6.77927,1.8862,-4.0874,-6.19773,0.584227,2.33329,15.4505,1.42829,97,0.0133343,-6.77451,1.87342,-4.0251,-6.21333,0.54927,2.18407,15.8968,1.43543,97,0.00843251,-6.81312,1.89503,-3.97091,-6.21422,0.620078,2.27019,10.6033,1.45727,97,0.00368093,0.205252,0.218507,0.406001,0.731579,0.176811,1.17598,6.9744,0.172723,0,0.0153389,NBA,2,Omicron,3,Boosted,0,G_NBA,G_0
1807_1,-6.66097,2.29046,-4.04771,-5.25531,0.973597,2.53999,15.375,1.45689,97,0.00601852,-6.66868,2.32937,-3.95622,-5.24727,0.955635,2.23539,14.3308,1.42759,97,0.0102623,-6.67165,2.28916,-3.96511,-5.35361,1.08603,2.13988,10.604,1.44483,97,0.00388689,0.194068,0.21275,0.402492,0.985644,0.247171,1.08008,6.81077,0.170195,0,0.0168701,NBA,2,Omicron,2,Second dose,0,G_NBA,G_0
3058_2,-6.57973,2.35495,-4.04894,-3.8246,0.605593,2.73885,13.8649,1.52814,97,0.0155423,-6.56555,2.4553,-3.909,-3.42939,0.507373,2.31588,13.6363,1.51164,97,0.00650769,-6.63445,2.36506,-3.97747,-3.62848,0.51021,2.21472,10.9054,1.48567,97,0.00348899,0.19598,0.224557,0.427219,0.517058,0.214765,1.14329,8.65605,0.197499,0,0.00944168,NBA,1,Omicron,3,Boosted,0,G_NBA,G_0
2626_1,-6.77483,2.19955,-3.91753,-6.19013,0.460105,2.39686,14.7652,1.42133,97,0.0122051,-6.71365,2.14818,-4.02418,-6.2234,0.434921,2.11891,15.1656,1.42848,97,0.0114726,-6.72999,2.1171,-3.99469,-6.28662,0.443623,1.93656,11.9461,1.43969,97,0.00354364,0.157396,0.147237,0.351996,0.674235,0.110902,1.14985,5.36111,0.150124,0,0.0279158,NBA,2,Omicron,3,Boosted,0,G_NBA,G_0
2378_1,-6.67955,2.14525,-3.87763,-6.17944,0.694659,2.03727,13.7818,1.47294,97,0.0105775,-6.66673,2.15877,-3.95232,-6.05531,0.658967,2.74595,13.4823,1.41719,97,0.0142858,-6.68203,2.14829,-3.93519,-5.97559,0.660123,2.36201,9.28426,1.45793,97,0.00332498,0.158286,0.195073,0.430057,0.712718,0.164936,1.89753,4.95813,0.160832,0,0.0268221,NBA,2,Omicron,3,Boosted,0,G_NBA,G_0
403_1,-6.77086,1.92551,-3.97082,-4.61192,0.41112,2.73059,14.5287,1.41584,97,0.0160877,-6.834,1.98137,-3.97981,-4.73581,0.48174,2.53548,15.0889,1.41174,97,0.00807121,-6.81339,1.95205,-3.96401,-4.69808,0.445472,2.15204,10.5556,1.41341,97,0.00379872,0.17077,0.179569,0.386856,0.41215,0.198991,1.23253,6.87939,0.148564,0,0.0124009,NBA,2,Omicron,3,Boosted,0,G_NBA,G_0
882_1,-6.53515,2.57359,-3.88869,-3.02737,0.801336,2.63977,12.0715,1.53701,97,0.0151353,-6.57473,2.56733,-3.95835,-2.95689,0.732699,2.28253,12.1569,1.51354,97,0.0126591,-6.62034,2.52265,-3.96121,-3.04448,0.710332,2.14172,10.5621,1.50675,97,0.0037098,0.1608,0.23753,0.40335,0.613178,0.283334,1.23371,6.21373,0.162601,0,0.0335062,NBA,2,Delta,2,Second dose,0,G_NBA,G_0
1313_1,-6.77874,1.85277,-4.00244,-5.90474,0.745406,2.25493,16.0721,1.45987,97,0.00700049,-6.76389,1.83056,-3.91802,-5.66799,0.65357,2.36668,15.6605,1.45614,97,0.0123632,-6.84577,1.9014,-3.97405,-5.28117,0.612495,2.16917,10.584,1.42924,97,0.00410484,0.15422,0.160406,0.342846,0.866759,0.270768,1.08911,8.85985,0.153888,0,0.0311761,NBA,2,Omicron,3,Boosted,0,G_NBA,G_0
1967_1,-6.64098,2.50945,-3.94924,-3.13023,0.639903,2.20482,8.29983,1.54539,97,0.0107905,-6.60654,2.53377,-3.94171,-3.08222,0.71865,2.39336,10.1062,1.46884,97,0.0104137,-6.64664,2.45329,-3.93682,-3.21074,0.680907,2.30127,7.93991,1.4877,97,0.00403556,0.195994,0.211428,0.335182,0.492541,0.224739,1.08354,5.54815,0.171735,0,0.0160922,NBA,2,Omicron,3,Boosted,0,G_NBA,G_0
401_2,-6.58537,2.41573,-3.84364,-5.31881,1.61134,2.6897,7.35993,1.47842,97,0.00576768,-6.64059,2.56088,-3.89437,-5.60502,2.54567,2.44402,11.5616,1.49519,97,0.00847865,-6.62239,2.49591,-3.9697,-5.56671,2.74507,2.15598,10.5554,1.47025,97,0.00378314,0.183276,0.229606,0.452646,1.15785,0.587424,1.01178,6.72611,0.1403,0,0.014913,NBA,1,Omicron,2,Second dose,0,G_NBA,G_0
2273_2,-6.76537,2.10182,-3.90491,-6.25521,1.70023,2.10015,8.29941,1.37066,97,0.00791318,-6.71253,2.00653,-3.87365,-6.30425,1.30605,1.94397,7.52799,1.41913,97,0.0097358,-6.79817,2.06508,-3.85451,-5.71076,1.05987,1.74169,4.12697,1.45534,97,0.00323913,0.149265,0.142287,0.382995,1.03231,0.800352,0.757745,7.0855,0.164704,0,0.0237296,NBA,1,Omicron,3,Boosted,0,G_NBA,G_0
2105_1,-6.88455,1.75883,-4.18251,-6.12379,0.412172,2.41236,15.2883,1.45578,97,0.019905,-6.80469,1.67148,-3.95341,-6.56711,0.505757,2.27867,15.2121,1.49027,97,0.00654352,-6.84397,1.71917,-3.97202,-6.10895,0.408719,2.16057,12.5918,1.46379,97,0.0042243,0.164606,0.166715,0.336226,0.709191,0.154076,1.07573,4.02486,0.164669,0,0.0127298,NBA,1,Delta,2,Second dose,0,G_NBA,G_0
2736_1,-6.50358,2.44839,-3.93231,-5.10449,1.11327,2.70693,16.899,1.48465,97,0.015084,-6.54482,2.47295,-4.03692,-5.00879,1.15388,2.41985,15.6234,1.52632,97,0.00937659,-6.60421,2.46289,-3.96319,-4.8896,1.15198,2.28022,10.5595,1.48604,97,0.00359842,0.166268,0.185519,0.335198,0.76158,0.193625,1.32356,7.03401,0.14638,0,0.0151676,NBA,1,Delta,2,Second dose,0,G_NBA,G_0
1570_1,-6.6547,2.39277,-3.96492,-5.80467,0.892351,2.05111,7.76712,1.46111,97,0.00955155,-6.60256,2.36436,-4.00668,-5.9878,0.913222,2.42051,7.81806,1.45822,97,0.0152796,-6.67471,2.26491,-3.93151,-6.00515,0.859092,2.22113,6.71313,1.44391,97,0.00389116,0.20142,0.192122,0.348854,0.862951,0.278125,1.10179,3.73103,0.185703,0,0.0394289,NBA,3,Delta,2,Second dose,0,G_NBA,G_0
1008_2,-6.66947,2.08998,-3.95036,-5.49121,0.633362,3.78794,7.5826,1.44691,97,0.0135532,-6.68106,2.04937,-3.9517,-5.83565,0.697254,4.01198,7.76261,1.51788,97,0.0105379,-6.71886,2.09254,-3.94202,-5.48913,0.662233,4.02032,7.58688,1.47284,97,0.00366506,0.155616,0.170408,0.388847,0.722712,0.286505,2.03252,2.1507,0.208305,0,0.0190047,NBA,2,Omicron,3,Boosted,0,G_NBA,G_0
1119_1,-6.68968,2.15984,-4.04005,-5.88956,0.52296,2.43765,14.6818,1.4608,97,0.0117801,-6.66382,2.15678,-4.03067,-5.94634,0.514028,2.36674,12.8904,1.40742,97,0.0181547,-6.67734,2.14923,-3.96485,-5.8623,0.556663,2.15199,10.5567,1.41324,97,0.00379861,0.170367,0.195836,0.393672,0.667166,0.15573,1.24573,5.09892,0.166985,0,0.0509666,NBA,2,Omicron,3,Boosted,0,G_NBA,G_0
795_1,-6.71798,2.0708,-3.94424,-5.23446,0.660657,2.41648,17.1245,1.43621,97,0.00775839,-6.68294,2.05341,-4.05406,-5.49349,0.736997,2.2629,17.9349,1.42159,97,0.0128142,-6.7395,2.07064,-3.99888,-5.15529,0.694428,2.20204,12.5158,1.4348,97,0.00462645,0.182943,0.189455,0.394614,1.09015,0.249736,1.1534,7.04156,0.152121,0,0.0210028,NBA,1,Omicron,0,Unvaccinated,0,G_NBA,G_0
454_1,-6.50478,2.60307,-3.90434,-4.50103,0.823419,2.50824,12.7842,1.49903,97,0.0100465,-6.4888,2.54206,-3.92069,-4.54859,0.762762,2.49078,11.4684,1.54085,97,0.00807436,-6.54514,2.52875,-3.96938,-4.44226,0.746337,2.3019,10.3583,1.52469,97,0.00377751,0.172287,0.226215,0.414134,0.628245,0.197262,1.10237,4.09596,0.148793,0,0.0131731,NBA,1,Omicron,3,Boosted,0,G_NBA,G_0
608_1,-6.74931,2.05819,-3.86955,-6.32863,0.492013,2.38139,11.6301,1.46261,97,0.00511787,-6.70933,2.03362,-4.01996,-6.3159,0.428645,2.21922,8.75495,1.46044,97,0.00650352,-6.75442,2.04723,-3.94212,-6.29155,0.419505,2.20379,7.73453,1.44904,97,0.00381441,0.155284,0.190938,0.366913,0.609756,0.155182,1.23836,2.84303,0.153363,0,0.00983391,NBA,1,Omicron,3,Boosted,0,G_NBA,G_0
2504_1,-6.6237,2.38158,-3.86684,-4.17356,0.464867,2.2725,16.7086,1.45246,97,0.00731143,-6.61955,2.27238,-3.91477,-4.43151,0.478082,2.2659,15.7425,1.47142,97,0.0091644,-6.64104,2.27689,-3.97283,-4.37729,0.477302,2.22674,10.9898,1.47295,97,0.00361914,0.19312,0.191661,0.471221,0.587615,0.146182,1.01583,6.57024,0.166041,0,0.0185254,NBA,1,Omicron,3,Boosted,0,G_NBA,G_0
456_1,-6.69603,2.17363,-3.86432,-4.55642,0.526672,2.40348,15.6602,1.5106,97,0.0106307,-6.68769,2.20263,-3.97546,-4.22302,0.417398,2.43324,15.6119,1.48112,97,0.010824,-6.69776,2.17428,-3.9613,-4.38261,0.464998,2.17017,10.5612,1.45564,97,0.00379651,0.173776,0.24837,0.392491,0.639438,0.160271,1.39301,5.80782,0.172779,0,0.0181792,NBA,2,Omicron,2,Second dose,0,G_NBA,G_0
545_1,-6.49747,2.38489,-3.94421,-4.76724,0.680089,2.5759,9.34038,1.50956,97,0.0101677,-6.51162,2.40264,-3.89985,-4.45626,0.592881,2.98102,9.17438,1.5834,97,0.00916271,-6.57308,2.41839,-3.96956,-4.38469,0.578925,2.83938,9.26069,1.50634,97,0.00340675,0.171572,0.153022,0.457102,0.631956,0.193045,1.52472,0.952478,0.215618,0,0.0125807,NBA,2,Omicron,3,Boosted,0,G_NBA,G_0
904_1,-6.73102,1.86791,-3.91512,-7.17662,0.928569,1.92791,10.6114,1.53803,97,0.0057626,-6.78886,1.95106,-3.95802,-6.31323,0.88554,2.17622,13.097,1.44726,97,0.0105847,-6.80371,1.96725,-3.95734,-6.64777,1.17817,2.32693,10.5318,1.51081,97,0.00350817,0.161617,0.170103,0.397532,0.833193,0.389464,1.1652,6.53956,0.16674,0,0.0190756,NBA,2,Omicron,3,Boosted,0,G_NBA,G_0
2871_1,-6.57282,2.28679,-3.83926,-4.72497,0.64272,2.73112,8.61385,1.49895,97,0.00946393,-6.60309,2.34904,-3.93255,-4.28828,0.436365,1.93919,7.148,1.48405,97,0.0137835,-6.58814,2.32644,-3.94062,-4.18443,0.413204,2.2543,7.78031,1.48572,97,0.00357945,0.150655,0.191078,0.378001,0.525931,0.155675,0.664549,1.21992,0.167576,0,0.0259931,NBA,1,Omicron,2,Second dose,0,G_NBA,G_0
2371_1,-6.61844,2.14147,-4.06508,-5.21873,0.469227,1.99642,13.4927,1.47165,97,0.0119097,-6.63545,2.20318,-3.9861,-5.10639,0.438091,2.16282,14.9907,1.40544,97,0.0127178,-6.64873,2.16932,-3.96576,-5.05484,0.417594,2.01935,9.93597,1.43863,97,0.00373796,0.153373,0.161514,0.385125,0.725414,0.136912,1.11017,5.94612,0.144897,0,0.02779,NBA,1,Delta,-1,No record,0,G_NBA,G_0
2040_2,-6.80406,1.75877,-4.03118,-6.34997,0.909731,2.12479,14.7227,1.54607,97,0.00769622,-6.80407,1.76966,-3.89279,-5.66737,0.523794,2.28961,12.8217,1.48083,97,0.00843336,-6.86665,1.82103,-3.96446,-5.19652,0.455565,2.15202,10.5561,1.46582,97,0.00379882,0.142384,0.167915,0.377455,0.954207,0.247132,1.05661,6.40435,0.175805,0,0.0143059,NBA,2,Omicron,3,Boosted,0,G_NBA,G_0
631_2,-6.71743,2.07625,-3.91527,-3.85122,0.407647,2.25794,12.4198,1.44291,97,0.0198923,-6.7554,2.13568,-3.94776,-3.75714,0.4442,2.47047,13.5936,1.45505,97,0.0152573,-6.76397,2.09771,-3.96383,-3.70345,0.376958,2.14928,10.5515,1.4445,97,0.0038048,0.177612,0.222991,0.482711,0.695966,0.211168,1.4516,6.63775,0.167647,0,0.0403068,NBA,2,Omicron,3,Boosted,0,G_NBA,G_0
2056_1,-6.62558,2.40162,-3.9573,-4.50875,0.742311,2.17134,13.2254,1.4648,97,0.00934962,-6.62061,2.36593,-3.9562,-4.56102,0.768287,2.30843,14.0451,1.4798,97,0.0121653,-6.64711,2.34163,-3.96543,-4.47878,0.716105,2.10797,10.5827,1.47479,97,0.00331118,0.168702,0.189765,0.385298,0.858362,0.312261,1.25717,5.88544,0.200143,0,0.0173631,NBA,2,Omicron,3,Boosted,0,G_NBA,G_0
2439_1,-6.91291,1.92653,-3.86319,-3.50366,0.399858,3.05363,8.98483,1.4452,97,0.0140985,-6.82752,2.03456,-3.94034,-3.22089,0.394738,2.57089,8.70069,1.39775,97,0.0105663,-6.92207,1.88843,-3.95128,-3.68453,0.448116,2.57546,8.85891,1.43152,97,0.00390396,0.167386,0.285981,0.37201,0.907283,0.213827,1.12189,1.4821,0.178523,0,0.0322094,NBA,1,Omicron,2,Second dose,0,G_NBA,G_0
305_1,-6.57606,2.33534,-3.9884,-4.91321,0.610891,2.50214,9.16839,1.4682,97,0.00871551,-6.58947,2.33809,-3.9964,-4.92148,0.62296,2.05089,9.48735,1.48003,97,0.0106423,-6.62826,2.28333,-3.95379,-4.79555,0.560316,1.90535,8.74796,1.46284,97,0.00376166,0.175811,0.222,0.427772,0.718213,0.220677,1.02421,3.72703,0.174352,0,0.0190203,NBA,3,Omicron,3,Boosted,0,G_NBA,G_0
1368_1,-6.67891,2.18368,-3.94859,-4.26391,0.578745,3.01793,12.8076,1.42718,97,0.00883637,-6.72849,2.09824,-3.9103,-4.67251,0.652284,2.48896,12.866,1.46672,97,0.0114984,-6.85175,1.96778,-4.00963,-4.66685,0.581451,2.26739,11.014,1.49152,97,0.00320514,0.198036,0.306816,0.351236,1.35338,0.40703,1.25297,6.13423,0.171822,0,0.0210864,NBA,2,Omicron,3,Boosted,0,G_NBA,G_0
1886_1,-6.62888,2.36808,-3.99444,-6.05993,0.594358,1.77385,13.2197,1.43199,97,0.017536,-6.64414,2.37032,-3.98854,-6.08961,0.575596,2.17897,13.439,1.48682,97,0.00880819,-6.66236,2.38691,-3.96377,-6.03302,0.659571,2.12799,10.3374,1.44742,97,0.00375844,0.163236,0.164992,0.40543,0.586409,0.156164,1.49096,6.76403,0.172762,0,0.0136364,NBA,2,Omicron,3,Boosted,0,G_NBA,G_0
906_1,-6.62231,2.57533,-3.99235,-2.99423,0.696646,2.04494,10.0855,1.51589,97,0.0120395,-6.62808,2.56397,-4.00971,-3.06662,0.767928,2.23491,11.6942,1.53133,97,0.00844698,-6.62266,2.48857,-3.96116,-3.11935,0.722089,2.00687,8.7702,1.53037,97,0.00366513,0.160834,0.219662,0.403947,0.467172,0.238259,1.61489,5.64818,0.161334,0,0.0103353,NBA,2,Omicron,3,Boosted,0,G_NBA,G_0
2920_2,-6.70693,2.04742,-4.0312,-5.55324,0.715539,2.3382,17.3443,1.41312,97,0.0164323,-6.74394,2.0663,-3.96831,-6.00819,0.834958,2.41516,16.7874,1.42578,97,0.0134251,-6.72906,2.05013,-3.98662,-5.6782,0.805868,2.17988,12.0099,1.4547,97,0.00323345,0.153587,0.152937,0.417749,0.713041,0.17652,1.3036,4.98135,0.162617,0,0.0433206,NBA,1,Omicron,2,Second dose,0,G_NBA,G_0
3020_1,-6.8874,1.82972,-3.95915,-6.69836,0.684573,2.23968,15.3097,1.44308,97,0.00806099,-6.88123,1.8038,-3.99172,-6.72868,0.594148,2.24742,15.0248,1.47065,97,0.0171385,-6.86656,1.78585,-3.95283,-6.44359,0.559475,2.33063,10.8617,1.47111,97,0.00351015,0.102673,0.104578,0.339818,0.687361,0.178656,1.00107,5.57595,0.145423,0,0.0413592,NBA,2,Omicron,3,Boosted,0,G_NBA,G_0
1705_1,-6.51766,2.50554,-4.0117,-5.82901,0.94633,2.32801,18.7443,1.50587,97,0.00882992,-6.5162,2.52759,-3.92879,-5.72892,0.934139,2.32018,14.1725,1.51242,97,0.0143622,-6.57895,2.52074,-3.9645,-5.75133,1.01287,2.15408,10.631,1.48705,97,0.00371952,0.208065,0.223504,0.46099,0.747666,0.190281,1.31479,6.17336,0.174522,0,0.0367177,NBA,2,Delta,2,Second dose,0,G_NBA,G_0
312_1,-6.75493,2.05515,-3.80525,-6.11818,0.717709,2.2002,12.68,1.43915,97,0.00992142,-6.70206,2.0029,-3.94398,-6.51833,0.72188,2.17935,11.8678,1.42512,97,0.00974598,-6.76821,2.07363,-3.96528,-6.2914,0.854817,2.15093,10.5545,1.42373,97,0.00380663,0.154428,0.160402,0.404904,0.62674,0.225905,1.27326,6.04141,0.16736,0,0.0175139,NBA,3,Omicron,3,Boosted,0,G_NBA,G_0
2468_1,-6.46702,2.25206,-4.01969,-5.33647,0.635999,2.27662,14.8393,1.52009,97,0.0112114,-6.54771,2.31935,-4.00225,-5.08621,0.59843,2.25619,14.0019,1.50385,97,0.0100649,-6.59848,2.33672,-3.96958,-5.03841,0.638509,2.20136,10.6255,1.47961,97,0.00377146,0.188765,0.193398,0.322572,0.606972,0.158309,1.39088,4.87465,0.18591,0,0.0178441,NBA,1,Omicron,3,Boosted,0,G_NBA,G_0
2406_1,-6.72763,2.50765,-3.86057,-1.83586,0.597899,3.03948,7.12695,1.50397,97,0.0174876,-6.64949,2.49565,-3.97512,-1.73131,0.539369,2.99046,5.8642,1.52182,97,0.00875203,-6.69363,2.42526,-3.86411,-1.95138,0.447006,2.67141,4.00181,1.49146,97,0.00349232,0.164545,0.295649,0.425982,0.66534,0.245338,1.59432,3.18976,0.147462,0,0.0123566,NBA,2,Omicron,2,Second dose,0,G_NBA,G_0
2765_2,-6.75644,2.18914,-3.79953,-5.00915,1.05504,2.50818,11.9996,1.44659,97,0.00588719,-6.67577,2.11968,-3.85429,-5.18259,1.03391,2.22413,12.0244,1.4058,97,0.00929084,-6.75617,2.19785,-3.97682,-4.54606,0.930536,2.1016,10.585,1.41756,97,0.00376324,0.183046,0.203006,0.457086,1.04461,0.453501,1.17076,7.23542,0.160278,0,0.0140813,NBA,2,Omicron,2,Second dose,0,G_NBA,G_0
169_2,-6.70378,1.99967,-3.88356,-6.26121,1.28647,2.80292,8.55456,1.5343,97,0.0154546,-6.69591,1.99138,-3.91243,-5.87917,1.06952,2.72714,8.04932,1.4353,97,0.00864006,-6.79779,2.06425,-3.93727,-5.30668,0.880942,2.50327,6.51289,1.44209,97,0.00397383,0.147138,0.164828,0.45187,1.22315,0.586663,1.06708,3.5008,0.17226,0,0.017274,NBA,1,Omicron,0,Unvaccinated,0,G_NBA,G_0
1902_1,-6.59366,2.30317,-3.99999,-5.06021,0.783423,2.21607,14.0141,1.4755,97,0.00958029,-6.64266,2.33457,-4.00292,-5.11714,0.845535,2.58377,15.0537,1.46188,97,0.00976557,-6.64139,2.32432,-3.96536,-5.30359,0.96943,2.15349,10.5597,1.46424,97,0.00375482,0.160938,0.211722,0.371956,0.913584,0.259278,1.55528,7.55714,0.147328,0,0.018311,NBA,2,Omicron,3,Boosted,0,G_NBA,G_0
1044_1,-6.67359,2.48609,-3.92566,-4.13063,1.10562,1.94332,9.5947,1.47122,97,0.00958819,-6.60964,2.46742,-4.02155,-4.17384,1.18442,2.69695,10.7549,1.47813,97,0.00565046,-6.64487,2.44673,-3.98965,-3.98424,1.10878,2.4585,6.9667,1.49907,97,0.00388782,0.218485,0.256248,0.361154,0.773638,0.395123,1.40886,6.34136,0.178998,0,0.00639662,NBA,1,Omicron,2,Second dose,0,G_NBA,G_0
781_1,-6.56285,2.46074,-3.84047,-3.22259,0.787813,2.67128,13.0241,1.48886,97,0.00532819,-6.58697,2.5932,-3.96268,-3.01583,0.7864,2.49029,14.7996,1.51347,97,0.010866,-6.63986,2.48485,-3.96687,-3.16249,0.742271,2.26924,10.0023,1.50445,97,0.00414589,0.178271,0.249959,0.397284,0.633748,0.169331,1.34782,7.25139,0.179235,0,0.0229593,NBA,1,Omicron,3,Boosted,0,G_NBA,G_0
1401_1,-6.65097,2.46972,-3.98805,-3.21702,0.539211,2.93526,23.918,1.49486,97,0.00517085,-6.63672,2.44107,-4.02898,-3.14301,0.510814,2.49628,23.0431,1.4981,97,0.0105352,-6.65079,2.38278,-3.97346,-3.21574,0.498302,2.31724,15.0123,1.49963,97,0.00308861,0.159856,0.258848,0.453691,0.585246,0.119041,1.30377,8.19251,0.181692,0,0.0254885,NBA,1,Delta,2,Second dose,0,G_NBA,G_0
2479_1,-6.65644,2.46645,-3.94059,-2.85816,0.52599,3.0735,8.16361,1.45181,97,0.0109327,-6.71957,2.3095,-3.91835,-3.58751,0.683356,2.43326,8.53551,1.43402,97,0.0117825,-6.72929,2.2873,-3.9175,-3.48832,0.62996,2.2604,7.77917,1.44089,97,0.00417876,0.191679,0.243743,0.459176,0.553711,0.244227,1.35946,2.72081,0.160052,0,0.0230144,NBA,2,Omicron,3,Boosted,0,G_NBA,G_0
3054_1,-6.64492,2.25871,-3.9885,-4.24463,0.658772,2.53191,14.5368,1.39324,97,0.0141584,-6.64008,2.25969,-3.96952,-3.97444,0.58499,2.42196,14.1326,1.38374,97,0.0171517,-6.69601,2.27515,-3.96017,-4.0538,0.618684,2.19256,10.6436,1.4143,97,0.00380483,0.154894,0.182996,0.453442,0.509217,0.234995,1.27739,6.28268,0.16072,0,0.0489032,NBA,2,Omicron,2,Second dose,0,G_NBA,G_0
432_1,-6.59601,2.25127,-3.86623,-5.21372,1.26301,2.6172,10.5849,1.42403,97,0.0128349,-6.67672,2.33216,-3.99497,-4.74154,1.10594,2.39835,8.02343,1.46836,97,0.0110952,-6.68654,2.31131,-3.93244,-4.54561,0.998606,2.40652,6.30411,1.44344,97,0.00375111,0.167324,0.175242,0.347761,0.996125,0.464201,1.0716,5.13042,0.1492,0,0.0152268,NBA,1,Omicron,2,Second dose,0,G_NBA,G_0
342_1,-6.58609,2.67728,-3.99038,-4.29701,1.57769,2.18508,13.64,1.56745,97,0.0118553,-6.54813,2.61163,-3.981,-4.07582,1.41258,2.16574,12.9571,1.50248,97,0.018069,-6.58231,2.59616,-3.94906,-4.22753,1.54287,2.05843,10.3118,1.48472,97,0.00424072,0.189624,0.227804,0.403748,0.761379,0.32143,1.1275,7.13882,0.16207,0,0.048444,NBA,2,Omicron,3,Boosted,0,G_NBA,G_0
2257_1,-6.63304,2.3017,-3.9677,-5.00787,0.65049,2.39075,16.1455,1.38295,97,0.0125852,-6.59317,2.28079,-4.02352,-5.20047,0.665073,2.54246,15.8699,1.35101,97,0.00842401,-6.64387,2.27141,-3.9626,-4.96836,0.639731,2.19597,9.65829,1.4223,97,0.00376808,0.186824,0.196801,0.417304,0.905053,0.174882,1.2279,5.44049,0.155085,0,0.0136225,NBA,2,Omicron,3,Boosted,0,G_NBA,G_0
984_2,-6.51199,2.59348,-3.94762,-3.5795,0.883394,3.08511,8.05862,1.54735,97,0.0112568,-6.5776,2.53572,-4.02346,-3.99547,1.03815,2.62688,9.57717,1.51848,97,0.0102632,-6.60412,2.51048,-3.93771,-3.93671,0.979504,2.42071,6.93052,1.51521,97,0.00378081,0.179571,0.233521,0.498585,0.822972,0.321224,1.46989,6.69239,0.147234,0,0.017094,NBA,2,Omicron,2,Second dose,0,G_NBA,G_0
759_1,-6.80745,2.14168,-3.93274,-3.95306,0.595323,3.0722,5.53794,1.46424,97,0.00798411,-6.76416,2.03945,-3.98032,-4.47524,0.862287,3.40226,6.09743,1.43669,97,0.00743469,-6.83828,2.04346,-3.93506,-4.16105,0.581134,2.97925,5.35471,1.42824,97,0.00334737,0.174161,0.213927,0.37126,1.17687,0.739848,1.89723,3.51501,0.142054,0,0.00815994,NBA,1,Omicron,3,Boosted,0,G_NBA,G_0
2494_1,-6.60018,2.45742,-4.03332,-4.3613,1.13019,2.83304,10.3957,1.52268,97,0.00950388,-6.63225,2.47702,-3.98445,-4.17569,1.04676,2.40456,10.1758,1.48341,97,0.0116599,-6.64606,2.44289,-3.95863,-3.95442,0.901355,2.168,9.53843,1.47966,97,0.00381922,0.16774,0.19106,0.344871,1.10338,0.522223,1.29278,5.38839,0.166256,0,0.0211329,NBA,1,Delta,2,Second dose,0,G_NBA,G_0
2165_1,-6.3799,2.52627,-4.01158,-5.50521,1.32377,2.82262,15.1467,1.44815,97,0.0105442,-6.52484,2.62624,-3.90292,-5.43763,1.39604,2.4859,13.1384,1.48821,97,0.00862908,-6.53578,2.58054,-3.95524,-5.31264,1.40178,2.25465,10.6961,1.51256,97,0.00366916,0.191858,0.209398,0.372478,0.77379,0.217904,1.11052,4.9235,0.15422,0,0.0158142,NBA,1,Omicron,2,Second dose,0,G_NBA,G_0
2476_1,-6.68254,2.1894,-4.0043,-4.70994,0.329019,2.48519,17.518,1.40147,97,0.0367834,-6.66938,2.07611,-3.9334,-4.98535,0.328819,2.8383,17.7401,1.4604,97,0.00895581,-6.68504,2.04258,-3.98952,-5.08929,0.326321,2.21349,11.1745,1.47118,97,0.00284027,0.171831,0.157107,0.399995,0.444443,0.0935789,2.19969,7.56591,0.141638,0,0.0125766,NBA,1,Omicron,3,Boosted,0,G_NBA,G_0
2610_1,-6.67317,2.2316,-4.04739,-4.1687,0.47612,2.89416,17.1093,1.4299,97,0.0206461,-6.6732,2.17619,-3.91799,-4.44405,0.590392,2.58491,14.6073,1.46233,97,0.00543245,-6.69787,2.21728,-3.98115,-4.24925,0.51767,2.15756,10.4364,1.42621,97,0.003947,0.204777,0.212671,0.385533,0.747497,0.257934,1.43521,8.47829,0.176596,0,0.00786472,NBA,2,Omicron,3,Boosted,0,G_NBA,G_0
230_1,-6.76519,2.23543,-4.02827,-4.79547,0.850721,2.07451,9.93266,1.51421,97,0.0079726,-6.75084,2.21523,-4.01436,-4.9316,0.888114,2.63265,11.4949,1.47191,97,0.0103776,-6.74943,2.16375,-3.94494,-4.608,0.724918,2.08353,8.41149,1.45408,97,0.00334627,0.16358,0.175318,0.379638,1.34381,0.403284,1.38977,5.02292,0.160157,0,0.0269244,NBA,3,Delta,2,Second dose,0,G_NBA,G_0
779_1,-6.52407,2.11514,-3.89504,-4.49855,0.259891,2.27661,17.3872,1.41231,97,0.0103509,-6.63242,2.12614,-4.04219,-4.87819,0.325481,2.59949,18.3781,1.43558,97,0.00677975,-6.63812,2.13735,-3.95314,-4.59915,0.287588,2.31246,12.7523,1.45813,97,0.00266975,0.183397,0.224184,0.481327,0.814775,0.0996959,1.31169,7.15332,0.154226,0,0.0108765,NBA,3,Omicron,3,Boosted,0,G_NBA,G_0
1265_1,-6.743,2.31186,-3.94395,-2.62275,0.318142,2.97952,9.14799,1.37698,97,0.0130661,-6.7093,2.28578,-3.9289,-2.70036,0.334561,3.39493,9.58393,1.41876,97,0.0103661,-6.75294,2.17032,-3.94123,-2.99619,0.330246,2.97984,8.9649,1.40512,97,0.00394186,0.181832,0.270257,0.410547,0.605311,0.126219,2.25997,2.34573,0.177551,0,0.0202959,NBA,1,Omicron,3,Boosted,0,G_NBA,G_0
2667_1,-6.55279,2.04763,-3.90166,-5.36247,0.596576,1.6883,6.79329,1.38084,97,0.00796269,-6.69216,2.18785,-3.82163,-5.25883,0.780937,2.03989,8.15302,1.42772,97,0.0154072,-6.70325,2.20004,-3.92295,-5.03229,0.700802,1.84215,7.29371,1.41379,97,0.00376225,0.166402,0.174387,0.363415,0.619919,0.340205,1.15348,3.03524,0.165184,0,0.0374334,NBA,2,Omicron,2,Second dose,0,G_NBA,G_0
2281_1,-6.50189,2.50775,-3.85268,-5.38961,1.59838,2.29207,11.1674,1.51237,97,0.00970011,-6.57308,2.58422,-4.08435,-5.39308,1.56661,2.40493,11.7914,1.53374,97,0.00829182,-6.58359,2.53683,-3.96705,-5.2718,1.74651,2.13645,10.4947,1.49078,97,0.00399723,0.159409,0.194382,0.358998,1.05872,0.341843,1.44666,7.43229,0.20056,0,0.0127485,NBA,2,Omicron,3,Boosted,0,G_NBA,G_0
2082_1,-6.53385,2.18622,-3.89882,-5.079,0.430771,2.32242,16.7126,1.5283,97,0.0285272,-6.56985,2.24413,-3.92097,-5.1506,0.476293,2.10842,16.9819,1.49568,97,0.0140768,-6.59118,2.25696,-3.93963,-4.91423,0.439731,1.90978,11.4263,1.47478,97,0.00375461,0.187156,0.191873,0.377085,0.736001,0.133358,1.28527,6.26306,0.179104,0,0.0272769,NBA,1,Omicron,3,Boosted,0,G_NBA,G_0
1917_1,-6.66061,1.94147,-3.99581,-5.71277,0.532263,2.69047,16.0135,1.41475,97,0.00696623,-6.7293,2.06857,-3.96357,-5.1843,0.466642,2.32077,16.8678,1.43577,97,0.00950081,-6.76665,1.99776,-3.99386,-5.24123,0.478425,2.15695,11.7975,1.48411,97,0.00363373,0.186934,0.205467,0.439635,0.685125,0.157833,1.17568,5.80594,0.172513,0,0.0203323,NBA,1,Omicron,3,Boosted,0,G_NBA,G_0
790_1,-6.74269,2.24138,-3.90491,-3.71838,0.601596,2.06238,8.14128,1.45135,97,0.00894973,-6.73424,2.27368,-3.94025,-3.666,0.652021,1.95258,8.80821,1.37017,97,0.0100269,-6.75501,2.23828,-3.92884,-3.74534,0.573115,1.74342,6.48823,1.4148,97,0.00356988,0.189731,0.21111,0.38682,0.579919,0.301003,0.941089,4.14494,0.129459,0,0.0135804,NBA,1,Omicron,3,Boosted,0,G_NBA,G_0
2164_2,-6.76566,2.24402,-3.97899,-6.85194,2.3532,2.0988,12.7448,1.41122,97,0.00934497,-6.66267,2.15534,-3.90718,-6.80092,2.31217,2.35456,12.0154,1.36986,97,0.0104132,-6.71537,2.19662,-3.95909,-6.64559,2.38128,2.13651,10.4346,1.40819,97,0.00396715,0.124808,0.136628,0.335266,0.857283,0.421355,1.00667,5.96627,0.157754,0,0.0199161,NBA,1,Omicron,2,Second dose,0,G_NBA,G_0
269_1,-6.74802,2.11267,-3.94834,-5.78469,0.659712,2.16346,16.0684,1.45003,97,0.0150576,-6.69995,2.03727,-3.96161,-5.93425,0.643746,2.48354,16.1148,1.46288,97,0.0100418,-6.73859,2.06802,-3.94636,-5.82306,0.709459,2.41191,11.4723,1.42979,97,0.00331732,0.134426,0.160488,0.450956,0.846489,0.164884,1.22471,5.21604,0.19542,0,0.0212721,NBA,3,Omicron,3,Boosted,0,G_NBA,G_0
2866_1,-6.91388,1.87645,-4.04487,-4.96261,0.617243,2.42838,14.2712,1.47012,97,0.0121453,-6.83006,1.74797,-3.92523,-5.2549,0.524902,2.43957,14.4018,1.48539,97,0.0106412,-6.90287,1.80032,-3.95722,-5.01682,0.454589,2.33364,9.71619,1.47315,97,0.00392934,0.155871,0.183656,0.468669,0.783494,0.330447,1.23058,7.04362,0.188614,0,0.0181167,NBA,1,Omicron,3,Boosted,0,G_NBA,G_0
463_1,-6.73213,2.17904,-3.99125,-3.68099,0.344016,2.12576,13.3129,1.46805,97,0.0228503,-6.69864,2.14835,-4.02655,-3.84184,0.381208,2.35272,15.367,1.45665,97,0.0119072,-6.70562,2.1729,-3.96317,-3.66892,0.345743,2.15167,10.5584,1.422,97,0.00379989,0.163147,0.215468,0.419158,0.565331,0.132189,1.29277,5.13459,0.176818,0,0.0194027,NBA,2,Omicron,3,Boosted,0,G_NBA,G_0
97_1,-6.6232,2.04992,-3.95381,-4.79911,0.770456,2.80616,7.33054,1.46491,97,0.0147614,-6.67456,2.15515,-3.92012,-4.60795,0.764495,3.33326,7.29518,1.44373,97,0.0101597,-6.74625,2.18245,-3.95367,-4.43218,0.71481,2.78986,7.34747,1.44065,97,0.00360962,0.190212,0.218823,0.425515,0.804011,0.263708,2.1278,0.947208,0.168359,0,0.0167477,NBA,1,Omicron,2,Second dose,0,G_NBA,G_0
2449_2,-6.77257,2.19727,-3.8864,-3.52465,0.68896,2.21491,6.95725,1.4418,97,0.0209045,-6.76592,2.09821,-3.85434,-4.00136,0.844212,2.4554,7.69795,1.40495,97,0.00983787,-6.88416,2.05323,-3.90455,-3.96373,0.70143,2.35433,5.54952,1.4084,97,0.00373774,0.182799,0.231822,0.407945,0.49645,0.449696,0.96266,4.84395,0.172987,0,0.0175447,NBA,2,Omicron,2,Second dose,0,G_NBA,G_0
872_1,-6.6173,2.28358,-3.95759,-6.06118,0.974258,2.83057,6.81163,1.5429,97,0.00738258,-6.64573,2.36921,-3.85907,-5.69163,0.996908,2.77273,6.14751,1.46603,97,0.0087112,-6.62311,2.32796,-3.92073,-5.56365,0.917637,2.60617,5.48826,1.46897,97,0.00384396,0.149712,0.179836,0.436967,0.810642,0.365288,1.29724,2.20243,0.159685,0,0.0138792,NBA,1,Omicron,2,Second dose,0,G_NBA,G_0
2383_2,-6.6022,2.25308,-3.90504,-5.07301,0.830982,3.00565,4.54681,1.47819,97,0.0066309,-6.61688,2.26555,-3.95866,-5.25043,1.05691,2.62438,5.35622,1.44211,97,0.00961507,-6.6551,2.28062,-3.88182,-4.8392,0.940316,2.60655,4.80423,1.4502,97,0.00363957,0.12711,0.16845,0.394744,0.866427,0.492153,0.959877,3.4706,0.170372,0,0.0174897,NBA,1,Omicron,2,Second dose,0,G_NBA,G_0
1597_1,-6.62258,2.09977,-3.89529,-3.80683,0.369097,2.01205,10.2043,1.42284,97,0.00879987,-6.69857,2.16478,-4.04247,-4.21925,0.532102,1.94952,10.7874,1.48599,97,0.0133019,-6.70422,2.16879,-3.9379,-4.04623,0.432151,1.7138,9.35051,1.44523,97,0.00381595,0.203639,0.20642,0.417838,0.821774,0.244475,1.0448,2.97467,0.178349,0,0.0343477,NBA,2,Omicron,3,Boosted,0,G_NBA,G_0
1652_1,-6.72018,2.11787,-3.94829,-5.86779,0.623057,2.20273,14.6556,1.43024,97,0.00867782,-6.69608,2.08674,-3.97251,-5.63992,0.576112,2.41038,13.7726,1.42472,97,0.0146034,-6.72686,2.09768,-3.96127,-5.60821,0.657023,2.12084,10.588,1.42713,97,0.0037771,0.172489,0.193804,0.404921,0.847472,0.202603,1.39253,4.85866,0.167042,0,0.0517628,NBA,2,Omicron,3,Boosted,0,G_NBA,G_0
1613_1,-6.8275,2.04499,-3.77148,-5.09772,0.953029,2.17951,6.65893,1.43917,97,0.00561246,-6.71759,1.95381,-3.96975,-5.49358,1.05836,2.26039,8.27289,1.40351,97,0.0137497,-6.8364,2.06493,-3.94631,-4.64333,0.882082,2.15029,6.58462,1.399,97,0.00516612,0.163052,0.188512,0.382908,1.13922,0.626967,0.988411,5.02705,0.164027,0,0.0200419,NBA,2,Omicron,2,Second dose,0,G_NBA,G_0
1304_1,-6.74705,2.35587,-4.03426,-5.74837,0.926034,2.25502,13.8558,1.48993,97,0.0127175,-6.67677,2.2763,-3.91645,-6.12476,0.932686,2.13985,13.3075,1.46936,97,0.00871827,-6.70075,2.26121,-3.96565,-6.13135,1.01355,2.14057,10.578,1.46242,97,0.003792,0.189573,0.190211,0.374555,0.739391,0.184473,1.42703,5.35844,0.199935,0,0.0146146,NBA,3,Omicron,3,Boosted,0,G_NBA,G_0
2945_1,-6.62873,2.31959,-3.92598,-5.47628,0.836347,2.19426,9.90357,1.49375,97,0.00818917,-6.56862,2.3849,-4.05034,-5.18234,0.770263,2.43754,9.8218,1.45803,97,0.00920541,-6.61997,2.34186,-3.97363,-5.36918,0.906456,2.533,9.91899,1.4762,97,0.0037927,0.158401,0.214989,0.437838,0.968528,0.23169,1.38048,3.20425,0.160746,0,0.0147438,NBA,2,Omicron,2,Second dose,0,G_NBA,G_0
917_1,-6.72693,2.05553,-4.03895,-6.39661,0.831308,2.2267,15.7712,1.48531,97,0.0155934,-6.73706,2.0989,-3.96269,-6.05656,0.727887,2.15811,12.9824,1.46433,97,0.010824,-6.76053,2.07378,-3.96338,-6.20004,0.890054,2.15778,10.5389,1.46759,97,0.00381716,0.163303,0.184085,0.377325,0.833067,0.238372,1.14686,6.32682,0.156505,0,0.0204398,NBA,1,Omicron,3,Boosted,0,G_NBA,G_0
920_2,-6.6338,2.25319,-3.8792,-5.99209,1.30359,2.84447,9.78651,1.39995,97,0.00660702,-6.65228,2.22914,-4.02907,-6.10615,1.25222,2.52631,9.41284,1.40025,97,0.00929224,-6.69636,2.25497,-3.92731,-5.5576,1.17684,2.31757,7.23976,1.42115,97,0.00410618,0.17512,0.181042,0.452983,1.04479,0.424262,1.25747,6.10233,0.163074,0,0.0144933,NBA,1,Omicron,2,Second dose,0,G_NBA,G_0
783_1,-6.57548,2.2504,-3.97978,-6.09016,0.498912,2.22832,13.7489,1.48283,97,0.0113101,-6.62763,2.27655,-4.0103,-5.92493,0.482017,2.55882,13.4746,1.4485,97,0.0116109,-6.68657,2.16827,-3.9625,-6.02937,0.477325,2.31061,8.93487,1.4328,97,0.00364301,0.17643,0.20897,0.353356,0.731342,0.12422,1.74427,5.58702,0.133083,0,0.018459,NBA,2,Omicron,3,Boosted,0,G_NBA,G_0
1964_1,-6.54473,2.35253,-4.00132,-4.60546,0.626444,2.1266,18.1623,1.50578,97,0.00907427,-6.56788,2.40089,-4.01491,-4.58586,0.636504,2.5891,14.4136,1.47732,97,0.00749846,-6.60528,2.37753,-3.96144,-4.28866,0.57853,2.17015,10.5347,1.48192,97,0.00376955,0.171649,0.193504,0.401601,1.01173,0.206793,1.48052,4.69336,0.176095,0,0.0111587,NBA,1,Omicron,3,Boosted,0,G_NBA,G_0
2538_1,-6.62343,2.26292,-4.02263,-6.18485,0.860725,2.67272,18.123,1.45566,97,0.00914651,-6.65832,2.32321,-3.8813,-5.92089,0.818273,2.29508,15.1983,1.45702,97,0.0127196,-6.70454,2.21803,-3.97516,-6.08667,0.899295,1.99201,11.1358,1.43975,97,0.00341007,0.17356,0.205496,0.391667,0.888295,0.143918,1.32543,4.42125,0.179644,0,0.02726,NBA,1,Omicron,2,Second dose,0,G_NBA,G_0
745_1,-6.91713,1.92252,-3.95925,-4.05468,0.490071,2.43418,14.1715,1.39449,97,0.00544757,-6.82442,1.76785,-3.9986,-4.92485,0.5421,2.75005,10.186,1.44933,97,0.00974057,-6.91343,1.85839,-3.96651,-4.05887,0.406262,2.11971,10.1547,1.42235,97,0.00382953,0.195439,0.231013,0.399705,1.21241,0.302337,1.43936,7.52774,0.201992,0,0.0287133,NBA,1,Omicron,3,Boosted,0,G_NBA,G_0
221_1,-6.70504,2.10528,-3.96107,-3.86274,0.398142,2.57868,16.0686,1.51561,97,0.0185309,-6.68355,2.08345,-4.01455,-3.8333,0.380796,2.58585,15.3948,1.43491,97,0.012097,-6.73683,2.11282,-3.9689,-3.77265,0.352552,2.18751,10.5844,1.44717,97,0.00356978,0.180142,0.247671,0.40998,0.563584,0.142344,1.11206,6.38901,0.168006,0,0.0221286,NBA,1,Omicron,3,Boosted,0,G_NBA,G_0
855_1,-6.7073,1.95298,-3.92806,-5.92117,0.651433,2.27697,13.6067,1.45779,97,0.0119206,-6.70491,1.95851,-4.03464,-6.13636,0.717239,2.50887,14.2383,1.46672,97,0.00750453,-6.76174,1.95994,-3.96151,-5.84058,0.655495,2.25576,9.28551,1.49772,97,0.00423914,0.202985,0.218953,0.38136,0.770957,0.272789,1.429,5.70558,0.162386,0,0.0118893,NBA,2,Omicron,3,Boosted,0,G_NBA,G_0
2200_2,-6.8121,2.17138,-3.85479,-4.76361,1.00772,2.00695,14.0225,1.3556,97,0.0114401,-6.79571,2.09694,-4.00309,-5.81337,1.36525,2.41767,13.2113,1.43571,97,0.00942442,-6.82094,2.12203,-3.9662,-5.21154,1.30756,2.21133,10.8057,1.43414,97,0.0039307,0.204579,0.203328,0.386804,1.06983,0.420332,1.47354,6.40549,0.138121,0,0.0185844,NBA,2,Omicron,3,Boosted,0,G_NBA,G_0
1723_1,-6.65162,2.47797,-3.9552,-4.0974,1.49764,2.38724,8.15416,1.56842,97,0.011993,-6.624,2.46846,-3.77486,-4.40683,1.64366,2.44716,8.17032,1.49741,97,0.00860265,-6.65984,2.39548,-4.06165,-3.81435,1.3332,2.37827,5.28276,1.49623,97,0.00216423,0.174613,0.219198,0.451311,1.50674,1.00467,0.966635,6.29354,0.215207,0,0.0136663,NBA,1,Omicron,2,Second dose,0,G_NBA,G_0
1984_1,-6.4875,2.50199,-3.93731,-5.22082,0.649746,2.29888,13.3029,1.52582,97,0.0134012,-6.522,2.47086,-4.01741,-5.32664,0.596042,2.29323,11.7544,1.52723,97,0.0121756,-6.52797,2.44071,-3.96375,-5.2026,0.616171,2.15202,10.5552,1.50642,97,0.00379865,0.162876,0.239641,0.433311,0.989757,0.220845,1.15132,5.39477,0.174302,0,0.0184481,NBA,3,Omicron,-1,No record,0,G_NBA,G_0
211_2,-6.78677,2.12002,-3.99042,-5.18379,0.852408,2.14562,8.43514,1.43035,97,0.0193816,-6.74756,2.02005,-3.95297,-6.32228,1.16031,2.16641,10.0643,1.51414,97,0.00984756,-6.78058,2.08235,-3.93582,-5.58124,0.998097,2.01973,7.41222,1.45859,97,0.00383817,0.105577,0.150176,0.368341,1.06653,0.550247,1.11816,6.33164,0.174562,0,0.0193171,NBA,1,Omicron,2,Second dose,0,G_NBA,G_0
1702_1,-6.72478,2.16713,-3.94035,-6.32892,0.937814,2.44961,12.858,1.40147,97,0.0121694,-6.68353,2.11638,-4.00159,-6.31852,0.814493,2.29704,11.5634,1.41267,97,0.0089002,-6.71323,2.11471,-3.95846,-6.02724,0.722762,2.05807,10.268,1.43389,97,0.00397218,0.158474,0.188497,0.38787,0.830655,0.469602,1.3286,6.24971,0.158045,0,0.0144006,NBA,1,Delta,2,Second dose,0,G_NBA,G_0
854_1,-6.57666,2.34222,-4.01597,-5.38891,0.697854,1.91457,16.9669,1.56176,97,0.0101912,-6.49077,2.36771,-3.89416,-5.10164,0.587607,1.95609,16.2457,1.51392,97,0.00851891,-6.56983,2.38542,-3.976,-5.22366,0.72087,1.90753,12.9847,1.48116,97,0.00398018,0.209738,0.259047,0.443853,0.94451,0.189444,1.21913,7.8799,0.170932,0,0.0122401,NBA,2,Omicron,3,Boosted,0,G_NBA,G_0
2894_1,-6.59401,2.39707,-3.97335,-5.06747,0.733098,2.86372,10.4431,1.5075,97,0.0085976,-6.56548,2.3728,-3.94319,-5.14481,0.701774,2.5023,10.2725,1.52426,97,0.0172511,-6.5968,2.36454,-3.94984,-5.01607,0.718161,2.83911,9.56708,1.48176,97,0.00438943,0.182705,0.218336,0.338194,0.884121,0.199214,1.12841,3.47306,0.159838,0,0.0283296,NBA,2,Omicron,2,Second dose,0,G_NBA,G_0
1788_1,-6.5561,2.26451,-4.05368,-4.78921,0.684439,2.34055,17.076,1.40498,97,0.00939105,-6.58532,2.30595,-3.979,-4.22851,0.616998,2.15407,16.5085,1.38999,97,0.0124776,-6.65151,2.33418,-3.97588,-4.28198,0.654062,2.01951,11.9982,1.42434,97,0.00371933,0.149077,0.168753,0.390542,0.628907,0.151253,1.17729,5.3794,0.131007,0,0.0200739,NBA,2,Delta,2,Second dose,0,G_NBA,G_0
2841_1,-6.59172,2.37628,-3.9252,-5.27715,0.66985,2.79234,15.083,1.42562,97,0.0144889,-6.55932,2.24681,-3.9617,-5.64186,0.671222,2.28732,14.2019,1.47715,97,0.00848353,-6.61973,2.29078,-3.96254,-5.29542,0.676205,2.15187,10.5635,1.46564,97,0.00379036,0.150254,0.180753,0.308351,0.77045,0.171805,1.37521,5.37214,0.177427,0,0.0124526,NBA,2,Omicron,3,Boosted,0,G_NBA,G_0
220_1,-6.78186,1.99652,-3.98019,-4.33963,0.414284,2.09393,12.4246,1.43263,97,0.0159397,-6.83581,2.02656,-4.00198,-4.57269,0.559076,2.4133,15.234,1.41031,97,0.0115141,-6.83061,1.99072,-3.96892,-4.54181,0.49276,2.22136,9.27949,1.43415,97,0.00380664,0.178104,0.209552,0.388426,0.579837,0.227651,1.30219,6.78509,0.171124,0,0.020975,NBA,3,Omicron,3,Boosted,0,G_NBA,G_0
3025_1,-6.84374,1.82757,-4.05904,-6.68789,0.416684,2.05687,13.5676,1.44262,97,0.00553088,-6.84762,1.82478,-3.98311,-6.78356,0.440463,2.17852,14.7712,1.46889,97,0.0196369,-6.88349,1.85455,-3.96688,-6.69976,0.447211,2.15736,10.8097,1.44471,97,0.00414076,0.103277,0.107627,0.416277,0.56354,0.135759,1.23211,5.18137,0.191838,0,0.0416694,NBA,1,Omicron,3,Boosted,0,G_NBA,G_0
133_2,-6.5843,2.57186,-3.97459,-3.45134,0.955782,2.47768,14.2516,1.52239,97,0.00992575,-6.63973,2.56755,-3.95814,-3.61404,1.02513,2.33262,16.2974,1.51075,97,0.00980475,-6.63585,2.51728,-3.94836,-3.63471,1.0014,2.16546,10.3168,1.4899,97,0.00380684,0.158392,0.192422,0.406294,0.452838,0.202306,1.30095,5.86123,0.167626,0,0.0242279,NBA,1,Omicron,2,Second dose,0,G_NBA,G_0
1144_1,-6.52218,2.3418,-3.89715,-4.96739,0.668331,2.40814,14.8593,1.55842,97,0.0135172,-6.55623,2.45017,-4.01888,-4.53432,0.632543,2.76524,14.616,1.51219,97,0.0101344,-6.58664,2.39922,-3.96288,-4.62344,0.66914,2.15186,10.5533,1.4902,97,0.00380092,0.190833,0.219957,0.373106,0.902706,0.214459,1.48947,5.37153,0.174986,0,0.0197769,NBA,2,Omicron,3,Boosted,0,G_NBA,G_0
1066_2,-6.72859,2.19239,-4.0173,-2.54415,0.297519,2.62015,13.3117,1.43062,97,0.00781134,-6.72924,2.24734,-3.95116,-2.59571,0.362552,2.08989,15.051,1.39774,97,0.00994515,-6.74138,2.21439,-3.96394,-2.49001,0.303912,2.15211,10.553,1.42194,97,0.00380223,0.185309,0.222605,0.364302,0.62552,0.148237,1.05736,8.03377,0.166544,0,0.0189888,NBA,1,Omicron,3,Boosted,0,G_NBA,G_0
615_1,-6.66276,2.56896,-4.09864,-3.13651,0.810348,2.37189,17.5882,1.49908,97,0.0158196,-6.60386,2.46575,-4.06584,-3.13958,0.748464,2.17023,14.7501,1.48778,97,0.0139513,-6.66347,2.41856,-3.98242,-3.52345,0.860659,2.1623,10.4275,1.47958,97,0.00413944,0.173341,0.227854,0.403003,0.620697,0.192046,1.15748,5.87718,0.174223,0,0.0237828,NBA,2,Delta,2,Second dose,0,G_NBA,G_0
2397_2,-6.70505,2.13354,-3.78544,-5.58148,1.37162,2.43006,10.5244,1.40204,97,0.0102366,-6.74858,2.04821,-3.93639,-5.45795,0.956905,2.15461,7.21245,1.45481,97,0.00826429,-6.81112,2.11273,-3.91053,-4.86028,0.732509,1.88508,5.36017,1.42803,97,0.00387533,0.169572,0.22506,0.409565,1.06053,0.659265,1.02245,5.84728,0.168414,0,0.012686,NBA,1,Omicron,3,Boosted,0,G_NBA,G_0
2977_1,-6.83904,2.04503,-3.81787,-5.13035,0.577516,2.13092,12.1998,1.43338,97,0.0164336,-6.81169,2.04701,-3.97249,-4.96975,0.519479,2.43629,12.6658,1.44576,97,0.0154492,-6.79233,1.97604,-3.9842,-5.03293,0.500117,2.26529,12.5173,1.44692,97,0.00391723,0.148584,0.172156,0.469552,0.698585,0.172469,1.25298,1.37223,0.167773,0,0.0344496,NBA,2,Omicron,3,Boosted,0,G_NBA,G_0
1735_1,-6.64279,2.61601,-3.93061,-2.92772,1.01215,2.32824,12.1489,1.50642,97,0.0156521,-6.65913,2.56679,-4.05683,-3.66361,1.43339,2.53571,11.9472,1.54184,97,0.0119771,-6.69031,2.50901,-3.97529,-3.62492,1.42256,2.1479,10.6878,1.47035,97,0.00344232,0.183974,0.186036,0.414943,0.741357,0.400795,1.22516,7.34632,0.17694,0,0.0250062,NBA,1,Omicron,2,Second dose,0,G_NBA,G_0
147_1,-6.63952,2.14528,-3.92686,-6.61425,1.471,2.47476,7.12737,1.43439,97,0.00853304,-6.69263,2.2367,-3.98528,-5.92831,1.09229,2.49814,5.0547,1.38343,97,0.0095529,-6.70264,2.13553,-3.90553,-5.91987,0.911842,2.45735,3.93196,1.41154,97,0.00374377,0.176654,0.232345,0.412392,0.918191,0.640939,1.10903,3.06079,0.162542,0,0.0161541,NBA,2,Omicron,3,Boosted,0,G_NBA,G_0
1986_1,-6.72748,2.21212,-3.94774,-3.6596,0.517612,2.71902,10.0623,1.4382,97,0.0106883,-6.70066,2.23446,-3.96244,-3.63519,0.523159,2.39675,10.0322,1.44292,97,0.0125461,-6.76479,2.15764,-3.92193,-3.78764,0.506816,2.242,8.85061,1.45397,97,0.00443933,0.187197,0.276063,0.326088,0.780869,0.207871,1.32068,5.0986,0.143929,0,0.0170117,NBA,1,Omicron,2,Second dose,0,G_NBA,G_0
1359_1,-6.64817,2.1174,-4.02504,-5.70392,0.95852,2.04588,16.5882,1.42593,97,0.00604363,-6.66287,2.15086,-4.03927,-5.3695,0.934022,2.44708,17.9907,1.42147,97,0.00955455,-6.73043,2.20598,-3.97641,-5.03186,0.927246,2.4554,10.9965,1.39892,97,0.00338994,0.179398,0.185013,0.454189,0.861517,0.224797,1.16944,7.89841,0.170547,0,0.0224067,NBA,2,Omicron,3,Boosted,0,G_NBA,G_0
1865_2,-6.69937,2.2465,-3.97048,-3.24849,0.474,2.1774,5.64277,1.46054,97,0.0057218,-6.68246,2.36387,-3.88292,-2.85163,0.409927,3.57153,6.28046,1.49202,97,0.00728079,-6.73654,2.22763,-3.91686,-3.16847,0.408832,2.82953,6.05461,1.47922,97,0.00277728,0.197031,0.270612,0.327976,0.619216,0.201936,1.88646,0.883146,0.144462,0,0.00843346,NBA,1,Omicron,3,Boosted,0,G_NBA,G_0
1064_1,-6.73374,2.104,-3.96325,-6.47089,0.990318,2.18353,16.9305,1.41689,97,0.0138536,-6.75365,2.14355,-3.90075,-6.23162,0.908512,2.20377,17.408,1.40707,97,0.0098492,-6.72513,2.08444,-3.9913,-6.15968,0.898165,2.07435,11.8306,1.46644,97,0.00240887,0.126976,0.133401,0.383403,0.865952,0.195448,0.960969,7.51972,0.178019,0,0.0202163,NBA,2,Delta,2,Second dose,0,G_NBA,G_0
1064_2,-6.5642,2.32142,-3.89998,-4.95268,0.670938,2.77081,6.9791,1.51656,97,0.00615371,-6.55821,2.34076,-3.92472,-4.95566,0.726149,2.87075,6.74605,1.45868,97,0.0113788,-6.61287,2.34507,-3.93442,-4.76869,0.655906,2.56654,6.69009,1.47706,97,0.00380689,0.175831,0.197666,0.356173,0.85382,0.302992,1.23728,1.13017,0.183456,0,0.0167464,NBA,2,Omicron,3,Boosted,0,G_NBA,G_0
1795_2,-6.83791,2.01528,-3.89195,-4.07152,0.384629,2.29848,9.55978,1.42687,97,0.0103545,-6.7673,2.01808,-4.00007,-4.00333,0.453204,2.22233,12.1413,1.38773,97,0.00967028,-6.8266,2.00009,-3.92795,-4.22633,0.4435,2.0872,8.4776,1.42266,97,0.0038755,0.163904,0.190351,0.411647,0.652251,0.212773,1.118,4.50724,0.192193,0,0.0140041,NBA,1,Omicron,3,Boosted,0,G_NBA,G_0
787_2,-6.80091,2.22602,-3.95505,-3.00432,0.757706,2.87276,11.8341,1.3944,97,0.00766188,-6.81649,2.20302,-3.88529,-2.662,0.477946,2.61816,8.80762,1.39025,97,0.00794887,-6.84794,2.11765,-3.96173,-2.90939,0.483659,2.34634,7.42199,1.43222,97,0.00340688,0.180857,0.221115,0.330149,0.596129,0.218852,1.12037,4.24149,0.17754,0,0.0103565,NBA,2,Omicron,3,Boosted,0,G_NBA,G_0
2319_1,-6.67648,2.48867,-3.90552,-2.96128,0.512641,2.53801,7.74622,1.49932,97,0.0136705,-6.60148,2.37446,-3.90537,-2.92075,0.439956,2.75329,7.82365,1.49189,97,0.0103484,-6.68222,2.33414,-3.93563,-3.09015,0.453164,2.73787,7.69038,1.4692,97,0.00417835,0.179078,0.250841,0.370176,0.508879,0.173397,1.51596,1.23295,0.167535,0,0.0149838,NBA,1,Omicron,0,Unvaccinated,0,G_NBA,G_0
3007_1,-6.63734,2.31643,-4.08183,-6.05636,0.810009,2.68124,8.10942,1.42781,97,0.0088998,-6.58685,2.24916,-3.95511,-6.15306,0.761843,2.7577,7.51758,1.44702,97,0.0143917,-6.73631,2.26594,-3.97301,-6.29702,1.02709,3.28995,8.72006,1.45576,97,0.0035826,0.180573,0.225989,0.460727,0.688967,0.231825,1.16168,1.69259,0.180399,0,0.0335197,NBA,1,Omicron,3,Boosted,0,G_NBA,G_0
2590_1,-6.64842,2.12924,-3.92492,-6.37849,0.679524,2.14425,8.95081,1.43986,97,0.010765,-6.68077,2.1532,-3.87948,-6.3179,0.67835,2.22881,8.66643,1.46823,97,0.00827649,-6.70336,2.15615,-3.94946,-6.0561,0.674826,2.16611,8.65692,1.45397,97,0.00382012,0.141181,0.162564,0.436648,0.704498,0.184951,1.0902,2.15285,0.144947,0,0.0160126,NBA,1,Delta,1,First dose,0,G_NBA,G_0
2832_1,-6.58456,2.32455,-3.9826,-4.13176,0.555596,2.32393,18.5818,1.38468,97,0.0096657,-6.61598,2.33472,-4.06734,-4.17512,0.564648,2.28358,19.3701,1.35165,97,0.00913387,-6.66093,2.27685,-3.94116,-4.3081,0.573264,2.233,13.9927,1.39705,97,0.00401839,0.190858,0.242192,0.406113,0.632566,0.148597,1.05325,6.73362,0.18078,0,0.0190637,NBA,2,Omicron,3,Boosted,0,G_NBA,G_0
1523_1,-6.67099,2.25956,-3.89836,-6.01581,0.77549,2.52976,8.92373,1.51112,97,0.0118053,-6.64355,2.27235,-3.92474,-5.89582,0.752446,2.57551,8.96799,1.50391,97,0.0115444,-6.66816,2.26097,-3.95941,-5.90919,0.817537,3.02123,9.49954,1.48004,97,0.00390932,0.170248,0.159968,0.387434,0.674099,0.174366,1.14703,0.884612,0.146626,0,0.0227665,NBA,2,Omicron,3,Boosted,0,G_NBA,G_0
2955_1,-6.65895,2.65258,-4.00454,-2.23998,0.679505,2.56956,11.1563,1.47011,97,0.0108817,-6.65952,2.49884,-4.0709,-2.80713,0.827104,2.47338,11.9542,1.52027,97,0.01621,-6.68782,2.48014,-3.95156,-2.74401,0.768971,2.29348,7.98243,1.48485,97,0.00422112,0.183494,0.259462,0.364003,0.655123,0.234973,1.22352,5.53194,0.155354,0,0.0371936,NBA,1,Omicron,3,Boosted,0,G_NBA,G_0
2427_2,-6.67899,2.15905,-3.92922,-4.958,0.675685,3.13539,6.35999,1.43295,97,0.0131747,-6.66441,2.15348,-3.85085,-5.28101,0.773827,3.56427,6.05836,1.41767,97,0.0129135,-6.70933,2.18638,-3.91729,-4.95485,0.695786,3.29507,5.98293,1.40737,97,0.00385796,0.162877,0.190192,0.418594,0.76101,0.359272,1.45065,0.760224,0.150158,0,0.0227086,NBA,1,Omicron,2,Second dose,0,G_NBA,G_0
340_1,-6.68809,2.42114,-3.9872,-3.35411,0.359254,2.30777,16.8206,1.46732,97,0.00744317,-6.65012,2.34879,-3.99415,-3.49387,0.370097,2.21907,16.0797,1.48948,97,0.0163744,-6.66807,2.25083,-3.96235,-3.67309,0.37997,2.1521,10.5532,1.46409,97,0.00379836,0.203582,0.229852,0.40874,0.638881,0.13852,0.968583,7.44788,0.169766,0,0.065021,NBA,3,Omicron,3,Boosted,0,G_NBA,G_0
1558_1,-6.64538,2.37857,-3.92388,-4.65593,1.49305,2.5823,18.0396,1.40556,97,0.00754689,-6.59386,2.30814,-4.01895,-5.34711,1.57615,2.46962,12.398,1.40794,97,0.0137731,-6.71007,2.36462,-3.94033,-4.72679,1.54069,2.17282,10.6199,1.44371,97,0.00407361,0.164457,0.195319,0.42165,1.3303,0.341096,1.66449,5.26393,0.155532,0,0.0194407,NBA,1,Omicron,2,Second dose,0,G_NBA,G_0
751_2,-6.56756,2.57474,-3.76802,-3.58327,1.08272,3.06114,7.17708,1.53377,97,0.0207231,-6.571,2.5628,-3.94007,-3.73398,1.1582,3.06771,6.8563,1.52065,97,0.0070949,-6.6244,2.53764,-3.91193,-3.60166,1.0205,2.91119,4.8837,1.52815,97,0.00372638,0.181074,0.209248,0.392607,0.891901,0.548143,1.93991,4.74464,0.201508,0,0.010886,NBA,1,Omicron,3,Boosted,0,G_NBA,G_0
1979_1,-6.66761,1.97478,-3.99122,-6.47331,1.17929,2.48049,17.7415,1.50132,97,0.0126091,-6.76086,2.07776,-3.88418,-5.95744,1.13994,2.79599,15.9629,1.49912,97,0.0109954,-6.77625,2.0649,-3.97659,-5.75077,1.12319,2.24346,12.0035,1.48701,97,0.00462987,0.1596,0.146095,0.433718,0.763839,0.252747,1.43354,5.51666,0.173059,0,0.0247939,NBA,2,Delta,3,Boosted,0,G_NBA,G_0
1979_2,-6.8659,2.10208,-3.975,-4.9784,1.21352,2.51867,10.0479,1.41178,97,0.00741644,-6.67754,1.82778,-3.78092,-4.81887,0.506846,2.89893,6.40512,1.46312,97,0.025448,-6.83433,1.95376,-3.91686,-4.67233,0.512775,2.4383,6.55809,1.44125,97,0.00375648,0.130664,0.149495,0.382439,0.60175,0.231942,2.00404,1.21739,0.167799,0,0.0894114,NBA,2,Omicron,3,Boosted,0,G_NBA,G_0
85_1,-6.62708,2.27505,-3.97032,-5.48192,0.535901,2.3677,12.3147,1.47587,97,0.00889723,-6.60876,2.17192,-3.95515,-5.77819,0.600322,2.35707,12.4509,1.47699,97,0.0125058,-6.67656,2.15348,-3.96787,-5.56891,0.57708,2.20357,10.6931,1.4538,97,0.00350469,0.185105,0.230395,0.436717,0.866981,0.181522,1.17076,6.2357,0.181942,0,0.0261701,NBA,2,Omicron,3,Boosted,0,G_NBA,G_0
1243_1,-6.50061,2.44727,-3.872,-5.83422,1.02579,2.50646,13.0516,1.51392,97,0.0163703,-6.55121,2.52482,-3.9814,-5.80374,1.05871,2.19664,13.4923,1.491,97,0.0109837,-6.5752,2.49022,-3.96393,-5.55657,1.05091,2.27019,10.4967,1.49636,97,0.00382495,0.146552,0.178833,0.321614,0.626624,0.181065,1.22037,5.48443,0.181904,0,0.0163976,NBA,2,Delta,2,Second dose,0,G_NBA,G_0
395_2,-6.79606,1.96496,-3.95136,-5.05143,1.04122,2.10031,8.66223,1.43677,97,0.0194415,-6.77468,1.95286,-3.97403,-4.39476,0.528916,2.12662,7.1144,1.40324,97,0.0136704,-6.83155,1.99259,-3.92279,-4.3304,0.553329,2.20919,7.36902,1.43987,97,0.00371638,0.138236,0.163354,0.419396,0.764948,0.33264,1.02779,2.2321,0.146872,0,0.0323893,NBA,1,Omicron,2,Second dose,0,G_NBA,G_0
1819_1,-6.79441,2.04641,-3.9347,-6.60966,0.500455,1.98611,10.445,1.46952,97,0.011598,-6.79971,2.0569,-3.9472,-6.50391,0.540283,2.0774,10.7493,1.42565,97,0.00671222,-6.7835,2.03434,-3.94105,-6.357,0.469942,1.94325,8.61939,1.42348,97,0.00414003,0.137993,0.144606,0.406926,0.582151,0.176176,0.917641,4.61029,0.139197,0,0.00972778,NBA,2,Omicron,3,Boosted,0,G_NBA,G_0
1918_1,-6.62928,2.41543,-3.91636,-3.42362,0.458818,2.27727,13.0764,1.51331,97,0.0138545,-6.58416,2.39615,-4.00393,-3.58194,0.533031,2.28245,11.8982,1.49023,97,0.0148675,-6.64241,2.38884,-3.96562,-3.5425,0.516085,2.12226,10.4544,1.49227,97,0.00386513,0.160972,0.228951,0.3417,0.550953,0.188142,1.26953,6.14557,0.192893,0,0.0358816,NBA,2,Omicron,3,Boosted,0,G_NBA,G_0
560_1,-6.70774,2.1201,-3.87443,-4.59591,0.516956,2.25455,10.9514,1.41501,97,0.0108425,-6.71294,2.07113,-3.96389,-5.03275,0.668684,2.01505,12.9174,1.45585,97,0.0165346,-6.71866,2.18701,-3.96657,-4.46776,0.605007,1.95897,10.7745,1.41974,97,0.00464843,0.198751,0.262719,0.402658,1.01907,0.372177,1.00384,7.09507,0.174266,0,0.0527795,NBA,1,Omicron,2,Second dose,0,G_NBA,G_0
2879_2,-6.72207,1.6449,-3.95335,-6.54096,0.713657,5.86734,5.89087,1.38559,97,0.0109521,-6.8226,1.76281,-3.95582,-6.5026,0.842209,4.71405,5.92634,1.43802,97,0.00985921,-6.88062,1.78558,-3.91121,-5.77825,0.659901,4.26586,5.91966,1.40201,97,0.00398694,0.126022,0.128597,0.432133,0.981375,0.511344,1.42858,0.486227,0.145384,0,0.0160472,NBA,1,Omicron,2,Second dose,0,G_NBA,G_0
627_1,-6.77725,1.89857,-3.89928,-6.66575,0.923299,2.44353,16.1217,1.46088,97,0.00778561,-6.76715,1.90245,-3.87816,-6.30006,0.631733,2.53225,12.7443,1.43332,97,0.0215587,-6.76924,1.88801,-3.90953,-6.45644,0.635659,2.26627,8.50869,1.44857,97,0.00401618,0.159293,0.194814,0.336899,0.866568,0.26565,1.35875,7.70777,0.128129,0,0.0955581,NBA,2,Delta,2,Second dose,0,G_NBA,G_0
3008_1,-6.7063,2.43155,-3.84725,-2.57845,0.474098,2.79335,5.49192,1.52618,97,0.0162008,-6.60254,2.46281,-3.89635,-2.63239,0.66286,2.73319,7.13168,1.44987,97,0.0136927,-6.68769,2.38888,-3.88044,-2.76362,0.557538,2.40506,5.1948,1.46556,97,0.00399898,0.175301,0.298142,0.41637,0.68453,0.363734,1.72416,3.94707,0.188248,0,0.0266717,NBA,2,Omicron,3,Boosted,0,G_NBA,G_0
3013_1,-6.80579,2.11731,-3.95232,-6.21292,1.10059,2.29703,15.0841,1.43717,97,0.0139177,-6.73972,2.0623,-4.0906,-6.35071,1.11472,2.19973,14.1346,1.39435,97,0.0178544,-6.78032,2.09074,-3.96426,-6.40492,1.27487,2.15756,10.5657,1.43788,97,0.00378779,0.185733,0.216211,0.389007,0.868462,0.307787,1.03111,6.60926,0.167239,0,0.0499523,NBA,1,Omicron,3,Boosted,0,G_NBA,G_0
919_1,-6.6605,2.16075,-3.91471,-5.75442,0.50654,1.88998,10.3333,1.49597,97,0.0123384,-6.62651,2.20109,-3.95794,-5.5964,0.49139,1.66788,10.0761,1.43875,97,0.00861181,-6.68337,2.08629,-3.95833,-5.8564,0.560742,1.62353,10.4652,1.52588,97,0.0034588,0.213617,0.263655,0.433162,0.935375,0.154663,0.637837,1.54672,0.172778,0,0.0141196,NBA,3,Omicron,3,Boosted,0,G_NBA,G_0
981_1,-6.63359,2.06869,-4.00977,-5.89348,0.34732,3.20891,9.733,1.41314,97,0.00740717,-6.75618,2.12331,-3.96367,-6.16653,0.414262,2.64224,10.2005,1.47521,97,0.0138353,-6.69235,2.08649,-3.92965,-6.05506,0.414091,2.72011,8.64208,1.42778,97,0.00483851,0.156416,0.165156,0.468162,0.701481,0.136314,1.50768,4.30227,0.148656,0,0.034157,NBA,1,Omicron,3,Boosted,0,G_NBA,G_0
1047_1,-6.70121,2.30662,-3.9236,-5.43176,0.84576,2.34097,13.6179,1.45951,97,0.0104444,-6.66712,2.27175,-3.93927,-5.45835,0.850181,2.62551,13.1016,1.46336,97,0.0107041,-6.66255,2.24334,-3.96245,-5.32929,0.816304,2.28022,10.4604,1.44991,97,0.00345232,0.12884,0.16332,0.443852,0.79476,0.22095,1.44096,4.67693,0.161297,0,0.026061,NBA,1,Delta,2,Second dose,0,G_NBA,G_0
1512_2,-6.72883,2.2089,-3.87109,-3.46539,0.621084,2.32722,13.9891,1.4704,97,0.0155529,-6.70221,2.28082,-3.93456,-3.3874,0.62826,2.49221,14.9766,1.44456,97,0.00889667,-6.768,2.22836,-3.9638,-3.5248,0.645486,2.15218,10.5583,1.4399,97,0.00381225,0.19836,0.213193,0.345235,0.679499,0.25912,1.31276,5.74411,0.184786,0,0.0155174,NBA,2,Omicron,3,Boosted,0,G_NBA,G_0
1936_1,-6.84513,1.91102,-4.02475,-6.12551,1.17491,2.47973,12.1827,1.46621,97,0.010625,-6.81218,1.87055,-3.96916,-5.68556,0.782114,2.0165,9.06814,1.43963,97,0.0109336,-6.86583,1.90879,-3.92905,-5.19249,0.66478,1.88616,8.36804,1.43709,97,0.00380825,0.148102,0.129735,0.441661,0.842837,0.416325,1.06544,4.44552,0.185236,0,0.0183239,NBA,3,Omicron,3,Boosted,0,G_NBA,G_0
1685_1,-6.76491,2.04599,-3.99134,-6.51158,0.597319,2.16938,15.7156,1.42097,97,0.00689033,-6.83371,2.108,-3.94478,-6.5987,0.635349,2.50292,15.1082,1.45318,97,0.011838,-6.81102,2.0644,-3.97348,-6.48303,0.628515,2.31233,10.6659,1.43808,97,0.00346238,0.151479,0.161351,0.437411,0.737845,0.166318,1.43819,5.28258,0.164408,0,0.0197059,NBA,3,Omicron,3,Boosted,0,G_NBA,G_0
105_1,-6.62032,2.3459,-3.90688,-5.34041,1.25781,2.21162,11.9717,1.40617,97,0.0148831,-6.64854,2.37679,-3.92924,-5.13694,1.24857,1.92937,11.7673,1.49101,97,0.0218198,-6.67731,2.37014,-3.93028,-4.62126,1.13999,2.01362,8.55593,1.45858,97,0.00406246,0.167841,0.206775,0.446922,1.08537,0.431143,0.861184,6.37387,0.190944,0,0.0985909,NBA,2,Omicron,3,Boosted,0,G_NBA,G_0
936_1,-6.70532,2.01992,-3.87654,-5.30774,0.699778,1.66993,6.73354,1.45102,97,0.00890031,-6.74243,2.11698,-3.91744,-5.16047,0.870605,2.29542,9.92833,1.46367,97,0.0106736,-6.79036,2.06418,-3.93071,-5.01836,0.789368,1.97041,8.00819,1.48023,97,0.00310726,0.188172,0.224802,0.443127,1.23552,0.353734,1.05825,4.17489,0.169614,0,0.0179222,NBA,2,Omicron,3,Boosted,0,G_NBA,G_0
794_1,-6.62548,2.03653,-4.01254,-6.05823,0.581737,2.19351,13.4539,1.41994,97,0.0110798,-6.69589,2.05705,-3.97835,-6.245,0.646837,2.07342,13.2631,1.46972,97,0.00881395,-6.72577,2.10072,-3.94959,-6.07519,0.686489,2.09714,9.59504,1.44901,97,0.00381327,0.158656,0.174024,0.36235,0.718259,0.231708,1.32761,5.28286,0.165981,0,0.0173673,NBA,2,Omicron,3,Boosted,0,G_NBA,G_0
155_1,-6.80399,2.52124,-3.8185,-3.4787,1.41465,2.93042,7.03392,1.34293,97,0.0269032,-6.70893,2.39042,-3.91012,-3.8945,1.52657,2.89173,7.11659,1.42693,97,0.00649939,-6.7972,2.41217,-3.79236,-3.7095,1.21895,2.67197,3.23282,1.43077,97,0.00327153,0.176211,0.268092,0.425379,0.782032,1.03473,1.18421,6.03941,0.146008,0,0.00864334,NBA,1,Delta,0,Unvaccinated,0,G_NBA,G_0
2703_1,-6.64831,2.46624,-3.91391,-4.676,0.850135,3.32181,6.57034,1.48854,97,0.00789163,-6.59288,2.40536,-3.92569,-4.75582,0.785641,3.78107,6.11515,1.52219,97,0.00599564,-6.6507,2.30558,-3.91777,-4.63006,0.698833,3.70294,5.97478,1.47127,97,0.00411462,0.168975,0.218929,0.438228,0.890172,0.315479,1.85071,1.40987,0.187042,0,0.00755821,NBA,1,Omicron,2,Second dose,0,G_NBA,G_0
1028_1,-6.58906,2.44878,-3.81018,-4.0728,0.921642,3.4128,6.44915,1.46417,97,0.0133204,-6.59907,2.52588,-3.85276,-3.93488,0.874165,3.67404,6.65898,1.50042,97,0.0101796,-6.6384,2.43867,-3.94389,-3.95139,0.800459,3.30415,5.92957,1.49987,97,0.00401947,0.186313,0.21155,0.377595,0.704581,0.360496,2.03452,2.21872,0.172029,0,0.0178171,NBA,1,Omicron,2,Second dose,0,G_NBA,G_0
836_1,-6.71484,2.18122,-4.09628,-6.26497,0.724563,2.3977,14.4819,1.43974,97,0.0082722,-6.71661,2.19348,-3.94345,-6.28953,0.759132,2.30632,13.158,1.40104,97,0.00715689,-6.74255,2.18484,-3.98106,-6.19401,0.783959,2.18858,9.54127,1.44651,97,0.00362694,0.177777,0.156721,0.383046,0.718462,0.184906,1.24339,6.06565,0.157772,0,0.00932795,NBA,1,Omicron,0,Unvaccinated,0,G_NBA,G_0
2213_2,-6.66173,2.21751,-4.01242,-5.19595,0.849552,2.19894,12.5626,1.45642,97,0.0186236,-6.71723,2.26384,-3.95874,-5.22794,0.888179,2.22557,12.9043,1.47734,97,0.00831576,-6.69598,2.23394,-3.95872,-4.93175,0.789571,2.1137,10.6465,1.44639,97,0.00386062,0.148631,0.208817,0.383733,0.956376,0.401412,1.25231,6.91197,0.165456,0,0.0150239,NBA,1,Omicron,3,Boosted,0,G_NBA,G_0
2461_1,-6.67725,2.30396,-3.91737,-5.81262,0.573275,2.03324,6.6378,1.43606,97,0.0130458,-6.6667,2.24195,-3.94869,-6.05167,0.615274,2.09812,6.83518,1.44652,97,0.0154499,-6.67603,2.21883,-3.93503,-6.01347,0.599043,2.07324,6.89517,1.46645,97,0.00402862,0.16778,0.154262,0.408608,0.572917,0.21934,0.813023,1.01363,0.145602,0,0.0549664,NBA,1,Delta,2,Second dose,0,G_NBA,G_0
1985_1,-6.67594,2.07522,-4.00606,-5.67452,0.645341,2.36308,10.7739,1.48055,97,0.00870338,-6.68612,2.15269,-3.93387,-5.51858,0.625797,2.44495,11.2561,1.43859,97,0.0110355,-6.70243,2.10345,-3.95875,-5.48584,0.572917,2.1614,10.5119,1.46308,97,0.00382408,0.172699,0.188984,0.422989,0.680283,0.288782,1.45024,5.6374,0.156436,0,0.0231458,NBA,1,Omicron,3,Boosted,0,G_NBA,G_0
2902_2,-6.60964,2.26564,-3.8956,-5.57999,0.923373,2.76674,14.4177,1.54229,97,0.0125992,-6.58152,2.32142,-3.94259,-5.22937,0.852597,2.21863,15.7598,1.47326,97,0.0130709,-6.62615,2.35042,-3.9697,-5.16453,0.922843,2.1765,10.5733,1.48132,97,0.00394304,0.170377,0.239952,0.448783,0.81042,0.217568,0.962083,7.62281,0.160721,0,0.0305132,NBA,2,Omicron,3,Boosted,0,G_NBA,G_0
2327_3,-6.78105,2.19624,-3.89944,-4.44622,0.874904,2.95823,5.84181,1.38662,97,0.0158447,-6.71768,2.05102,-3.93489,-5.15758,1.13169,2.72846,6.57584,1.42799,97,0.0110642,-6.78091,2.15458,-3.88986,-4.38979,0.8992,2.73153,5.68937,1.44214,97,0.00340125,0.198942,0.220666,0.380675,1.22151,0.779702,1.21527,3.41057,0.164101,0,0.0249499,NBA,1,Omicron,0,Unvaccinated,0,G_NBA,G_0
2648_2,-6.61733,2.1267,-3.99531,-5.76858,0.773599,2.35564,12.9471,1.43648,97,0.00588529,-6.6426,2.18134,-3.86887,-5.70395,0.791489,2.32477,12.1975,1.44932,97,0.00712388,-6.68136,2.19245,-3.97217,-5.38503,0.755381,2.21029,10.6048,1.45855,97,0.00363836,0.164979,0.204847,0.435633,0.911071,0.334666,1.37827,7.33648,0.17604,0,0.0103771,NBA,2,Omicron,3,Boosted,0,G_NBA,G_0
1741_2,-6.78317,1.99003,-4.06557,-5.9302,0.894232,2.52162,7.96422,1.48736,97,0.00584042,-6.87367,2.12547,-3.95809,-4.85905,0.629306,2.65741,7.75147,1.42653,97,0.00990155,-6.80138,1.99213,-3.94926,-4.94181,0.5502,2.48908,7.62044,1.45218,97,0.00323003,0.177765,0.22281,0.331969,1.3527,0.403914,1.17243,1.19767,0.163627,0,0.0175719,NBA,2,Omicron,3,Boosted,0,G_NBA,G_0
2298_2,-6.59639,2.79672,-4.04068,-3.26027,1.5325,2.34692,11.0227,1.5129,97,0.00943153,-6.58891,2.60699,-3.9404,-3.6334,1.50783,3.13393,8.62903,1.54251,97,0.00819702,-6.61444,2.65133,-3.92657,-3.34822,1.50787,1.93625,6.4428,1.49712,97,0.0043323,0.155912,0.217513,0.382879,0.583897,0.627723,1.4684,6.64756,0.199257,0,0.0125118,NBA,1,Omicron,3,Boosted,0,G_NBA,G_0
2376_2,-6.77964,2.13361,-3.84951,-6.26053,1.63629,2.17287,7.44767,1.36464,97,0.0076966,-6.70993,2.02677,-3.85057,-6.37096,1.47452,2.49014,6.36204,1.44403,97,0.0067885,-6.77688,2.06515,-3.98861,-6.52583,1.19281,2.20925,3.84665,1.44989,97,0.00329664,0.138442,0.168419,0.378409,0.879162,0.97175,1.14878,4.14501,0.180433,0,0.0093725,NBA,2,Omicron,2,Second dose,0,G_NBA,G_0
2502_1,-6.615,2.30633,-3.89864,-5.02633,0.650727,2.08482,8.45317,1.51374,97,0.0118984,-6.63297,2.28702,-3.93935,-5.39945,0.731799,2.72249,8.9026,1.48022,97,0.00908975,-6.63445,2.29447,-3.95664,-4.9339,0.674576,2.66145,8.78084,1.47273,97,0.00360901,0.174521,0.189909,0.398178,1.03126,0.269729,1.14661,1.79122,0.172332,0,0.0178897,NBA,3,Omicron,-1,No record,0,G_NBA,G_0
727_1,-6.56579,2.43588,-3.95936,-3.85494,0.427217,2.38212,14.8861,1.44138,97,0.00876279,-6.55605,2.29379,-3.8701,-4.32832,0.477534,2.38599,14.4176,1.49921,97,0.0096422,-6.61516,2.32647,-3.95948,-4.30027,0.502717,2.15548,10.5343,1.47698,97,0.00377919,0.184126,0.178042,0.384006,0.516044,0.131802,1.07807,5.20465,0.182482,0,0.014054,NBA,2,Omicron,3,Boosted,0,G_NBA,G_0
2507_1,-6.63488,2.17315,-4.0155,-5.47768,0.497171,2.53305,12.4207,1.42524,97,0.0133364,-6.60224,2.12291,-3.9216,-5.67792,0.517623,2.36761,13.1659,1.44927,97,0.0101997,-6.65188,2.14978,-3.9637,-5.39768,0.476086,2.19783,10.6581,1.44929,97,0.00372603,0.175431,0.186167,0.428115,0.690215,0.182385,1.28867,6.82541,0.159365,0,0.0229239,NBA,2,Omicron,3,Boosted,0,G_NBA,G_0
193_1,-6.62954,2.56131,-3.91912,-3.2397,1.23015,2.35455,7.86259,1.44453,97,0.0186344,-6.63146,2.51836,-3.96568,-3.30683,1.18914,2.51966,8.86347,1.52611,97,0.00820756,-6.68621,2.47552,-3.86766,-3.28502,1.08644,2.34718,5.00514,1.50899,97,0.00312688,0.219682,0.222573,0.408585,0.72006,0.493037,1.26855,6.4284,0.145464,0,0.0126681,NBA,2,Omicron,3,Boosted,0,G_NBA,G_0
898_1,-6.83513,1.96481,-3.95006,-6.66192,1.10344,2.21564,15.099,1.40547,97,0.00862897,-6.77013,1.86542,-4.02755,-6.51697,0.921514,2.17514,13.0943,1.41323,97,0.0115055,-6.86516,1.97971,-3.95956,-5.87602,0.93626,2.14536,10.3208,1.40316,97,0.00443891,0.123463,0.148379,0.411416,0.836286,0.360138,1.19419,6.4053,0.162113,0,0.0177148,NBA,2,Omicron,3,Boosted,0,G_NBA,G_0
1001_1,-6.5799,2.37875,-3.91683,-5.3091,1.29083,2.49732,12.169,1.48686,97,0.0137452,-6.59877,2.38927,-3.90867,-5.0357,1.22975,2.44668,12.4053,1.47265,97,0.00833984,-6.65202,2.403,-3.96169,-4.97824,1.32926,2.15752,10.544,1.46397,97,0.00380415,0.163113,0.180802,0.398201,1.03506,0.315825,1.34499,5.54991,0.18308,0,0.0177549,NBA,1,Omicron,3,Boosted,0,G_NBA,G_0
1052_1,-6.73669,2.33692,-4.0212,-3.84502,0.992187,2.63853,16.17,1.42939,97,0.00709604,-6.76717,2.38552,-3.98413,-3.73752,0.897472,2.20467,12.6701,1.42715,97,0.0100097,-6.75948,2.26848,-3.96945,-3.75004,0.856692,1.9373,9.98941,1.45701,97,0.00377953,0.184013,0.152996,0.350638,0.743609,0.265575,1.42192,5.35792,0.167731,0,0.0194311,NBA,2,Omicron,2,Second dose,0,G_NBA,G_0
2326_1,-6.66153,2.4376,-4.02564,-3.89771,0.854044,2.60278,14.6368,1.46381,97,0.0152124,-6.61816,2.36879,-3.97289,-3.4662,0.637837,2.72769,17.5783,1.47154,97,0.00974967,-6.69724,2.34425,-3.9593,-3.93089,0.813126,2.15122,10.5426,1.45716,97,0.00381496,0.166233,0.261982,0.468944,0.703163,0.189973,1.96859,7.58937,0.155871,0,0.0134191,NBA,2,Omicron,3,Boosted,0,G_NBA,G_0
690_1,-6.54442,2.61209,-3.98392,-5.03208,1.0823,2.51233,13.1987,1.47508,97,0.0108562,-6.50777,2.53095,-3.97485,-5.40206,1.14163,2.42681,17.25,1.51815,97,0.0112058,-6.54452,2.51207,-3.94638,-5.15845,1.13906,2.25847,9.66192,1.49669,97,0.00377553,0.158083,0.200964,0.426478,0.902585,0.181386,1.1536,7.64592,0.164787,0,0.0180929,NBA,2,Delta,2,Second dose,0,G_NBA,G_0
1726_1,-6.49332,2.30037,-4.07466,-5.245,0.482778,2.4833,9.35694,1.4903,97,0.00772688,-6.54081,2.41127,-3.95516,-5.2556,0.554242,2.49606,10.3068,1.54014,97,0.0141213,-6.55585,2.35509,-3.9672,-5.10466,0.511025,2.1964,10.6517,1.49512,97,0.00375044,0.164429,0.195659,0.378786,0.72312,0.164102,1.19801,2.27691,0.157341,0,0.0274547,NBA,2,Omicron,3,Boosted,0,G_NBA,G_0
2809_2,-6.71943,2.29687,-3.90749,-2.68646,0.476406,2.28197,7.41611,1.42938,97,0.00877874,-6.76276,2.45058,-4.00458,-2.75505,0.720067,2.51094,8.97123,1.3971,97,0.0156166,-6.74267,2.31436,-3.93699,-2.85853,0.606776,2.14434,6.41009,1.39383,97,0.004612,0.159915,0.255517,0.377765,0.508433,0.290336,1.33104,4.53826,0.178814,0,0.0373161,NBA,1,Omicron,2,Second dose,0,G_NBA,G_0
2313_1,-6.45616,2.62574,-3.98655,-5.06814,2.49609,2.50947,18.407,1.53158,97,0.0061006,-6.4492,2.58639,-3.91734,-5.69333,2.72171,2.428,11.2912,1.56335,97,0.00825487,-6.58039,2.68328,-4.02234,-4.6173,2.53039,2.21202,11.1892,1.49638,97,0.00372399,0.157853,0.189455,0.405261,1.00118,0.419327,1.44006,6.15057,0.182012,0,0.0195832,NBA,1,Omicron,3,Boosted,0,G_NBA,G_0
2245_1,-6.49788,2.4347,-3.93345,-5.47509,1.20189,3.06811,13.7927,1.53223,97,0.00736494,-6.54841,2.57439,-3.91381,-4.86125,1.20952,2.47036,13.9945,1.4791,97,0.00804655,-6.59894,2.48204,-3.9669,-4.89733,1.19544,2.23785,10.0014,1.48869,97,0.00329701,0.157957,0.22047,0.38005,0.800441,0.225213,1.25153,5.11077,0.176841,0,0.0125453,NBA,2,Omicron,3,Boosted,0,G_NBA,G_0
748_2,-6.54982,2.66222,-3.8341,-4.18588,1.95328,2.24981,9.96739,1.53987,97,0.00764696,-6.60662,2.64209,-3.91888,-3.98243,1.67225,2.67709,8.49355,1.54005,97,0.0116468,-6.613,2.65023,-3.97701,-3.81751,1.7347,2.02847,10.6084,1.51118,97,0.00388033,0.171358,0.2367,0.366297,0.99046,0.664429,1.56173,5.29591,0.169181,0,0.0174973,NBA,1,Omicron,3,Boosted,0,G_NBA,G_0
1392_1,-6.50031,2.53486,-3.90786,-4.52375,1.01335,2.38636,15.3659,1.50296,97,0.0152922,-6.54632,2.59996,-4.0306,-4.47625,1.05292,2.31292,13.2976,1.52586,97,0.00691249,-6.57276,2.53369,-3.97287,-4.29773,0.984277,2.15164,10.6257,1.51,97,0.00361456,0.191393,0.22146,0.429121,0.92918,0.365198,1.08977,6.39102,0.179799,0,0.00984992,NBA,2,Omicron,3,Boosted,0,G_NBA,G_0
402_1,-6.6027,2.30204,-3.95449,-4.90452,0.784344,2.58878,10.2214,1.48076,97,0.0147782,-6.5877,2.28923,-4.02811,-5.00335,0.855378,2.18309,12.2094,1.48782,97,0.0122882,-6.66922,2.32679,-4.02036,-4.54954,0.830645,2.11837,8.88531,1.4543,97,0.00375109,0.192341,0.214344,0.362753,1.22501,0.314225,1.76067,5.80601,0.187121,0,0.0219358,NBA,2,Delta,2,Second dose,0,G_NBA,G_0
2022_1,-6.94819,1.63753,-3.86873,-5.65941,0.541868,2.61071,11.0195,1.5723,97,0.0108651,-7.02587,1.74826,-3.96818,-4.89109,0.498237,2.47488,14.2104,1.49556,97,0.0169061,-6.97602,1.68943,-3.94101,-4.81776,0.456643,2.25102,9.25446,1.49367,97,0.00365437,0.11992,0.127941,0.374674,0.798007,0.260223,1.31715,8.85367,0.193253,0,0.0367928,NBA,2,Omicron,3,Boosted,0,G_NBA,G_0
797_1,-6.51099,2.33831,-3.91867,-5.00787,0.926909,3.28941,6.45679,1.46255,97,0.00993434,-6.5242,2.33819,-3.86043,-5.12654,0.874451,2.9512,6.34668,1.49688,97,0.0138102,-6.61494,2.38933,-3.92259,-4.66232,0.811379,2.73734,6.1405,1.47146,97,0.00396781,0.169424,0.221824,0.387892,1.02901,0.330606,1.45073,1.90333,0.183447,0,0.0288642,NBA,2,Omicron,2,Second dose,0,G_NBA,G_0
2267_2,-6.67612,2.49701,-4.01668,-4.40062,1.3297,2.35438,14.2057,1.49747,97,0.00711836,-6.60307,2.3877,-3.98858,-4.60498,1.34119,2.57036,14.769,1.51481,97,0.0111264,-6.68513,2.42142,-3.9605,-4.34145,1.33125,2.1429,10.5424,1.45691,97,0.00386911,0.183927,0.187258,0.393461,0.732802,0.253072,1.44736,6.14323,0.173116,0,0.0154845,NBA,1,Omicron,2,Second dose,0,G_NBA,G_0
3041_1,-6.86892,2.25435,-3.92535,-4.17224,0.779003,3.55952,4.08894,1.38431,97,0.0188855,-6.79104,2.15495,-3.89906,-4.29232,0.820028,3.31781,4.4915,1.38544,97,0.0119549,-6.78781,2.13301,-3.89296,-4.21957,0.646428,3.26702,4.06274,1.39694,97,0.00412539,0.13551,0.195256,0.370421,0.564577,0.547289,1.21389,1.71315,0.164736,0,0.0257562,NBA,1,Omicron,2,Second dose,0,G_NBA,G_0
701_1,-6.61479,2.0629,-3.94245,-5.59669,0.631334,2.28265,14.4595,1.47325,97,0.00639475,-6.62825,2.08628,-3.95092,-5.48438,0.604672,2.34661,14.5916,1.44441,97,0.00847431,-6.73199,2.09967,-3.93819,-5.21269,0.565354,2.2358,10.9518,1.46057,97,0.00310419,0.138288,0.251931,0.393653,0.989614,0.174933,0.985249,5.06897,0.15568,0,0.0137129,NBA,2,Omicron,3,Boosted,0,G_NBA,G_0
2190_1,-6.80633,2.21331,-3.89406,-5.08254,1.06828,1.98704,10.3606,1.41609,97,0.00721724,-6.69871,2.12687,-3.98312,-5.36333,1.11057,2.3559,11.4088,1.40299,97,0.00794673,-6.77087,2.17862,-3.96582,-4.7245,0.961381,2.17019,10.5378,1.39277,97,0.00376855,0.186905,0.191205,0.384964,1.10411,0.542112,1.2407,7.18019,0.171269,0,0.0113642,NBA,2,Omicron,3,Boosted,0,G_NBA,G_0
2911_1,-6.61005,2.35386,-3.97038,-5.65696,1.47397,2.01785,8.33981,1.4762,97,0.0240816,-6.6088,2.369,-3.85788,-5.47126,1.3655,2.17739,7.21484,1.47448,97,0.00578478,-6.62118,2.41747,-3.92737,-5.6664,1.73196,2.12692,8.30209,1.48759,97,0.00467269,0.186444,0.24928,0.396851,1.10439,0.6154,1.02834,4.87085,0.171874,0,0.00930793,NBA,3,Omicron,3,Boosted,0,G_NBA,G_0
2724_1,-6.65902,2.2064,-3.94722,-5.50022,0.984146,2.25924,17.35,1.38666,97,0.0118864,-6.72352,2.26002,-3.91445,-5.37438,0.978581,2.34958,16.85,1.42119,97,0.00919138,-6.71047,2.21871,-3.96444,-5.23016,0.95652,2.17233,11.0215,1.42106,97,0.00381642,0.166566,0.170419,0.337896,0.662958,0.18922,1.06914,6.39014,0.148489,0,0.0198089,NBA,1,Omicron,2,Second dose,0,G_NBA,G_0
367_1,-6.58956,2.16841,-3.98228,-5.72383,0.790242,2.27219,16.5201,1.43605,97,0.0049136,-6.59206,2.1827,-3.90475,-5.4589,0.767393,2.46849,15.4054,1.36885,97,0.00975121,-6.66964,2.24582,-3.95785,-5.12782,0.748049,2.09305,10.5647,1.39916,97,0.00374676,0.173525,0.186632,0.384689,0.790328,0.186831,1.50301,4.94275,0.147125,0,0.0185067,NBA,3,Omicron,3,Boosted,0,G_NBA,G_0
2103_1,-6.3994,2.47881,-4.02072,-5.28823,0.533534,2.26489,15.7998,1.58567,97,0.00979245,-6.44889,2.52283,-4.00957,-5.10083,0.552492,2.39054,17.958,1.53998,97,0.0118104,-6.47784,2.48725,-3.98513,-5.21429,0.583488,2.26417,11.9725,1.51272,97,0.00333552,0.173665,0.218557,0.440985,0.756891,0.127103,1.41175,6.97484,0.155606,0,0.0176514,NBA,1,Delta,2,Second dose,0,G_NBA,G_0
126_1,-6.48924,2.25573,-4.03613,-5.45853,0.343529,2.33892,18.5298,1.45855,97,0.007736,-6.53454,2.31037,-3.92911,-5.24403,0.325898,2.61461,17.3789,1.44399,97,0.00831995,-6.55985,2.26062,-3.99307,-5.36334,0.321985,2.61091,12.9863,1.44143,97,0.00320624,0.189736,0.21959,0.406506,0.569698,0.0691323,1.15815,4.56007,0.178093,0,0.0129523,NBA,3,Omicron,3,Boosted,0,G_NBA,G_0
1021_1,-6.59488,2.35688,-3.9882,-5.08748,0.68996,4.17541,6.21272,1.49772,97,0.00662806,-6.5499,2.26238,-3.95058,-5.04087,0.535429,3.66399,5.77466,1.52006,97,0.00700473,-6.60696,2.30484,-3.93041,-4.81066,0.487032,3.51375,5.84114,1.48832,97,0.00343243,0.186276,0.204192,0.421148,0.868088,0.250376,1.68874,0.618678,0.184467,0,0.010971,NBA,1,Omicron,0,Unvaccinated,0,G_NBA,G_0
1779_2,-6.59406,2.16009,-4.05397,-5.55756,0.89286,2.57969,13.9037,1.4751,97,0.00966365,-6.60178,2.16229,-3.95565,-5.42174,0.834443,2.50632,13.8811,1.46,97,0.0109477,-6.69962,2.18012,-3.9675,-5.21125,0.717746,2.25949,10.522,1.47189,97,0.00411238,0.161169,0.216894,0.414355,0.99963,0.453235,1.29595,9.303,0.150547,0,0.0175981,NBA,1,Omicron,3,Boosted,0,G_NBA,G_0
135_1,-6.66724,2.20093,-3.90563,-4.95044,0.957306,2.19559,7.3428,1.43358,97,0.00788537,-6.70909,2.26327,-3.9797,-4.94714,1.04425,2.26543,8.789,1.49296,97,0.00771566,-6.73656,2.22956,-3.91685,-4.61222,0.888218,2.15126,6.27299,1.45529,97,0.00399589,0.17406,0.258077,0.375189,1.3136,0.580516,1.08355,5.00662,0.17886,0,0.0109345,NBA,2,Omicron,3,Boosted,0,G_NBA,G_0
716_2,-6.65695,2.35875,-3.84861,-5.09273,1.44086,3.35635,7.51404,1.43958,97,0.00880465,-6.69364,2.40889,-3.86524,-4.62955,1.21569,2.88218,6.05554,1.42865,97,0.0133896,-6.67978,2.35917,-3.90095,-4.42036,0.965896,2.92101,4.39571,1.4325,97,0.00419296,0.18759,0.239313,0.422474,1.07334,0.825224,1.38217,4.2073,0.163371,0,0.0524913,NBA,1,Omicron,2,Second dose,0,G_NBA,G_0
2512_1,-6.71651,2.15221,-4.12552,-6.2508,0.633762,2.46501,16.4666,1.42461,97,0.0070132,-6.75581,2.20125,-3.96714,-6.12234,0.661231,2.44282,17.5374,1.41176,97,0.0109711,-6.69803,2.12392,-4.01462,-6.08857,0.650469,2.20371,12.8014,1.418,97,0.00342907,0.162255,0.191361,0.416301,0.642662,0.122056,1.32056,6.67066,0.16699,0,0.0223071,NBA,2,Delta,2,Second dose,0,G_NBA,G_0
2512_2,-6.48096,2.50099,-3.94944,-4.76984,1.24646,2.71176,9.16952,1.54639,97,0.00894413,-6.55906,2.56295,-3.88731,-4.10697,0.899138,3.402,5.65577,1.57623,97,0.0107911,-6.58195,2.51143,-3.9246,-4.0383,0.819085,3.13513,5.4619,1.50961,97,0.00393699,0.177956,0.190232,0.423649,0.782164,0.331058,1.82824,0.948365,0.179314,0,0.0266875,NBA,2,Omicron,2,Second dose,0,G_NBA,G_0
270_1,-6.60506,2.30912,-3.95674,-5.30866,1.26643,2.75705,9.19073,1.49378,97,0.0125716,-6.64927,2.31617,-3.93966,-5.04455,1.10724,2.72735,9.49081,1.48683,97,0.00986544,-6.68168,2.32294,-3.93546,-4.62507,0.973194,2.62611,7.08662,1.45266,97,0.0034005,0.197217,0.223039,0.42181,1.22065,0.494808,1.28887,7.0781,0.149883,0,0.0224719,NBA,2,Omicron,3,Boosted,0,G_NBA,G_0
995_1,-6.63408,2.08299,-3.94827,-5.03585,0.393716,2.77458,14.7869,1.4325,97,0.0264401,-6.68057,2.10675,-3.8707,-5.05594,0.428161,2.37785,13.3756,1.454,97,0.017119,-6.64437,2.12892,-3.96092,-4.83194,0.34823,2.15272,9.01455,1.42681,97,0.00427923,0.171786,0.239707,0.455106,0.76119,0.170537,1.32659,5.06891,0.160002,0,0.035417,NBA,2,Omicron,3,Boosted,0,G_NBA,G_0
28_1,-6.54692,2.53866,-3.86165,-4.46684,0.982921,2.56326,17.1884,1.54383,97,0.00764836,-6.50021,2.46268,-4.02963,-4.54958,0.927534,2.17627,14.9581,1.53062,97,0.00947094,-6.58584,2.49096,-3.96008,-4.31844,0.89191,2.0439,10.6001,1.50167,97,0.00406246,0.154597,0.215071,0.34519,0.878542,0.219411,1.21103,6.67875,0.17118,0,0.0163598,NBA,2,Omicron,3,Boosted,0,G_NBA,G_0
1596_1,-6.48158,2.21293,-3.8924,-5.11771,0.385852,2.44977,16.5962,1.5479,97,0.0103165,-6.49097,2.29418,-3.97053,-4.71747,0.347812,2.25011,16.8821,1.53908,97,0.0128067,-6.55048,2.30577,-3.96624,-4.74067,0.355918,2.18971,11.6628,1.50595,97,0.00351659,0.175375,0.202474,0.369004,0.675406,0.120182,1.04189,5.95292,0.205013,0,0.0232075,NBA,2,Omicron,3,Boosted,0,G_NBA,G_0
1924_1,-6.54407,2.51955,-3.97264,-3.80751,0.689845,2.30998,12.6345,1.54999,97,0.00962221,-6.54725,2.48587,-4.03213,-4.21509,0.809011,2.31053,13.8126,1.53651,97,0.00983635,-6.58675,2.49717,-3.98335,-4.02455,0.77795,1.97243,11.7865,1.50048,97,0.003822,0.186393,0.248167,0.382556,0.549162,0.179964,1.7245,4.95716,0.19041,0,0.02214,NBA,3,Omicron,3,Boosted,0,G_NBA,G_0
385_1,-6.55999,2.33743,-4.03603,-5.44103,0.552789,1.99505,13.7611,1.46961,97,0.010143,-6.57479,2.33927,-3.93418,-5.3331,0.467987,1.55716,12.5608,1.50367,97,0.0116912,-6.57165,2.31188,-3.95847,-5.27613,0.479128,1.43909,12.5322,1.49261,97,0.00369801,0.173016,0.185881,0.38151,0.788552,0.143261,0.755574,2.33319,0.19409,0,0.0216114,NBA,3,Omicron,2,Second dose,0,G_NBA,G_0
1296_2,-6.65252,2.45006,-3.88125,-2.66786,0.702994,2.59824,8.05697,1.48042,97,0.0125691,-6.65827,2.45766,-3.94044,-2.72143,0.71454,2.20672,8.70576,1.46819,97,0.010333,-6.68099,2.42614,-3.92789,-2.67418,0.646831,2.07068,6.61091,1.47613,97,0.0037404,0.216649,0.284004,0.373225,0.520257,0.289223,1.07637,4.84968,0.165681,0,0.0145296,NBA,2,Omicron,3,Boosted,0,G_NBA,G_0
98_1,-6.58008,2.18006,-4.03381,-6.00013,0.495254,2.47292,13.8989,1.45117,97,0.0103725,-6.56803,2.22234,-4.00584,-6.07365,0.538269,2.20657,13.6637,1.37671,97,0.01064,-6.62637,2.25746,-3.94573,-5.74559,0.533589,2.04442,10.1898,1.40529,97,0.00378566,0.158656,0.183201,0.381146,0.656929,0.119868,1.22743,5.64448,0.167157,0,0.0142376,NBA,2,Omicron,3,Boosted,0,G_NBA,G_0
2232_2,-6.6733,2.20708,-3.90448,-2.59612,0.243168,3.36689,9.42078,1.41325,97,0.0140326,-6.74479,2.11799,-3.94927,-2.84849,0.237415,2.4824,9.12231,1.42657,97,0.0112559,-6.74662,2.12124,-3.95943,-2.83876,0.233022,2.39162,8.98898,1.42214,97,0.00380181,0.197851,0.226237,0.392424,0.598179,0.09617,1.08708,0.836431,0.164903,0,0.0181989,NBA,1,Omicron,3,Boosted,0,G_NBA,G_0
3018_2,-6.59264,2.46725,-3.96416,-4.46315,0.674962,2.13942,16.5408,1.51394,97,0.0194413,-6.52233,2.35202,-3.9765,-4.79466,0.738277,2.27548,16.6649,1.47164,97,0.00953981,-6.6209,2.37724,-3.96461,-4.43345,0.693372,2.22094,10.6151,1.48903,97,0.00363409,0.160828,0.185366,0.431267,1.17713,0.254193,1.16683,7.84216,0.162407,0,0.0150358,NBA,2,Omicron,3,Boosted,0,G_NBA,G_0
2382_1,-6.67427,2.19983,-3.93275,-4.60115,0.906904,2.14467,13.391,1.37158,97,0.0169747,-6.75279,2.25245,-3.77556,-4.63401,0.991259,2.21682,11.3441,1.42978,97,0.00899741,-6.7501,2.23898,-3.97582,-4.52389,0.942412,2.01458,8.97218,1.4325,97,0.00377997,0.186574,0.182685,0.350521,0.584222,0.290901,1.2217,5.67692,0.16509,0,0.0197724,NBA,2,Omicron,2,Second dose,0,G_NBA,G_0
837_1,-6.62079,2.04962,-3.89715,-5.97506,0.63973,2.18852,14.3673,1.43166,97,0.00804372,-6.69441,2.15702,-3.94938,-5.92809,0.716988,2.43474,16.1262,1.40562,97,0.00902483,-6.69077,2.16066,-3.96343,-5.78931,0.695272,2.15247,10.6209,1.41984,97,0.0038225,0.153516,0.177074,0.333779,0.683999,0.14845,1.23822,6.13477,0.167639,0,0.016122,NBA,3,Omicron,3,Boosted,0,G_NBA,G_0
2956_1,-6.51936,2.30483,-3.99466,-4.68068,0.779397,2.1436,13.3642,1.40321,97,0.0148377,-6.57909,2.41853,-3.8901,-4.20321,0.70452,2.64193,16.4999,1.35862,97,0.00768223,-6.629,2.40518,-3.95169,-4.18209,0.69064,2.1632,10.51,1.40518,97,0.00384766,0.185649,0.206043,0.43019,0.835043,0.235096,1.45448,8.11393,0.145995,0,0.0137382,NBA,2,Omicron,3,Boosted,0,G_NBA,G_0
2792_1,-6.66833,2.10329,-3.90189,-5.11409,0.544065,2.5104,14.5977,1.45744,97,0.00866809,-6.71176,2.16754,-3.96721,-5.27436,0.641998,2.12107,16.0521,1.47447,97,0.0115133,-6.71675,2.13239,-3.96719,-5.05898,0.608996,1.99797,10.9688,1.46325,97,0.00406622,0.154289,0.184029,0.391621,0.807462,0.178708,1.06023,7.37091,0.167004,0,0.0227835,NBA,3,Omicron,3,Boosted,0,G_NBA,G_0
213_1,-6.59059,2.35363,-3.92242,-4.60941,0.691931,2.5125,16.4591,1.49875,97,0.00520036,-6.56322,2.39455,-3.97736,-4.51826,0.700796,2.25594,15.6691,1.46307,97,0.0111776,-6.63898,2.33679,-3.96329,-4.5773,0.716585,2.23543,10.9995,1.47229,97,0.00364678,0.211298,0.249099,0.407427,0.544452,0.180474,1.20293,6.05815,0.182186,0,0.0324535,NBA,2,Omicron,3,Boosted,0,G_NBA,G_0
1438_1,-6.71774,1.98109,-4.05438,-4.20003,0.384685,2.62326,12.4303,1.42088,97,0.0110397,-6.75608,1.87241,-3.93706,-4.85366,0.537298,2.44422,12.3977,1.46731,97,0.0121775,-6.86423,1.91214,-3.96554,-4.68676,0.524553,2.19211,10.6107,1.4839,97,0.00352139,0.179882,0.225825,0.386702,1.03802,0.29883,1.24366,6.71419,0.165813,0,0.0258473,NBA,2,Omicron,3,Boosted,0,G_NBA,G_0
3026_1,-6.63735,2.19473,-4.00407,-5.44084,1.16751,2.59825,9.49689,1.50285,97,0.0164556,-6.63855,2.22087,-3.96972,-5.57232,1.20345,2.99775,8.38851,1.44974,97,0.0107307,-6.71564,2.26462,-3.94537,-5.0457,1.13852,2.74764,6.70645,1.45534,97,0.00322678,0.229258,0.227425,0.343624,1.10535,0.387957,1.70488,4.76038,0.155904,0,0.0212861,NBA,1,Omicron,3,Boosted,0,G_NBA,G_0
47_1,-6.60493,2.32756,-3.94825,-5.09759,0.91189,1.97779,8.92433,1.45941,97,0.0157547,-6.61312,2.2608,-3.97716,-5.29986,0.893377,2.33791,8.41408,1.47995,97,0.0174901,-6.63413,2.3122,-3.91829,-4.79062,0.683252,1.8093,5.99729,1.46195,97,0.00421972,0.148368,0.202476,0.418752,1.01672,0.452225,0.917513,4.28953,0.151104,0,0.0548702,NBA,1,Omicron,3,Boosted,0,G_NBA,G_0
909_1,-6.63245,2.334,-4.10478,-5.00173,0.695437,2.64899,6.50497,1.47589,97,0.0063236,-6.5918,2.28444,-3.95758,-5.58668,0.887454,2.31251,6.92166,1.45901,97,0.00769094,-6.6336,2.3165,-3.92661,-5.12352,0.819809,2.18168,6.50012,1.4739,97,0.00417871,0.162797,0.196256,0.428718,0.911985,0.309314,1.06797,3.03185,0.170393,0,0.0116905,NBA,2,Omicron,3,Boosted,0,G_NBA,G_0
564_1,-6.53347,2.51719,-3.98782,-5.28778,1.54277,2.45117,12.8463,1.45331,97,0.00774657,-6.59155,2.56972,-4.03953,-4.57421,1.2584,2.39672,11.0608,1.52247,97,0.00813493,-6.62208,2.50064,-3.96049,-4.29443,1.23847,2.24489,7.9799,1.46805,97,0.00488008,0.16704,0.251339,0.378439,1.39705,0.457638,1.02692,5.92493,0.155167,0,0.0160113,NBA,2,Omicron,3,Boosted,0,G_NBA,G_0
330_2,-6.63719,2.43276,-3.96978,-3.19408,0.763097,2.22043,12.717,1.49514,97,0.0124903,-6.66629,2.41254,-3.98449,-3.13694,0.725047,2.40059,13.7853,1.47934,97,0.00997873,-6.68272,2.42687,-3.97308,-3.08817,0.69929,2.15444,10.6797,1.47497,97,0.003642,0.175536,0.256262,0.408766,0.588076,0.281682,1.339,6.19767,0.185201,0,0.0138341,NBA,2,Omicron,3,Boosted,0,G_NBA,G_0
1747_1,-6.70525,2.23994,-3.92453,-5.39515,0.671847,2.53815,15.6915,1.45778,97,0.0117847,-6.6413,2.15747,-3.96926,-5.60229,0.632187,2.27467,13.525,1.45952,97,0.0109777,-6.67766,2.16444,-3.94258,-5.3155,0.596187,2.16431,9.26632,1.46498,97,0.00376701,0.17611,0.174922,0.354932,0.975416,0.196628,1.24001,5.22885,0.167917,0,0.0231553,NBA,2,Omicron,3,Boosted,0,G_NBA,G_0
190_1,-6.61088,2.33388,-3.89817,-5.2514,0.89936,2.43452,10.1439,1.51231,97,0.0127026,-6.62441,2.3548,-4.01026,-5.57736,0.990614,2.35644,11.9521,1.48305,97,0.00768964,-6.6336,2.34098,-3.9542,-5.16623,0.952806,2.30876,9.22615,1.46585,97,0.00394802,0.185846,0.228904,0.387592,1.08932,0.237703,1.12502,5.41893,0.180758,0,0.0111186,NBA,2,Omicron,3,Boosted,0,G_NBA,G_0
471_2,-6.76111,2.0565,-3.95848,-5.45664,1.1596,2.2115,7.6339,1.41126,97,0.0124093,-6.81255,2.14041,-3.91198,-4.8409,1.00469,2.77654,6.57624,1.39226,97,0.00835388,-6.81859,2.08407,-3.92702,-4.74065,0.882713,2.90564,6.46137,1.41862,97,0.00383092,0.174332,0.193786,0.360932,0.803743,0.568473,1.36746,1.72713,0.17039,0,0.014564,NBA,2,Omicron,2,Second dose,0,G_NBA,G_0
513_1,-6.62645,2.29272,-3.9369,-5.16635,0.77049,2.24339,12.6048,1.4878,97,0.0101933,-6.64603,2.28571,-3.95062,-5.44987,0.813236,2.20441,12.3817,1.4914,97,0.00697498,-6.63488,2.31414,-3.9667,-5.03325,0.781512,2.22012,10.6016,1.47824,97,0.00370816,0.165697,0.194605,0.336785,1.07086,0.262982,1.23202,5.44623,0.171384,0,0.00951342,NBA,1,Omicron,3,Boosted,0,G_NBA,G_0
2934_1,-6.6085,2.25279,-3.89049,-5.00527,0.380863,1.88254,10.7516,1.54536,97,0.00947009,-6.56426,2.18089,-3.97065,-5.39082,0.424915,1.91347,10.834,1.51255,97,0.0110118,-6.5922,2.24891,-3.95411,-4.97208,0.391611,1.6859,10.4962,1.47401,97,0.00386767,0.163318,0.14975,0.379629,0.73344,0.128222,0.795282,1.37994,0.17556,0,0.0138791,NBA,3,Omicron,3,Boosted,0,G_NBA,G_0
912_2,-6.51969,2.66946,-3.88858,-4.96816,2.11815,2.52998,12.4589,1.56737,97,0.00561874,-6.49225,2.63152,-3.99267,-5.38626,2.24282,2.45789,11.5182,1.55584,97,0.00934024,-6.55104,2.64969,-3.97266,-5.05182,2.32648,2.18439,10.6146,1.51611,97,0.0038184,0.163621,0.213282,0.37516,0.994094,0.439049,1.4135,6.88838,0.186897,0,0.0139241,NBA,1,Omicron,3,Boosted,0,G_NBA,G_0
3045_1,-6.78035,1.95588,-3.89761,-4.71574,0.65764,2.54318,15.2019,1.39128,97,0.0100088,-6.80781,1.96828,-3.93526,-4.65672,0.65121,2.45912,14.3074,1.43447,97,0.0100625,-6.8494,1.98709,-3.96623,-4.52639,0.626824,2.15631,10.5493,1.42384,97,0.0037943,0.176074,0.185694,0.416243,0.534339,0.224519,1.71883,5.82696,0.193573,0,0.013371,NBA,2,Omicron,3,Boosted,0,G_NBA,G_0
2526_1,-6.68109,2.27103,-3.96062,-3.2766,0.475277,2.52587,8.99288,1.45128,97,0.00463067,-6.72156,2.19299,-3.92488,-3.7168,0.513351,2.12072,7.78659,1.47989,97,0.00882387,-6.73762,2.13556,-3.92706,-3.75187,0.413497,1.8226,6.96481,1.43,97,0.00359117,0.168493,0.214905,0.443018,0.485,0.193804,1.12979,2.06046,0.165563,0,0.0145571,NBA,2,Omicron,-1,No record,0,G_NBA,G_0
474_1,-6.87583,2.04986,-3.90631,-6.16387,1.30969,1.92849,12.9103,1.42416,97,0.00872133,-6.82355,1.98649,-4.00954,-6.62005,1.512,2.20806,14.745,1.45631,97,0.00817213,-6.83068,2.02086,-3.94071,-6.40025,1.57273,2.09764,10.2252,1.43136,97,0.00354065,0.125599,0.116025,0.385151,0.928743,0.458689,1.02272,6.88535,0.166456,0,0.0112397,NBA,2,Delta,3,Boosted,0,G_NBA,G_0
2588_1,-6.4718,2.4179,-3.97146,-4.65554,0.726375,3.00595,8.73362,1.54036,97,0.0181826,-6.51943,2.45987,-3.94074,-4.52314,0.693011,2.80544,8.84667,1.52891,97,0.00732825,-6.55892,2.46193,-3.94848,-4.38001,0.642893,2.74161,8.37357,1.51606,97,0.00375277,0.181643,0.196152,0.391747,0.699165,0.228232,1.08414,2.37024,0.14984,0,0.0104738,NBA,2,Omicron,3,Boosted,0,G_NBA,G_0
2705_2,-6.60757,2.29338,-4.02809,-2.61299,0.255867,2.35323,16.926,1.48184,97,0.00586327,-6.70054,2.31541,-4.02577,-2.71728,0.270605,2.30535,15.4511,1.53577,97,0.00994505,-6.69817,2.21005,-3.96297,-2.90708,0.268576,2.15272,10.5491,1.45988,97,0.00380001,0.196311,0.260909,0.337174,0.600473,0.106608,1.12693,8.45632,0.152506,0,0.0211001,NBA,1,Omicron,3,Boosted,0,G_NBA,G_0
2729_1,-6.50474,2.69527,-3.93683,-5.08889,2.08205,2.54377,8.83702,1.54906,97,0.00658603,-6.49512,2.66721,-4.04944,-5.52336,2.22767,2.47259,11.7543,1.5118,97,0.00778569,-6.5509,2.65789,-3.96913,-5.11557,2.28143,2.15347,10.7323,1.5185,97,0.00369998,0.197824,0.232437,0.425778,1.16655,0.402354,1.22008,6.73535,0.186425,0,0.010877,NBA,1,Omicron,2,Second dose,0,G_NBA,G_0
2196_2,-6.69054,2.31845,-3.96979,-5.23652,1.2854,2.57416,4.29481,1.4402,97,0.0107272,-6.62266,2.22803,-3.97844,-6.05483,1.92511,2.55093,6.95933,1.43579,97,0.00627327,-6.70887,2.30681,-3.95618,-5.34696,1.91726,2.42935,4.74055,1.44731,97,0.00402147,0.173361,0.164506,0.413846,1.12558,0.72089,1.31925,4.68406,0.178079,0,0.0117587,NBA,1,Omicron,3,Boosted,0,G_NBA,G_0
609_2,-6.74932,2.32406,-3.91582,-3.93333,0.823604,2.32001,10.5519,1.44672,97,0.016216,-6.7575,2.39582,-3.87594,-4.16354,1.18118,2.28502,15.713,1.46533,97,0.0094962,-6.7518,2.31157,-3.9496,-4.20398,1.13921,2.20375,10.5939,1.42754,97,0.00361408,0.172852,0.224193,0.471328,0.846471,0.394094,1.1311,6.28975,0.14851,0,0.0205287,NBA,1,Omicron,2,Second dose,0,G_NBA,G_0
68_2,-6.67942,2.15875,-4.08895,-2.68306,0.335302,2.20623,15.1716,1.43114,97,0.00585338,-6.72978,2.2258,-4.06107,-2.54377,0.286789,2.46845,17.0707,1.42065,97,0.00968415,-6.75853,2.18307,-3.96265,-2.76069,0.338563,2.15204,10.5537,1.41874,97,0.00379866,0.176581,0.237512,0.416996,0.441686,0.108784,1.27987,6.29786,0.156214,0,0.0277274,NBA,1,Omicron,3,Boosted,0,G_NBA,G_0
2520_1,-6.58065,2.32823,-3.83161,-5.98763,0.923978,2.48108,13.8916,1.49955,97,0.00892883,-6.61461,2.3684,-3.95742,-5.63694,0.879725,2.51736,13.3058,1.4835,97,0.00922329,-6.61238,2.34984,-3.96851,-5.50014,0.88493,2.1818,10.6924,1.47532,97,0.00382563,0.129817,0.160687,0.414221,0.801899,0.175715,1.60942,4.75815,0.189033,0,0.0151926,NBA,1,Omicron,3,Boosted,0,G_NBA,G_0
1580_1,-6.70988,2.17647,-4.01091,-5.77339,0.713898,2.30084,11.1942,1.42723,97,0.00642465,-6.64888,2.12597,-4.00748,-5.7686,0.690467,2.51511,11.2041,1.42496,97,0.0055751,-6.71579,2.14975,-3.96895,-5.57355,0.69498,2.4003,10.6782,1.45307,97,0.00369995,0.176636,0.223866,0.397814,0.973313,0.182835,1.34786,3.42105,0.170828,0,0.00626395,NBA,2,Omicron,3,Boosted,0,G_NBA,G_0
851_1,-6.73001,2.31361,-3.97051,-3.9426,0.762927,2.4745,14.6957,1.40706,97,0.0108066,-6.67294,2.25263,-4.05376,-3.90965,0.674813,2.18074,12.2071,1.41036,97,0.0143192,-6.73556,2.26618,-3.96955,-4.03201,0.789264,2.34618,10.78,1.42075,97,0.00341843,0.14534,0.184177,0.365311,0.520176,0.247651,1.12817,4.89685,0.150058,0,0.0384797,NBA,3,Omicron,3,Boosted,0,G_NBA,G_0
2310_1,-6.62273,2.50176,-3.94588,-2.74275,0.577338,2.84448,21.746,1.51313,97,0.0114142,-6.6846,2.40663,-3.91532,-2.97542,0.591405,2.58181,20.2733,1.48831,97,0.0173824,-6.74248,2.26658,-3.94609,-3.20327,0.559757,2.25313,15.0125,1.45145,97,0.00388373,0.19587,0.318283,0.435549,0.725161,0.161316,1.52519,5.92267,0.186821,0,0.0431025,NBA,3,Delta,2,Second dose,0,G_NBA,G_0
2310_2,-6.64938,2.49617,-3.99082,-3.42976,0.731057,2.60652,10.3172,1.52786,97,0.00735593,-6.6334,2.4266,-3.95512,-3.69256,0.851183,2.49547,12.3555,1.51299,97,0.00885588,-6.66799,2.41129,-3.98413,-3.6272,0.848932,2.312,10.8998,1.47969,97,0.00339078,0.186736,0.203353,0.44691,0.614156,0.291895,1.43492,7.37756,0.178397,0,0.0179273,NBA,3,Omicron,2,Second dose,0,G_NBA,G_0
50_1,-6.59772,2.31254,-3.94245,-5.88027,1.01909,2.43333,11.1202,1.4708,97,0.0157516,-6.59107,2.31687,-3.88964,-5.82093,0.989109,2.37921,13.3719,1.46139,97,0.0113541,-6.64154,2.34042,-3.96501,-5.79234,1.09356,2.15074,10.5145,1.45604,97,0.00380375,0.205548,0.22066,0.419917,0.730715,0.278384,1.12245,6.28003,0.183943,0,0.0239327,NBA,2,Omicron,3,Boosted,0,G_NBA,G_0
1730_1,-6.67609,2.25498,-3.89236,-5.00895,0.699286,2.6885,6.87172,1.44724,97,0.0103612,-6.60818,2.18501,-3.98295,-5.14066,0.748397,2.96201,8.04943,1.45763,97,0.0127191,-6.63868,2.28992,-3.92466,-4.64263,0.624989,2.86337,7.13003,1.44974,97,0.00331584,0.172583,0.202446,0.406625,0.907411,0.400506,1.31013,3.93758,0.148371,0,0.0245093,NBA,1,Omicron,0,Unvaccinated,0,G_NBA,G_0
2374_1,-6.6731,2.32031,-3.98398,-5.47067,1.00667,2.37183,8.59015,1.47615,97,0.0107641,-6.65391,2.23426,-3.91341,-5.80833,1.11561,2.29699,8.46527,1.46358,97,0.010221,-6.65019,2.32067,-3.93316,-5.12288,0.955061,2.13629,7.49479,1.46033,97,0.00367738,0.214985,0.215105,0.481495,1.00485,0.575436,1.04595,5.50249,0.152777,0,0.0151869,NBA,2,Delta,2,Second dose,0,G_NBA,G_0
21_2,-6.60947,2.27617,-4.01954,-4.86575,0.706,1.95554,12.2835,1.52333,97,0.00731233,-6.57143,2.28156,-3.9589,-4.45742,0.555829,1.83628,10.0126,1.45355,97,0.0151618,-6.63879,2.28323,-3.94992,-4.56808,0.5612,1.72134,9.60618,1.47754,97,0.00399999,0.159751,0.220424,0.438878,0.555423,0.204284,0.809182,2.4422,0.180164,0,0.0411955,NBA,1,Omicron,2,Second dose,0,G_NBA,G_0
1871_1,-6.73795,2.2586,-3.92555,-4.40061,0.799275,2.13672,13.6472,1.42481,97,0.0101385,-6.68335,2.20909,-3.92596,-4.56705,0.818825,2.55001,13.5429,1.41938,97,0.00970295,-6.74988,2.2078,-3.94388,-4.48601,0.778349,2.2723,10.2487,1.42843,97,0.00346926,0.19447,0.200169,0.421499,0.693092,0.227944,1.20915,5.65594,0.182851,0,0.0157672,NBA,2,Delta,2,Second dose,0,G_NBA,G_0
1413_1,-6.70012,2.13187,-3.95786,-5.96899,0.864137,1.92352,12.6446,1.4314,97,0.0112819,-6.70755,2.13387,-4.00183,-6.08081,0.86177,2.14584,14.1738,1.47531,97,0.013453,-6.73623,2.13662,-3.96018,-6.06669,1.03399,2.15499,10.568,1.45378,97,0.0037621,0.144421,0.179787,0.376537,0.924225,0.243813,1.28891,6.6692,0.168614,0,0.0349908,NBA,2,Omicron,3,Boosted,0,G_NBA,G_0
1900_1,-6.45601,2.51726,-3.92152,-5.64485,1.28375,2.47143,12.3308,1.55455,97,0.00524936,-6.55677,2.59245,-3.93165,-5.36061,1.28596,2.28419,12.3827,1.52019,97,0.00730762,-6.55422,2.54218,-3.92386,-5.20892,1.28539,2.03113,10.534,1.50579,97,0.00399741,0.169754,0.232764,0.388773,0.878622,0.388007,1.4265,8.11791,0.170045,0,0.0101559,NBA,2,Delta,2,Second dose,0,G_NBA,G_0
2981_1,-6.85874,1.97902,-4.07642,-6.84298,0.640147,1.89709,9.66185,1.47718,97,0.014998,-6.88216,2.00514,-3.97679,-6.7711,0.650285,1.93279,10.4548,1.47701,97,0.0076152,-6.85903,1.95955,-3.94295,-6.67222,0.522144,1.69979,7.20773,1.46263,97,0.0037442,0.166793,0.183129,0.472784,0.630173,0.326185,1.40435,5.49707,0.195105,0,0.012078,NBA,2,Omicron,3,Boosted,0,G_NBA,G_0
2822_1,-6.59221,2.25814,-3.97212,-5.64992,0.956669,2.45006,11.7774,1.47257,97,0.0084073,-6.59306,2.25142,-4.01529,-5.75253,0.980564,2.26447,11.1715,1.50287,97,0.0134725,-6.64139,2.31676,-3.95044,-5.40284,1.00052,2.63702,9.84137,1.47388,97,0.00319891,0.183507,0.207798,0.384019,0.953024,0.277244,1.5235,4.82922,0.194083,0,0.0294314,NBA,2,Omicron,3,Boosted,0,G_NBA,G_0
2268_2,-6.65415,2.37242,-3.88941,-2.91665,0.415803,2.74271,6.29045,1.44593,97,0.0143989,-6.74596,2.25158,-3.98759,-3.54868,0.642146,3.03118,7.14179,1.47093,97,0.009275,-6.75625,2.19892,-3.90533,-3.58605,0.537629,2.67623,6.00988,1.42871,97,0.00399845,0.212919,0.202398,0.389388,0.513017,0.292789,1.49021,3.15066,0.152115,0,0.0241009,NBA,1,Omicron,2,Second dose,0,G_NBA,G_0
1481_1,-6.72448,2.18663,-3.94433,-5.29944,1.09748,2.11055,10.5783,1.49338,97,0.0132061,-6.70548,2.23104,-4.04634,-5.38669,1.1466,2.29723,11.737,1.42642,97,0.0145606,-6.75014,2.20784,-3.96335,-4.94166,1.0564,2.13139,10.5118,1.43941,97,0.00382668,0.159872,0.18609,0.373129,1.11103,0.445447,1.18225,6.24086,0.170103,0,0.034536,NBA,1,Omicron,2,Second dose,0,G_NBA,G_0
2488_1,-6.63999,1.94559,-4.07563,-6.25939,0.385943,2.35013,15.0582,1.50466,97,0.00571367,-6.6907,1.98235,-3.93515,-6.36069,0.369299,1.9703,13.3538,1.45819,97,0.00890554,-6.72518,1.99809,-3.96901,-6.11631,0.345729,1.83388,11.1325,1.47009,97,0.00329352,0.139995,0.146868,0.386184,0.596106,0.110763,0.967257,3.49342,0.184947,0,0.0169602,NBA,2,Delta,2,Second dose,0,G_NBA,G_0
2488_2,-6.6208,1.99942,-3.92083,-5.98594,0.472359,2.40816,17.4755,1.44274,97,0.012802,-6.642,2.0549,-4.05425,-5.7926,0.461974,2.73033,14.6843,1.43133,97,0.0108568,-6.69804,2.08596,-3.96438,-5.60904,0.441174,2.39848,9.97347,1.42926,97,0.0030946,0.154133,0.176496,0.396493,0.671034,0.152299,1.5126,5.2861,0.169998,0,0.0196108,NBA,2,Omicron,3,Boosted,0,G_NBA,G_0
517_2,-6.68851,2.1484,-4.03779,-6.42865,0.845894,2.41943,7.62702,1.40929,97,0.014493,-6.70516,2.09702,-3.86494,-6.32117,0.721113,1.93956,6.37686,1.46641,97,0.00652837,-6.7102,2.14592,-3.91645,-5.95644,0.659413,1.9345,6.09977,1.44561,97,0.00385821,0.16145,0.188246,0.367812,0.843315,0.247037,0.525571,1.44715,0.183735,0,0.0121032,NBA,2,Omicron,2,Second dose,0,G_NBA,G_0
1520_2,-6.71129,2.21693,-3.83381,-5.15858,0.72516,3.52659,5.83096,1.41471,97,0.010738,-6.67426,2.19656,-3.89187,-5.59968,0.874426,2.93541,5.86353,1.40592,97,0.016069,-6.68859,2.21914,-3.91683,-5.13571,0.766472,2.85438,5.75937,1.41168,97,0.00380345,0.158588,0.19911,0.409504,1.02237,0.453471,0.959329,1.39451,0.154025,0,0.0694929,NBA,2,Omicron,2,Second dose,0,G_NBA,G_0
2125_1,-6.62665,2.43519,-3.9621,-3.33414,0.609958,2.76971,7.48062,1.48488,97,0.00803513,-6.62566,2.41877,-3.94489,-3.32495,0.608449,2.5783,7.41858,1.48494,97,0.0110323,-6.66699,2.36289,-3.93374,-3.37923,0.553485,2.43122,6.71904,1.46769,97,0.00380511,0.18604,0.237515,0.364564,0.679333,0.240266,1.19359,2.47385,0.183283,0,0.0176195,NBA,3,Omicron,3,Boosted,0,G_NBA,G_0
1040_1,-6.62551,2.34042,-3.90933,-4.75605,0.778895,2.19929,14.4447,1.47113,97,0.00823337,-6.55707,2.33909,-3.95721,-4.61927,0.712649,2.56551,12.8779,1.50587,97,0.0241302,-6.65026,2.32245,-3.94879,-4.5506,0.681996,2.32115,9.07315,1.47173,97,0.00370809,0.194712,0.2436,0.390155,0.796147,0.214218,1.64063,5.21947,0.170779,0,0.0794127,NBA,3,Omicron,3,Boosted,0,G_NBA,G_0
520_1,-6.72928,2.34256,-3.84547,-4.05357,0.948294,2.62835,6.00168,1.45158,97,0.0115564,-6.70503,2.23929,-3.87167,-3.83107,0.567587,3.01431,4.70018,1.47751,97,0.0157598,-6.74081,2.21219,-3.89332,-3.90545,0.556855,2.62123,4.7043,1.44894,97,0.00347008,0.161786,0.260757,0.376119,0.812714,0.22916,1.53537,0.947925,0.182202,0,0.0335904,NBA,2,Omicron,3,Boosted,0,G_NBA,G_0
662_1,-6.63878,2.15051,-4.0096,-6.08206,0.495646,2.11641,12.282,1.45866,97,0.00903368,-6.61896,2.23464,-3.96048,-5.50279,0.450971,2.15939,14.722,1.46895,97,0.0123163,-6.67329,2.12364,-3.95776,-5.74577,0.466549,2.15638,9.23124,1.45316,97,0.00382837,0.169484,0.219293,0.440399,0.618024,0.121134,1.01705,5.99875,0.154309,0,0.0273346,NBA,1,Omicron,3,Boosted,0,G_NBA,G_0
167_1,-6.75766,2.30505,-3.93722,-4.29584,0.714887,2.12363,15.7385,1.40871,97,0.00793033,-6.73631,2.22722,-3.89704,-4.52429,0.743143,2.23858,13.9032,1.4356,97,0.00604874,-6.74424,2.21391,-3.95788,-4.38638,0.707539,2.10928,10.5096,1.41713,97,0.00364937,0.158387,0.159079,0.404578,0.896785,0.295492,1.22192,4.91752,0.144866,0,0.0127308,NBA,2,Omicron,3,Boosted,0,G_NBA,G_0
813_1,-6.68426,2.35178,-3.97869,-2.83707,0.367325,2.51116,9.14992,1.47589,97,0.00924697,-6.59772,2.22495,-3.96471,-2.99284,0.320254,2.52346,8.08895,1.49387,97,0.00862699,-6.6814,2.26384,-3.94315,-2.92724,0.306331,2.49126,8.00135,1.4674,97,0.00382201,0.200114,0.223503,0.402142,0.461665,0.132807,1.15572,1.15106,0.198135,0,0.0236334,NBA,2,Omicron,3,Boosted,0,G_NBA,G_0
730_1,-6.83024,1.96141,-3.96643,-5.91495,0.961299,2.03399,13.2364,1.43566,97,0.00905403,-6.88942,2.05175,-4.01387,-5.95236,1.04711,2.57085,15.0627,1.39816,97,0.0189842,-6.83861,1.98679,-3.95613,-5.66899,1.00934,2.30199,10.5378,1.38717,97,0.00369527,0.134345,0.130981,0.403876,0.769038,0.28388,1.38789,6.21912,0.168591,0,0.0818681,NBA,2,Omicron,3,Boosted,0,G_NBA,G_0
101_1,-6.59303,2.4043,-3.97405,-4.96317,0.931867,2.11337,7.77029,1.48857,97,0.00865909,-6.55586,2.37594,-3.98907,-5.08797,1.00457,2.5817,8.20383,1.51159,97,0.0121665,-6.64646,2.37204,-3.94473,-4.69392,0.932872,2.45681,7.4661,1.46938,97,0.00379108,0.198149,0.215198,0.39444,0.84381,0.347793,1.4709,3.43396,0.185153,0,0.0355025,NBA,2,Omicron,3,Boosted,0,G_NBA,G_0
2629_2,-6.77463,1.9501,-3.87936,-5.89646,1.24148,2.38968,7.06107,1.40774,97,0.00964693,-6.75981,1.91036,-3.89094,-5.79244,0.947684,2.3661,6.1828,1.44818,97,0.0117274,-6.83194,1.95121,-3.90996,-5.34992,0.7968,2.20115,5.20067,1.42159,97,0.00405563,0.138705,0.179891,0.393773,0.832888,0.533159,1.19656,5.7824,0.164364,0,0.0230051,NBA,1,Omicron,2,Second dose,0,G_NBA,G_0
184_1,-6.73021,2.31196,-3.9832,-3.67456,0.493223,3.19253,9.92911,1.50133,97,0.0110534,-6.66823,2.41362,-3.95441,-3.3828,0.447568,2.48982,9.48095,1.43365,97,0.00964223,-6.67921,2.27209,-3.95695,-3.67632,0.465687,2.7982,9.67649,1.46221,97,0.00379768,0.198837,0.336237,0.381924,0.639625,0.170151,1.21301,1.3006,0.19024,0,0.0139566,NBA,1,Omicron,2,Second dose,0,G_NBA,G_0
2684_1,-6.57102,2.5317,-3.98543,-4.43303,1.27774,2.96494,6.25541,1.4568,97,0.0115461,-6.59874,2.39508,-3.87315,-5.19403,1.57582,3.0444,8.25942,1.48196,97,0.00603771,-6.64812,2.39698,-3.963,-4.68598,1.18152,3.20097,3.7619,1.489,97,0.00150735,0.191796,0.247289,0.429982,1.34203,1.08872,1.54286,6.80833,0.189538,0,0.0107265,NBA,2,Omicron,3,Boosted,0,G_NBA,G_0
1503_1,-6.69092,2.05618,-3.94246,-6.14473,0.75982,2.32514,12.502,1.43132,97,0.0100405,-6.73187,2.09884,-3.96262,-6.03975,0.762296,2.19918,11.266,1.45173,97,0.0125927,-6.70822,2.10819,-3.92055,-5.7692,0.662018,2.02253,7.87725,1.41557,97,0.0044024,0.149631,0.19244,0.354945,0.756836,0.339731,1.22965,7.25978,0.157722,0,0.030037,NBA,2,Omicron,3,Boosted,0,G_NBA,G_0
647_1,-6.73531,2.22628,-3.92803,-2.47075,0.296207,2.73965,7.37658,1.46311,97,0.0074267,-6.74539,2.25612,-3.93561,-2.74726,0.408502,2.50211,7.5138,1.38699,97,0.0119503,-6.77063,2.16018,-3.93385,-2.82037,0.338396,2.35247,7.05351,1.41827,97,0.00395867,0.172415,0.213012,0.428392,0.486981,0.147336,1.21396,1.40983,0.135867,0,0.021294,NBA,1,Omicron,2,Second dose,0,G_NBA,G_0
2549_2,-6.77333,2.33165,-3.83202,-3.18848,0.460556,3.39949,4.64122,1.46721,97,0.00805309,-6.71861,2.19311,-3.88279,-3.55568,0.467428,3.84301,4.68246,1.47355,97,0.00719212,-6.75826,2.13959,-3.93434,-3.61916,0.429452,3.86283,4.76536,1.45819,97,0.00359433,0.180107,0.260146,0.390176,0.778252,0.232445,1.43928,0.600458,0.152868,0,0.0146362,NBA,2,Omicron,2,Second dose,0,G_NBA,G_0
2986_1,-6.62056,2.15921,-3.96264,-5.39508,0.648021,2.51581,13.8705,1.41445,97,0.018167,-6.68778,2.20778,-3.96625,-5.25234,0.643376,2.20703,14.7171,1.4296,97,0.00999207,-6.66688,2.19982,-3.97032,-5.08256,0.650798,2.25913,10.6479,1.39822,97,0.00401267,0.155823,0.171212,0.406208,0.696658,0.212632,1.24364,6.03316,0.171641,0,0.0290429,NBA,2,Omicron,3,Boosted,0,G_NBA,G_0
2167_2,-6.69145,2.22439,-3.99768,-5.1616,0.624129,2.09241,12.3639,1.4386,97,0.00654344,-6.69,2.25549,-3.96611,-5.45096,0.756089,2.41997,11.8239,1.42485,97,0.0186115,-6.67342,2.21758,-3.95642,-5.08023,0.712814,2.18341,10.9766,1.43739,97,0.00376945,0.167862,0.201305,0.393181,0.949721,0.262779,1.37445,5.18127,0.162439,0,0.062152,NBA,2,Omicron,2,Second dose,0,G_NBA,G_0
1771_2,-6.72013,2.23426,-3.96582,-6.14259,1.20275,1.99373,14.3437,1.42717,97,0.00797388,-6.71486,2.21588,-3.93235,-6.14045,1.09394,2.16266,15.1895,1.44999,97,0.00866941,-6.71242,2.2261,-3.94467,-5.60085,1.0551,2.10159,10.3108,1.39746,97,0.00341212,0.178036,0.184483,0.425742,0.855238,0.2927,0.980665,9.0045,0.163527,0,0.0118776,NBA,2,Omicron,3,Boosted,0,G_NBA,G_0
2700_1,-6.8194,2.00431,-3.91919,-5.56009,0.61924,2.5394,6.93091,1.50608,97,0.0054131,-6.80627,1.9319,-3.95859,-5.80856,0.718679,2.57109,7.63936,1.49797,97,0.00842192,-6.8192,1.91022,-3.93434,-5.59839,0.581506,2.4946,6.95505,1.44573,97,0.00384442,0.185066,0.196092,0.383531,0.845868,0.516876,0.966019,3.31102,0.163711,0,0.0150336,NBA,2,Omicron,3,Boosted,0,G_NBA,G_0
2430_2,-6.79678,2.02082,-3.93452,-5.49569,0.905926,2.43194,17.2506,1.4403,97,0.0113119,-6.79023,2.02395,-3.96263,-5.69956,0.991225,2.49916,15.2249,1.42099,97,0.00938527,-6.81428,2.03778,-3.96292,-5.38682,0.969664,2.15202,10.5538,1.44102,97,0.00379913,0.168875,0.160406,0.404608,0.850393,0.262405,1.45508,6.17523,0.174145,0,0.0159275,NBA,1,Omicron,2,Second dose,0,G_NBA,G_0
412_1,-6.56594,2.47129,-3.95374,-3.52375,0.865113,2.32091,6.86525,1.48945,97,0.00922683,-6.6365,2.44561,-3.92396,-3.72095,0.832025,2.14939,6.52282,1.54437,97,0.00734999,-6.67121,2.36803,-3.90244,-3.71045,0.681078,2.0717,4.98838,1.46035,97,0.00405749,0.225784,0.204252,0.387178,0.818658,0.435373,0.998501,3.8813,0.175814,0,0.011194,NBA,1,Omicron,3,Boosted,0,G_NBA,G_0
447_1,-6.65882,2.22999,-3.95514,-5.08456,0.499586,2.31331,13.5721,1.51265,97,0.00605212,-6.57698,2.1716,-4.02834,-5.13519,0.515672,2.17987,15.5557,1.43328,97,0.00580414,-6.64114,2.21271,-3.9639,-4.94633,0.478902,2.15019,10.5514,1.45827,97,0.00381679,0.15312,0.204414,0.417489,0.785766,0.176205,1.1168,8.25958,0.1456,0,0.00704261,NBA,2,Omicron,3,Boosted,0,G_NBA,G_0
868_1,-6.63177,2.57757,-3.93096,-4.77014,1.21627,2.47143,12.5832,1.54638,97,0.00973779,-6.53835,2.48518,-4.01805,-4.73424,1.15951,2.10236,12.8926,1.49914,97,0.0131474,-6.61884,2.48702,-3.94915,-4.41742,1.09012,2.01012,8.65628,1.48545,97,0.00300034,0.180664,0.227312,0.386046,0.967551,0.363439,1.02744,7.61549,0.192961,0,0.0266928,NBA,2,Omicron,2,Second dose,0,G_NBA,G_0
158_1,-6.52333,2.37643,-3.90584,-5.61491,0.565775,1.97655,17.0096,1.44522,97,0.0116921,-6.51535,2.31532,-3.97196,-5.82819,0.58183,1.97102,16.8599,1.54206,97,0.0108462,-6.58003,2.39598,-3.97468,-5.65605,0.689255,1.8006,14.984,1.48248,97,0.00377584,0.155748,0.188555,0.38166,0.696597,0.140495,1.258,8.25654,0.20068,0,0.0198298,NBA,2,Omicron,3,Boosted,0,G_NBA,G_0
2088_1,-6.67842,2.44272,-4.07236,-5.83838,1.10923,2.28764,14.7764,1.45031,97,0.0103693,-6.55707,2.36204,-3.90224,-5.6584,0.966175,2.64532,12.4041,1.4547,97,0.0089539,-6.63791,2.29242,-3.96836,-5.6492,1.00581,2.13711,9.09019,1.46158,97,0.00383569,0.185873,0.218042,0.426356,0.839238,0.197957,1.37075,5.29221,0.141986,0,0.0140401,NBA,3,Delta,3,Boosted,0,G_NBA,G_0
337_4,-6.6758,2.37271,-4.11578,-4.49672,0.584784,3.90809,6.32031,1.46583,97,0.00957501,-6.66755,2.26446,-4.00538,-4.57794,0.503795,3.20839,5.9541,1.51037,97,0.0115198,-6.64018,2.23919,-3.92889,-4.68357,0.472779,2.81746,5.63889,1.5055,97,0.00326316,0.208285,0.19952,0.442471,0.584178,0.215559,1.15376,0.670478,0.135005,0,0.0192065,NBA,1,Omicron,0,Unvaccinated,0,G_NBA,G_0
598_1,-6.55647,2.44596,-3.98321,-4.277,0.711156,2.53554,15.4268,1.55746,97,0.0189074,-6.56173,2.50504,-3.89179,-4.00506,0.643914,2.49165,15.1646,1.49382,97,0.0096474,-6.59358,2.44097,-3.9719,-4.15456,0.681426,2.31656,10.6472,1.50811,97,0.0036329,0.151568,0.190613,0.389089,0.629639,0.199073,1.51765,5.73691,0.181601,0,0.0232871,NBA,2,Omicron,2,Second dose,0,G_NBA,G_0
1373_1,-6.53248,2.39537,-3.91983,-5.14303,0.615138,2.80635,12.5791,1.54751,97,0.00888233,-6.52234,2.36196,-3.97476,-5.32239,0.656134,2.57238,13.2918,1.5373,97,0.0226939,-6.57554,2.37503,-3.96398,-4.96259,0.587765,2.26355,11.0137,1.50439,97,0.00366099,0.166666,0.21504,0.413329,0.71202,0.152855,1.30686,4.17382,0.183178,0,0.133377,NBA,2,Omicron,3,Boosted,0,G_NBA,G_0
1037_1,-6.5937,2.60968,-3.99085,-3.44517,0.968117,2.33114,10.3391,1.5004,97,0.00944158,-6.57247,2.46682,-3.87064,-3.40442,0.682495,2.024,7.64771,1.57998,97,0.0106476,-6.6176,2.48383,-3.92551,-3.28775,0.64818,1.95756,6.48333,1.50214,97,0.00355003,0.199592,0.255642,0.345134,0.422253,0.254339,0.956914,4.6548,0.178032,0,0.0142513,NBA,1,Omicron,3,Boosted,0,G_NBA,G_0
2023_1,-6.97259,1.82146,-3.92128,-5.46544,0.49923,2.69665,16.9464,1.48715,97,0.00960138,-6.84923,1.72474,-4.04989,-6.27394,0.927266,2.08625,13.8123,1.51856,97,0.0107299,-6.91994,1.75484,-3.95984,-5.69634,0.569157,1.88886,11.8778,1.46586,97,0.0048801,0.11942,0.156075,0.400172,1.09798,0.960713,0.993462,7.53688,0.174491,0,0.0185066,NBA,2,Delta,3,Boosted,0,G_NBA,G_0
760_1,-6.65958,2.53555,-3.98072,-3.21069,1.67855,2.75099,11.3622,1.36337,97,0.0176433,-6.66966,2.54557,-4.01606,-3.06435,1.25283,2.47266,6.50905,1.40623,97,0.00876446,-6.71232,2.53805,-3.8641,-2.87195,1.06547,2.34602,3.78313,1.41176,97,0.00292726,0.178215,0.267688,0.355539,0.609527,0.655957,1.0071,4.70134,0.185758,0,0.0169771,NBA,1,Omicron,3,Boosted,0,G_NBA,G_0
2157_1,-6.56734,2.16484,-3.94955,-6.21019,0.481617,2.15491,19.4906,1.49576,97,0.00865702,-6.5975,2.23846,-3.97566,-5.81281,0.467251,2.46333,14.5478,1.44347,97,0.0139474,-6.61116,2.24102,-3.95735,-5.63104,0.451052,2.24267,10.3056,1.47558,97,0.00367332,0.166559,0.155856,0.369261,0.641896,0.120344,1.35643,5.06729,0.176704,0,0.0362429,NBA,2,Omicron,3,Boosted,0,G_NBA,G_0
354_1,-6.65574,2.05367,-3.95214,-5.43477,0.30716,2.07689,19.6614,1.3883,97,0.0103605,-6.64613,2.04854,-3.87198,-5.76249,0.340888,2.63114,19.3187,1.44895,97,0.00829481,-6.69039,2.0478,-4.01922,-5.74804,0.348828,2.29344,14.7022,1.46664,97,0.00301459,0.167891,0.186516,0.369584,0.727387,0.0819528,1.58933,5.24404,0.178652,0,0.012669,NBA,2,Delta,0,Unvaccinated,0,G_NBA,G_0
3006_1,-6.74239,1.94589,-4.00262,-4.65268,0.372769,2.30144,7.54938,1.44456,97,0.0105453,-6.75387,1.9369,-3.93175,-4.91068,0.39606,2.15956,7.14317,1.47864,97,0.0150393,-6.75294,2.00423,-3.95148,-4.40276,0.354103,2.27341,7.69935,1.4123,97,0.00435709,0.158554,0.247984,0.476218,1.16185,0.196919,0.589811,0.888529,0.196331,0,0.0584265,NBA,2,Omicron,3,Boosted,0,G_NBA,G_0
1960_1,-6.60568,2.44314,-3.94924,-5.30879,0.787982,2.50128,15.5373,1.50068,97,0.0100123,-6.56414,2.33487,-4.00253,-5.78309,0.808307,2.23965,14.8943,1.50262,97,0.0120001,-6.59749,2.35795,-3.9647,-5.37445,0.795532,2.15939,10.5732,1.47997,97,0.00381671,0.17184,0.190146,0.414198,0.874177,0.185359,1.14066,5.73026,0.16984,0,0.043043,NBA,1,Omicron,3,Boosted,0,G_NBA,G_0
2073_1,-6.59556,2.37879,-4.0911,-4.58446,0.586539,2.4185,15.4447,1.39886,97,0.00755251,-6.60121,2.3119,-3.93736,-4.47797,0.508163,2.17215,14.6263,1.46271,97,0.0121496,-6.61713,2.33116,-3.95761,-4.44776,0.542574,2.05636,9.37223,1.41863,97,0.00375902,0.162847,0.179209,0.406143,0.657693,0.189984,1.15304,6.51646,0.196633,0,0.0155332,NBA,1,Omicron,3,Boosted,0,G_NBA,G_0
1406_1,-6.49058,2.55646,-3.85284,-5.25753,1.28646,2.95319,10.5326,1.54654,97,0.0144356,-6.49688,2.57034,-3.91169,-5.509,1.46148,2.43854,11.8155,1.53125,97,0.00928368,-6.54217,2.57439,-3.96545,-5.16435,1.39976,2.15179,10.5554,1.51276,97,0.00379794,0.157211,0.199442,0.363735,0.712924,0.417833,1.23612,6.38823,0.185867,0,0.0137011,NBA,2,Delta,2,Second dose,0,G_NBA,G_0
2540_1,-6.75662,1.7675,-3.94352,-5.18712,0.379927,2.58778,15.2048,1.45571,97,0.0317932,-6.83998,1.86438,-3.94692,-5.23758,0.473374,2.4999,14.6221,1.47113,97,0.00781778,-6.85015,1.84636,-3.97242,-5.15827,0.425093,2.316,10.6459,1.46162,97,0.00366423,0.136134,0.148427,0.392226,0.586308,0.185636,1.61643,5.08093,0.150604,0,0.0155687,NBA,2,Omicron,3,Boosted,0,G_NBA,G_0
1691_1,-6.5448,2.42564,-3.84208,-5.44001,0.706359,2.20429,14.8,1.51204,97,0.0112205,-6.53297,2.42233,-3.96327,-5.67684,0.76332,2.52609,16.2922,1.5521,97,0.00965802,-6.5792,2.41821,-3.971,-5.49355,0.784576,2.28458,10.5994,1.49531,97,0.003676,0.165134,0.204738,0.449159,0.788853,0.127386,1.46325,6.87696,0.166674,0,0.0164437,NBA,1,Omicron,2,Second dose,0,G_NBA,G_0
992_2,-6.61263,2.69797,-3.99645,-3.08844,1.34681,2.48576,10.3173,1.49814,97,0.0115908,-6.61976,2.69552,-3.98272,-3.49871,1.78108,2.51473,10.6724,1.57394,97,0.0134815,-6.63685,2.65296,-3.97077,-3.54952,1.79672,2.14887,10.5982,1.49869,97,0.00383022,0.198523,0.211025,0.331042,0.698345,0.459835,1.57374,5.04908,0.190366,0,0.022856,NBA,1,Omicron,2,Second dose,0,G_NBA,G_0
1405_1,-6.77161,1.66567,-3.91623,-7.18339,0.955681,2.45999,18.8514,1.417,97,0.00864952,-6.79077,1.66542,-3.86939,-7.06892,0.861873,2.00045,16.4523,1.4165,97,0.00950297,-6.93061,1.83591,-3.98571,-6.3734,0.960662,2.04375,13.1484,1.40155,97,0.00378413,0.175709,0.195426,0.395136,0.839273,0.305818,1.20548,6.79117,0.168521,0,0.0142651,NBA,2,Omicron,3,Boosted,0,G_NBA,G_0
1093_1,-6.69155,2.21857,-4.00676,-4.70809,0.488018,3.14504,11.2586,1.42402,97,0.0143401,-6.65049,2.14443,-3.95433,-5.23299,0.613452,2.71064,11.3602,1.46146,97,0.0106345,-6.69039,2.1718,-3.97947,-4.86662,0.537966,2.93549,11.554,1.43136,97,0.00347952,0.155738,0.174591,0.420773,0.676261,0.147143,1.36397,1.49194,0.149046,0,0.0188099,NBA,2,Omicron,3,Boosted,0,G_NBA,G_0
596_1,-6.61987,2.15481,-4.04601,-5.19986,0.51347,2.50041,15.2276,1.43282,97,0.0132814,-6.66447,2.17381,-3.95164,-5.05849,0.533497,2.42524,16.1661,1.43216,97,0.0130837,-6.6943,2.12682,-3.97402,-5.04976,0.504749,2.21125,11.166,1.44483,97,0.00350466,0.176755,0.195477,0.393008,0.951632,0.186704,1.25762,7.61501,0.149129,0,0.0303486,NBA,1,Delta,2,Second dose,0,G_NBA,G_0
2676_1,-6.55616,2.45809,-3.94553,-5.44835,0.837543,2.41569,7.77704,1.54371,97,0.00932351,-6.54691,2.38553,-3.89643,-5.6948,0.8848,2.10962,7.36543,1.49925,97,0.00622154,-6.58899,2.40243,-3.95336,-5.15754,0.860339,2.49872,7.47913,1.4936,97,0.00378572,0.18213,0.221878,0.449176,0.861446,0.267151,0.965061,3.7639,0.191708,0,0.00915547,NBA,2,Omicron,3,Boosted,0,G_NBA,G_0
620_1,-6.49197,2.52961,-4.10087,-4.99841,0.71562,2.54684,13.6935,1.49371,97,0.0152198,-6.45913,2.42734,-4.07061,-5.34936,0.737953,2.61437,15.2832,1.53525,97,0.00749485,-6.53274,2.47855,-3.96389,-5.21126,0.779002,2.15188,10.5542,1.50726,97,0.00379634,0.202507,0.187827,0.445482,0.813737,0.154734,1.41768,5.54212,0.164931,0,0.0116886,NBA,3,Omicron,3,Boosted,0,G_NBA,G_0
414_1,-6.90556,2.03469,-3.95367,-3.46148,0.347768,4.2349,6.26375,1.45425,97,0.0130148,-6.79875,2.12395,-3.91772,-2.77575,0.312457,3.12915,6.5882,1.40858,97,0.0103763,-6.74293,2.20606,-3.93136,-2.47972,0.277324,2.67326,6.42079,1.42959,97,0.00368104,0.186073,0.307632,0.398296,0.745785,0.115739,1.24838,0.599077,0.155019,0,0.0218866,NBA,2,Omicron,2,Second dose,0,G_NBA,G_0
2253_1,-6.60391,2.1243,-3.85368,-5.50034,0.707511,2.43994,9.51969,1.45886,97,0.00872692,-6.65785,2.16851,-3.96164,-5.35767,0.699175,2.13752,9.45789,1.42706,97,0.0177167,-6.69211,2.17923,-3.96088,-5.01142,0.656967,2.41818,9.5502,1.43923,97,0.00375313,0.146504,0.159897,0.413301,0.846754,0.229787,0.873578,2.09396,0.147909,0,0.0453924,NBA,2,Omicron,3,Boosted,0,G_NBA,G_0
2862_2,-6.73138,2.28118,-3.97276,-2.88019,0.366805,2.82634,14.1468,1.44188,97,0.00775287,-6.71389,2.16876,-3.90656,-3.12445,0.408216,2.44831,16.1757,1.3992,97,0.00728965,-6.74849,2.17384,-3.96972,-3.08266,0.36552,2.21201,13.7598,1.41526,97,0.00422642,0.16858,0.234255,0.339428,0.606823,0.107189,1.21194,4.19263,0.151802,0,0.0130665,NBA,2,Omicron,3,Boosted,0,G_NBA,G_0
478_2,-6.77225,2.06546,-3.66368,-5.41627,0.926604,3.15482,3.10797,1.47767,97,0.0125396,-6.72592,2.04936,-3.87841,-4.84374,0.82696,3.30882,4.01141,1.44423,97,0.00822239,-6.78996,2.06192,-3.89502,-4.99915,0.692219,3.10176,3.26458,1.43096,97,0.00364199,0.144719,0.175332,0.393733,0.657025,0.523266,1.42366,3.35389,0.175078,0,0.014746,NBA,2,Omicron,3,Boosted,0,G_NBA,G_0
977_1,-6.64637,2.29055,-4.03386,-4.85745,0.523813,2.27023,12.0484,1.43735,97,0.0109935,-6.63306,2.19821,-3.87605,-5.11345,0.548326,2.33627,12.2899,1.47605,97,0.00923064,-6.65964,2.20486,-3.95373,-5.01961,0.533072,2.25236,9.26749,1.4662,97,0.0038422,0.142368,0.154022,0.435286,0.70777,0.192935,1.05504,4.1872,0.151068,0,0.0149277,NBA,2,Omicron,2,Second dose,0,G_NBA,G_0
408_1,-6.60093,2.201,-3.98768,-5.67764,1.00907,2.62177,14.1536,1.36932,97,0.00993401,-6.69431,2.29193,-3.98164,-5.33745,0.990659,2.32599,16.0335,1.39539,97,0.00945235,-6.69152,2.25603,-3.95759,-5.13189,0.965933,2.17705,10.5455,1.40698,97,0.00371724,0.158328,0.20326,0.428621,0.879328,0.211465,1.25511,7.19899,0.169017,0,0.0134371,NBA,2,Omicron,3,Boosted,0,G_NBA,G_0
719_1,-6.66357,2.43975,-3.95621,-3.0547,0.839784,2.29853,12.7561,1.50989,97,0.0114703,-6.65915,2.43266,-4.0504,-2.90566,0.70259,2.31186,12.9603,1.45282,97,0.0103689,-6.69142,2.42314,-3.94787,-2.88467,0.69125,2.1317,10.7022,1.47941,97,0.00401666,0.176041,0.284085,0.412963,0.564463,0.305456,1.24398,6.38461,0.169768,0,0.0157556,NBA,1,Omicron,3,Boosted,0,G_NBA,G_0
2793_1,-6.64644,2.01579,-4.02356,-5.73655,0.365232,2.14939,11.0109,1.43524,97,0.0106137,-6.67491,2.01674,-4.07712,-6.1151,0.476785,2.44556,14.2616,1.48832,97,0.0161582,-6.70746,2.07926,-3.96483,-5.61257,0.453821,2.21459,11.6419,1.46784,97,0.00380304,0.180726,0.194298,0.416554,0.876481,0.176484,1.43139,6.19759,0.209728,0,0.0456094,NBA,2,Omicron,3,Boosted,0,G_NBA,G_0
34_1,-6.72311,2.17209,-4.00369,-4.45658,0.609363,2.29815,16.3182,1.45375,97,0.0050961,-6.6664,2.14806,-4.01983,-4.41382,0.583473,2.50056,16.8478,1.41979,97,0.0113355,-6.75049,2.20584,-3.98674,-4.41549,0.631107,2.29089,11.0531,1.43538,97,0.00333086,0.15263,0.197436,0.375575,0.667114,0.177196,1.22759,6.094,0.16732,0,0.014624,NBA,2,Omicron,3,Boosted,0,G_NBA,G_0
131_1,-6.52339,2.36528,-3.95472,-3.96586,0.437643,3.53144,8.30377,1.49955,97,0.018369,-6.58764,2.42734,-3.95096,-3.77521,0.407147,3.11766,8.16784,1.49166,97,0.0087862,-6.60798,2.35153,-3.94576,-3.95846,0.426439,2.9623,8.26064,1.48834,97,0.0036162,0.204716,0.214158,0.40373,0.429146,0.132632,1.44986,0.657936,0.16797,0,0.0112912,NBA,1,Omicron,3,Boosted,0,G_NBA,G_0
2010_2,-6.71321,1.9952,-3.93161,-4.00126,0.302057,3.36362,10.1028,1.42731,97,0.00805118,-6.74368,2.12855,-3.94018,-3.74238,0.287069,3.13922,10.258,1.41858,97,0.0108413,-6.71974,2.07354,-3.95362,-3.73176,0.255195,2.97572,9.97851,1.42003,97,0.0039505,0.165347,0.210139,0.427715,0.592811,0.109179,1.39168,0.797815,0.16669,0,0.0227887,NBA,1,Omicron,3,Boosted,0,G_NBA,G_0
1870_1,-6.68098,2.16735,-3.89151,-5.48103,0.771901,2.31006,14.1416,1.41382,97,0.0124868,-6.70935,2.16714,-3.92136,-5.84854,0.854681,2.23977,15.5882,1.47024,97,0.00932478,-6.72047,2.16988,-3.96918,-5.32766,0.821977,2.06995,10.8387,1.44259,97,0.0039494,0.166262,0.188259,0.399458,1.06453,0.225996,1.31239,5.72146,0.1817,0,0.0117133,NBA,2,Delta,0,Unvaccinated,0,G_NBA,G_0
253_2,-6.76707,2.0431,-3.83158,-4.03049,0.457691,3.06446,5.12285,1.45072,97,0.00856633,-6.76723,1.9406,-3.91497,-4.74712,0.578397,4.00558,5.0174,1.48733,97,0.00858031,-6.81701,1.99783,-3.93118,-4.34978,0.46672,3.30306,5.1399,1.45899,97,0.0032711,0.155681,0.179326,0.420912,1.04949,0.326952,2.42816,0.680573,0.149924,0,0.0153991,NBA,1,Omicron,2,Second dose,0,G_NBA,G_0
198_2,-6.77205,2.05004,-3.73566,-4.98283,1.21582,2.32848,8.15772,1.4427,97,0.00942447,-6.75236,2.05522,-3.95133,-4.82639,1.07335,2.22799,7.7658,1.41973,97,0.0175872,-6.84482,2.16356,-3.97977,-4.06079,0.934041,2.12782,6.79431,1.43453,97,0.00359433,0.196147,0.217915,0.407656,0.928374,0.537169,1.47167,6.38946,0.165684,0,0.0476694,NBA,1,Omicron,3,Boosted,0,G_NBA,G_0
1148_2,-6.70309,2.24951,-3.91023,-2.33254,0.3127,2.82934,14.5198,1.39639,97,0.00736232,-6.69512,2.20653,-3.99592,-2.38412,0.300197,2.14129,11.9444,1.40751,97,0.00781304,-6.75525,2.20536,-3.96372,-2.44387,0.308142,2.14794,10.5811,1.41954,97,0.00374475,0.184387,0.205124,0.368872,0.546022,0.141853,1.05365,6.36885,0.152359,0,0.0157583,NBA,1,Omicron,2,Second dose,0,G_NBA,G_0
2834_1,-6.58912,2.26196,-4.01394,-4.93183,0.742107,3.54984,8.72784,1.54816,97,0.010515,-6.5688,2.29133,-3.87096,-4.87958,0.753325,3.60716,8.69759,1.48012,97,0.0087863,-6.64337,2.31693,-3.96025,-4.69005,0.709009,3.12164,8.74505,1.47187,97,0.00373551,0.185693,0.2047,0.463358,0.698449,0.231931,1.73142,0.699683,0.172543,0,0.0138727,NBA,2,Omicron,3,Boosted,0,G_NBA,G_0
372_1,-6.55932,2.5212,-4.01508,-3.85789,1.17825,2.68126,6.78133,1.52859,97,0.00729054,-6.57334,2.51287,-3.85966,-3.58282,0.895848,2.78534,6.50791,1.52525,97,0.0158871,-6.64168,2.51458,-3.92786,-3.40793,0.783005,2.56039,4.67206,1.54042,97,0.00353968,0.16707,0.205535,0.440991,0.645038,0.443016,1.53391,4.89933,0.204346,0,0.0632062,NBA,1,Omicron,3,Boosted,0,G_NBA,G_0
2289_1,-6.51423,2.54949,-3.84759,-4.1852,0.681127,2.33138,16.415,1.58317,97,0.00700215,-6.48786,2.53839,-3.98384,-3.95869,0.596197,2.45821,14.4806,1.50778,97,0.00762762,-6.54917,2.50497,-3.95716,-4.20005,0.669015,2.2491,10.544,1.51304,97,0.00366623,0.175383,0.206759,0.397119,0.493649,0.163546,1.17046,4.40036,0.181342,0,0.0107861,NBA,1,Omicron,3,Boosted,0,G_NBA,G_0
559_1,-6.91521,1.81705,-4.0338,-6.97896,0.681285,2.25154,15.526,1.43787,97,0.013966,-6.92263,1.82039,-4.04023,-6.84821,0.665714,2.42977,17.6138,1.46148,97,0.020914,-6.90192,1.79553,-3.97232,-6.75466,0.649732,2.16659,11.8376,1.43784,97,0.00386506,0.117959,0.136544,0.374743,0.667564,0.238476,1.26117,6.5052,0.158529,0,0.0735794,NBA,1,Omicron,3,Boosted,0,G_NBA,G_0
166_2,-6.76051,2.21973,-4.03865,-2.25095,0.453993,2.62927,14.7795,1.4211,97,0.00893759,-6.77689,2.33024,-3.98353,-2.27969,0.547765,2.4411,12.9196,1.44363,97,0.0103228,-6.75844,2.33203,-3.97611,-2.16599,0.504544,2.23958,11.0779,1.42913,97,0.00361984,0.18864,0.257889,0.417493,0.524999,0.229932,1.55543,5.44042,0.161817,0,0.0306714,NBA,1,Omicron,3,Boosted,0,G_NBA,G_0
1380_1,-6.72018,2.21382,-4.01343,-6.53809,2.18647,2.32075,12.4849,1.40491,97,0.0207128,-6.69989,2.14284,-3.93857,-5.64651,1.54101,2.31148,8.84314,1.37694,97,0.0173779,-6.78374,2.2168,-3.91225,-4.83975,1.33961,2.10989,5.88751,1.39525,97,0.00423852,0.190362,0.261509,0.373545,1.2004,0.727315,1.29097,5.8085,0.188399,0,0.0299577,NBA,2,Omicron,2,Second dose,0,G_NBA,G_0
653_1,-6.83312,1.90962,-3.9765,-5.41966,0.590242,2.45992,15.05,1.46383,97,0.0148344,-6.78936,1.85381,-3.92299,-5.35021,0.598131,2.24162,12.2133,1.4899,97,0.0073159,-6.86621,1.88798,-3.97096,-5.21982,0.557673,2.09418,10.6532,1.47632,97,0.00329633,0.165238,0.191572,0.385714,0.927757,0.327555,1.02489,4.60307,0.168812,0,0.00916151,NBA,3,Omicron,3,Boosted,0,G_NBA,G_0
2169_2,-6.55421,2.4796,-3.93941,-4.44606,0.658635,2.30775,9.58645,1.51905,97,0.0110331,-6.56053,2.38046,-3.89195,-4.50407,0.677369,2.56426,8.62611,1.53095,97,0.00942053,-6.58754,2.41128,-3.9462,-4.38421,0.665989,2.38717,8.66079,1.48461,97,0.00377312,0.14785,0.18121,0.383898,0.70497,0.253018,2.06991,2.09313,0.174865,0,0.0144668,NBA,1,Omicron,3,Boosted,0,G_NBA,G_0
1397_1,-6.49326,2.55363,-4.00096,-3.97247,1.25449,2.33343,14.6702,1.53502,97,0.00896443,-6.57082,2.64508,-4.00039,-3.67927,1.20018,2.41322,11.0898,1.53998,97,0.00829002,-6.60908,2.57274,-3.93149,-3.88625,1.18575,2.32483,7.00184,1.5016,97,0.00359417,0.194005,0.246579,0.384879,0.628249,0.233567,1.46242,5.83349,0.227354,0,0.0123341,NBA,1,Omicron,3,Boosted,0,G_NBA,G_0
1595_1,-6.84393,1.99022,-3.94313,-4.88826,0.487004,2.83673,12.5108,1.43958,97,0.0052802,-6.83708,1.97196,-4.02041,-4.78362,0.438929,2.16063,12.0287,1.42564,97,0.0110699,-6.84721,1.85852,-3.96042,-4.99897,0.421179,1.97773,11.3642,1.44309,97,0.00409164,0.177328,0.18853,0.34627,0.581177,0.170161,1.30479,2.44982,0.154687,0,0.0184407,NBA,2,Omicron,3,Boosted,0,G_NBA,G_0
3039_1,-6.57087,2.35823,-3.93598,-5.80106,0.759012,1.94542,17.693,1.47736,97,0.00691294,-6.5784,2.35622,-3.96931,-5.7294,0.784415,2.28573,15.7608,1.45566,97,0.00838579,-6.65029,2.27137,-3.98071,-5.81559,0.808343,2.21624,11.0066,1.46686,97,0.00348187,0.190941,0.20263,0.37646,0.610765,0.131446,1.237,5.00266,0.165125,0,0.0120345,NBA,2,Omicron,3,Boosted,0,G_NBA,G_0
2600_1,-6.57602,2.2192,-3.85868,-6.26147,1.41206,2.56064,8.07277,1.46507,97,0.0139487,-6.61696,2.39727,-3.98699,-6.2195,1.72238,2.8331,9.46751,1.45229,97,0.0103132,-6.68071,2.30829,-3.92788,-6.11331,1.71417,2.65146,5.32674,1.46191,97,0.00323303,0.188323,0.189154,0.332444,0.994475,0.494855,1.50777,7.2794,0.192708,0,0.017156,NBA,1,Delta,2,Second dose,0,G_NBA,G_0
657_1,-6.91717,1.89176,-3.91584,-5.50135,0.673674,2.46081,12.5392,1.47675,97,0.00981668,-6.89428,1.84005,-3.87926,-5.72028,0.749323,2.32186,13.4017,1.47818,97,0.0103789,-6.8985,1.85349,-3.98295,-5.23819,0.64488,2.01869,10.5084,1.46673,97,0.00378902,0.178802,0.189191,0.414511,0.889473,0.418237,1.56152,7.42672,0.172909,0,0.0223644,NBA,2,Omicron,3,Boosted,0,G_NBA,G_0
2525_1,-6.79756,1.95965,-3.90602,-6.11191,0.819297,1.82985,6.86643,1.39908,97,0.0111757,-6.73855,1.86832,-3.80677,-6.05617,0.742117,2.02042,7.08286,1.42694,97,0.00762766,-6.77973,1.93483,-3.93789,-5.64046,0.562334,2.12187,6.99865,1.40775,97,0.00391652,0.162586,0.162339,0.443494,0.854815,0.47898,0.646426,1.63988,0.189282,0,0.013997,NBA,1,Omicron,3,Boosted,0,G_NBA,G_0
307_1,-6.62417,2.36778,-3.8791,-6.07907,1.07773,2.26937,14.6524,1.51915,97,0.0102701,-6.60618,2.39015,-3.99907,-6.02472,1.07753,2.26793,14.7319,1.46895,97,0.0081627,-6.62303,2.36504,-3.9656,-5.72898,1.06405,1.99707,10.7691,1.47393,97,0.00391372,0.184335,0.217207,0.392541,0.68436,0.192815,1.38218,6.87345,0.172702,0,0.0125267,NBA,2,Delta,2,Second dose,0,G_NBA,G_0
3034_1,-6.61896,2.29487,-3.9479,-5.30387,0.891725,2.71711,15.6252,1.46228,97,0.00833369,-6.61191,2.31336,-4.09685,-5.33788,0.898629,2.29888,15.3366,1.43898,97,0.0121703,-6.65393,2.30587,-3.96548,-5.2391,0.954139,2.15203,10.5576,1.46027,97,0.00379862,0.165793,0.209641,0.352444,0.8786,0.22208,1.33973,8.93637,0.15015,0,0.0228939,NBA,1,Delta,2,Second dose,0,G_NBA,G_0
487_2,-6.63727,2.01794,-3.73985,-5.74165,0.51098,4.07954,8.03396,1.41398,97,0.0240888,-6.6654,2.04507,-3.99931,-5.99932,0.635773,3.02272,7.80402,1.39266,97,0.0164479,-6.70592,2.10665,-3.93019,-5.34341,0.506262,3.55916,7.95162,1.39981,97,0.00384387,0.225276,0.208221,0.413606,0.844939,0.277301,1.19711,1.19351,0.137019,0,0.0348508,NBA,1,Omicron,2,Second dose,0,G_NBA,G_0
2118_1,-6.61721,2.44409,-3.95547,-4.73872,1.3052,2.73803,10.2307,1.50722,97,0.00930291,-6.64346,2.55152,-3.98468,-4.38083,1.21494,2.52881,10.4497,1.49873,97,0.00988157,-6.66833,2.43881,-3.92637,-4.44513,1.17875,2.40846,7.49018,1.49119,97,0.00311558,0.183705,0.245722,0.443525,0.810882,0.330834,1.07871,6.12884,0.193798,0,0.0154021,NBA,2,Omicron,3,Boosted,0,G_NBA,G_0
1391_1,-6.80118,2.0898,-4.09202,-6.82317,2.0974,2.80827,11.5938,1.43529,97,0.00744797,-6.779,2.02544,-3.87389,-6.65129,1.48545,1.87875,7.44449,1.43623,97,0.0137598,-6.82027,2.01164,-3.9587,-6.59852,1.2407,1.73196,5.00254,1.46535,97,0.00371228,0.139889,0.163529,0.409446,1.03138,0.799927,0.872639,4.391,0.144073,0,0.0270583,NBA,1,Omicron,3,Boosted,0,G_NBA,G_0
492_2,-6.67618,2.39419,-3.97974,-3.83429,0.973823,2.2302,9.11287,1.51879,97,0.013102,-6.62778,2.54801,-3.88618,-3.82426,1.22772,2.11062,10.8482,1.48315,97,0.00872751,-6.65231,2.48313,-3.9548,-3.8461,1.15314,1.97655,6.85893,1.48772,97,0.00397827,0.215808,0.249227,0.386837,0.85533,0.430193,0.992899,6.93189,0.173507,0,0.0221073,NBA,1,Omicron,3,Boosted,0,G_NBA,G_0
1659_1,-6.68053,2.09646,-3.83053,-4.87231,0.831509,4.43983,4.64034,1.43908,97,0.0105833,-6.77588,2.24817,-3.90728,-5.39625,1.38393,2.93422,5.36528,1.44802,97,0.0080192,-6.76455,2.14395,-3.85661,-5.11785,1.10611,3.3229,4.32963,1.44668,97,0.00397594,0.156814,0.202542,0.327515,1.25886,0.978778,1.02065,3.89605,0.165143,0,0.0150459,NBA,2,Omicron,2,Second dose,0,G_NBA,G_0
1463_1,-6.72362,2.30578,-3.93891,-3.41287,0.481066,2.93491,8.94242,1.38413,97,0.0103449,-6.67429,2.20432,-3.92598,-3.53589,0.450307,3.05065,8.61023,1.4161,97,0.0313615,-6.70893,2.21954,-3.94795,-3.47304,0.408829,2.75846,8.52316,1.41893,97,0.00403025,0.181001,0.23716,0.422874,0.597045,0.154034,1.56556,0.68802,0.185775,0,0.169885,NBA,2,Omicron,3,Boosted,0,G_NBA,G_0
533_1,-6.81564,2.01316,-3.90749,-4.87599,0.601969,1.80894,6.88226,1.46356,97,0.010219,-6.72668,2.00251,-4.11315,-4.65955,0.622655,2.42479,8.91726,1.46695,97,0.0149119,-6.70529,2.16876,-3.94358,-3.77729,0.384627,2.35121,8.50994,1.41383,97,0.00419098,0.155876,0.202785,0.432414,1.19957,0.565544,0.948242,3.16744,0.172333,0,0.0386174,NBA,2,Omicron,3,Boosted,0,G_NBA,G_0
570_1,-6.51445,2.36129,-3.96312,-5.4013,0.791944,2.30616,12.8727,1.4992,97,0.0208349,-6.56167,2.38001,-3.94333,-5.12307,0.738514,2.33313,11.8853,1.50726,97,0.00725434,-6.58661,2.36081,-3.96161,-5.13498,0.730037,2.23389,10.6402,1.48384,97,0.00377101,0.151334,0.200163,0.342516,0.667963,0.31452,1.4182,6.08972,0.194264,0,0.00999252,NBA,2,Omicron,3,Boosted,0,G_NBA,G_0
2896_1,-6.59515,2.14378,-3.90494,-4.60977,0.569262,2.34008,16.3377,1.44031,97,0.00832356,-6.69668,2.25344,-4.11821,-4.38235,0.52731,2.60273,17.1259,1.41861,97,0.0104073,-6.68747,2.21277,-3.97492,-4.41481,0.525197,2.14797,10.8498,1.41851,97,0.00381988,0.147613,0.168305,0.397997,0.4789,0.149824,1.53204,8.16813,0.156489,0,0.0213922,NBA,2,Omicron,3,Boosted,0,G_NBA,G_0
1933_1,-6.67289,2.14375,-3.9565,-5.78987,0.666095,2.23859,14.0977,1.40334,97,0.0101504,-6.66075,2.10334,-4.0378,-5.92925,0.676608,2.1077,14.814,1.42002,97,0.0134189,-6.71327,2.12376,-3.95846,-5.63427,0.669867,2.23491,9.395,1.4404,97,0.00357225,0.158709,0.178313,0.37935,0.845399,0.190112,0.928291,6.38491,0.157059,0,0.0231063,NBA,2,Omicron,2,Second dose,0,G_NBA,G_0
2174_1,-6.57407,2.38887,-3.93606,-4.27628,0.718385,2.13244,12.9783,1.48561,97,0.0122932,-6.56282,2.38866,-3.99551,-4.38936,0.732991,2.23372,13.9482,1.45865,97,0.0146271,-6.63794,2.37323,-3.97362,-4.34909,0.744653,2.20953,11.0061,1.47874,97,0.0037886,0.154557,0.203046,0.450064,0.770498,0.234265,1.05164,5.34517,0.159607,0,0.0396025,NBA,2,Delta,3,Boosted,0,G_NBA,G_0
526_1,-6.83516,1.96831,-3.8618,-6.30678,0.563477,2.12472,13.3938,1.39357,97,0.0138297,-6.85313,1.96291,-3.98668,-6.58131,0.65877,2.32827,14.6717,1.43383,97,0.0149007,-6.81146,1.92664,-3.97462,-6.38739,0.600089,2.28806,10.1669,1.40575,97,0.00358965,0.114143,0.116655,0.416677,0.699345,0.203407,0.925008,6.75226,0.173624,0,0.0284831,NBA,2,Delta,3,Boosted,0,G_NBA,G_0
2935_1,-6.91418,2.00282,-3.97952,-4.00747,0.729137,2.33147,13.2671,1.40694,97,0.0267843,-6.92477,1.97854,-3.95971,-3.83935,0.51771,2.40256,11.9479,1.41391,97,0.011937,-6.90823,1.90496,-3.96839,-3.91515,0.478852,2.16561,10.5291,1.41319,97,0.00376886,0.161584,0.206344,0.377838,0.569214,0.271528,1.04961,6.37123,0.147405,0,0.0178709,NBA,1,Omicron,2,Second dose,0,G_NBA,G_0
1707_2,-6.70756,2.08447,-3.93937,-5.9143,0.909376,2.08787,17.17,1.3932,97,0.00848276,-6.76475,2.11773,-3.88627,-5.74701,0.784469,2.69735,17.9612,1.48443,97,0.0103801,-6.77675,2.09038,-3.96316,-5.69723,0.854745,2.19224,10.9686,1.51473,97,0.0035093,0.155483,0.161871,0.383607,0.865521,0.211171,1.13143,8.39466,0.163356,0,0.0179902,NBA,1,Omicron,3,Boosted,0,G_NBA,G_0
873_1,-6.53313,2.60223,-4.07315,-4.64756,1.21095,2.97733,6.3596,1.50275,97,0.0103174,-6.54961,2.51292,-3.98606,-4.6438,1.15957,2.91795,7.75446,1.50021,97,0.00719132,-6.59385,2.52969,-3.94315,-4.45546,1.1024,2.85068,5.8689,1.52325,97,0.00338875,0.17321,0.201793,0.433113,0.93693,0.382008,1.34579,4.70205,0.157048,0,0.0130636,NBA,1,Omicron,3,Boosted,0,G_NBA,G_0
461_1,-6.65508,2.35601,-3.96123,-4.9302,0.829289,2.69162,15.2374,1.45258,97,0.00981464,-6.62708,2.3052,-3.93198,-5.07626,0.808478,2.28424,14.0984,1.46932,97,0.022524,-6.66199,2.29633,-3.97713,-4.96898,0.84069,2.30688,10.6575,1.47546,97,0.00361768,0.171895,0.230781,0.50382,0.98752,0.255118,1.11748,5.12533,0.164986,0,0.132542,NBA,2,Omicron,3,Boosted,0,G_NBA,G_0
1022_1,-6.62808,2.42484,-3.94524,-3.21633,0.646109,2.61625,7.99463,1.50503,97,0.0163907,-6.65207,2.55442,-3.91653,-3.10927,0.724059,2.98342,8.26282,1.49075,97,0.0119002,-6.67902,2.39533,-3.93009,-3.32877,0.663676,2.86681,5.85351,1.48228,97,0.00418525,0.213738,0.222595,0.40284,0.543044,0.261332,1.47942,6.81969,0.148921,0,0.0253597,NBA,1,Omicron,2,Second dose,0,G_NBA,G_0
2802_2,-6.58005,2.31426,-3.85384,-5.50107,0.681209,1.94872,7.76247,1.44769,97,0.0152713,-6.5911,2.29483,-3.90638,-5.82513,0.833031,2.2797,8.09117,1.45334,97,0.00876638,-6.62688,2.31183,-3.95899,-5.62929,0.857538,2.3618,8.58502,1.48143,97,0.00328835,0.176578,0.235229,0.374349,0.727513,0.222134,1.21378,1.71297,0.180515,0,0.0192106,NBA,2,Omicron,2,Second dose,0,G_NBA,G_0
2201_1,-6.83925,1.98254,-3.89645,-6.05634,0.671734,2.5529,15.2952,1.44084,97,0.00883582,-6.73229,1.89925,-3.83484,-6.25487,0.667763,2.26592,16.9842,1.41043,97,0.00875322,-6.79971,1.94651,-3.96535,-5.72404,0.656209,2.24206,11.0811,1.40666,97,0.00399839,0.189293,0.20819,0.417977,0.997772,0.192137,1.17565,7.87605,0.186644,0,0.0118043,NBA,1,Omicron,2,Second dose,0,G_NBA,G_0
2895_1,-6.7274,2.01864,-3.99683,-6.18401,0.783894,2.22798,13.4529,1.42296,97,0.0259057,-6.74051,2.01202,-4.0458,-6.0752,0.728735,2.28511,13.926,1.45814,97,0.00980557,-6.76431,2.03944,-3.97017,-6.06038,0.85598,2.14666,9.89197,1.45195,97,0.00406107,0.197958,0.201041,0.38667,0.78656,0.230233,1.40571,5.24519,0.17579,0,0.0206614,NBA,2,Omicron,3,Boosted,0,G_NBA,G_0
8_1,-6.64312,2.33052,-4.03292,-4.6174,0.688634,2.21013,15.5303,1.53135,97,0.0234836,-6.59366,2.27395,-3.92284,-4.98603,0.76536,2.53455,14.5353,1.4892,97,0.0122123,-6.65062,2.31764,-3.96368,-4.66045,0.723084,2.30002,10.6336,1.48243,97,0.00342625,0.174665,0.202301,0.427283,0.860174,0.20275,1.41387,5.59628,0.163834,0,0.0386595,NBA,1,Omicron,3,Boosted,0,G_NBA,G_0
2006_2,-6.89856,1.89782,-3.90944,-5.82948,0.787716,3.14335,7.35323,1.42594,97,0.0216117,-6.83086,1.81927,-3.97067,-5.77674,0.573002,3.13464,7.20317,1.47257,97,0.0111659,-6.86589,1.83527,-3.9387,-5.38911,0.519089,3.28033,7.48386,1.44254,97,0.0036826,0.14287,0.183186,0.415623,0.973617,0.283717,1.20789,0.699888,0.167027,0,0.0230344,NBA,1,Omicron,2,Second dose,0,G_NBA,G_0
1345_1,-6.58753,2.53213,-3.85856,-5.85109,3.45327,2.75129,7.5467,1.49894,97,0.00864942,-6.56115,2.49079,-3.84415,-4.92407,2.31322,3.47308,6.82419,1.46298,97,0.011492,-6.66026,2.52092,-3.89401,-4.00363,1.88073,2.70982,4.24495,1.51927,97,0.00314156,0.181057,0.246121,0.384956,1.49681,1.80113,1.61433,5.82789,0.164621,0,0.0251604,NBA,1,Omicron,2,Second dose,0,G_NBA,G_0
331_1,-6.84021,2.01281,-4.03508,-6.47435,0.851984,2.07604,13.9946,1.41371,97,0.00514862,-6.78891,1.96641,-3.98176,-6.65364,0.817549,2.59101,14.0298,1.39803,97,0.0116355,-6.84303,2.00002,-3.94839,-6.59162,0.908945,2.30023,9.70138,1.419,97,0.00398575,0.142797,0.150132,0.453837,0.63298,0.211496,1.83481,5.74559,0.132856,0,0.0193972,NBA,2,Omicron,2,Second dose,0,G_NBA,G_0
931_1,-6.52712,2.43901,-3.98444,-4.79603,0.553446,2.29063,14.6949,1.5369,97,0.0100064,-6.48887,2.4525,-3.96761,-4.69252,0.529247,2.4335,14.6447,1.50068,97,0.0138032,-6.55333,2.39812,-3.9615,-4.79349,0.557081,2.15207,10.5368,1.49932,97,0.00381083,0.181129,0.225388,0.399387,0.652428,0.15183,1.0329,4.99996,0.201701,0,0.0318086,NBA,1,Omicron,3,Boosted,0,G_NBA,G_0
1838_1,-6.9762,1.93754,-3.98566,-6.91105,0.944794,3.0544,12.6559,1.45705,97,0.0102371,-6.88244,1.8308,-4.10081,-6.55021,0.750648,3.0345,12.2614,1.47854,97,0.0121223,-6.88587,1.84353,-3.99114,-6.64348,0.88829,3.00553,12.7612,1.4721,97,0.00370983,0.11738,0.124686,0.355695,0.605991,0.223678,1.44629,0.76981,0.156881,0,0.0201501,NBA,1,Omicron,3,Boosted,0,G_NBA,G_0
455_1,-6.6259,2.2587,-3.93324,-6.17116,0.948126,2.31432,10.7491,1.48401,97,0.00853531,-6.62945,2.31117,-3.97803,-6.13549,1.02696,2.56307,11.8398,1.49183,97,0.0147978,-6.7018,2.24393,-3.9999,-6.08241,1.16118,2.10428,10.9512,1.47094,97,0.00383141,0.199867,0.254597,0.406044,0.922417,0.353041,1.57,7.43155,0.196462,0,0.0364663,NBA,1,Omicron,3,Boosted,0,G_NBA,G_0
1408_1,-6.66366,2.09866,-4.01358,-5.46559,0.630809,2.37905,16.0473,1.43134,97,0.0216917,-6.72607,2.13536,-3.89987,-5.43256,0.643516,2.17743,12.3786,1.42372,97,0.00887252,-6.74719,2.10962,-3.92869,-5.36964,0.59474,2.01099,8.55603,1.4417,97,0.004199,0.187812,0.187141,0.384679,0.706578,0.233983,1.2533,5.48478,0.149008,0,0.0140477,NBA,3,Omicron,3,Boosted,0,G_NBA,G_0
3047_1,-6.56575,2.27422,-4.03235,-5.84601,0.519144,2.08085,15.039,1.49653,97,0.0129785,-6.5897,2.23594,-4.05145,-5.96802,0.528257,2.5246,13.674,1.5117,97,0.0104839,-6.62229,2.30579,-3.95937,-5.79382,0.548831,2.26868,10.3171,1.46651,97,0.00370508,0.159528,0.167328,0.36835,0.707764,0.114822,1.35733,4.31495,0.180506,0,0.0217231,NBA,2,Omicron,3,Boosted,0,G_NBA,G_0
92_1,-6.90323,1.6402,-3.99222,-6.57147,0.661975,2.06721,13.968,1.42908,97,0.00636569,-6.98287,1.75079,-3.94226,-6.87195,0.942243,2.33313,11.259,1.43063,97,0.0165652,-6.93758,1.65592,-3.99184,-6.90694,0.85281,2.17876,10.6092,1.472,97,0.00404205,0.161899,0.197904,0.445067,0.759792,0.56849,1.50022,6.16685,0.154892,0,0.0397333,NBA,1,Omicron,3,Boosted,0,G_NBA,G_0
3059_1,-6.6864,2.28413,-4.04965,-5.97146,0.979604,2.3686,15.5839,1.45816,97,0.0162213,-6.68819,2.26952,-3.98497,-5.82535,0.95742,2.11269,14.6193,1.48751,97,0.0111129,-6.69108,2.19473,-3.95901,-5.74572,0.936523,1.92785,10.5639,1.49322,97,0.0035578,0.159369,0.201171,0.42317,0.820147,0.182291,1.10082,6.16472,0.164726,0,0.0226077,NBA,2,Omicron,3,Boosted,0,G_NBA,G_0
1823_1,-6.66748,2.19988,-3.98674,-4.5777,0.62477,2.28179,16.1984,1.46083,97,0.00790045,-6.67678,2.19846,-3.94944,-4.5469,0.612794,2.47084,16.5874,1.46423,97,0.00914232,-6.70556,2.21199,-3.9746,-4.48131,0.612451,2.34066,11.0262,1.45307,97,0.00332515,0.15369,0.164979,0.455774,0.437969,0.177784,1.28768,6.40298,0.155627,0,0.0116687,NBA,1,Omicron,3,Boosted,0,G_NBA,G_0
2128_1,-6.6332,2.40413,-3.96622,-4.20222,1.13794,3.08271,5.19796,1.49897,97,0.0211189,-6.64027,2.38726,-3.90628,-4.46795,1.07244,3.49878,5.54227,1.50089,97,0.0184079,-6.69105,2.34366,-3.9025,-4.29144,0.880455,3.31618,4.38612,1.4711,97,0.00398889,0.167118,0.22448,0.318078,1.07064,0.627384,1.50414,4.09173,0.199653,0,0.050921,NBA,1,Omicron,2,Second dose,0,G_NBA,G_0
2545_1,-6.47894,2.45819,-3.88963,-5.76936,0.984843,1.98767,9.87433,1.52338,97,0.0206541,-6.52631,2.55374,-4.0449,-5.39497,0.931626,2.08687,9.8683,1.52736,97,0.0055738,-6.5374,2.48798,-3.92244,-5.31381,0.887569,2.00493,7.93548,1.52747,97,0.00352029,0.158741,0.173412,0.386345,0.728939,0.243127,1.0119,4.9101,0.172762,0,0.00867706,NBA,1,Omicron,2,Second dose,0,G_NBA,G_0
2046_1,-6.72262,2.15195,-3.99023,-3.49931,0.411718,2.07437,15.5698,1.48137,97,0.0175152,-6.74824,2.25682,-4.05761,-3.31501,0.442348,2.46436,15.2059,1.42715,97,0.0121755,-6.73382,2.19965,-3.96021,-3.38894,0.415133,2.15861,10.5281,1.41695,97,0.00376353,0.158073,0.175671,0.42218,0.520554,0.153246,1.26786,5.92756,0.169988,0,0.0209564,NBA,2,Omicron,2,Second dose,0,G_NBA,G_0
315_1,-6.37939,2.39867,-3.90685,-5.38106,0.662081,2.36158,9.21679,1.56049,97,0.00639264,-6.43544,2.5012,-3.97316,-5.3934,0.728652,2.8073,7.74772,1.53948,97,0.018451,-6.51256,2.49743,-3.94288,-5.16121,0.712422,2.56091,7.57218,1.51314,97,0.00359999,0.154629,0.206243,0.341227,0.769773,0.188733,1.59051,1.32217,0.186484,0,0.0509174,NBA,2,Omicron,3,Boosted,0,G_NBA,G_0
534_1,-6.76927,2.22649,-4.08204,-6.08491,0.769719,2.34319,13.7516,1.4068,97,0.00592118,-6.69225,2.11544,-3.99372,-6.1392,0.746614,2.40154,13.3087,1.42805,97,0.014937,-6.7306,2.14481,-3.97449,-5.9874,0.720564,2.17311,8.65936,1.42682,97,0.00304892,0.14801,0.168281,0.408908,0.880498,0.220885,1.35379,5.29298,0.17789,0,0.0283047,NBA,2,Omicron,3,Boosted,0,G_NBA,G_0
1789_1,-6.62796,1.98614,-3.89139,-5.85963,1.0751,1.92299,8.70002,1.42219,97,0.00933474,-6.76007,2.13444,-3.9354,-5.58285,1.23573,1.83658,9.80122,1.42005,97,0.0162447,-6.79485,2.15313,-3.92522,-4.78481,1.10033,1.71517,8.29777,1.41581,97,0.00432005,0.12089,0.152732,0.422203,0.943862,0.545568,0.848836,6.32954,0.176932,0,0.0595303,NBA,1,Omicron,3,Boosted,0,G_NBA,G_0
2947_2,-6.64961,2.59721,-3.93044,-3.18112,1.07567,2.57565,9.21259,1.5253,97,0.0190325,-6.58053,2.56596,-3.93469,-2.92687,0.889387,2.90419,7.48243,1.48946,97,0.0174072,-6.67416,2.49354,-3.89551,-3.11749,0.821568,2.5731,4.91051,1.49743,97,0.0032523,0.186365,0.309978,0.355305,0.692806,0.338676,1.64506,4.97634,0.193889,0,0.0569985,NBA,1,Omicron,2,Second dose,0,G_NBA,G_0
2017_1,-6.51326,2.27302,-4.01869,-5.91946,0.650999,2.44388,11.4895,1.49607,97,0.0106227,-6.59842,2.36405,-3.91882,-5.31495,0.574734,2.33482,11.7633,1.50142,97,0.0113697,-6.59318,2.31668,-3.96426,-5.45936,0.610823,2.15199,10.5559,1.47877,97,0.00379835,0.178631,0.211378,0.403355,0.722978,0.233974,1.15634,5.01186,0.136597,0,0.015571,NBA,1,Omicron,3,Boosted,0,G_NBA,G_0
2995_2,-6.47683,2.43938,-3.95023,-3.48922,0.378719,2.37303,15.6081,1.49887,97,0.006469,-6.57082,2.47648,-3.91009,-3.53972,0.40138,2.43251,14.0969,1.52846,97,0.010112,-6.56652,2.40978,-3.96265,-3.63306,0.39234,2.15715,9.60381,1.5113,97,0.00375193,0.17231,0.189821,0.40988,0.479381,0.12525,1.26031,6.29707,0.189773,0,0.0258748,NBA,1,Omicron,3,Boosted,0,G_NBA,G_0
1864_1,-6.70587,2.02474,-4.02145,-5.85306,0.793022,2.53462,13.8207,1.47607,97,0.00851198,-6.7067,2.05219,-4.02387,-5.59675,0.757256,2.21594,15.2615,1.40646,97,0.00724436,-6.76341,2.06365,-3.95339,-5.46498,0.78066,2.32111,9.94077,1.44507,97,0.00361761,0.16276,0.15901,0.381997,0.798123,0.255035,1.12059,7.59639,0.154687,0,0.0112551,NBA,3,Omicron,3,Boosted,0,G_NBA,G_0
109_1,-6.62063,2.15776,-4.00243,-5.86543,0.709195,2.44267,7.70398,1.48072,97,0.011226,-6.62731,2.15503,-3.94379,-5.66015,0.657502,2.82323,7.92718,1.45431,97,0.00753066,-6.66921,2.20439,-3.95603,-5.31555,0.620924,2.74982,7.75107,1.46477,97,0.00329158,0.169188,0.193736,0.372438,0.848076,0.269863,1.20029,1.60758,0.156173,0,0.0211477,NBA,1,Delta,2,Second dose,0,G_NBA,G_0
3038_2,-6.68092,1.99002,-3.95954,-5.41696,0.836303,2.91323,3.94694,1.42927,97,0.0183149,-6.69086,2.0631,-3.87585,-5.24762,1.08452,2.96342,5.25696,1.43872,97,0.0156304,-6.77199,2.14555,-3.88362,-4.60765,0.842024,2.89354,4.52889,1.43767,97,0.00369026,0.155843,0.189618,0.443412,1.03176,0.770197,1.10554,2.67117,0.20318,0,0.0387474,NBA,1,Omicron,3,Boosted,0,G_NBA,G_0
2337_1,-6.57687,1.96091,-3.91769,-6.27196,0.401936,2.1112,16.035,1.35733,97,0.00533237,-6.72278,2.124,-3.99665,-6.07932,0.424861,2.24536,15.7477,1.35516,97,0.00986081,-6.71981,2.08411,-3.96358,-6.09584,0.443553,2.02918,12.18,1.37786,97,0.00348308,0.138834,0.16343,0.385404,0.639822,0.109448,1.29868,5.37306,0.133802,0,0.0197835,NBA,2,Omicron,3,Boosted,0,G_NBA,G_0
1719_1,-6.73047,2.20959,-4.16476,-3.04995,0.400037,2.51096,12.9873,1.46823,97,0.0122549,-6.67748,2.31184,-3.92401,-2.77821,0.405436,2.48399,15.3481,1.43654,97,0.00965984,-6.77658,2.16426,-3.95575,-3.15415,0.416701,2.17867,10.6904,1.42514,97,0.00387942,0.185246,0.263028,0.38969,0.645966,0.138132,1.44105,5.75163,0.183658,0,0.0154329,NBA,1,Omicron,2,Second dose,0,G_NBA,G_0
911_1,-6.73271,1.77803,-3.96306,-6.07635,0.472656,3.85551,9.24503,1.44789,97,0.0110863,-6.70592,1.78263,-3.95926,-6.16804,0.519101,4.3165,9.32364,1.44385,97,0.0106503,-6.79353,1.85377,-3.93166,-5.76895,0.448727,3.74301,9.22846,1.42025,97,0.00396,0.170986,0.193737,0.41516,0.737839,0.244227,1.82593,0.544833,0.153892,0,0.0236317,NBA,2,Omicron,3,Boosted,0,G_NBA,G_0
1911_1,-6.57246,2.5534,-3.91284,-3.17685,0.588114,2.18722,11.2975,1.51402,97,0.00703302,-6.59142,2.52371,-3.95563,-3.45125,0.679321,2.54156,11.7218,1.50548,97,0.00972204,-6.627,2.44811,-3.9706,-3.52832,0.636563,2.24868,10.7982,1.49921,97,0.00340705,0.1775,0.230443,0.425022,0.51493,0.260642,1.48728,5.93865,0.193653,0,0.0147954,NBA,1,Omicron,2,Second dose,0,G_NBA,G_0
1176_1,-6.49598,2.40041,-4.00795,-4.00657,0.407723,2.29881,14.9601,1.52068,97,0.0116991,-6.52894,2.40046,-3.98222,-4.1302,0.431186,2.55809,17.7928,1.52993,97,0.0112121,-6.57406,2.37762,-3.95492,-4.09087,0.396298,2.39431,9.69343,1.51685,97,0.00372334,0.18098,0.187179,0.336768,0.563151,0.12822,1.41259,8.40409,0.155798,0,0.0315754,NBA,2,Omicron,3,Boosted,0,G_NBA,G_0
2229_2,-6.58729,2.57389,-3.94991,-3.65855,0.696007,2.88772,10.2483,1.47394,97,0.00846776,-6.5488,2.41893,-4.02902,-4.36013,0.848491,2.53,10.9356,1.49279,97,0.0110772,-6.62509,2.42393,-3.96703,-4.25237,0.816189,2.6868,8.93462,1.47495,97,0.00376849,0.15804,0.201275,0.448768,0.68082,0.243947,1.31895,5.46948,0.177314,0,0.0143732,NBA,1,Omicron,2,Second dose,0,G_NBA,G_0
106_1,-6.52146,2.35762,-3.86407,-4.4712,0.565171,2.63085,7.09832,1.53058,97,0.0121847,-6.53991,2.3932,-3.9758,-4.62331,0.58201,2.09813,6.69897,1.53456,97,0.0102924,-6.56338,2.36683,-3.89549,-4.36306,0.489696,2.1371,6.55264,1.48595,97,0.00522978,0.153686,0.245727,0.452596,0.862202,0.280928,0.81264,1.74343,0.176097,0,0.0166424,NBA,2,Omicron,3,Boosted,0,G_NBA,G_0
2798_1,-6.583,2.3678,-3.91929,-5.08703,1.48293,1.86953,10.3807,1.51664,97,0.0165342,-6.59533,2.43316,-3.94421,-5.28818,1.49976,2.05408,11.6871,1.50909,97,0.0140592,-6.6453,2.44815,-3.95733,-5.01316,1.67282,1.77349,8.41397,1.42233,97,0.00479248,0.165409,0.229069,0.475505,1.2759,0.479894,0.898762,7.60038,0.184915,0,0.0312009,NBA,2,Omicron,3,Boosted,0,G_NBA,G_0
2058_1,-6.61306,2.69046,-3.93256,-2.49498,1.03272,2.82589,12.0324,1.54128,97,0.0074725,-6.69095,2.59849,-3.96267,-2.5916,0.952286,2.41138,13.724,1.53777,97,0.0107035,-6.65375,2.60529,-3.96361,-2.53094,0.943476,2.10594,10.6733,1.49316,97,0.00370614,0.163069,0.180946,0.345677,0.374398,0.170172,1.27343,6.19246,0.180542,0,0.0180016,NBA,2,Omicron,2,Second dose,0,G_NBA,G_0
498_1,-6.69006,2.32436,-3.95306,-4.05364,0.660279,2.32177,8.63828,1.3741,97,0.0124762,-6.66277,2.263,-3.9051,-4.29816,0.61228,2.45004,7.39802,1.39733,97,0.00890923,-6.70862,2.2181,-3.94023,-4.27867,0.557184,2.15126,7.11092,1.42586,97,0.00381885,0.163537,0.161372,0.420197,0.509086,0.213896,1.07094,1.17602,0.156249,0,0.0175492,NBA,2,Omicron,3,Boosted,0,G_NBA,G_0
1806_1,-7.07582,1.64834,-3.81754,-6.10193,0.796878,2.34597,12.5824,1.57615,97,0.0109158,-7.01261,1.60913,-4.04901,-6.67384,0.908268,2.35637,10.596,1.53393,97,0.0200891,-7.02086,1.58648,-3.96814,-6.37581,0.801132,2.25341,9.91978,1.53595,97,0.0052495,0.196951,0.237591,0.485514,1.00704,0.428891,0.915338,4.46013,0.174042,0,0.0476566,NBA,1,Omicron,3,Boosted,0,G_NBA,G_0
12_1,-6.56375,2.54531,-3.96294,-3.50977,0.413618,2.55792,15.1821,1.485,97,0.0081294,-6.52379,2.44672,-4.01087,-3.80077,0.444795,2.42184,15.2745,1.49762,97,0.0111148,-6.58335,2.37238,-3.96732,-3.85737,0.406122,2.24525,10.5587,1.50367,97,0.00369594,0.206597,0.250918,0.433436,0.560573,0.146987,1.28833,5.66334,0.160992,0,0.0197469,NBA,1,Omicron,3,Boosted,0,G_NBA,G_0
1416_1,-6.48718,2.48287,-4.04551,-4.26942,1.28776,2.73164,14.6429,1.51549,97,0.00971618,-6.55824,2.5385,-3.9852,-4.3696,1.31605,2.44581,13.3886,1.51475,97,0.00658994,-6.63146,2.51421,-3.92104,-4.44335,1.35575,2.23548,8.01048,1.4829,97,0.00365267,0.177474,0.222996,0.433259,0.696037,0.219542,1.20839,5.28754,0.18183,0,0.0107476,NBA,2,Omicron,3,Boosted,0,G_NBA,G_0
586_1,-6.40258,2.48728,-3.83437,-5.27002,0.920761,2.19734,16.1892,1.49431,97,0.00582009,-6.41174,2.49607,-4.0058,-5.25929,0.893702,2.32365,14.5254,1.5289,97,0.00919821,-6.5257,2.52114,-3.95439,-4.89731,0.872518,2.17418,10.6255,1.52607,97,0.00375695,0.196961,0.220997,0.369431,0.750806,0.170106,1.07584,5.59682,0.192773,0,0.0223017,NBA,1,Delta,2,Second dose,0,G_NBA,G_0
568_1,-6.7384,2.24148,-3.99096,-4.82666,0.819469,2.67402,14.2407,1.46428,97,0.00876523,-6.70953,2.22215,-3.99425,-4.97401,0.864112,2.2184,13.0595,1.42951,97,0.00657608,-6.73436,2.21118,-3.96505,-4.65585,0.775826,2.05084,10.632,1.4236,97,0.00413742,0.15158,0.209438,0.400725,0.914002,0.340559,1.47183,6.55495,0.179205,0,0.0113312,NBA,2,Omicron,3,Boosted,0,G_NBA,G_0
171_1,-6.4336,2.28026,-3.93611,-5.58526,0.454031,2.39791,16.085,1.535,97,0.00767955,-6.53296,2.41808,-4.00736,-5.33891,0.496325,2.36589,16.2583,1.50157,97,0.0106571,-6.5438,2.36584,-3.9737,-5.24256,0.495011,2.21882,11.8022,1.49946,97,0.00368762,0.175165,0.213721,0.39813,0.663607,0.103714,1.25778,6.06718,0.186322,0,0.0181014,NBA,2,Omicron,3,Boosted,0,G_NBA,G_0
444_1,-6.57196,2.39856,-4.19169,-5.3529,1.04074,2.49441,12.3446,1.42074,97,0.0112408,-6.64349,2.46988,-4.02612,-5.47678,1.12491,2.31275,14.0086,1.47021,97,0.0130961,-6.62103,2.36874,-3.95142,-5.459,1.10934,2.12641,9.97823,1.46822,97,0.0041105,0.181693,0.226307,0.35973,0.898693,0.225952,1.31272,6.27148,0.170053,0,0.0398903,NBA,2,Delta,2,Second dose,0,G_NBA,G_0
96_1,-6.75445,1.95939,-3.89918,-6.45311,0.924571,1.61807,8.65557,1.41619,97,0.0115624,-6.81361,2.00266,-3.93517,-6.56326,1.06327,1.9909,10.5605,1.48689,97,0.00778105,-6.80935,2.01683,-3.9486,-5.73118,0.99328,2.28911,10.5085,1.4671,97,0.0037751,0.13566,0.13685,0.377126,0.873587,0.390973,1.2706,5.51131,0.135226,0,0.00939296,NBA,1,Delta,2,Second dose,0,G_NBA,G_0
2530_1,-6.59556,2.3138,-4.05012,-5.2446,0.696495,1.98471,13.2367,1.49036,97,0.0111928,-6.62835,2.32368,-3.92997,-5.50342,0.837781,2.29978,16.4634,1.46443,97,0.00744221,-6.63147,2.30757,-3.97014,-5.3639,0.840603,2.167,10.5519,1.47362,97,0.00376446,0.18721,0.213179,0.405851,0.779467,0.176215,1.27606,5.78456,0.15822,0,0.0181389,NBA,2,Omicron,3,Boosted,0,G_NBA,G_0
343_1,-6.65733,2.23943,-3.94895,-5.66803,0.772601,3.25208,7.92819,1.47577,97,0.00977968,-6.65384,2.17757,-3.90782,-6.13927,0.846241,3.12883,7.64071,1.49256,97,0.00852965,-6.65316,2.2572,-3.95099,-5.52869,0.792779,2.9857,7.96405,1.4605,97,0.00370149,0.163826,0.163069,0.408492,0.73848,0.31973,1.75863,1.38423,0.190815,0,0.013154,NBA,1,Omicron,2,Second dose,0,G_NBA,G_0
2345_1,-6.61027,2.10717,-4.01735,-5.11806,0.442246,2.10535,14.3004,1.47781,97,0.0127179,-6.63677,2.17275,-4.02362,-5.13686,0.500368,2.29646,14.2638,1.488,97,0.0108441,-6.62353,2.21961,-3.96622,-4.8326,0.46299,2.16629,9.64395,1.42549,97,0.00355781,0.145898,0.174631,0.393036,0.795655,0.180064,1.0616,5.08403,0.165623,0,0.0188383,NBA,1,Omicron,3,Boosted,0,G_NBA,G_0
2187_1,-6.3672,2.43686,-3.86966,-5.48808,0.523878,2.79054,12.8186,1.55512,97,0.00837575,-6.4525,2.5028,-3.991,-5.52122,0.579353,2.36191,14.5131,1.5799,97,0.00954068,-6.49295,2.49926,-3.96468,-5.31741,0.544236,2.26512,9.85916,1.52534,97,0.00347668,0.138555,0.172633,0.491956,0.541074,0.109441,1.12643,6.26446,0.209869,0,0.0157161,NBA,2,Omicron,3,Boosted,0,G_NBA,G_0
1947_1,-6.64238,2.17464,-3.96127,-6.19326,1.24519,2.87582,7.67252,1.46107,97,0.0093294,-6.68648,2.19727,-4.03482,-6.23624,1.18579,2.52664,6.03084,1.47691,97,0.0144728,-6.67679,2.23069,-3.90732,-5.70699,1.05777,2.33079,5.28213,1.44242,97,0.00355398,0.175449,0.202851,0.424035,0.72789,0.544247,1.58711,3.43232,0.16101,0,0.0227057,NBA,2,Delta,1,First dose,0,G_NBA,G_0
1947_2,-6.60793,2.20364,-3.87594,-5.88645,0.781176,4.17416,4.04132,1.47217,97,0.0141552,-6.66228,2.19555,-3.86238,-6.37697,1.12298,4.04714,5.38195,1.50419,97,0.0128196,-6.70008,2.22691,-3.90313,-6.12704,0.979154,4.42782,4.2435,1.48636,97,0.00366439,0.154556,0.176862,0.418332,0.747433,0.621647,1.67522,4.96718,0.188447,0,0.0249235,NBA,2,Omicron,1,First dose,0,G_NBA,G_0
2731_1,-6.54557,2.63503,-3.82929,-4.75031,1.37147,2.35322,7.02361,1.53265,97,0.00614395,-6.5583,2.63506,-4.01823,-5.03553,1.65512,2.52246,12.2992,1.53913,97,0.0196706,-6.56595,2.6177,-3.97093,-4.77222,1.78435,1.99757,10.3673,1.50365,97,0.00422308,0.217589,0.22909,0.417548,0.932204,0.459137,1.39957,9.79903,0.152778,0,0.049506,NBA,2,Omicron,2,Second dose,0,G_NBA,G_0
2401_1,-6.61862,2.27859,-3.84798,-5.53382,0.813676,1.99561,8.14574,1.49233,97,0.00958466,-6.593,2.24972,-3.83059,-5.84552,0.94543,2.95322,8.70483,1.46783,97,0.00933826,-6.6772,2.26944,-3.95719,-5.9257,1.11408,2.7271,8.91949,1.48671,97,0.00373397,0.155979,0.163015,0.361388,0.730806,0.224963,2.17176,3.13132,0.180721,0,0.0176035,NBA,1,Omicron,3,Boosted,0,G_NBA,G_0
1954_1,-6.49975,2.65272,-3.99954,-5.4846,1.78092,2.37107,11.1271,1.53054,97,0.00851995,-6.46694,2.57804,-3.9367,-5.68073,1.71792,2.36363,11.5981,1.50089,97,0.0236176,-6.54614,2.60922,-3.96475,-5.56958,1.90482,2.13507,10.5239,1.5073,97,0.00369516,0.14272,0.178252,0.449337,0.95126,0.424405,1.36972,6.34327,0.136538,0,0.0892623,NBA,2,Delta,2,Second dose,0,G_NBA,G_0
162_1,-6.61902,2.36742,-4.08128,-5.65432,1.38572,2.27979,7.61608,1.51774,97,0.00955696,-6.6658,2.47129,-4.00897,-4.8599,1.34328,2.2643,9.45485,1.50205,97,0.0128642,-6.65624,2.39162,-3.90816,-4.77916,1.21135,2.05606,5.3423,1.50637,97,0.00327091,0.192937,0.216673,0.370925,0.884681,0.535673,1.26743,5.8056,0.176947,0,0.0249472,NBA,1,Omicron,3,Boosted,0,G_NBA,G_0
2664_1,-6.60272,2.35393,-4.05676,-4.27396,0.656799,2.11337,11.0745,1.48744,97,0.012193,-6.60297,2.39311,-4.04618,-4.16555,0.664302,2.21882,11.4822,1.45828,97,0.00771206,-6.64448,2.36373,-3.97864,-4.36405,0.763156,2.15181,10.5113,1.4755,97,0.00377931,0.160685,0.212211,0.386198,0.844797,0.302238,1.0307,5.46686,0.159925,0,0.0121574,NBA,1,Omicron,3,Boosted,0,G_NBA,G_0
2400_1,-6.59009,2.33988,-4.00244,-4.20649,0.26461,2.21749,15.5434,1.47051,97,0.0109269,-6.60364,2.21562,-3.90841,-4.67012,0.322216,2.37478,16.0449,1.53595,97,0.00866666,-6.60392,2.19908,-3.95787,-4.57254,0.291527,2.40708,10.5199,1.48351,97,0.00360154,0.187056,0.211385,0.405398,0.679768,0.115579,0.950887,5.70819,0.182088,0,0.0182098,NBA,2,Omicron,3,Boosted,0,G_NBA,G_0
1287_1,-6.59424,2.3976,-3.95736,-5.63656,0.658907,1.79997,12.0715,1.51105,97,0.0106215,-6.55323,2.33014,-4.02133,-5.77271,0.629284,2.10274,13.2201,1.51,97,0.00987937,-6.60056,2.37805,-3.96505,-5.72846,0.735969,2.16461,10.5895,1.47545,97,0.00380457,0.170217,0.170928,0.441271,0.648244,0.172272,1.34868,8.34836,0.207081,0,0.0312048,NBA,1,Omicron,2,Second dose,0,G_NBA,G_0
152_1,-6.65293,2.33644,-3.74845,-5.74651,0.576016,1.69675,6.23737,1.45867,97,0.00652134,-6.63192,2.3238,-3.9473,-6.04062,0.699445,1.91243,6.91982,1.42925,97,0.00841592,-6.65065,2.31188,-3.9252,-5.95264,0.663147,1.81427,6.72766,1.44374,97,0.0041536,0.162672,0.19976,0.372538,0.615888,0.200512,0.848004,1.20988,0.157234,0,0.012455,NBA,1,Omicron,2,Second dose,0,G_NBA,G_0
2080_1,-6.92516,1.77404,-3.98547,-7.08966,1.05182,2.84141,11.6018,1.54244,97,0.00693655,-6.96381,1.83046,-3.98505,-7.27431,1.18589,2.34454,11.2816,1.58665,97,0.0118013,-6.98696,1.81795,-3.96418,-7.11186,1.03506,1.764,10.021,1.56776,97,0.00398011,0.130948,0.135174,0.393507,0.710212,0.576769,1.16045,2.83066,0.221826,0,0.0156429,NBA,3,Omicron,3,Boosted,0,G_NBA,G_0
2833_1,-6.62785,2.50458,-3.89014,-3.26326,0.699106,2.59857,16.2472,1.49934,97,0.0087851,-6.64598,2.47725,-3.89699,-3.21469,0.64274,2.39306,13.0142,1.51254,97,0.0148473,-6.65756,2.40539,-3.974,-3.24333,0.584421,2.14516,10.6486,1.48217,97,0.00361799,0.201963,0.294721,0.405874,0.656787,0.263497,1.3226,6.61119,0.202266,0,0.0306245,NBA,1,Delta,2,Second dose,0,G_NBA,G_0
1897_1,-6.63088,1.94513,-3.91467,-6.4481,0.703008,3.40719,9.16597,1.47249,97,0.00892027,-6.7627,2.08993,-3.95487,-5.95501,0.665339,3.00888,9.01492,1.4477,97,0.0069196,-6.73699,2.06232,-3.9551,-5.76904,0.65691,3.22946,9.27174,1.44274,97,0.00373363,0.132383,0.134258,0.377339,0.727767,0.183844,1.09098,0.714068,0.159861,0,0.0155555,NBA,1,Delta,2,Second dose,0,G_NBA,G_0
284_1,-6.70186,2.18024,-4.02988,-6.17396,0.611239,2.10041,14.5018,1.42613,97,0.00528937,-6.73316,2.17949,-4.00376,-6.33275,0.631368,2.00366,11.8577,1.44525,97,0.00719665,-6.77442,2.20634,-3.9653,-6.37768,0.771182,2.13294,10.5638,1.44104,97,0.00380486,0.178784,0.18187,0.412123,0.584337,0.185831,0.985634,6.2937,0.164009,0,0.0118458,NBA,2,Omicron,3,Boosted,0,G_NBA,G_0
255_1,-6.68196,2.01317,-4.03611,-6.18567,0.502689,2.40756,16.4955,1.47593,97,0.0125758,-6.72651,2.05647,-3.98548,-6.26173,0.514465,2.38289,15.6405,1.47926,97,0.0143559,-6.70397,2.01353,-3.956,-6.09999,0.503197,2.21138,11.2388,1.47682,97,0.00320046,0.159189,0.15014,0.368569,0.729104,0.132087,1.24746,6.55982,0.214096,0,0.026696,NBA,3,Omicron,3,Boosted,0,G_NBA,G_0
1981_1,-6.74919,1.95227,-3.93293,-5.90575,0.54339,3.77443,7.25024,1.44233,97,0.0107911,-6.76981,1.96233,-3.83749,-6.14931,0.816601,4.00731,7.48007,1.4614,97,0.00779311,-6.77641,1.98272,-3.93702,-6.01621,0.730346,4.10091,7.48937,1.44933,97,0.00391958,0.142524,0.172222,0.407178,0.84984,0.387181,1.79238,0.603604,0.172789,0,0.0131225,NBA,2,Omicron,3,Boosted,0,G_NBA,G_0
2144_1,-6.8279,1.86161,-4.02048,-6.61748,1.05892,2.29967,10.48,1.48434,97,0.0110883,-6.8064,1.859,-3.95813,-5.69767,0.820053,2.09849,13.0492,1.50963,97,0.00825002,-6.88416,1.91517,-3.99415,-5.1231,0.708611,1.91468,11.0223,1.48963,97,0.00323619,0.149869,0.174478,0.387127,1.13773,0.461465,1.137,6.68237,0.153204,0,0.0171636,NBA,1,Omicron,3,Boosted,0,G_NBA,G_0
2892_1,-6.92984,2.0352,-3.92825,-4.61825,0.857505,3.85708,7.71032,1.42092,97,0.00607152,-6.80623,1.86703,-3.80236,-4.63947,0.588032,4.86759,4.65073,1.4974,97,0.00872128,-6.89308,1.83719,-3.89429,-4.96292,0.505106,4.83583,4.6053,1.45255,97,0.00380462,0.167921,0.210035,0.401264,0.732151,0.338302,1.65336,0.45739,0.202462,0,0.0160671,NBA,2,Omicron,3,Boosted,0,G_NBA,G_0
1971_1,-6.90199,1.80113,-3.88124,-7.04724,0.613644,2.11498,15.2361,1.47117,97,0.00883689,-6.95515,1.8625,-4.03759,-7.08975,0.677151,2.07644,17.8868,1.45415,97,0.00731461,-6.929,1.82014,-3.97098,-6.88105,0.594413,1.8891,11.4176,1.45456,97,0.00401556,0.131143,0.155534,0.398398,0.76618,0.228258,0.8968,7.99213,0.155077,0,0.00995684,NBA,1,Omicron,2,Second dose,0,G_NBA,G_0
2079_1,-6.81232,2.1417,-3.96798,-5.02911,0.794555,2.69836,15.5008,1.42786,97,0.00980441,-6.85738,2.19364,-3.9584,-5.17045,0.868279,2.22033,13.8477,1.43415,97,0.00894178,-6.7717,2.07669,-3.98218,-5.10617,0.825954,2.01246,10.735,1.43165,97,0.00379475,0.180325,0.195504,0.470315,0.739168,0.250548,1.40436,5.23635,0.183425,0,0.0198946,NBA,1,Omicron,3,Boosted,0,G_NBA,G_0
2532_1,-7.01946,1.87529,-3.98923,-6.21671,1.02079,3.95354,6.959,1.51125,97,0.020082,-6.90055,1.70071,-3.95962,-6.52042,0.737183,4.2522,6.96542,1.51937,97,0.0111298,-6.90048,1.69529,-3.92679,-6.29196,0.634535,3.45409,6.97736,1.51123,97,0.00383933,0.293341,0.32988,0.416397,0.859145,0.35291,1.61955,0.496122,0.178856,0,0.0182733,NBA,1,Omicron,2,Second dose,0,G_NBA,G_0
2523_1,-6.79312,2.02899,-3.97864,-6.54454,0.85941,2.38895,13.8816,1.44004,97,0.00550924,-6.85204,2.08605,-3.94011,-6.69821,0.961765,2.09873,13.1852,1.4537,97,0.011515,-6.82424,2.04472,-3.9582,-6.58787,0.916108,1.95691,8.61233,1.44284,97,0.00368886,0.157465,0.175313,0.363023,0.676555,0.279253,1.19422,7.41088,0.190043,0,0.0233555,NBA,2,Delta,2,Second dose,0,G_NBA,G_0
2811_1,-6.65268,2.27453,-4.04274,-6.22793,0.508197,2.18841,17.3229,1.48661,97,0.00754492,-6.59219,2.26704,-3.99006,-5.99236,0.472738,2.10151,16.227,1.45893,97,0.00865152,-6.58878,2.31484,-3.97007,-5.72494,0.447011,1.97175,11.309,1.41392,97,0.00364832,0.177806,0.20963,0.408678,0.696013,0.111052,1.10881,6.79659,0.18104,0,0.0128655,NBA,1,Omicron,3,Boosted,0,G_NBA,G_0
1002_2,-6.85499,2.07204,-3.8414,-4.6014,0.937293,2.2521,6.37381,1.44027,97,0.0123479,-6.81924,1.92758,-3.9167,-4.54857,0.669622,2.1243,6.43606,1.43299,97,0.0138804,-6.86061,1.9583,-3.90456,-4.44183,0.560591,2.07081,5.70646,1.44432,97,0.00374267,0.161614,0.19718,0.456758,0.383575,0.384461,0.725998,2.70407,0.16174,0,0.0224841,NBA,1,Omicron,3,Boosted,0,G_NBA,G_0
495_1,-6.5047,2.31607,-3.94936,-5.36221,0.649189,2.45576,17.0298,1.39294,97,0.00965536,-6.52062,2.32911,-3.99109,-5.51801,0.700499,2.23022,13.8416,1.44648,97,0.00806226,-6.58068,2.39594,-3.9606,-5.19728,0.74263,2.28847,10.8576,1.40811,97,0.00333773,0.207487,0.226686,0.406226,0.744651,0.15365,1.07869,5.65199,0.159858,0,0.0136206,NBA,2,Omicron,3,Boosted,0,G_NBA,G_0
2772_1,-6.49693,2.47966,-3.96119,-5.58234,0.655364,1.7514,11.8006,1.5106,97,0.00628486,-6.55762,2.50264,-4.0342,-5.6884,0.710418,2.47567,12.153,1.5232,97,0.0103272,-6.58344,2.45424,-3.96412,-5.78287,0.665663,2.15127,8.35113,1.5393,97,0.00459745,0.153932,0.194207,0.402207,0.615496,0.142515,1.35416,5.3653,0.193401,0,0.0205783,NBA,2,Delta,2,Second dose,0,G_NBA,G_0
1301_1,-6.71714,2.33779,-3.83743,-4.45101,0.86237,2.72751,6.01742,1.46108,97,0.00685823,-6.66588,2.36016,-3.87318,-4.2564,0.87735,2.90957,7.28905,1.39636,97,0.0112313,-6.69318,2.327,-3.93467,-4.11135,0.768909,2.70625,6.40704,1.41079,97,0.00350525,0.169887,0.197097,0.428995,0.932911,0.430084,1.3057,3.06284,0.123411,0,0.0293064,NBA,2,Omicron,3,Boosted,0,G_NBA,G_0
710_1,-6.79488,1.87275,-3.94265,-5.51689,0.414293,2.89841,11.6857,1.41914,97,0.0205121,-6.8664,1.9314,-3.92478,-5.45401,0.448758,3.95964,12.3413,1.43716,97,0.0116783,-6.8169,1.85088,-3.98718,-5.50792,0.425262,3.18153,12.167,1.44962,97,0.00346489,0.159999,0.178673,0.424136,0.656373,0.15142,1.93232,0.68479,0.188107,0,0.0228106,NBA,2,Omicron,3,Boosted,0,G_NBA,G_0
2957_1,-6.42347,2.44229,-3.84699,-5.49422,0.758796,2.01078,10.4769,1.54312,97,0.0185362,-6.51962,2.58099,-4.01204,-5.59991,0.977944,2.67515,14.7883,1.54813,97,0.00807839,-6.53573,2.53383,-3.97162,-5.45569,0.979978,2.04732,9.3927,1.50284,97,0.00376472,0.160965,0.239859,0.428143,0.722556,0.181852,1.5802,6.77333,0.200376,0,0.0186597,NBA,3,Omicron,3,Boosted,0,G_NBA,G_0
980_1,-6.63614,2.18575,-3.9374,-5.54361,0.622083,2.30334,16.6065,1.43749,97,0.00831074,-6.6344,2.15715,-4.0912,-5.86397,0.632248,2.19876,15.2792,1.45427,97,0.00923668,-6.66673,2.1856,-3.98499,-5.38368,0.613265,2.14002,11.5331,1.45996,97,0.00397656,0.175627,0.18561,0.483747,0.862713,0.144284,1.03414,6.47826,0.142269,0,0.0150028,NBA,2,Omicron,3,Boosted,0,G_NBA,G_0
2272_1,-6.69308,2.07987,-3.98246,-5.18567,0.486071,2.67966,12.4962,1.41251,97,0.00664949,-6.70602,2.09804,-3.97273,-5.16046,0.514436,2.41126,13.8154,1.43567,97,0.0100295,-6.7053,2.11707,-3.96915,-4.85006,0.449071,2.2577,10.5931,1.43114,97,0.0036971,0.201866,0.232561,0.378902,0.901631,0.226887,1.11571,6.03582,0.1761,0,0.023007,NBA,2,Omicron,3,Boosted,0,G_NBA,G_0
1842_1,-6.63704,2.2619,-3.97772,-5.64729,1.12672,2.29185,7.74899,1.5021,97,0.0158226,-6.6194,2.2559,-3.94822,-5.11941,0.866736,2.36708,6.84525,1.4777,97,0.0100108,-6.66848,2.29943,-3.93719,-4.87821,0.846288,2.50496,6.48421,1.45252,97,0.00398574,0.182874,0.19134,0.413984,0.708577,0.323385,1.00774,4.23366,0.222175,0,0.0293949,NBA,1,Omicron,3,Boosted,0,G_NBA,G_0
2453_1,-6.56146,2.34744,-3.99922,-4.33508,0.4701,2.51972,16.2625,1.47909,97,0.00656815,-6.55905,2.40957,-4.06017,-4.40213,0.568069,2.32789,15.1715,1.50412,97,0.00709164,-6.60778,2.33979,-3.96235,-4.53186,0.565949,2.1525,10.5559,1.48172,97,0.00380706,0.177981,0.240419,0.427895,0.676715,0.192807,1.01184,5.89394,0.164296,0,0.0113367,NBA,2,Omicron,3,Boosted,0,G_NBA,G_0
2904_1,-6.82493,2.0246,-3.98099,-6.23129,0.537448,2.4456,15.352,1.40558,97,0.0142019,-6.78149,1.97298,-3.94198,-6.51875,0.562242,2.3763,14.2356,1.37639,97,0.0135697,-6.74774,1.9238,-3.9312,-6.45999,0.495706,2.02267,9.20204,1.42559,97,0.00427839,0.176838,0.198505,0.415547,0.732698,0.169576,1.296,6.59834,0.178591,0,0.0280177,NBA,2,Omicron,3,Boosted,0,G_NBA,G_0
2236_2,-6.69009,2.30903,-3.88449,-5.24974,1.10938,2.54954,7.58235,1.42945,97,0.00386388,-6.71486,2.35231,-3.95361,-5.68015,1.4709,2.72908,9.65608,1.42499,97,0.0124769,-6.68199,2.31098,-3.9672,-5.86928,1.73745,1.99137,9.6373,1.42219,97,0.00377721,0.163136,0.171983,0.35116,1.14571,0.411354,1.16137,4.53299,0.158372,0,0.0283914,NBA,2,Omicron,3,Boosted,0,G_NBA,G_0
157_1,-6.70707,2.25404,-3.96614,-4.65096,0.60859,2.53047,10.687,1.38531,97,0.00801358,-6.70019,2.1708,-3.92655,-4.63381,0.555757,2.44199,10.1648,1.43647,97,0.0117736,-6.71161,2.17237,-3.96072,-4.51158,0.553542,2.13969,9.661,1.41296,97,0.00411188,0.159613,0.170516,0.464622,0.743036,0.204589,1.27232,3.31799,0.147491,0,0.0163973,NBA,2,Omicron,3,Boosted,0,G_NBA,G_0
1013_1,-6.56523,2.4579,-4.06526,-4.13136,0.87065,2.33898,8.03454,1.53573,97,0.0282299,-6.56471,2.5178,-3.93614,-4.05878,0.847416,2.2476,7.39441,1.5111,97,0.0138188,-6.595,2.48809,-3.93206,-4.10649,0.855264,2.33156,6.93689,1.48704,97,0.00420815,0.172962,0.206077,0.420131,0.725587,0.345727,1.09714,2.99408,0.171761,0,0.0195369,NBA,2,Omicron,3,Boosted,0,G_NBA,G_0
2907_1,-6.4307,2.4093,-4.02548,-5.20343,0.611321,2.32196,15.9509,1.51245,97,0.0110356,-6.49653,2.45134,-3.96628,-5.48787,0.668102,2.3795,14.8021,1.56754,97,0.00790099,-6.53338,2.45913,-3.96492,-5.26167,0.699199,2.15551,10.5722,1.50493,97,0.00380793,0.161557,0.202473,0.428537,0.620421,0.143676,1.01572,6.17295,0.168672,0,0.0122578,NBA,2,Omicron,3,Boosted,0,G_NBA,G_0
248_1,-6.82686,2.08542,-3.97062,-4.62026,0.833347,2.59081,7.37277,1.44325,97,0.0133408,-6.82544,2.05974,-3.97344,-4.66057,0.63802,2.47757,5.5329,1.43295,97,0.0164729,-6.86986,1.92418,-3.92419,-4.71,0.549852,2.40818,5.77822,1.44219,97,0.00368747,0.199673,0.236124,0.419169,0.943209,0.378266,0.795306,1.37106,0.17799,0,0.0383186,NBA,2,Omicron,3,Boosted,0,G_NBA,G_0
2359_1,-6.65081,2.10882,-3.83818,-4.27765,0.752152,3.13491,4.63857,1.4119,97,0.0149969,-6.7375,2.17264,-3.91772,-4.21875,0.903058,2.94527,4.78636,1.43384,97,0.00645153,-6.77057,2.21243,-3.889,-3.98543,0.698246,2.83224,4.02517,1.39321,97,0.00382491,0.14974,0.197519,0.374695,0.581499,0.620033,1.35469,2.82998,0.154332,0,0.00921363,NBA,2,Omicron,3,Boosted,0,G_NBA,G_0
2311_1,-6.63664,2.16816,-3.95602,-5.12988,0.679175,2.30244,14.4571,1.40893,97,0.0156459,-6.65671,2.16577,-3.99639,-4.68867,0.579069,2.37004,15.9076,1.39926,97,0.0143054,-6.71518,2.20213,-3.97208,-4.55358,0.58893,2.30586,10.4451,1.42235,97,0.00356864,0.200708,0.21311,0.438047,0.737231,0.209413,1.24588,7.84529,0.135008,0,0.0819047,NBA,2,Omicron,3,Boosted,0,G_NBA,G_0
3010_1,-6.76065,2.11254,-3.88324,-6.35121,1.10071,2.00117,10.8816,1.41289,97,0.0136379,-6.71508,2.0428,-3.92607,-6.15893,0.929213,2.4591,7.53905,1.41104,97,0.0132889,-6.72888,2.03435,-3.93633,-5.97834,0.791056,1.8512,6.2944,1.48577,97,0.00350997,0.165737,0.158617,0.424471,0.817193,0.447737,1.04701,2.51684,0.162436,0,0.024159,NBA,1,Omicron,2,Second dose,0,G_NBA,G_0
2415_1,-6.66828,2.03748,-3.97852,-5.96982,0.829015,2.47156,19.9336,1.4611,97,0.00857472,-6.7408,2.1521,-3.90812,-6.05713,0.931084,2.79764,15.8276,1.39533,97,0.0145655,-6.72585,2.11165,-3.94982,-5.83149,0.904365,2.39967,11.0982,1.39943,97,0.00343441,0.152956,0.168453,0.441032,0.740095,0.20357,1.22786,7.55732,0.184472,0,0.0258867,NBA,1,Delta,2,Second dose,0,G_NBA,G_0
1948_1,-6.71265,2.16431,-3.95857,-6.28987,0.644959,2.213,13.3295,1.38323,97,0.0121883,-6.66654,2.1331,-4.01428,-6.27306,0.634555,2.31529,16.4711,1.39465,97,0.00971063,-6.70161,2.13533,-3.98384,-6.13365,0.630764,2.16321,9.42293,1.40678,97,0.00278693,0.147818,0.182271,0.361732,0.640774,0.160447,1.35623,8.08858,0.162376,0,0.0151093,NBA,2,Omicron,3,Boosted,0,G_NBA,G_0
1694_1,-6.6373,2.19071,-4.09932,-4.81159,0.501843,2.53689,7.99695,1.41756,97,0.0146152,-6.63326,2.08546,-3.98758,-5.39889,0.715826,2.61023,7.88821,1.4734,97,0.00797433,-6.65649,2.208,-3.9505,-4.71837,0.4588,2.56284,8.14081,1.46386,97,0.0038411,0.245209,0.269444,0.444434,0.870066,0.631797,1.15976,1.08516,0.167904,0,0.021927,NBA,2,Omicron,3,Boosted,0,G_NBA,G_0
1791_1,-6.61826,2.34751,-3.95017,-6.10866,0.53938,2.39309,14.9139,1.4723,97,0.00703552,-6.65582,2.39096,-3.9815,-6.09292,0.536667,2.13537,15.3286,1.47987,97,0.00930772,-6.63271,2.37764,-3.95451,-5.94315,0.520317,2.12109,10.9916,1.45959,97,0.00350514,0.175808,0.181365,0.388649,0.558026,0.0970957,1.07619,6.45184,0.160777,0,0.0120856,NBA,1,Omicron,2,Second dose,0,G_NBA,G_0
1067_2,-6.64649,2.58977,-4.0311,-4.40124,1.9428,2.1829,9.08935,1.54743,97,0.0176626,-6.578,2.54911,-4.03314,-4.7882,2.11854,2.81219,8.90295,1.46843,97,0.00923755,-6.65418,2.55265,-3.97335,-4.56187,2.25195,2.14609,10.4932,1.47181,97,0.00377324,0.190827,0.229525,0.415056,1.02054,0.724615,1.71084,6.05596,0.145432,0,0.0214608,NBA,1,Omicron,2,Second dose,0,G_NBA,G_0
2982_1,-6.51007,2.56999,-3.95738,-4.08804,0.60816,2.48621,11.8145,1.47777,97,0.00865188,-6.57942,2.56045,-3.97388,-4.55708,0.691053,2.14398,13.3819,1.55479,97,0.0110085,-6.54153,2.48747,-3.96714,-4.59941,0.754699,2.15934,10.6403,1.5042,97,0.00432016,0.156035,0.206109,0.436629,0.892567,0.256922,1.35087,5.63079,0.21229,0,0.0163848,NBA,3,Omicron,3,Boosted,0,G_NBA,G_0
2184_1,-6.56225,2.2389,-3.8909,-5.39959,0.964187,3.37636,3.93779,1.44888,97,0.0106789,-6.60303,2.29962,-3.87646,-5.40591,1.20044,3.31298,4.85297,1.47299,97,0.00777281,-6.65011,2.29417,-3.86157,-5.04039,1.02045,3.24329,3.91012,1.48008,97,0.00286989,0.195301,0.243453,0.488607,1.11701,0.727233,1.42793,2.8947,0.169953,0,0.0153926,NBA,1,Omicron,3,Boosted,0,G_NBA,G_0
1875_1,-6.90411,1.91079,-3.95674,-4.37257,0.677924,2.1317,11.9713,1.47497,97,0.00948831,-6.885,1.916,-3.96572,-4.39305,0.639965,2.10113,11.2695,1.48924,97,0.0101668,-6.91962,1.89579,-3.98311,-4.46146,0.707622,2.11264,10.9441,1.50001,97,0.00356973,0.167884,0.210227,0.376019,0.597475,0.273866,0.971622,4.41476,0.159136,0,0.0184542,NBA,2,Omicron,3,Boosted,0,G_NBA,G_0
149_1,-6.55843,2.31502,-3.92353,-5.76214,0.648289,2.67059,6.29127,1.49625,97,0.00785779,-6.59521,2.38668,-3.94692,-5.74617,0.791783,2.85671,6.65911,1.45806,97,0.0114678,-6.63076,2.29615,-3.9365,-5.71444,0.74733,2.69229,6.58945,1.46701,97,0.00368441,0.149073,0.220424,0.404186,0.634626,0.256377,1.25923,0.849963,0.170781,0,0.0188649,NBA,3,Omicron,3,Boosted,0,G_NBA,G_0
2888_1,-6.57899,2.38641,-3.87417,-3.81947,0.635173,2.14848,13.8986,1.47872,97,0.00889116,-6.63578,2.39378,-3.9997,-3.89212,0.645637,2.17042,14.066,1.44422,97,0.0121229,-6.65801,2.35612,-3.97372,-4.0496,0.706839,2.09938,10.7603,1.46929,97,0.00374155,0.189704,0.26139,0.427316,0.781727,0.222383,0.965675,6.21986,0.170282,0,0.032802,NBA,1,Omicron,3,Boosted,0,G_NBA,G_0
864_1,-6.53963,2.43348,-3.99684,-5.12197,1.17625,2.64242,13.5061,1.59817,97,0.00843285,-6.51358,2.54832,-4.00095,-4.63941,1.11481,2.30839,12.3027,1.50783,97,0.0122547,-6.5995,2.48803,-3.9654,-4.44419,1.0711,2.11941,8.80107,1.52885,97,0.0037801,0.183046,0.223405,0.3328,1.17584,0.283786,1.20863,6.30695,0.184633,0,0.0231329,NBA,2,Omicron,3,Boosted,0,G_NBA,G_0
55_1,-6.74468,2.02141,-4.00522,-6.33862,0.773606,2.24751,14.4583,1.45936,97,0.0104304,-6.76505,2.0566,-4.02002,-6.21409,0.810884,2.3974,15.7705,1.46665,97,0.00850623,-6.76891,2.01184,-3.98748,-6.17338,0.83973,2.40766,11.0062,1.44029,97,0.00417407,0.190437,0.180547,0.415414,0.825997,0.223901,1.40649,6.78861,0.18072,0,0.01176,NBA,2,Omicron,3,Boosted,0,G_NBA,G_0
2384_2,-6.70574,1.91265,-4.07319,-6.3142,0.768826,1.88148,10.3786,1.4854,97,0.0104896,-6.77445,1.99468,-3.9773,-6.43886,0.886698,1.68137,10.6534,1.48722,97,0.00897169,-6.77797,1.96627,-3.94493,-6.21061,0.823411,1.58271,7.32374,1.49446,97,0.00353069,0.134789,0.164257,0.440502,0.8593,0.302651,0.777,6.10431,0.166637,0,0.0148976,NBA,2,Omicron,3,Boosted,0,G_NBA,G_0
341_1,-6.46287,2.52982,-3.94468,-5.22039,1.13565,2.67631,11.6029,1.55735,97,0.0108571,-6.50922,2.58974,-3.99158,-5.18426,1.15904,2.27849,12.654,1.53109,97,0.0106487,-6.54602,2.55482,-3.96794,-4.8301,1.13496,2.04181,10.3333,1.53006,97,0.00366979,0.167907,0.182839,0.38716,0.755529,0.253913,1.08816,6.15098,0.174773,0,0.0207142,NBA,1,Delta,0,Unvaccinated,0,G_NBA,G_0
1744_1,-6.85228,2.04548,-4.02865,-5.32873,1.11593,2.44903,15.7467,1.43941,97,0.00973263,-6.84308,2.04536,-3.96198,-5.79221,1.19299,2.12125,16.0794,1.39686,97,0.0104705,-6.84756,2.03179,-3.9722,-5.25831,1.1395,2.12162,12.0016,1.39743,97,0.0034969,0.153467,0.1676,0.364636,0.869461,0.295412,1.0587,8.00726,0.152616,0,0.012543,NBA,1,Delta,0,Unvaccinated,0,G_NBA,G_0
1744_2,-6.67849,2.51696,-3.89542,-4.75064,2.70977,2.537,11.5502,1.33105,97,0.0105688,-6.68776,2.39222,-3.94256,-3.99912,1.61371,2.90449,8.06262,1.39899,97,0.00900504,-6.7119,2.4006,-3.90978,-3.96395,1.43888,2.96046,3.70789,1.37036,97,0.00330971,0.177602,0.232911,0.396897,0.744129,0.968667,1.44725,7.4011,0.132209,0,0.0141171,NBA,1,Omicron,2,Second dose,0,G_NBA,G_0
1939_1,-6.4518,2.5338,-3.92022,-6.01721,1.72162,2.33404,12.487,1.46717,97,0.0113723,-6.55842,2.57633,-3.86904,-5.67479,1.5845,2.26475,9.42741,1.50784,97,0.0102275,-6.57562,2.53933,-3.91244,-5.57047,1.58429,1.89909,5.15532,1.50251,97,0.00350721,0.195411,0.197205,0.46994,0.691877,0.472678,1.05552,9.52504,0.166819,0,0.0156841,NBA,1,Omicron,2,Second dose,0,G_NBA,G_0
1884_2,-6.75588,1.86837,-3.84906,-6.15094,0.763339,2.21708,4.60528,1.4891,97,0.00612017,-6.77271,1.99078,-3.95612,-7.36125,1.81201,2.43055,7.03849,1.42983,97,0.00841076,-6.77981,1.97616,-3.90886,-6.5543,1.38357,1.94026,4.57873,1.39726,97,0.00313619,0.105854,0.133342,0.413818,1.05697,1.175,1.11418,4.92784,0.141094,0,0.0174207,NBA,1,Omicron,2,Second dose,0,G_NBA,G_0
2074_1,-6.66295,2.23361,-3.98038,-4.81579,0.852608,2.38291,13.8589,1.42895,97,0.00673928,-6.65697,2.19472,-4.03184,-4.76508,0.799815,2.35685,13.9728,1.44239,97,0.00830943,-6.70929,2.25044,-3.96546,-4.4889,0.740769,2.3071,10.8006,1.41925,97,0.00355742,0.151141,0.177311,0.384531,0.719419,0.283411,1.13531,7.75703,0.151106,0,0.0105529,NBA,2,Omicron,3,Boosted,0,G_NBA,G_0
844_1,-6.70851,2.24337,-4.06436,-6.24756,0.808814,1.90048,14.9652,1.49465,97,0.0133268,-6.68049,2.27067,-3.92732,-6.25407,0.823213,2.26216,15.6255,1.48799,97,0.0103902,-6.76026,2.17151,-3.96597,-6.34947,0.929244,2.14526,10.799,1.43779,97,0.00378049,0.192842,0.224994,0.400421,0.691602,0.190029,1.54842,6.73224,0.184013,0,0.0216274,NBA,3,Omicron,3,Boosted,0,G_NBA,G_0
2614_1,-6.74294,1.96843,-4.03465,-6.52408,0.795219,2.17912,12.6585,1.47778,97,0.00732607,-6.79556,2.05003,-4.044,-6.11105,0.767416,2.65821,15.9307,1.43694,97,0.0173547,-6.77628,2.01693,-3.96465,-6.13521,0.830958,2.15024,10.5511,1.44587,97,0.00380177,0.159695,0.197191,0.401026,0.758235,0.206464,1.42289,5.84691,0.159643,0,0.0380004,NBA,2,Omicron,3,Boosted,0,G_NBA,G_0
2290_1,-6.56642,2.43811,-4.05333,-5.2737,1.11323,2.33841,11.3554,1.53065,97,0.0261247,-6.58242,2.42927,-3.96653,-5.50826,1.28471,2.38753,13.9334,1.50417,97,0.0101806,-6.63807,2.39988,-3.96231,-5.30621,1.28462,2.19159,9.00547,1.52502,97,0.00381775,0.157137,0.202139,0.443811,0.930476,0.21711,1.16309,6.50987,0.161152,0,0.0290429,NBA,2,Omicron,3,Boosted,0,G_NBA,G_0
3016_2,-6.64015,2.26078,-3.97072,-5.59052,0.80657,2.18557,14.3214,1.38605,97,0.00936344,-6.62241,2.20358,-3.99917,-5.89681,0.804334,2.4479,14.6654,1.41594,97,0.00985432,-6.70797,2.19391,-3.99201,-5.53228,0.80328,2.17198,9.59573,1.42501,97,0.00332692,0.156701,0.200206,0.421063,0.88985,0.1979,1.60113,6.58579,0.164784,0,0.0220278,NBA,1,Omicron,3,Boosted,0,G_NBA,G_0
1205_1,-6.68524,1.92109,-3.87594,-5.88778,0.591029,1.94475,16.2615,1.48734,97,0.00786592,-6.74142,1.95252,-3.94223,-5.77227,0.544144,2.3445,14.3529,1.48873,97,0.00774761,-6.77662,1.97687,-3.95962,-5.5898,0.582974,2.3005,9.73817,1.47162,97,0.00392838,0.172289,0.215437,0.341222,0.867297,0.194517,1.29084,6.60699,0.190144,0,0.0114361,NBA,1,Omicron,3,Boosted,0,G_NBA,G_0
2991_1,-6.56075,2.48942,-3.91316,-4.17001,0.727322,2.2629,18.0223,1.49432,97,0.018784,-6.58736,2.51546,-3.99905,-4.03114,0.707846,2.54625,18.1377,1.51571,97,0.0128407,-6.59315,2.47252,-3.97641,-3.94801,0.681335,2.30823,13.0004,1.51735,97,0.00310534,0.161007,0.206863,0.417737,0.908899,0.169094,1.41885,5.70063,0.158821,0,0.0271716,NBA,1,Delta,2,Second dose,0,G_NBA,G_0
2991_2,-6.6482,2.39852,-3.96881,-3.88607,0.399258,3.28213,8.12638,1.46972,97,0.0214633,-6.64279,2.41989,-3.90927,-3.85453,0.430198,3.67607,8.20703,1.46806,97,0.0143168,-6.62797,2.28605,-3.94619,-4.05735,0.40604,3.10825,8.22109,1.48249,97,0.00359958,0.191708,0.225202,0.408147,0.510389,0.164471,1.92183,0.980997,0.137069,0,0.0283949,NBA,1,Omicron,3,Boosted,0,G_NBA,G_0
1305_1,-6.59315,2.11581,-3.93823,-5.50976,0.597345,2.38907,14.7404,1.4782,97,0.00713,-6.64927,2.16345,-3.96784,-5.26321,0.561393,2.2565,17.947,1.51871,97,0.014052,-6.67937,2.16956,-3.96419,-5.15175,0.566746,2.19614,10.6084,1.46628,97,0.00381036,0.18319,0.157223,0.384875,0.696169,0.149354,1.20368,8.49231,0.15203,0,0.0274101,NBA,2,Omicron,3,Boosted,0,G_NBA,G_0
656_1,-6.50403,2.34953,-4.11223,-5.42426,0.555963,2.41518,18.871,1.50548,97,0.00743311,-6.4944,2.37932,-3.98598,-5.3252,0.534135,2.63398,16.1649,1.50545,97,0.00796331,-6.53491,2.36439,-3.96179,-5.16201,0.528082,2.22062,10.9875,1.50451,97,0.00445135,0.181385,0.234037,0.423904,0.686671,0.124582,1.54818,6.02545,0.167315,0,0.0141334,NBA,2,Omicron,3,Boosted,0,G_NBA,G_0
2856_2,-6.72273,2.28439,-3.96952,-3.31887,0.785652,2.40624,15.0871,1.4037,97,0.0366406,-6.76726,2.31611,-3.92599,-2.85402,0.521344,2.72201,8.63253,1.39729,97,0.0109317,-6.74406,2.32127,-3.94949,-2.98278,0.59267,2.41986,7.9893,1.4236,97,0.00361136,0.191366,0.227985,0.456813,0.49268,0.217345,1.60637,3.03502,0.150147,0,0.0204295,NBA,2,Omicron,2,Second dose,0,G_NBA,G_0
2768_1,-6.52704,2.5877,-3.98814,-4.97249,1.35571,2.32522,11.0523,1.50756,97,0.0151217,-6.53938,2.4798,-3.96664,-5.32243,1.40626,2.41275,10.0597,1.55996,97,0.00770903,-6.58558,2.52627,-3.93755,-4.83208,1.34256,2.55399,6.99347,1.50062,97,0.00383304,0.191538,0.203993,0.367053,0.863461,0.376345,1.2894,6.02749,0.15513,0,0.0102778,NBA,1,Omicron,2,Second dose,0,G_NBA,G_0
1878_1,-6.74463,2.18997,-4.07905,-6.6942,0.731547,2.35058,28.9373,1.43366,97,0.067341,-6.72475,2.20101,-3.95399,-6.3742,0.692702,2.32827,26.0884,1.45972,97,0.00944667,-6.7792,2.25552,-4.03568,-6.35036,0.726196,2.2216,21.9865,1.42511,97,0.00371239,0.144346,0.160166,0.378868,0.662925,0.0713981,1.27216,6.94474,0.167371,0,0.0148516,NBA,3,Omicron,3,Boosted,0,G_NBA,G_0
614_1,-6.60511,2.47998,-3.8097,-3.82078,0.979311,2.47035,14.44,1.5174,97,0.0101518,-6.62972,2.56427,-4.01537,-3.7408,1.03414,2.42125,15.8721,1.50897,97,0.00674654,-6.65012,2.47068,-3.96556,-3.83805,1.00634,2.1507,10.5508,1.48007,97,0.00380415,0.18269,0.227533,0.382645,0.650987,0.242147,1.16703,6.46732,0.177198,0,0.0166157,NBA,1,Omicron,2,Second dose,0,G_NBA,G_0
176_1,-6.70151,2.04483,-3.91329,-5.09001,0.666656,2.48755,11.9013,1.47234,97,0.00472514,-6.73606,2.09723,-3.95991,-5.02652,0.724496,2.40012,12.9199,1.46657,97,0.00971566,-6.77404,2.07958,-3.96694,-4.86213,0.647255,2.23471,10.6252,1.46739,97,0.00372106,0.17067,0.200134,0.414268,0.687189,0.342743,1.27126,6.6512,0.200186,0,0.0217436,NBA,1,Omicron,3,Boosted,0,G_NBA,G_0
1749_1,-6.61375,2.51958,-3.91589,-3.15869,0.546454,2.2818,8.62387,1.49404,97,0.00956622,-6.6424,2.4329,-3.92475,-3.60402,0.6689,2.5917,9.94236,1.51151,97,0.00890139,-6.64159,2.41168,-3.9576,-3.48997,0.602466,2.42906,8.78078,1.4885,97,0.00369134,0.163344,0.185286,0.33781,0.50488,0.225717,1.16787,3.94307,0.190338,0,0.0153659,NBA,2,Omicron,3,Boosted,0,G_NBA,G_0
452_1,-6.67551,2.5285,-3.97527,-2.59909,0.764037,2.07737,9.88034,1.49824,97,0.00524548,-6.67416,2.44949,-3.88935,-2.61678,0.677926,2.52538,7.76242,1.5348,97,0.0112097,-6.66678,2.43913,-3.91696,-2.57031,0.60758,2.35597,5.98423,1.47897,97,0.00382861,0.178714,0.236604,0.350136,0.605711,0.3144,1.62386,4.1536,0.177622,0,0.0228716,NBA,1,Delta,2,Second dose,0,G_NBA,G_0
2827_1,-6.6708,2.19909,-3.88161,-3.81515,0.488972,1.7341,7.08319,1.46163,97,0.00600704,-6.7084,2.35481,-3.97144,-3.55059,0.536334,1.81851,7.2283,1.38338,97,0.00775711,-6.66496,2.24151,-3.93065,-3.69411,0.456985,1.72278,6.39562,1.4029,97,0.00396615,0.167561,0.200006,0.382204,0.57892,0.213161,0.688905,2.61339,0.178217,0,0.0110817,NBA,2,Omicron,3,Boosted,0,G_NBA,G_0
2585_1,-6.71175,2.00863,-3.9828,-6.42609,0.556832,2.34128,14.0994,1.49576,97,0.0165619,-6.71284,2.00767,-4.05294,-6.57909,0.606302,2.48063,14.4505,1.43192,97,0.00971655,-6.76378,2.04994,-3.9344,-6.29432,0.55756,2.19819,8.6839,1.45817,97,0.0036276,0.177993,0.167472,0.376859,0.668073,0.174514,1.34218,7.09262,0.186437,0,0.0171827,NBA,2,Omicron,3,Boosted,0,G_NBA,G_0
218_1,-6.60875,2.46937,-3.91652,-3.78438,0.860286,2.31064,11.2104,1.50115,97,0.013315,-6.57085,2.49393,-4.00615,-3.68841,0.803483,2.51831,12.747,1.50473,97,0.0132498,-6.63949,2.42881,-3.96568,-3.63494,0.68972,2.11742,10.4936,1.48005,97,0.00384053,0.1675,0.229202,0.396566,0.738256,0.40251,1.27188,6.59835,0.188768,0,0.0261649,NBA,3,Omicron,3,Boosted,0,G_NBA,G_0
550_1,-6.73494,1.91508,-3.88054,-6.68827,1.27641,2.7701,7.38658,1.498,97,0.00721448,-6.68931,1.85981,-3.96277,-6.90672,1.2461,2.47897,7.7379,1.50671,97,0.0117362,-6.78825,1.93133,-3.93637,-6.15438,1.07972,2.21556,6.46896,1.52886,97,0.00346428,0.140778,0.159763,0.384536,1.13465,0.674777,1.26981,4.07289,0.154038,0,0.0227591,NBA,1,Omicron,2,Second dose,0,G_NBA,G_0
82_1,-6.80393,2.09282,-3.78582,-3.81267,0.742257,2.61342,6.4812,1.37804,97,0.00742167,-6.85759,2.13327,-3.85659,-3.54877,0.569583,2.49562,6.31147,1.41292,97,0.00688707,-6.82669,2.03943,-3.91631,-3.75762,0.519406,2.42914,5.70739,1.41087,97,0.00381456,0.173201,0.174213,0.419702,0.591832,0.331189,1.25395,2.10827,0.166803,0,0.0113377,NBA,1,Omicron,3,Boosted,0,G_NBA,G_0
37_1,-6.64439,2.44444,-4.0165,-6.03989,1.86808,2.37093,9.63492,1.45842,97,0.0175585,-6.56094,2.40839,-3.9436,-5.9028,1.66074,2.42801,9.99345,1.43575,97,0.0098403,-6.63492,2.4044,-3.92625,-5.71414,1.7564,2.29233,5.96681,1.46823,97,0.00416171,0.158214,0.172366,0.370265,1.09149,0.455722,0.935975,6.03938,0.168534,0,0.0268825,NBA,1,Omicron,3,Boosted,0,G_NBA,G_0
802_1,-6.45169,2.37947,-3.9275,-5.39656,0.797389,2.33696,9.51797,1.56005,97,0.0105332,-6.5429,2.51705,-3.87378,-4.96843,0.720735,2.23246,8.06403,1.47961,97,0.00724694,-6.54861,2.46336,-3.94886,-4.86778,0.756172,2.38043,8.5129,1.50673,97,0.00388924,0.149362,0.191715,0.40936,0.688172,0.21281,0.801261,1.40623,0.17208,0,0.0138279,NBA,2,Omicron,3,Boosted,0,G_NBA,G_0
2028_1,-6.5903,1.95942,-4.04458,-4.94621,0.447776,2.36115,22.8788,1.41471,97,0.00881484,-6.72492,2.12589,-3.9345,-4.60083,0.417937,2.13293,25.0194,1.38882,97,0.00737718,-6.74869,2.11764,-3.98597,-4.68182,0.444972,2.04265,18.9739,1.388,97,0.00381923,0.17917,0.210572,0.468682,0.523269,0.0860343,1.29014,6.64356,0.170833,0,0.010391,NBA,2,Delta,2,Second dose,0,G_NBA,G_0
1458_1,-6.6826,2.10722,-3.95398,-5.22864,0.78801,2.27934,14.0775,1.46536,97,0.0218159,-6.72127,2.14067,-3.91015,-5.09101,0.717342,2.11112,15.2601,1.40564,97,0.0142885,-6.73938,2.15014,-3.97215,-4.89841,0.733124,2.18449,10.5964,1.41573,97,0.0037909,0.211848,0.224201,0.363399,0.928279,0.238072,1.07868,7.29549,0.195051,0,0.0314711,NBA,2,Omicron,3,Boosted,0,G_NBA,G_0
2248_1,-6.61989,2.3327,-3.91884,-4.47781,0.705625,2.40297,15.7123,1.45335,97,0.0115082,-6.62051,2.37516,-3.91957,-4.50799,0.730146,2.30795,14.9584,1.48408,97,0.00947693,-6.65961,2.31864,-3.96279,-4.45095,0.707098,2.16333,10.5094,1.46399,97,0.00379083,0.173387,0.21276,0.326162,0.893708,0.227513,1.33996,5.82828,0.144502,0,0.0200448,NBA,2,Omicron,3,Boosted,0,G_NBA,G_0
843_1,-6.519,2.25972,-3.98403,-4.72987,0.472873,2.42637,15.3446,1.49601,97,0.00678966,-6.5243,2.35499,-3.99735,-4.68882,0.519368,2.40938,16.1187,1.48781,97,0.00759735,-6.59134,2.33714,-3.9795,-4.44846,0.459474,2.19858,10.7305,1.48862,97,0.00321682,0.168186,0.20284,0.35984,0.787485,0.181331,1.12673,6.53506,0.161017,0,0.0150222,NBA,2,Omicron,3,Boosted,0,G_NBA,G_0
1583_1,-6.5738,2.38329,-3.91804,-5.40052,0.975891,2.37395,16.5591,1.47125,97,0.00831256,-6.59093,2.44614,-4.02145,-5.2474,0.970499,2.64939,17.114,1.46855,97,0.0103029,-6.61652,2.39076,-3.96246,-5.16407,0.955457,2.34368,11.0137,1.47352,97,0.00386239,0.19614,0.216611,0.3654,0.685659,0.143908,1.40753,5.72374,0.171443,0,0.0245981,NBA,1,Omicron,3,Boosted,0,G_NBA,G_0
2207_2,-6.61177,2.32216,-3.9017,-3.63226,0.608095,3.63269,7.00009,1.47866,97,0.018469,-6.5845,2.4143,-3.85309,-3.41902,0.599194,2.51988,6.22463,1.46148,97,0.0115749,-6.67617,2.35313,-3.92162,-3.61184,0.611465,2.81907,6.51374,1.46063,97,0.00426446,0.179494,0.206335,0.395496,0.557114,0.254922,1.1264,0.92889,0.17648,0,0.0183657,NBA,2,Omicron,2,Second dose,0,G_NBA,G_0
1950_1,-6.65374,2.17145,-4.06291,-6.03046,0.488284,2.31233,20.7936,1.42189,97,0.00921225,-6.63592,2.17471,-3.99152,-6.15881,0.494227,2.12236,17.7975,1.40857,97,0.01207,-6.67951,2.16224,-3.97735,-6.0544,0.505969,1.9586,12.467,1.45096,97,0.00446151,0.15452,0.173321,0.43288,0.69039,0.106384,1.17717,6.99503,0.161534,0,0.0288723,NBA,3,Omicron,3,Boosted,0,G_NBA,G_0
2975_2,-6.77303,1.91966,-3.8597,-6.59995,0.674067,3.2472,8.72898,1.42471,97,0.0296606,-6.81478,1.95423,-3.89497,-6.4023,0.702336,2.73835,8.16535,1.40321,97,0.0149661,-6.80383,1.92905,-3.93935,-6.30186,0.605429,2.28142,7.44037,1.4194,97,0.00381988,0.170374,0.187656,0.446031,0.778526,0.358023,1.09206,1.8859,0.175203,0,0.033013,NBA,2,Omicron,3,Boosted,0,G_NBA,G_0
1661_1,-6.62093,2.30629,-3.97627,-3.9292,0.463289,2.53567,14.584,1.5019,97,0.020063,-6.62136,2.17626,-3.98749,-4.31301,0.471497,2.23366,13.2003,1.5174,97,0.00993933,-6.65518,2.26286,-3.9632,-3.99371,0.424831,2.07256,9.78121,1.46623,97,0.00381501,0.180791,0.210452,0.34686,0.852705,0.20502,1.39089,4.59512,0.189573,0,0.0162065,NBA,2,Omicron,3,Boosted,0,G_NBA,G_0
2693_1,-6.81868,1.86813,-4.00856,-6.01992,0.665338,2.39729,13.4151,1.43577,97,0.0196138,-6.8337,1.8706,-4.03707,-6.33047,0.762432,2.19057,12.1903,1.45124,97,0.0187036,-6.8372,1.82759,-3.94626,-6.31827,0.712895,2.00753,7.99003,1.49598,97,0.00418889,0.153962,0.168003,0.434353,1.02379,0.328635,0.921858,5.31186,0.147535,0,0.0656763,NBA,3,Omicron,3,Boosted,0,G_NBA,G_0
2886_1,-6.62406,2.46192,-3.98547,-3.45417,0.566278,3.47962,7.98078,1.51824,97,0.0117007,-6.5983,2.44187,-3.91175,-3.47511,0.534522,2.30429,7.08887,1.48216,97,0.0106643,-6.64134,2.36996,-3.93141,-3.65912,0.546192,2.76349,7.49979,1.48021,97,0.00365125,0.1982,0.283676,0.394622,0.572016,0.191357,0.96739,1.12804,0.140349,0,0.035615,NBA,2,Omicron,3,Boosted,0,G_NBA,G_0
84_1,-6.68558,2.12841,-3.93141,-5.09265,0.690101,3.01525,13.3318,1.41212,97,0.0211978,-6.67646,2.05578,-3.92311,-5.334,0.723487,2.38157,14.8827,1.45629,97,0.0110571,-6.74994,2.11897,-3.96176,-5.10433,0.753769,2.15767,10.5543,1.4297,97,0.00386295,0.166514,0.160883,0.392473,0.854508,0.243429,1.36776,5.44605,0.166438,0,0.0241022,NBA,2,Omicron,3,Boosted,0,G_NBA,G_0
763_1,-6.68546,2.15855,-4.02175,-4.2983,0.553385,2.42239,8.06489,1.39719,97,0.0113804,-6.67981,2.1944,-3.97848,-4.20941,0.574148,2.84745,8.4939,1.46234,97,0.0127776,-6.7416,2.18045,-3.96196,-4.36106,0.619276,2.8835,8.38301,1.45866,97,0.00330304,0.168607,0.236428,0.451735,0.595707,0.198624,1.40174,2.73099,0.134748,0,0.0269307,NBA,2,Omicron,3,Boosted,0,G_NBA,G_0
583_1,-6.7524,2.14291,-3.98601,-6.28979,0.863273,2.18455,15.3824,1.42229,97,0.00686244,-6.71174,2.06764,-3.92814,-6.42992,0.81312,2.34043,12.5972,1.40379,97,0.0109648,-6.74342,2.08119,-3.95896,-6.11905,0.799925,2.11441,9.41753,1.43309,97,0.00363322,0.148778,0.143985,0.37062,0.65547,0.196043,1.486,4.91021,0.168064,0,0.0204215,NBA,3,Omicron,3,Boosted,0,G_NBA,G_0
13_1,-6.48788,2.63792,-3.88783,-5.31562,1.92533,2.89479,7.2248,1.4727,97,0.0187604,-6.56349,2.61938,-3.84726,-5.66609,2.08618,3.13029,6.73443,1.48105,97,0.00926907,-6.55516,2.55939,-3.87449,-5.71171,2.04512,2.98976,3.67751,1.50617,97,0.00316948,0.170093,0.20293,0.378054,0.9668,0.632146,1.70581,5.58496,0.178564,0,0.0270687,NBA,2,Omicron,3,Boosted,0,G_NBA,G_0
646_1,-6.72769,1.80432,-4.00347,-6.20142,0.691413,2.04038,16.7475,1.53486,97,0.0103635,-6.8019,1.95081,-3.9985,-5.49312,0.586823,2.27569,15.7119,1.49659,97,0.0105118,-6.81902,1.87957,-3.98117,-5.88295,0.758374,2.10391,11.9628,1.52305,97,0.00322973,0.165587,0.1651,0.494372,0.728758,0.208755,1.36241,4.77789,0.179042,0,0.0265552,NBA,1,Omicron,2,Second dose,0,G_NBA,G_0
2801_1,-6.76696,2.05458,-3.94127,-6.30959,0.964539,2.19704,15.3251,1.41759,97,0.00850506,-6.7424,2.04991,-3.95669,-6.43117,0.949158,2.29809,14.11,1.3912,97,0.00928133,-6.77533,2.06036,-3.98305,-6.21388,1.0345,2.18022,10.4885,1.41057,97,0.00401314,0.142125,0.161367,0.401353,0.775441,0.24505,1.64587,7.12722,0.158287,0,0.0259084,NBA,3,Omicron,3,Boosted,0,G_NBA,G_0
256_1,-6.64708,2.3063,-3.99885,-4.548,1.09821,2.4664,15.4336,1.45306,97,0.0121614,-6.7037,2.30893,-3.96297,-4.63862,1.25476,2.03636,13.951,1.46607,97,0.0114221,-6.71906,2.32885,-3.96164,-4.50778,1.18777,2.13443,10.6348,1.43345,97,0.00392723,0.195768,0.201701,0.480499,0.719937,0.416362,1.05323,6.47172,0.164728,0,0.0284701,NBA,1,Omicron,3,Boosted,0,G_NBA,G_0
2599_1,-6.46317,2.33496,-3.96067,-4.53453,0.415568,1.96052,13.8198,1.57807,97,0.0215108,-6.46726,2.38163,-3.88994,-4.46946,0.441769,2.30464,17.9356,1.50733,97,0.0158574,-6.53271,2.37885,-3.95116,-4.3171,0.37959,2.15903,9.99352,1.50725,97,0.00437207,0.170681,0.212511,0.444604,0.732501,0.127942,1.23629,7.75408,0.175699,0,0.0359005,NBA,2,Omicron,3,Boosted,0,G_NBA,G_0
1215_2,-6.66958,2.21568,-3.91123,-5.26632,1.07247,2.82869,6.23953,1.54396,97,0.00659115,-6.66469,2.27022,-3.9923,-5.84922,1.59497,2.21023,8.39682,1.47157,97,0.0122373,-6.73176,2.25166,-3.94495,-5.63055,1.52046,1.96861,4.76732,1.51199,97,0.00307944,0.172956,0.195628,0.471102,1.23699,0.640189,1.18415,5.30357,0.174022,0,0.0205163,NBA,1,Omicron,2,Second dose,0,G_NBA,G_0
1736_2,-6.63534,2.29121,-3.82761,-5.35747,1.04124,1.70933,10.8041,1.50836,97,0.00582621,-6.61737,2.30326,-3.94219,-5.36522,1.07396,1.99669,11.6905,1.45653,97,0.00799993,-6.65655,2.35184,-3.96396,-5.01038,1.00448,1.74402,8.24922,1.46016,97,0.00402195,0.174629,0.231023,0.368872,0.698888,0.331154,1.00725,6.02341,0.182964,0,0.0126781,NBA,1,Omicron,3,Boosted,0,G_NBA,G_0
2027_1,-6.63726,2.18152,-3.98058,-5.81247,0.816423,2.279,7.98135,1.42263,97,0.0112642,-6.65741,2.24902,-3.93128,-5.71991,0.912418,2.89594,10.0552,1.40827,97,0.0100993,-6.68301,2.24586,-3.96647,-5.37346,0.858481,2.7582,8.57786,1.40288,97,0.00469537,0.16959,0.19162,0.404176,0.945453,0.294933,1.76871,4.75007,0.148753,0,0.014212,NBA,1,Omicron,2,Second dose,0,G_NBA,G_0
187_1,-6.79247,2.12807,-3.93146,-5.933,0.547359,2.39507,27.5071,1.41141,97,0.005798,-6.7159,2.0177,-4.04006,-5.98647,0.494367,2.00151,21.9923,1.45284,97,0.0075334,-6.7237,2.01364,-4.01413,-5.74399,0.497491,2.01131,19.731,1.43538,97,0.00505398,0.175739,0.190161,0.393777,0.698831,0.0653024,0.988146,4.43724,0.166041,0,0.0152473,NBA,2,Delta,2,Second dose,0,G_NBA,G_0
187_2,-6.73515,1.847,-4.02021,-6.26734,0.994228,1.85543,10.4377,1.43915,97,0.0106513,-6.81281,1.93654,-3.97278,-5.75055,0.908335,2.24953,12.1866,1.44771,97,0.0180411,-6.86176,1.95662,-3.96903,-5.27852,0.798374,2.0843,10.6117,1.42862,97,0.00359762,0.194114,0.215584,0.414618,0.996781,0.473558,1.19612,8.09893,0.153719,0,0.0451079,NBA,2,Omicron,3,Boosted,0,G_NBA,G_0
1494_1,-6.70518,2.29871,-3.79846,-4.80719,1.13681,3.26843,4.70704,1.4507,97,0.00482645,-6.67253,2.28977,-3.87548,-5.16107,1.65228,2.74524,6.57541,1.45117,97,0.010007,-6.73785,2.3297,-3.90578,-4.45781,1.37663,2.90191,4.80436,1.43157,97,0.00369196,0.172134,0.196375,0.386749,1.30181,0.885222,1.3377,4.30058,0.177577,0,0.0150894,NBA,1,Omicron,3,Boosted,0,G_NBA,G_0
3063_2,-6.85212,2.00865,-4.06712,-7.02841,1.32524,1.80655,14.3832,1.51168,97,0.0079938,-6.81007,1.97456,-3.90706,-6.91253,1.22699,1.91457,12.7586,1.43062,97,0.00979211,-6.84252,2.01025,-3.96678,-6.77125,1.40753,2.16398,10.5885,1.45927,97,0.00380449,0.130837,0.152995,0.416615,0.79204,0.295093,1.04141,5.51451,0.178707,0,0.0150248,NBA,1,Omicron,2,Second dose,0,G_NBA,G_0
1820_2,-6.83066,1.85538,-3.97169,-4.76469,0.594151,5.38932,5.81542,1.47191,97,0.0171897,-6.85538,1.84029,-3.83143,-3.8651,0.411828,3.21795,6.38892,1.47849,97,0.0102464,-6.95907,1.76863,-3.94432,-4.13388,0.364488,2.99815,6.16878,1.47844,97,0.00441166,0.170275,0.174478,0.430593,0.817033,0.210495,1.37554,1.19136,0.194656,0,0.0408413,NBA,1,Omicron,2,Second dose,0,G_NBA,G_0
153_1,-6.63517,2.12131,-3.95883,-6.17106,0.480398,3.01865,11.512,1.37715,97,0.0133223,-6.6695,2.14946,-3.96152,-6.17735,0.458758,3.33089,11.5535,1.37942,97,0.0128143,-6.66894,2.12606,-3.96513,-5.93748,0.449317,3.21734,11.6767,1.3887,97,0.00373705,0.135524,0.134858,0.395039,0.616229,0.11278,1.23696,0.778049,0.155016,0,0.0356023,NBA,2,Omicron,3,Boosted,0,G_NBA,G_0
464_1,-6.50631,2.28476,-3.92507,-4.87946,0.53784,1.91038,18.221,1.56976,97,0.0137198,-6.57985,2.41232,-3.9942,-4.75114,0.570337,2.36791,20.4209,1.52474,97,0.0188931,-6.58815,2.33374,-3.99663,-4.88053,0.579194,2.29139,16.9839,1.48922,97,0.00456044,0.147305,0.205974,0.347256,1.02026,0.12116,1.15356,4.77062,0.169058,0,0.0431911,NBA,1,Delta,2,Second dose,0,G_NBA,G_0
2482_1,-6.50098,2.61177,-3.9523,-5.57951,1.37784,2.30707,7.66244,1.49731,97,0.0105095,-6.5466,2.59028,-3.88017,-5.74097,1.32312,2.35573,9.05021,1.55217,97,0.0181083,-6.5268,2.57136,-3.95707,-5.42091,1.3007,2.37671,6.51136,1.50181,97,0.00459971,0.149835,0.187549,0.415832,0.730961,0.316867,1.20395,6.04253,0.149683,0,0.039158,NBA,1,Delta,2,Second dose,0,G_NBA,G_0
1840_1,-6.75535,2.0585,-3.9164,-3.80574,0.492951,2.67982,8.39059,1.39371,97,0.00752845,-6.79285,2.11641,-3.9936,-3.63401,0.474057,2.47635,8.56793,1.44452,97,0.0169158,-6.78598,2.06192,-3.93966,-3.66621,0.374005,2.14527,7.00283,1.42164,97,0.00373288,0.161808,0.216653,0.44733,0.578273,0.19165,1.08636,3.94729,0.188032,0,0.0532701,NBA,2,Omicron,3,Boosted,0,G_NBA,G_0
257_1,-6.76092,1.95678,-3.93477,-6.07355,0.710265,2.58156,10.9827,1.48997,97,0.00910926,-6.70087,2.03139,-3.89097,-5.92975,0.616886,2.22887,11.8209,1.45036,97,0.0215018,-6.67182,2.13494,-3.91145,-5.56938,0.556155,1.85371,8.01543,1.40944,97,0.00429634,0.181887,0.244654,0.423511,1.09052,0.221283,1.0404,6.50236,0.16757,0,0.0594274,NBA,1,Omicron,3,Boosted,0,G_NBA,G_0
2269_1,-6.65954,2.12219,-4.02852,-5.10921,0.499107,2.32085,16.3789,1.48687,97,0.0117867,-6.67935,2.11357,-4.06515,-5.23267,0.515804,2.19045,15.0589,1.48522,97,0.00757567,-6.65644,2.19332,-3.96569,-4.88229,0.46771,2.15589,10.5314,1.46101,97,0.00386708,0.167819,0.280618,0.385778,0.850308,0.185294,1.28529,5.35751,0.171006,0,0.0119594,NBA,2,Omicron,3,Boosted,0,G_NBA,G_0
43_1,-6.64636,2.11422,-3.96625,-4.29188,0.352334,2.11976,17.5724,1.45177,97,0.00643861,-6.66502,2.19553,-3.97203,-4.05118,0.334101,2.08006,15.471,1.42946,97,0.0101708,-6.69215,2.15262,-3.95632,-4.1886,0.375253,1.97644,11.9901,1.43236,97,0.00383793,0.153275,0.221184,0.361937,0.746358,0.118612,1.40682,5.82589,0.162555,0,0.0168636,NBA,2,Omicron,3,Boosted,0,G_NBA,G_0
504_1,-6.46277,2.37695,-4.08933,-5.29047,0.62088,2.27626,16.8018,1.48471,97,0.0203003,-6.50073,2.36852,-4.00007,-5.24026,0.602574,2.46043,16.0808,1.50487,97,0.0109349,-6.56343,2.37952,-3.97065,-5.11299,0.592352,2.32252,10.6959,1.50496,97,0.00322482,0.1499,0.20873,0.408926,0.73377,0.139733,1.23276,4.90389,0.154862,0,0.0160222,NBA,3,Omicron,3,Boosted,0,G_NBA,G_0
814_1,-6.56918,2.50245,-3.76013,-4.232,0.735798,2.13978,12.577,1.49181,97,0.0196273,-6.58583,2.51208,-3.96073,-4.05774,0.695163,2.32139,14.5733,1.50988,97,0.0124484,-6.61307,2.40927,-3.9713,-4.37842,0.747672,2.29649,10.6296,1.49048,97,0.00365077,0.1714,0.227497,0.386032,0.752592,0.218172,1.227,7.38235,0.217195,0,0.027219,NBA,2,Omicron,3,Boosted,0,G_NBA,G_0
982_1,-6.39855,2.55521,-4.03154,-4.69201,1.04257,2.44012,13.0581,1.51388,97,0.00979835,-6.49592,2.6665,-3.88515,-4.69781,1.0574,2.28152,11.1955,1.52004,97,0.00991274,-6.52723,2.5765,-3.9363,-4.7041,1.03268,2.53454,8.93396,1.52449,97,0.00359068,0.168353,0.210222,0.395036,0.796399,0.206812,1.06932,4.66318,0.181426,0,0.0230796,NBA,2,Delta,2,Second dose,0,G_NBA,G_0
2491_1,-6.66577,2.19072,-3.90058,-5.61594,0.701325,2.21545,13.3743,1.4335,97,0.00848837,-6.67948,2.17674,-3.99697,-5.78967,0.723435,2.45467,13.3982,1.46579,97,0.0122529,-6.68326,2.21223,-3.96967,-5.88981,0.860246,2.17178,10.4738,1.44732,97,0.00384773,0.153373,0.170254,0.435458,0.769699,0.204209,1.36874,5.80545,0.160521,0,0.0193425,NBA,2,Omicron,3,Boosted,0,G_NBA,G_0
3064_1,-6.67751,2.15921,-3.92002,-4.87692,0.726758,2.51111,13.46,1.44362,97,0.00883513,-6.7176,2.21528,-3.95974,-4.71223,0.714373,2.52545,12.196,1.45464,97,0.0277435,-6.72454,2.19455,-3.9718,-4.53249,0.634373,2.20253,10.6358,1.44723,97,0.00353503,0.152231,0.192475,0.343889,0.990184,0.359317,1.19649,5.8364,0.168137,0,0.125524,NBA,1,Omicron,3,Boosted,0,G_NBA,G_0
576_1,-6.77575,1.91482,-4.04619,-6.02653,0.805507,2.15949,13.1954,1.50294,97,0.0212872,-6.80398,1.96738,-3.9216,-5.59138,0.710491,2.30248,12.4585,1.47482,97,0.0136876,-6.84416,1.8739,-3.96763,-5.68471,0.595987,2.13282,10.5871,1.51619,97,0.00379684,0.175387,0.200956,0.38212,1.1373,0.462192,1.09306,5.44791,0.192672,0,0.0303634,NBA,1,Omicron,3,Boosted,0,G_NBA,G_0
472_2,-6.72083,2.50542,-3.87697,-2.4656,0.797052,2.47761,14.8503,1.50113,97,0.0105269,-6.69955,2.44328,-4.04886,-2.43762,0.704095,2.17953,15.3296,1.4831,97,0.00709185,-6.69091,2.5045,-3.96305,-2.47292,0.80925,2.20918,10.5796,1.48512,97,0.00387589,0.166483,0.275734,0.467439,0.547938,0.260673,1.185,7.98977,0.193083,0,0.0131638,NBA,1,Omicron,3,Boosted,0,G_NBA,G_0
819_1,-6.57853,2.32039,-3.97485,-4.21194,0.528821,2.05197,13.3814,1.53789,97,0.0081288,-6.58965,2.32658,-3.99612,-4.33332,0.542112,2.30396,13.1789,1.51651,97,0.0116811,-6.63729,2.32962,-3.97587,-4.29087,0.568784,2.29275,10.8817,1.47264,97,0.00389057,0.167898,0.236882,0.384316,0.750967,0.22048,1.22308,4.83368,0.203055,0,0.0320363,NBA,3,Delta,2,Second dose,0,G_NBA,G_0
902_1,-6.73719,2.05475,-3.88526,-6.51997,0.835344,2.97369,11.7874,1.38734,97,0.0102964,-6.72572,2.05093,-3.96159,-6.56722,0.766046,2.49434,12.527,1.37462,97,0.0104181,-6.75872,2.0587,-3.95716,-6.41888,0.69104,2.15315,10.4141,1.39333,97,0.00388182,0.148364,0.16474,0.490286,0.633153,0.373906,1.54712,7.76424,0.161985,0,0.0223299,NBA,2,Omicron,3,Boosted,0,G_NBA,G_0
2987_1,-6.79172,2.02097,-3.89634,-4.72975,0.503149,2.96197,6.91793,1.43134,97,0.0123824,-6.8266,2.10226,-3.92157,-5.39041,1.0371,2.76392,9.21075,1.39208,97,0.00628615,-6.80558,2.06795,-3.9347,-5.07351,0.862007,2.60351,7.27369,1.40716,97,0.00384776,0.147118,0.191682,0.372796,1.05783,0.615767,1.39775,4.31754,0.155887,0,0.00742015,NBA,1,Omicron,3,Boosted,0,G_NBA,G_0
57_1,-6.66146,2.2697,-3.8566,-5.85482,0.735339,2.25051,7.34827,1.45493,97,0.0119161,-6.62976,2.22676,-3.97454,-5.9211,0.708585,2.26675,7.90327,1.45329,97,0.0128006,-6.66864,2.22966,-3.89604,-5.90149,0.652785,2.375,5.59353,1.43826,97,0.00441568,0.162749,0.195838,0.414099,0.74414,0.28006,0.974619,4.77739,0.175506,0,0.0341777,NBA,2,Omicron,2,Second dose,0,G_NBA,G_0
1724_1,-6.59289,2.41912,-3.83615,-4.45107,1.04836,2.1761,7.13418,1.45466,97,0.0124243,-6.67679,2.44895,-3.88195,-3.96746,0.916917,2.43838,7.66268,1.46072,97,0.00875002,-6.66258,2.39273,-3.92173,-3.90137,0.790983,2.40474,5.78741,1.47501,97,0.00381095,0.17783,0.25432,0.392767,0.626197,0.443712,1.05796,5.36034,0.178577,0,0.0211837,NBA,2,Delta,3,Boosted,0,G_NBA,G_0
120_1,-6.63828,2.1289,-4.10434,-5.23007,0.626088,2.79372,11.7569,1.48397,97,0.00814301,-6.64844,2.21854,-3.90311,-4.56192,0.527764,2.51618,11.5896,1.45414,97,0.0115852,-6.6867,2.21297,-3.9945,-4.4696,0.514089,3.07657,11.8519,1.45954,97,0.00415125,0.201859,0.179279,0.386454,0.932059,0.191365,1.19487,1.22238,0.187074,0,0.0183867,NBA,1,Omicron,3,Boosted,0,G_NBA,G_0
903_1,-6.54729,2.40008,-3.93779,-5.09279,1.83785,2.50037,9.60138,1.53998,97,0.0147795,-6.5789,2.48065,-4.00398,-5.39554,2.17706,2.54356,9.55819,1.50422,97,0.0072534,-6.66166,2.50227,-3.97487,-4.88121,2.21879,2.16802,10.6336,1.46378,97,0.00364174,0.176289,0.2206,0.411114,1.22495,0.773898,1.55452,5.24445,0.177738,0,0.0119272,NBA,2,Omicron,3,Boosted,0,G_NBA,G_0
1738_1,-6.76331,1.98531,-4.03222,-5.56755,0.442906,2.54527,18.7046,1.50098,97,0.00972844,-6.71421,1.94166,-4.01763,-5.54402,0.423157,2.36064,17.1366,1.44668,97,0.00682224,-6.77421,1.9543,-3.95811,-5.36891,0.415809,2.14376,12.9549,1.48814,97,0.00361038,0.153061,0.182364,0.326871,0.766847,0.153745,1.28567,5.31221,0.170441,0,0.0102784,NBA,3,Omicron,3,Boosted,0,G_NBA,G_0
373_1,-6.64142,1.99275,-4.04043,-6.16405,0.587365,2.2951,14.1463,1.40598,97,0.0107927,-6.72586,2.06755,-3.88507,-6.19889,0.636616,2.01425,16.6442,1.4088,97,0.00991937,-6.71499,2.09069,-3.9549,-5.99887,0.585327,1.73087,11.364,1.42727,97,0.00427252,0.127764,0.155871,0.423001,0.818311,0.157698,1.21794,7.79623,0.15827,0,0.0145269,NBA,3,Omicron,3,Boosted,0,G_NBA,G_0
2826_1,-6.48102,2.43178,-3.89764,-4.79723,1.03487,2.82237,6.89997,1.49571,97,0.00878092,-6.56588,2.47313,-3.9165,-4.60408,1.01696,2.86211,6.2234,1.51007,97,0.0171885,-6.60009,2.46359,-3.9152,-4.40189,0.934521,2.93378,5.4393,1.47854,97,0.00407997,0.214636,0.224711,0.384645,0.768296,0.392692,1.31512,2.97964,0.175023,0,0.0668275,NBA,2,Delta,2,Second dose,0,G_NBA,G_0
1614_1,-6.72202,2.23822,-3.99301,-5.62144,0.602462,2.11786,12.298,1.38338,97,0.0104113,-6.66425,2.19275,-4.07974,-5.52617,0.594885,2.38129,13.61,1.47132,97,0.0101971,-6.66461,2.14737,-3.95516,-5.58974,0.570146,2.2515,9.11171,1.4645,97,0.00312578,0.13695,0.162543,0.40766,0.771983,0.177643,1.22333,6.2705,0.165845,0,0.0181345,NBA,2,Omicron,3,Boosted,0,G_NBA,G_0
2433_1,-6.71958,1.93816,-3.8714,-6.42833,0.912815,1.75581,7.46179,1.4377,97,0.00732277,-6.78976,1.98336,-3.96852,-5.97613,0.814866,2.31884,8.07583,1.49456,97,0.00897343,-6.79059,1.96891,-3.94364,-5.78405,0.707272,2.15094,7.43755,1.46391,97,0.00323511,0.162267,0.184071,0.354165,1.01309,0.422477,1.0721,2.89024,0.189414,0,0.014754,NBA,1,Omicron,3,Boosted,0,G_NBA,G_0
1828_1,-6.81433,1.88759,-4.03448,-6.52336,1.04222,2.53045,16.4758,1.50651,97,0.00758207,-6.78451,1.83241,-3.92799,-6.66503,0.913581,2.16228,13.9216,1.505,97,0.010835,-6.84922,1.90795,-3.97618,-6.18587,0.962151,2.5264,10.5541,1.48338,97,0.00373689,0.160648,0.165264,0.487091,1.04704,0.292137,1.05091,6.10182,0.194401,0,0.0214526,NBA,1,Omicron,3,Boosted,0,G_NBA,G_0
1766_1,-6.5311,2.45448,-3.90807,-4.70463,0.864171,3.21834,7.39781,1.55835,97,0.00827647,-6.51087,2.57669,-4.04257,-4.30605,0.815274,3.42107,7.03496,1.48766,97,0.013147,-6.57242,2.48333,-3.94437,-4.39247,0.799882,3.68124,6.95044,1.5036,97,0.00367733,0.185584,0.249121,0.35375,0.867812,0.265808,1.97238,1.42937,0.168794,0,0.0273465,NBA,2,Omicron,3,Boosted,0,G_NBA,G_0
154_1,-6.67853,2.04402,-4.00503,-5.67823,0.53911,1.98264,18.5482,1.45093,97,0.0149399,-6.63956,2.17408,-4.06337,-5.42982,0.451634,2.09229,20.0547,1.42035,97,0.00816764,-6.66008,2.15633,-3.9877,-5.41116,0.46032,1.95189,16.5291,1.45769,97,0.00377905,0.222936,0.313012,0.37871,0.969499,0.118007,0.981302,6.5806,0.171386,0,0.0159079,NBA,3,Delta,2,Second dose,0,G_NBA,G_0
2335_1,-6.63209,2.33792,-3.96238,-3.01674,0.377159,2.54666,15.0454,1.52735,97,0.0110681,-6.57484,2.40019,-4.07616,-2.73718,0.359815,2.15919,14.9017,1.50367,97,0.00595079,-6.65713,2.32973,-3.96588,-2.9285,0.351006,2.16496,10.522,1.48796,97,0.00379459,0.189859,0.226184,0.357615,0.554115,0.130505,1.20754,5.90189,0.190642,0,0.0113051,NBA,2,Omicron,3,Boosted,0,G_NBA,G_0
1536_1,-6.72306,2.10229,-4.08071,-5.84813,0.615427,2.46457,17.849,1.43683,97,0.0185431,-6.69949,2.07284,-3.99247,-6.07514,0.610275,2.43967,16.0688,1.49261,97,0.00868074,-6.73196,2.0764,-3.93726,-5.90808,0.655025,2.19062,10.4623,1.48491,97,0.00349902,0.144435,0.163758,0.456509,0.730576,0.167009,1.28067,6.57587,0.148617,0,0.0135775,NBA,2,Omicron,3,Boosted,0,G_NBA,G_0
2873_1,-6.52529,2.3911,-3.96693,-5.11401,0.675136,2.36753,17.9007,1.51779,97,0.0106953,-6.51349,2.45693,-3.99125,-5.17281,0.72762,2.12405,18.0618,1.4901,97,0.0135068,-6.56853,2.40544,-3.96188,-5.24316,0.76415,2.09673,11.9759,1.48191,97,0.00389304,0.186748,0.219537,0.359214,0.902997,0.167231,1.19441,7.84747,0.166874,0,0.0570081,NBA,2,Omicron,2,Second dose,0,G_NBA,G_0
2024_1,-6.45428,2.53944,-3.91126,-5.34691,0.828541,3.14241,9.75572,1.49501,97,0.00870637,-6.46015,2.50601,-3.92511,-5.32735,0.769558,2.85547,9.78299,1.55609,97,0.00828948,-6.51219,2.51497,-3.96657,-5.08639,0.778495,3.11474,9.84614,1.51542,97,0.0038142,0.151669,0.193252,0.34704,0.830723,0.155363,1.76346,1.60777,0.174019,0,0.0199316,NBA,1,Omicron,3,Boosted,0,G_NBA,G_0
2546_1,-6.49275,2.50868,-3.94228,-4.62668,0.890421,2.57437,13.7972,1.51918,97,0.00906954,-6.50292,2.55119,-3.96759,-4.4752,0.933055,2.34114,13.0538,1.52861,97,0.0129832,-6.56368,2.53192,-3.96461,-4.37742,0.908447,2.30207,10.5077,1.51453,97,0.00380514,0.180906,0.202893,0.34329,0.729565,0.248918,1.06845,6.65861,0.188937,0,0.0368551,NBA,1,Omicron,3,Boosted,0,G_NBA,G_0
752_1,-6.63981,2.20987,-3.9003,-6.16316,0.93506,2.33726,13.3304,1.40261,97,0.0192699,-6.62031,2.1384,-4.03738,-6.22689,0.774143,2.3507,12.7408,1.49056,97,0.010054,-6.68578,2.19113,-3.96787,-5.97156,0.684107,2.16632,10.604,1.45449,97,0.00370941,0.14514,0.156903,0.447713,0.805209,0.383947,1.29323,5.68985,0.16008,0,0.0266166,NBA,3,Delta,2,Second dose,0,G_NBA,G_0
262_1,-6.54873,2.62418,-3.85397,-3.99247,0.59387,2.54711,16.1741,1.54277,97,0.00981141,-6.45756,2.55751,-4.03977,-4.23167,0.638204,2.45208,15.5611,1.53404,97,0.011205,-6.52952,2.51194,-3.95444,-4.47557,0.6877,2.4117,10.9589,1.5403,97,0.00340994,0.164988,0.205242,0.382127,0.63088,0.166826,1.18954,5.01964,0.169135,0,0.0230569,NBA,2,Omicron,3,Boosted,0,G_NBA,G_0
2199_1,-6.52711,2.37429,-3.98972,-5.06531,0.711749,2.36867,13.7253,1.56596,97,0.0134201,-6.53987,2.46823,-3.98369,-4.68337,0.678047,1.96082,15.8932,1.51028,97,0.010492,-6.56783,2.43729,-3.96258,-4.82978,0.756215,1.92637,10.4888,1.49274,97,0.00389079,0.158806,0.212943,0.394732,0.865829,0.200182,1.11594,10.0604,0.159491,0,0.0222702,NBA,2,Omicron,2,Second dose,0,G_NBA,G_0
1087_1,-6.50218,2.56471,-3.99571,-5.4284,0.658913,2.30879,14.6028,1.47817,97,0.0130005,-6.4962,2.55412,-3.97493,-5.57453,0.672325,2.1256,13.7204,1.54592,97,0.0153628,-6.52871,2.52583,-3.95974,-5.59753,0.692871,2.22623,9.17669,1.50114,97,0.00346784,0.176768,0.189128,0.396534,0.59572,0.157374,1.21049,5.77909,0.201395,0,0.0407102,NBA,2,Omicron,3,Boosted,0,G_NBA,G_0
2921_1,-6.59852,2.39123,-3.96483,-5.73705,1.02351,2.45512,13.6296,1.48406,97,0.00924834,-6.61332,2.41123,-3.93919,-5.73299,1.06745,2.38865,13.5847,1.47135,97,0.00740497,-6.61752,2.38791,-3.96501,-5.70534,1.10149,2.1536,10.5539,1.4737,97,0.00380385,0.13983,0.174125,0.41279,0.665003,0.257974,1.15883,6.39692,0.178805,0,0.0128688,NBA,1,Omicron,3,Boosted,0,G_NBA,G_0
58_1,-6.61645,2.40072,-4.08648,-4.95068,0.709412,3.51106,7.36227,1.45987,97,0.015455,-6.57604,2.30028,-3.92409,-5.21529,0.593939,3.69035,6.88159,1.48602,97,0.0079292,-6.60547,2.2923,-3.95708,-5.2037,0.611776,3.50454,6.97617,1.5003,97,0.00345337,0.191789,0.264197,0.365089,0.781245,0.216297,1.41285,0.679667,0.162418,0,0.0180622,NBA,1,Omicron,3,Boosted,0,G_NBA,G_0
2848_1,-6.69338,2.1705,-4.02856,-5.82306,0.539166,1.95475,15.6305,1.4244,97,0.0131138,-6.70725,2.13916,-4.00525,-5.96969,0.564924,2.10176,17.2887,1.39931,97,0.0204546,-6.677,2.13175,-3.97378,-5.75372,0.555624,1.97834,12.5017,1.42885,97,0.00385496,0.16268,0.201632,0.391945,0.771343,0.133434,0.993885,5.7943,0.178681,0,0.069341,NBA,1,Delta,2,Second dose,0,G_NBA,G_0
242_1,-6.65564,2.20505,-4.03992,-5.2535,1.46359,2.45977,11.7401,1.47281,97,0.0110066,-6.70445,2.30725,-3.95922,-4.63151,1.36353,2.27973,12.4655,1.41886,97,0.00942627,-6.74352,2.32388,-3.94867,-4.45575,1.32033,2.09973,8.02323,1.43213,97,0.00376165,0.191196,0.216503,0.37176,0.714611,0.359694,1.20777,6.03831,0.14981,0,0.0161379,NBA,2,Delta,2,Second dose,0,G_NBA,G_0
2603_1,-6.63629,2.39825,-3.96819,-4.6277,0.898871,2.53621,16.8557,1.4457,97,0.011218,-6.66967,2.37628,-3.97675,-4.76682,0.925928,2.56787,15.5105,1.45168,97,0.00990962,-6.68425,2.31371,-3.95617,-4.4579,0.875959,2.15759,10.9656,1.45628,97,0.00370537,0.175836,0.240591,0.41031,1.3871,0.288285,1.55952,5.42528,0.147511,0,0.0178778,NBA,1,Delta,2,Second dose,0,G_NBA,G_0
638_2,-6.7215,2.1911,-3.86094,-4.01705,0.48864,2.84673,13.2874,1.38493,97,0.0129816,-6.70365,2.2194,-4.00125,-3.91308,0.435635,2.33136,14.6089,1.41752,97,0.0157274,-6.69398,2.21334,-3.96344,-3.83333,0.423286,2.12641,10.629,1.42136,97,0.00389205,0.181559,0.212749,0.362037,0.580701,0.168714,1.48974,7.16288,0.163968,0,0.0428352,NBA,1,Omicron,2,Second dose,0,G_NBA,G_0
2063_1,-6.73926,2.5079,-4.0483,-2.34028,0.894226,3.08028,5.5614,1.4057,97,0.0139282,-6.71638,2.48072,-3.94024,-2.19157,0.738463,2.8263,7.60195,1.46639,97,0.0100212,-6.74835,2.39777,-3.90863,-2.32625,0.621752,2.58103,3.97372,1.48693,97,0.00309936,0.185476,0.320345,0.425826,0.760853,0.376648,1.40447,5.65643,0.192993,0,0.0165356,NBA,1,Delta,-1,No record,0,G_NBA,G_0
2669_1,-6.64335,2.17874,-4.00293,-5.21927,0.545315,2.08091,14.2088,1.49151,97,0.0112283,-6.66115,2.18066,-3.98215,-5.0441,0.547649,2.25877,15.7484,1.47384,97,0.0103656,-6.66407,2.19206,-3.96119,-4.84173,0.492729,2.13749,10.6476,1.46009,97,0.0038471,0.157161,0.185141,0.464509,0.723146,0.15407,1.18695,5.9054,0.187706,0,0.0198979,NBA,1,Omicron,3,Boosted,0,G_NBA,G_0
2014_1,-6.44192,2.4864,-4.09839,-5.16056,0.990611,1.99374,11.2933,1.51778,97,0.00946185,-6.50234,2.59119,-3.89563,-5.21491,1.05885,2.33115,12.0386,1.52182,97,0.00849003,-6.53744,2.51543,-3.95271,-5.10595,1.03848,2.17658,9.33172,1.52615,97,0.0034196,0.171602,0.218999,0.383413,0.974063,0.201468,1.14577,5.3612,0.146635,0,0.0113343,NBA,2,Delta,2,Second dose,0,G_NBA,G_0
1899_2,-6.80602,1.79826,-3.9883,-6.74351,0.724464,3.60066,7.96544,1.46809,97,0.00379708,-6.81821,1.79475,-3.97511,-6.43237,0.666738,3.38114,7.74667,1.5053,97,0.0125801,-6.86473,1.78755,-3.95511,-6.48729,0.626232,3.36115,7.7897,1.51867,97,0.00419632,0.183797,0.191296,0.431572,0.842127,0.341637,1.52057,0.88524,0.178814,0,0.0260684,NBA,2,Omicron,3,Boosted,0,G_NBA,G_0
924_2,-6.65203,2.24433,-3.89431,-5.60061,1.20878,2.49736,6.0921,1.51948,97,0.00801324,-6.68157,2.29059,-3.95433,-5.54876,1.36582,2.32865,8.10461,1.50132,97,0.00567606,-6.76903,2.25156,-3.9409,-5.42706,1.21051,2.28838,4.53463,1.51347,97,0.00286114,0.145444,0.19439,0.39613,1.15887,0.644013,0.988697,6.50713,0.155851,0,0.00699572,NBA,1,Omicron,2,Second dose,0,G_NBA,G_0
994_1,-6.56369,2.54243,-4.02038,-4.03203,1.52653,2.18173,11.5335,1.49693,97,0.0100006,-6.57126,2.57041,-3.91724,-4.6187,1.92741,2.47849,11.9949,1.52861,97,0.0155656,-6.60418,2.57887,-3.95862,-4.23009,1.83203,2.20642,10.5011,1.50093,97,0.00327524,0.181021,0.234896,0.377106,1.10275,0.471385,1.2874,5.89326,0.19167,0,0.0516028,NBA,1,Delta,2,Second dose,0,G_NBA,G_0
491_1,-6.65091,1.95576,-4.0402,-6.54116,0.76864,2.39895,14.6678,1.4508,97,0.0128862,-6.70911,2.02984,-3.96174,-6.07115,0.644784,2.0681,13.9927,1.44656,97,0.0113862,-6.74334,2.02342,-3.96148,-5.90181,0.607987,2.05065,10.4387,1.43871,97,0.00443668,0.166208,0.185881,0.436319,0.798954,0.256859,0.96519,8.35842,0.196674,0,0.019931,NBA,2,Delta,-1,No record,0,G_NBA,G_0
2438_1,-7.04416,1.8951,-3.93229,-6.26589,0.859614,2.47107,9.43476,1.5,97,0.00747847,-6.94106,1.8042,-4.04421,-6.71149,0.901232,2.14156,8.63106,1.46969,97,0.00855486,-6.9136,1.7581,-3.9547,-6.16748,0.763774,1.98314,8.94068,1.43654,97,0.00430756,0.163052,0.17955,0.395389,0.774255,0.409127,0.640996,1.17935,0.153189,0,0.012581,NBA,1,Omicron,3,Boosted,0,G_NBA,G_0
1165_1,-6.83205,1.89148,-4.07552,-6.29268,0.677091,1.95553,13.6063,1.49812,97,0.0156065,-6.85792,1.9213,-3.95901,-6.30753,0.668729,2.36727,12.7953,1.5015,97,0.0080968,-6.84561,1.84463,-3.9725,-6.35296,0.62629,2.173,9.82631,1.51134,97,0.00322745,0.157897,0.191046,0.373986,0.92816,0.264153,1.26385,5.08137,0.154132,0,0.0120465,NBA,2,Omicron,3,Boosted,0,G_NBA,G_0
358_1,-6.5695,2.20976,-4.05979,-4.61704,0.508463,2.29509,17.653,1.51587,97,0.0115523,-6.62812,2.32137,-3.96079,-4.11693,0.415068,2.46801,15.8419,1.4926,97,0.0128063,-6.63586,2.25783,-3.97253,-4.26342,0.430811,2.31219,11.0185,1.48205,97,0.00360212,0.153605,0.246277,0.380849,0.671628,0.130545,1.36276,6.32062,0.169764,0,0.0318752,NBA,3,Omicron,3,Boosted,0,G_NBA,G_0
1439_2,-6.563,2.29238,-4.01115,-5.39588,0.694936,2.54938,12.4015,1.50334,97,0.00988028,-6.58058,2.36793,-3.96431,-5.46352,0.803976,2.21885,11.9299,1.47149,97,0.0122357,-6.64728,2.28985,-3.96839,-5.56319,0.908943,2.15686,10.5951,1.45979,97,0.00384693,0.191436,0.232818,0.361131,0.862774,0.233907,1.16438,7.41446,0.168063,0,0.025766,NBA,2,Omicron,3,Boosted,0,G_NBA,G_0
351_1,-6.60286,2.305,-4.03545,-4.42761,0.521944,2.41921,14.8977,1.45097,97,0.0170558,-6.54847,2.27892,-3.92931,-4.59103,0.532085,2.37679,13.6967,1.51884,97,0.00693786,-6.63436,2.27879,-3.98452,-4.49265,0.530835,2.19306,10.3984,1.47464,97,0.00405631,0.157259,0.220543,0.398192,0.946604,0.225225,1.16102,5.89517,0.204117,0,0.0103337,NBA,3,Omicron,3,Boosted,0,G_NBA,G_0
1658_1,-6.6826,2.23788,-3.9734,-3.88854,0.589409,2.30771,11.3779,1.4691,97,0.00937552,-6.68658,2.36342,-3.9767,-3.71729,0.578788,2.92895,12.5294,1.48052,97,0.00885336,-6.65538,2.32749,-3.96309,-3.68437,0.560677,2.12591,10.9161,1.46463,97,0.00372711,0.177892,0.304236,0.411788,0.601795,0.223085,1.37953,5.40917,0.156379,0,0.0192766,NBA,3,Omicron,3,Boosted,0,G_NBA,G_0
83_1,-6.55425,2.32544,-4.03372,-5.76763,0.751294,2.19747,11.7039,1.46592,97,0.0107088,-6.58937,2.28787,-3.94226,-5.71102,0.768465,2.4896,13.5424,1.47323,97,0.0106901,-6.67544,2.2241,-3.96613,-5.78569,0.868687,2.15205,10.5586,1.45168,97,0.0037986,0.187932,0.221578,0.339889,0.790412,0.197056,1.56942,7.60104,0.180066,0,0.0277267,NBA,2,Omicron,2,Second dose,0,G_NBA,G_0
2097_1,-6.49324,2.49218,-3.88905,-4.58668,0.668434,2.48639,16.6391,1.56842,97,0.010856,-6.49777,2.50153,-3.97888,-4.51083,0.653317,2.25028,15.8617,1.52263,97,0.0118055,-6.54409,2.48197,-3.95757,-4.61371,0.708079,2.16233,10.5581,1.51469,97,0.0036838,0.14929,0.187904,0.42203,0.646952,0.158433,1.05924,6.40966,0.186777,0,0.0223197,NBA,3,Omicron,3,Boosted,0,G_NBA,G_0
2580_1,-6.57916,2.39507,-3.96942,-4.59729,0.81987,2.44479,8.64702,1.53046,97,0.0105582,-6.5563,2.39649,-3.93277,-4.48241,0.834658,2.69641,9.87128,1.47168,97,0.0112521,-6.61965,2.39554,-3.93428,-4.30354,0.751976,2.57656,7.87659,1.48477,97,0.00394166,0.165395,0.18668,0.451253,1.05503,0.341976,1.09723,4.33699,0.170585,0,0.0227052,NBA,1,Omicron,3,Boosted,0,G_NBA,G_0
2256_1,-6.55029,2.63676,-3.93528,-4.98542,1.52052,2.42503,12.7845,1.5297,97,0.00574415,-6.46599,2.58062,-3.94189,-5.39528,1.58534,2.10508,11.1743,1.54718,97,0.0133199,-6.54598,2.62266,-3.96904,-5.10668,1.73933,1.96129,10.4136,1.49496,97,0.00381472,0.19615,0.192531,0.379298,0.994526,0.390183,1.0868,6.31565,0.195443,0,0.037256,NBA,2,Omicron,2,Second dose,0,G_NBA,G_0
362_1,-6.52622,2.35211,-3.99851,-5.4222,0.48542,2.05063,8.39228,1.54304,97,0.00898354,-6.53664,2.34781,-3.88523,-5.5834,0.535433,2.14729,9.53225,1.5295,97,0.00737965,-6.5618,2.34285,-3.94643,-5.40989,0.512138,2.22072,7.81023,1.49225,97,0.00451006,0.194296,0.251312,0.36905,0.840148,0.192398,0.934102,4.98581,0.173188,0,0.0120565,NBA,2,Omicron,2,Second dose,0,G_NBA,G_0
2031_2,-6.62026,2.33998,-3.79295,-5.97794,1.14841,2.18321,6.72281,1.44654,97,0.0107466,-6.67668,2.32354,-3.93669,-6.21426,1.4267,2.45169,9.22756,1.45584,97,0.00847481,-6.73169,2.25201,-3.92174,-6.08552,1.30777,2.26762,6.37951,1.47064,97,0.00389687,0.164822,0.207069,0.437516,1.02116,0.541618,1.2301,5.12531,0.170769,0,0.010094,NBA,2,Omicron,2,Second dose,0,G_NBA,G_0
2054_2,-6.66681,2.33155,-3.89719,-3.83961,0.766208,2.59169,11.8879,1.49141,97,0.00828293,-6.64829,2.34742,-3.99253,-3.92142,0.806755,2.31137,12.0436,1.49858,97,0.00760217,-6.66801,2.38747,-3.96688,-3.6028,0.684098,2.09999,10.5947,1.46577,97,0.00384812,0.195958,0.278806,0.398928,1.04453,0.466533,1.52194,5.56756,0.173713,0,0.0122099,NBA,2,Omicron,3,Boosted,0,G_NBA,G_0
366_1,-6.4424,2.32298,-3.94741,-5.60233,0.601928,2.08638,18.9062,1.5383,97,0.00707708,-6.52319,2.45244,-4.06409,-5.00822,0.579015,2.1953,20.0347,1.5161,97,0.0123379,-6.5373,2.42202,-4.01981,-5.17096,0.624961,2.04116,13.9817,1.48425,97,0.00383354,0.150406,0.186792,0.387972,0.792465,0.136629,1.2297,6.54284,0.151433,0,0.0326785,NBA,2,Omicron,3,Boosted,0,G_NBA,G_0
2414_2,-6.60202,2.45955,-3.98367,-4.70336,1.32938,2.77232,9.54739,1.53842,97,0.0115222,-6.57221,2.467,-4.02781,-4.84197,1.43407,2.24392,13.4198,1.47755,97,0.0111415,-6.65876,2.47802,-3.9587,-4.59067,1.43285,2.0579,10.8138,1.47354,97,0.00384918,0.200659,0.223926,0.321239,0.898283,0.522048,1.15422,7.43481,0.180199,0,0.020755,NBA,2,Omicron,2,Second dose,0,G_NBA,G_0
870_1,-6.612,2.30038,-4.02442,-5.15858,0.940757,2.26257,12.2152,1.47745,97,0.00705297,-6.60907,2.31559,-4.027,-5.37251,1.01585,2.10251,12.9387,1.46095,97,0.0101943,-6.64916,2.35503,-3.97351,-4.83618,0.962828,2.19171,10.6663,1.47134,97,0.00362563,0.200943,0.268915,0.401877,0.976709,0.330475,0.948691,7.86759,0.167511,0,0.0250168,NBA,2,Delta,2,Second dose,0,G_NBA,G_0
1968_1,-6.58925,2.16527,-3.93197,-5.31222,0.65574,2.24113,14.4375,1.47438,97,0.010801,-6.64827,2.20817,-4.00712,-5.58387,0.745181,2.43023,16.1111,1.45968,97,0.0116023,-6.65293,2.2645,-3.97235,-5.07986,0.711628,2.0828,10.7291,1.46375,97,0.0038544,0.188347,0.264078,0.397446,0.991375,0.231374,1.5252,7.51765,0.192285,0,0.026327,NBA,3,Omicron,3,Boosted,0,G_NBA,G_0
2284_1,-6.78098,1.91472,-3.90967,-6.18217,0.510313,2.17294,20.9339,1.44151,97,0.0215719,-6.75048,1.9005,-3.97907,-6.35069,0.51263,2.27912,17.6197,1.50246,97,0.0119092,-6.79468,1.92601,-3.99003,-6.27809,0.524092,2.2149,13.6416,1.44624,97,0.00375597,0.148802,0.194327,0.390963,0.8925,0.149091,1.13269,6.0006,0.196837,0,0.0220614,NBA,2,Omicron,3,Boosted,0,G_NBA,G_0
301_1,-6.49059,2.44546,-3.85602,-5.14067,0.778195,2.19034,10.0264,1.56343,97,0.0056765,-6.52857,2.50293,-4.01062,-4.95827,0.727586,2.35516,8.07352,1.53367,97,0.0090724,-6.55012,2.44603,-3.94248,-4.95443,0.703721,2.2598,7.97597,1.50329,97,0.00378621,0.187384,0.199709,0.445342,0.673122,0.188307,1.05749,1.08169,0.211784,0,0.0206803,NBA,2,Omicron,2,Second dose,0,G_NBA,G_0
2516_1,-6.59855,2.36129,-3.93327,-3.66239,0.492924,2.97338,8.01987,1.45187,97,0.02344,-6.63348,2.37868,-3.94532,-3.58003,0.448729,2.80114,7.98059,1.46421,97,0.0143893,-6.64572,2.30209,-3.93806,-3.69345,0.423612,2.6073,7.76764,1.47699,97,0.00407702,0.171435,0.223971,0.426945,0.533297,0.20801,1.47008,1.45248,0.176305,0,0.0307854,NBA,2,Omicron,3,Boosted,0,G_NBA,G_0
396_1,-6.56145,2.33209,-3.98802,-5.67785,1.37287,2.82359,10.5264,1.46978,97,0.00690307,-6.57322,2.33297,-4.01046,-5.66188,1.34685,2.49904,13.3439,1.44717,97,0.0170348,-6.64837,2.3957,-3.96562,-5.34587,1.53047,2.21542,10.5888,1.4589,97,0.00384787,0.149408,0.202754,0.400612,1.21029,0.556555,1.1416,8.22586,0.188952,0,0.0470023,NBA,3,Omicron,3,Boosted,0,G_NBA,G_0
945_1,-6.62164,2.21897,-3.99858,-5.59385,0.626302,2.53476,13.9627,1.44737,97,0.00878498,-6.61984,2.15167,-3.97985,-5.81751,0.618107,2.26978,15.2941,1.50356,97,0.0118588,-6.65876,2.19762,-3.94832,-5.4185,0.57069,2.22925,9.32565,1.45919,97,0.00381498,0.150437,0.191565,0.482537,0.895722,0.15009,1.0989,6.48396,0.208565,0,0.022182,NBA,2,Omicron,3,Boosted,0,G_NBA,G_0
357_1,-6.58208,2.402,-4.00854,-5.04989,0.92782,2.41015,13.8454,1.48956,97,0.0111713,-6.58133,2.42673,-4.00796,-5.08523,0.953193,2.40164,11.5713,1.49632,97,0.00805377,-6.63506,2.36015,-3.96692,-4.88135,0.904717,2.15685,10.5872,1.46894,97,0.00381344,0.183528,0.2721,0.418839,0.887042,0.281195,1.17567,6.87511,0.191353,0,0.0184757,NBA,2,Omicron,3,Boosted,0,G_NBA,G_0
260_1,-6.59878,2.38912,-3.98548,-3.98711,0.563698,2.27413,13.8137,1.49672,97,0.00629377,-6.58839,2.32963,-3.95632,-4.07765,0.583433,2.40043,15.1721,1.46227,97,0.0134757,-6.65965,2.31339,-3.9678,-3.92697,0.540919,2.17957,10.6534,1.47388,97,0.00361043,0.18337,0.236478,0.394706,0.78589,0.215469,1.17434,6.34258,0.174415,0,0.0220864,NBA,3,Omicron,3,Boosted,0,G_NBA,G_0
75_1,-6.57171,2.47989,-3.96792,-4.46107,1.00353,2.64506,13.8325,1.53959,97,0.00959623,-6.55665,2.4573,-4.02166,-4.72239,1.07692,2.3481,13.5823,1.51747,97,0.00729905,-6.61489,2.48517,-3.96397,-4.24573,1.0016,2.16104,10.6777,1.49798,97,0.00381613,0.161374,0.189655,0.368055,1.05832,0.391534,1.37434,8.48564,0.171557,0,0.0108914,NBA,2,Omicron,3,Boosted,0,G_NBA,G_0
1514_1,-6.59135,2.40852,-3.96204,-5.24381,0.962921,2.51699,12.7609,1.53983,97,0.0117207,-6.54405,2.42555,-3.99313,-5.52386,1.01497,2.31995,13.0126,1.45208,97,0.0108724,-6.62166,2.37215,-3.96741,-5.18261,0.976235,2.10659,10.6161,1.46653,97,0.00379919,0.180176,0.203783,0.411672,0.933039,0.262172,1.21247,6.10697,0.171592,0,0.0196664,NBA,3,Omicron,3,Boosted,0,G_NBA,G_0
117_1,-6.59741,2.43745,-3.92506,-4.16603,0.828759,2.11348,9.82183,1.48882,97,0.00853719,-6.63764,2.52162,-3.91867,-3.46561,0.590632,2.29754,7.90988,1.50972,97,0.00973967,-6.64123,2.38332,-3.95978,-3.73502,0.590992,2.50874,7.95284,1.49538,97,0.00360496,0.150481,0.205325,0.372882,0.581105,0.15969,0.996041,1.17956,0.175822,0,0.0180923,NBA,2,Delta,2,Second dose,0,G_NBA,G_0
436_1,-6.47752,2.54056,-3.90769,-5.36926,0.628915,2.27881,17.3198,1.549,97,0.00947336,-6.44284,2.48921,-4.02972,-5.43709,0.594244,2.12078,15.7258,1.55299,97,0.0157561,-6.5086,2.48715,-4.00202,-5.2891,0.614394,1.93594,12.7928,1.52128,97,0.00299512,0.169078,0.209197,0.451068,0.635752,0.0914086,1.24368,4.24381,0.211133,0,0.0311813,NBA,2,Omicron,3,Boosted,0,G_NBA,G_0
1904_1,-6.56431,2.14776,-3.97562,-4.67966,0.491056,2.07305,13.6826,1.53531,97,0.00825767,-6.60128,2.27076,-3.96648,-4.19595,0.42576,2.47937,16.0118,1.48978,97,0.00992258,-6.65005,2.25743,-3.95978,-4.32616,0.466775,2.1613,10.542,1.47077,97,0.00373591,0.168964,0.215168,0.417268,0.711571,0.191579,1.46281,8.08167,0.18973,0,0.0266803,NBA,3,Omicron,3,Boosted,0,G_NBA,G_0
2916_1,-6.54362,2.3797,-3.92423,-4.29437,0.692715,2.37635,13.6903,1.49461,97,0.00926447,-6.59974,2.40865,-3.95029,-4.30549,0.686337,2.07766,13.6299,1.4916,97,0.015584,-6.64472,2.34519,-3.96475,-4.37416,0.699647,2.13576,10.5268,1.46886,97,0.00377595,0.183493,0.213825,0.41139,0.67202,0.236442,0.960117,5.68116,0.168471,0,0.0468886,NBA,2,Omicron,3,Boosted,0,G_NBA,G_0
344_1,-6.51178,2.54061,-3.92282,-5.13684,1.32831,2.52051,10.6933,1.56365,97,0.027806,-6.53314,2.60625,-4.02313,-5.17685,1.45235,2.41058,12.0782,1.52986,97,0.0102845,-6.55332,2.56357,-3.95104,-4.99693,1.4538,2.10858,10.6244,1.50267,97,0.00397174,0.174329,0.184293,0.374909,0.949229,0.411711,1.29815,5.74046,0.16359,0,0.0249358,NBA,2,Omicron,3,Boosted,0,G_NBA,G_0
988_1,-6.63706,2.32929,-3.93006,-3.95134,0.522158,2.463,16.0486,1.48579,97,0.00909056,-6.66941,2.32055,-4.0137,-4.23694,0.598527,2.22672,15.6251,1.50515,97,0.00937365,-6.6629,2.29401,-3.96324,-4.10467,0.55327,2.1683,10.5714,1.46484,97,0.00377213,0.174855,0.277976,0.354779,0.51713,0.162697,1.07978,6.30765,0.198563,0,0.0161314,NBA,1,Omicron,2,Second dose,0,G_NBA,G_0
2119_1,-6.60488,2.18248,-4.05921,-5.75586,0.579279,2.09878,12.649,1.47374,97,0.00677936,-6.61452,2.22359,-4.00719,-5.64028,0.583445,2.04937,13.8235,1.48223,97,0.00998831,-6.63296,2.2376,-3.97189,-5.58293,0.605401,2.03069,11.0416,1.45716,97,0.00393941,0.176266,0.186817,0.436969,0.847164,0.169421,1.25687,5.9806,0.160432,0,0.0159865,NBA,2,Omicron,3,Boosted,0,G_NBA,G_0
150_1,-6.61406,2.28817,-3.9542,-5.44832,0.954618,2.57637,10.7589,1.49574,97,0.00696776,-6.62694,2.29293,-3.97668,-5.95761,1.11408,2.59797,11.7167,1.45034,97,0.00615282,-6.6715,2.29806,-3.96357,-5.89832,1.271,2.15237,10.5691,1.45548,97,0.00379902,0.1482,0.216496,0.38119,1.1566,0.31169,1.20687,6.09039,0.181381,0,0.00858614,NBA,1,Omicron,3,Boosted,0,G_NBA,G_0
1919_1,-6.54648,2.47734,-4.01849,-4.3272,0.910564,2.76032,7.25642,1.53799,97,0.0179643,-6.53785,2.52951,-3.91997,-4.4156,0.966495,2.99044,8.49556,1.55223,97,0.0102148,-6.60146,2.50381,-3.98375,-4.26825,0.898478,2.746,6.65179,1.52502,97,0.00296815,0.156767,0.20472,0.471384,0.800471,0.357484,1.62485,6.17552,0.170318,0,0.0192647,NBA,2,Omicron,3,Boosted,0,G_NBA,G_0
523_1,-6.5719,2.57483,-3.96236,-3.48488,0.788725,2.42199,11.1133,1.48145,97,0.00430517,-6.5882,2.47639,-4.04299,-3.55327,0.701567,1.99197,10.5598,1.53298,97,0.0101198,-6.61892,2.46614,-3.92913,-3.50848,0.631681,1.85536,8.12761,1.48873,97,0.00381307,0.175864,0.182337,0.468036,0.618015,0.244299,0.92318,5.59977,0.209874,0,0.0230524,NBA,2,Omicron,3,Boosted,0,G_NBA,G_0
2317_1,-6.69452,2.26553,-3.86329,-4.84673,0.990942,2.68927,6.98792,1.41086,97,0.00673077,-6.68858,2.21427,-3.9112,-4.99565,1.05231,2.49078,7.45506,1.42723,97,0.00906762,-6.72228,2.24446,-3.91196,-4.68916,0.903363,2.37878,5.21314,1.44262,97,0.00384893,0.21816,0.239287,0.424926,1.15526,0.566689,1.15642,5.40683,0.165142,0,0.0153347,NBA,1,Omicron,3,Boosted,0,G_NBA,G_0
2145_1,-6.84363,2.11048,-3.94541,-5.81367,1.09655,2.01504,9.50043,1.42136,97,0.00747698,-6.69064,1.97867,-3.9889,-6.34022,1.26055,2.37603,13.5439,1.37522,97,0.0231193,-6.78725,2.04416,-3.92963,-5.71514,1.22669,2.15026,9.39388,1.36866,97,0.00542647,0.144803,0.151136,0.390052,1.00961,0.315974,1.08894,6.28705,0.14765,0,0.0515457,NBA,2,Omicron,3,Boosted,0,G_NBA,G_0
2441_1,-6.61317,2.15968,-3.90421,-5.47251,0.691947,2.25409,15.977,1.42084,97,0.00633808,-6.63336,2.17379,-3.93668,-5.41156,0.645136,2.35021,16.1992,1.48741,97,0.0101575,-6.72543,2.10852,-3.96249,-5.19645,0.638994,2.3038,10.9746,1.45293,97,0.00348791,0.175324,0.245237,0.302093,1.03202,0.185865,1.13597,5.66774,0.186398,0,0.027251,NBA,2,Omicron,3,Boosted,0,G_NBA,G_0
2322_1,-6.64623,2.2911,-3.8844,-5.74672,0.966315,2.12814,11.7692,1.46413,97,0.0146171,-6.58379,2.23967,-4.02033,-5.56136,0.881446,2.14555,11.9251,1.4278,97,0.0159613,-6.66098,2.29908,-3.96588,-5.68706,1.12068,2.14812,10.5157,1.45817,97,0.00376911,0.19643,0.224948,0.409152,0.923646,0.354801,1.27009,6.6412,0.153779,0,0.0661365,NBA,1,Omicron,2,Second dose,0,G_NBA,G_0
103_2,-6.58704,2.42341,-3.8524,-3.96277,1.00301,2.55383,6.82497,1.47883,97,0.0175428,-6.64819,2.43631,-3.95904,-3.93741,1.05599,2.61988,7.05017,1.49695,97,0.0130953,-6.65314,2.42105,-3.87981,-3.83751,0.906832,2.50962,4.84266,1.48258,97,0.00323113,0.162325,0.229992,0.392369,0.67751,0.517976,1.09121,4.32121,0.172608,0,0.0346133,NBA,1,Omicron,3,Boosted,0,G_NBA,G_0
2081_1,-6.58012,2.25893,-3.91401,-5.86162,0.487909,2.40915,13.289,1.47751,97,0.00658161,-6.53928,2.29022,-3.97417,-5.67615,0.511119,2.21875,15.5857,1.4715,97,0.00774821,-6.59501,2.28047,-3.93419,-5.61794,0.480696,2.11253,8.99268,1.49186,97,0.00398972,0.168686,0.194248,0.373187,0.711592,0.134712,1.12988,7.36505,0.180832,0,0.012698,NBA,1,Omicron,3,Boosted,0,G_NBA,G_0
1923_1,-6.7011,1.99197,-4.08414,-6.69475,0.523042,2.13709,22.323,1.39677,97,0.00934201,-6.69138,1.95772,-3.97808,-6.57417,0.499647,2.45521,20.6228,1.48066,97,0.00658384,-6.79508,2.03997,-3.99939,-6.43409,0.542849,2.3101,16.959,1.46299,97,0.00286668,0.153144,0.156477,0.36772,0.613773,0.0812536,1.39305,4.83589,0.159292,0,0.0106489,NBA,2,Omicron,3,Boosted,0,G_NBA,G_0
974_1,-6.63632,2.29482,-4.0533,-4.81684,0.626104,2.32292,7.78744,1.50049,97,0.00874115,-6.57953,2.34334,-3.96844,-4.49286,0.551901,2.96458,8.01166,1.49106,97,0.00880743,-6.64246,2.29384,-3.95304,-4.73921,0.652399,2.89835,8.32329,1.46167,97,0.00392021,0.174458,0.218003,0.399755,0.715119,0.200608,1.19974,0.745177,0.16507,0,0.0160461,NBA,1,Omicron,3,Boosted,0,G_NBA,G_0
281_1,-6.85635,1.45549,-4.02944,-6.20695,0.503112,2.05432,8.21325,1.51757,97,0.00715759,-6.94202,1.60381,-4.0181,-6.79487,0.915274,2.94308,8.7183,1.50429,97,0.0119639,-6.98966,1.63749,-3.93946,-6.127,0.777136,2.86797,7.99396,1.50623,97,0.00338686,0.128458,0.14917,0.392965,1.03499,0.579043,1.20195,2.77476,0.174591,0,0.0209374,NBA,2,Omicron,3,Boosted,0,G_NBA,G_0
1531_1,-6.76009,1.99796,-4.05822,-5.09748,0.390575,2.49037,14.9952,1.43117,97,0.00818727,-6.74833,1.93837,-3.98846,-5.07274,0.345654,2.27746,15.6381,1.46955,97,0.0120679,-6.77096,1.90747,-3.97539,-5.11032,0.314784,2.01763,11.0118,1.48952,97,0.00378264,0.192632,0.214028,0.404355,0.690369,0.135617,1.35597,5.10171,0.180599,0,0.0242197,NBA,3,Omicron,3,Boosted,0,G_NBA,G_0
2531_1,-6.58251,2.41747,-3.85959,-4.38903,0.8297,2.32329,14.7985,1.5631,97,0.0106761,-6.60606,2.56153,-3.8629,-4.03089,0.814028,2.27435,12.7968,1.49751,97,0.00877673,-6.6588,2.50755,-3.899,-4.06179,0.790515,2.1409,8.93824,1.49452,97,0.00317003,0.166504,0.184378,0.36854,0.48609,0.175926,1.20741,6.2496,0.17856,0,0.0181972,NBA,2,Delta,2,Second dose,0,G_NBA,G_0
419_1,-6.77549,1.92558,-3.8717,-6.72674,0.81705,2.17438,11.4408,1.42217,97,0.00966861,-6.81753,1.99998,-3.99695,-6.7637,0.954456,2.28758,12.9846,1.39161,97,0.0152942,-6.84027,1.99698,-3.94206,-6.50265,0.908589,2.22574,8.78311,1.43004,97,0.004274,0.17227,0.178095,0.398575,0.740587,0.302242,1.33323,7.38793,0.162839,0,0.0298633,NBA,1,Delta,2,Second dose,0,G_NBA,G_0
2487_1,-6.74335,2.05799,-3.93921,-5.50534,0.947299,2.76915,9.81272,1.44201,97,0.0121245,-6.77405,2.07946,-3.96604,-5.59747,0.985314,2.76572,9.38252,1.45978,97,0.0077122,-6.80252,2.04112,-3.94423,-5.25496,0.852488,2.54737,7.56106,1.45076,97,0.002538,0.184858,0.263717,0.3489,1.3225,0.503831,1.4141,5.16191,0.184591,0,0.0124006,NBA,1,Delta,2,Second dose,0,G_NBA,G_0
1879_1,-6.54206,2.5099,-3.93523,-5.04198,1.07432,3.13569,6.61374,1.52928,97,0.011541,-6.5072,2.50749,-3.99031,-4.91368,1.0919,2.57602,9.56849,1.48558,97,0.0156582,-6.59182,2.50631,-3.99186,-4.39434,1.02502,2.14685,10.5746,1.49717,97,0.00376108,0.184398,0.206427,0.368339,0.91575,0.36693,1.27957,6.75707,0.175461,0,0.0327151,NBA,1,Omicron,-1,No record,0,G_NBA,G_0
1353_1,-6.70589,2.23514,-4.16148,-3.28816,0.596949,2.13526,15.5751,1.40709,97,0.00683506,-6.74296,2.38637,-3.9551,-3.02342,0.595061,2.51325,17.0692,1.41231,97,0.0134303,-6.76066,2.23494,-3.97966,-3.26934,0.566262,2.12699,12.9606,1.43797,97,0.00365041,0.182511,0.290431,0.395784,0.769798,0.220114,1.50758,7.23825,0.164484,0,0.0349906,NBA,2,Delta,-1,No record,0,G_NBA,G_0
1209_1,-6.47334,2.35314,-3.8516,-5.42776,0.47756,2.38003,17.4485,1.53592,97,0.0110762,-6.50337,2.41574,-3.94582,-5.24941,0.476831,2.24219,17.431,1.48862,97,0.00839617,-6.53744,2.38964,-3.97292,-5.30377,0.510109,2.20556,12.9014,1.49937,97,0.00387649,0.163378,0.193502,0.388402,0.74984,0.131811,1.25597,5.60208,0.159056,0,0.0173728,NBA,3,Omicron,3,Boosted,0,G_NBA,G_0
493_1,-6.68746,2.08119,-4.02404,-4.72032,0.428349,2.74372,15.4344,1.46523,97,0.00759658,-6.66455,2.03933,-3.97988,-5.1979,0.535585,2.13918,13.5989,1.44455,97,0.0139385,-6.73609,2.05915,-3.96688,-4.79642,0.434152,2.12909,10.5474,1.47165,97,0.003803,0.173941,0.218922,0.423707,1.06339,0.254369,1.22532,6.55128,0.166305,0,0.0213376,NBA,1,Omicron,3,Boosted,0,G_NBA,G_0
2101_1,-6.67268,2.50968,-4.01651,-2.95641,0.617054,2.30277,12.5772,1.49182,97,0.0111571,-6.62321,2.41877,-3.78194,-3.14226,0.61359,2.31147,12.7336,1.47747,97,0.0115321,-6.66423,2.4243,-3.95689,-3.08469,0.593007,2.14579,10.3678,1.47806,97,0.00354976,0.164041,0.200278,0.403933,0.464962,0.273448,1.19758,6.25722,0.167825,0,0.0352518,NBA,1,Omicron,2,Second dose,0,G_NBA,G_0
3057_1,-6.71443,2.16048,-3.91817,-5.37066,0.683408,2.26958,6.80013,1.48216,97,0.0177281,-6.68873,2.12682,-3.98292,-5.89275,0.978929,2.0955,8.88202,1.4417,97,0.0224629,-6.73612,2.11528,-3.9185,-5.98327,0.872116,1.99857,6.59613,1.4503,97,0.00437271,0.188727,0.211539,0.388272,1.12334,0.457844,0.921467,4.74868,0.158119,0,0.0720045,NBA,2,Omicron,3,Boosted,0,G_NBA,G_0
3021_1,-6.89459,1.82885,-4.07415,-6.45536,0.769863,2.41077,15.5774,1.54426,97,0.0092396,-6.78997,1.75256,-3.93738,-6.74412,0.775322,2.26011,15.0923,1.47491,97,0.0128017,-6.87774,1.80359,-3.96633,-6.08959,0.674786,2.11204,10.5714,1.49698,97,0.00358697,0.130645,0.136176,0.371847,0.977316,0.42315,1.24286,7.72873,0.182235,0,0.0336133,NBA,3,Delta,-1,No record,0,G_NBA,G_0
1577_1,-6.65796,2.33092,-3.97887,-5.53427,0.825075,2.44641,14.6841,1.39352,97,0.0142319,-6.62735,2.31828,-4.00172,-5.75186,0.819139,2.18119,14.9446,1.36598,97,0.0106522,-6.64564,2.29598,-3.95749,-5.5325,0.826422,2.16111,10.5771,1.4046,97,0.00363178,0.165434,0.189827,0.363342,0.714335,0.15886,1.01111,5.2208,0.138037,0,0.0337665,NBA,2,Omicron,-1,No record,0,G_NBA,G_0
2672_1,-6.62036,1.96737,-3.88767,-6.02334,0.484707,2.37063,16.4892,1.47126,97,0.00916311,-6.63556,1.97775,-3.9746,-5.9445,0.479819,2.41069,16.5579,1.43888,97,0.0119072,-6.71028,2.06124,-3.97276,-5.75778,0.513157,2.13616,11.6469,1.43896,97,0.00371592,0.172626,0.194879,0.344983,0.784787,0.124688,1.53211,7.47206,0.167508,0,0.0169915,NBA,2,Omicron,3,Boosted,0,G_NBA,G_0
89_2,-6.66843,2.1036,-3.94749,-6.16199,0.632389,3.43721,7.09856,1.434,97,0.00817705,-6.67689,2.14672,-3.9559,-6.12736,0.544272,3.77376,7.13639,1.41496,97,0.00808079,-6.67264,2.15335,-3.92817,-5.74981,0.51049,3.11976,6.97753,1.43336,97,0.00395017,0.176077,0.205988,0.403348,0.815689,0.171373,1.51683,0.759448,0.14899,0,0.0100575,NBA,2,Omicron,-1,No record,0,G_NBA,G_0
1751_1,-6.73429,2.18419,-3.89146,-6.13242,0.74173,2.84136,13.5344,1.42727,97,0.00757066,-6.73801,2.17751,-3.95843,-6.17397,0.742222,2.56198,12.6303,1.49786,97,0.0104761,-6.71089,2.15776,-3.96476,-6.05114,0.678377,2.214,10.7386,1.42364,97,0.00372519,0.14811,0.168047,0.352396,0.704203,0.27181,1.23414,5.38748,0.202389,0,0.0169469,NBA,2,Delta,-1,No record,0,G_NBA,G_0
1509_2,-6.46917,2.43578,-3.9114,-5.17658,0.846119,2.54817,12.193,1.55909,97,0.0147308,-6.51401,2.46062,-3.90812,-5.16316,0.915484,2.43386,13.0481,1.54283,97,0.00981378,-6.56245,2.48701,-3.96673,-5.21171,1.07954,2.15204,10.5593,1.49819,97,0.00379862,0.164424,0.203911,0.43373,0.962182,0.315925,1.27986,7.85965,0.20174,0,0.0185742,NBA,2,Omicron,-1,No record,0,G_NBA,G_0
2094_1,-6.64783,2.39444,-4.00162,-5.32179,1.27293,2.83519,9.65281,1.526,97,0.0168851,-6.65681,2.4266,-3.95357,-4.10684,0.858705,2.26623,8.52357,1.51546,97,0.0108994,-6.66055,2.38717,-3.94263,-3.9822,0.794748,2.42576,6.98864,1.47164,97,0.00359035,0.165324,0.241202,0.419239,0.924877,0.334224,1.1228,4.43931,0.170749,0,0.0187438,NBA,2,Omicron,-1,No record,0,G_NBA,G_0
774_2,-6.61163,2.45029,-4.03352,-4.44498,0.735135,2.67292,11.3379,1.48104,97,0.00894463,-6.56267,2.36638,-3.97961,-4.54236,0.704409,2.51329,12.4469,1.50535,97,0.0114291,-6.62546,2.35838,-3.96416,-4.40203,0.664569,2.16261,10.5549,1.4755,97,0.00378176,0.187335,0.242103,0.404044,1.00019,0.355132,1.2435,7.25983,0.150931,0,0.025482,NBA,1,Omicron,-1,No record,0,G_NBA,G_0
2057_1,-6.60407,2.26524,-4.07627,-6.1519,1.31141,2.35019,13.477,1.49946,97,0.008892,-6.58487,2.22839,-3.97724,-6.15208,1.29007,2.55379,12.8017,1.45468,97,0.0117457,-6.68781,2.28984,-3.96505,-6.02334,1.47306,2.15199,10.563,1.4689,97,0.00382051,0.156898,0.171404,0.392464,1.02831,0.329939,1.43645,6.01453,0.135532,0,0.0194556,NBA,1,Delta,-1,No record,0,G_NBA,G_0
1355_2,-6.70003,2.05299,-3.94772,-4.96001,0.451997,2.32587,12.921,1.39674,97,0.00743983,-6.69749,2.0489,-4.01472,-4.91843,0.459015,2.23506,14.9614,1.41891,97,0.00961552,-6.73779,2.04178,-3.94083,-4.86379,0.422802,2.03288,9.24131,1.43131,97,0.00410823,0.158252,0.18728,0.410082,0.621641,0.170234,1.54106,8.06941,0.162339,0,0.0203562,NBA,1,Omicron,3,Boosted,0,G_NBA,G_0
1143_1,-6.67498,2.43611,-4.01401,-3.28835,0.964353,2.80942,5.54679,1.49581,97,0.00691779,-6.67551,2.4772,-3.88761,-3.22012,0.928672,3.56367,5.30863,1.45463,97,0.0106236,-6.68172,2.45683,-3.88935,-3.17908,0.765681,3.21714,3.64688,1.47524,97,0.00382435,0.162903,0.273658,0.429623,0.629659,0.571361,2.23207,4.9694,0.158616,0,0.0193973,NBA,1,Omicron,2,Second dose,0,G_NBA,G_0
2087_1,-6.51427,2.41722,-3.93144,-5.55297,1.52676,2.14646,8.66061,1.46599,97,0.00805756,-6.61704,2.44547,-3.97578,-5.44444,1.45756,2.42085,8.6509,1.55222,97,0.0122353,-6.61579,2.44186,-3.87417,-5.17413,1.34841,2.62319,4.97544,1.48487,97,0.0040222,0.136299,0.168115,0.377841,0.941057,0.555739,1.11631,7.4548,0.179697,0,0.023037,NBA,2,Omicron,3,Boosted,0,G_NBA,G_0
2328_1,-6.7172,2.25508,-4.05073,-4.61852,0.61141,2.36557,15.9822,1.36746,97,0.00725556,-6.71973,2.27414,-3.94556,-4.91038,0.687056,2.2153,13.6935,1.40401,97,0.00867888,-6.70019,2.21512,-3.95473,-4.70596,0.652014,2.11824,10.5102,1.39327,97,0.00387542,0.160971,0.151522,0.415887,0.866684,0.217611,1.08559,5.01594,0.154165,0,0.0152536,NBA,1,Omicron,3,Boosted,0,G_NBA,G_0
104_1,-6.51052,2.49235,-3.97025,-4.62448,0.963401,2.34864,11.7936,1.54578,97,0.00560306,-6.54415,2.53786,-3.90347,-4.60284,0.97638,2.51336,13.3791,1.54937,97,0.0108807,-6.57365,2.5213,-3.96642,-4.28595,0.927885,2.22337,10.7085,1.51307,97,0.00345395,0.185329,0.234236,0.364728,0.948173,0.288835,1.30879,6.71447,0.151829,0,0.0167793,NBA,1,Omicron,3,Boosted,0,G_NBA,G_0
67_1,-6.69025,2.22328,-3.96031,-6.33023,0.911224,2.46458,16.9761,1.40962,97,0.0120531,-6.71386,2.23751,-3.98992,-6.19727,0.846135,2.14032,13.9867,1.44793,97,0.011833,-6.78142,2.12789,-3.96466,-6.42288,0.990925,2.15191,10.5554,1.43763,97,0.00379852,0.167752,0.222284,0.416577,0.692862,0.228849,1.19933,6.59291,0.178776,0,0.0227257,NBA,1,Omicron,2,Second dose,0,G_NBA,G_0
273_1,-6.54966,2.37797,-3.90415,-4.14329,0.668649,2.73215,13.1735,1.48468,97,0.0141821,-6.59275,2.42439,-4.02814,-4.13258,0.692043,2.43683,12.267,1.51643,97,0.016311,-6.62623,2.35931,-3.96619,-4.17116,0.635805,2.14714,10.649,1.47982,97,0.00358191,0.186083,0.186588,0.417669,0.634837,0.322405,1.30385,7.42861,0.161608,0,0.0330719,NBA,2,Omicron,3,Boosted,0,G_NBA,G_0
1300_1,-6.64335,2.20871,-3.88108,-3.72727,0.338482,2.41242,15.1699,1.48274,97,0.0101747,-6.65332,2.24042,-3.95349,-3.70328,0.307362,2.46128,13.5555,1.50592,97,0.00889424,-6.65711,2.21939,-3.96262,-3.73431,0.314898,2.15373,10.5471,1.4664,97,0.00379696,0.187826,0.254722,0.402466,0.579256,0.102278,1.28726,6.25651,0.193062,0,0.0145324,NBA,2,Omicron,3,Boosted,0,G_NBA,G_0
2830_1,-6.56976,2.62443,-3.94453,-3.92251,1.54958,2.60397,13.6098,1.52514,97,0.00815667,-6.53769,2.5581,-3.93925,-3.92026,1.36598,2.65639,12.4372,1.52089,97,0.00971693,-6.61236,2.56335,-3.97226,-3.7519,1.14301,2.30208,10.8755,1.5023,97,0.00374684,0.189094,0.246072,0.422366,0.86691,0.827491,1.50884,6.64287,0.190312,0,0.0215984,NBA,1,Omicron,3,Boosted,0,G_NBA,G_0
2771_1,-6.59849,2.3681,-3.85487,-3.22529,0.479698,3.28993,7.04,1.47026,97,0.0117875,-6.69291,2.33756,-3.88907,-3.659,0.64866,2.75589,7.15923,1.50654,97,0.0112444,-6.68233,2.37183,-3.92076,-3.43454,0.574735,2.72516,6.74064,1.46455,97,0.0041844,0.170454,0.270511,0.378864,0.692977,0.284974,1.33975,2.68397,0.172976,0,0.0314196,NBA,2,Omicron,2,Second dose,0,G_NBA,G_0
3061_1,-6.50505,2.52684,-3.97627,-4.6339,0.943277,2.14011,11.0633,1.52788,97,0.0107732,-6.52249,2.55223,-3.89446,-4.48133,0.943288,2.30317,12.7636,1.53221,97,0.00885942,-6.56371,2.53189,-3.92464,-4.56317,1.0292,2.19877,10.685,1.51193,97,0.00360399,0.162952,0.18992,0.403552,0.770879,0.268502,1.42952,6.91871,0.184781,0,0.0154884,NBA,2,Omicron,3,Boosted,0,G_NBA,G_0
2739_2,-6.54175,2.75897,-4.15743,-4.95438,2.27051,2.90979,15.5118,1.50858,97,0.0137017,-6.49584,2.66145,-3.97133,-5.36205,2.28907,2.49991,10.8827,1.54095,97,0.00840809,-6.54779,2.65771,-3.97333,-5.11806,2.34555,2.16412,10.5934,1.51944,97,0.00379358,0.177647,0.216654,0.399928,1.00402,0.357838,1.22734,5.55436,0.195589,0,0.015986,NBA,2,Omicron,-1,No record,0,G_NBA,G_0
2880_2,-6.63814,2.1787,-3.94614,-5.3351,0.828627,2.47102,13.585,1.44101,97,0.00859641,-6.67988,2.14355,-3.92719,-5.64724,0.900064,2.53224,12.1471,1.47852,97,0.00741857,-6.69327,2.219,-3.96524,-5.11141,0.807838,2.28426,10.6736,1.44869,97,0.00356516,0.162296,0.187661,0.407938,1.04566,0.387681,1.40761,7.08409,0.153589,0,0.00947075,NBA,1,Omicron,3,Boosted,0,G_NBA,G_0
1017_1,-6.49823,2.5768,-3.9643,-5.0091,1.61337,2.39579,13.3983,1.54639,97,0.00874228,-6.47151,2.60499,-3.97979,-5.19731,1.67234,1.83153,10.9384,1.50532,97,0.008852,-6.54652,2.58953,-3.96394,-5.21249,1.92968,2.09234,10.9845,1.50219,97,0.00396366,0.19343,0.220436,0.376206,1.03915,0.364497,1.04603,7.82142,0.153298,0,0.013673,NBA,2,Omicron,-1,No record,0,G_NBA,G_0
2412_1,-6.81776,2.02669,-3.92694,-6.38936,1.14393,3.93575,6.73069,1.4685,97,0.00739134,-6.76161,1.9476,-3.9802,-6.37025,0.822674,3.14308,5.52668,1.51583,97,0.0129535,-6.80033,1.96047,-3.91751,-6.01202,0.746585,3.36437,5.72996,1.47354,97,0.00404245,0.173637,0.189547,0.43164,0.91713,0.393691,1.11331,0.804957,0.178984,0,0.0173414,NBA,1,Omicron,2,Second dose,0,G_NBA,G_0
2658_1,-6.72825,2.14646,-4.05577,-6.33514,0.785477,2.2771,13.0461,1.42927,97,0.0121489,-6.74264,2.18099,-4.0907,-6.482,0.795673,2.40953,14.2979,1.42896,97,0.0091424,-6.74377,2.17213,-3.96425,-6.27049,0.83287,2.15777,10.5812,1.43601,97,0.00383627,0.177012,0.178603,0.415626,0.845096,0.237921,1.26473,6.85529,0.126786,0,0.0188908,NBA,2,Omicron,3,Boosted,0,G_NBA,G_0
212_1,-6.66125,2.21837,-3.96858,-5.68197,1.21665,2.29536,9.05368,1.46174,97,0.00819399,-6.66369,2.21383,-3.87199,-5.67947,1.07539,2.15067,9.3332,1.53465,97,0.0277569,-6.71995,2.15929,-3.95411,-5.40288,0.973041,1.99266,6.82689,1.52316,97,0.00367879,0.184647,0.221908,0.457083,1.09122,0.433908,1.10984,4.86027,0.183547,0,0.115215,NBA,2,Omicron,2,Second dose,0,G_NBA,G_0
2646_1,-6.67872,2.34979,-3.90799,-5.87205,1.50036,2.557,14.8417,1.4088,97,0.0105284,-6.63154,2.27654,-3.94517,-5.81691,1.31877,2.12747,12.052,1.42745,97,0.00936368,-6.67774,2.32357,-3.98327,-5.44994,1.35993,2.15671,10.1595,1.43157,97,0.00391773,0.131987,0.157438,0.344066,0.832557,0.28398,0.977202,6.14022,0.155571,0,0.0174328,NBA,2,Omicron,-1,No record,0,G_NBA,G_0
2484_1,-6.5249,2.35054,-3.97172,-4.90877,0.711609,2.25634,12.8487,1.49905,97,0.00967378,-6.57719,2.39108,-3.94041,-4.93869,0.712196,2.6316,11.8517,1.52227,97,0.00880701,-6.58855,2.36427,-3.9641,-4.76404,0.646822,2.34037,10.9612,1.49428,97,0.00336463,0.166339,0.194595,0.417412,0.805968,0.297953,1.43935,7.40055,0.157559,0,0.0172184,NBA,1,Delta,-1,No record,0,G_NBA,G_0
1432_1,-6.68729,2.09544,-3.95465,-6.41501,1.10231,2.20484,14.9625,1.44932,97,0.011106,-6.68223,2.08978,-4.08503,-6.15947,1.06856,2.31829,15.1655,1.39526,97,0.0120101,-6.73541,2.14526,-3.96089,-5.68153,1.04445,2.16059,10.7104,1.40709,97,0.00401782,0.162556,0.176467,0.351112,0.858028,0.22488,1.0544,6.74476,0.133778,0,0.0166558,NBA,2,Delta,-1,No record,0,G_NBA,G_0
2821_1,-6.69702,2.05817,-3.83933,-6.36193,0.832736,2.19308,10.922,1.46139,97,0.00935139,-6.68854,2.08508,-4.06516,-6.03787,0.818992,2.19021,13.5979,1.36558,97,0.0122151,-6.72686,2.08604,-3.94381,-5.86803,0.754208,2.14269,10.4633,1.39788,97,0.00360425,0.140892,0.147822,0.382941,0.73541,0.364556,0.963189,6.43253,0.15029,0,0.0269899,NBA,2,Delta,2,Second dose,0,G_NBA,G_0
2842_1,-6.77307,2.2542,-3.88814,-5.57546,1.04645,2.43521,11.192,1.45151,97,0.00574517,-6.65507,2.13457,-3.90902,-5.98513,1.13918,2.05856,13.0843,1.43302,97,0.0109034,-6.74207,2.20382,-3.96045,-5.86692,1.34005,2.07596,10.6312,1.44895,97,0.00378085,0.181671,0.190503,0.446994,0.955161,0.365126,1.14547,8.51041,0.155058,0,0.0316217,NBA,1,Omicron,-1,No record,0,G_NBA,G_0
277_1,-6.66794,2.09524,-4.15004,-5.81187,0.737059,2.25239,13.3379,1.49447,97,0.0115721,-6.71206,2.191,-3.84704,-5.58218,0.759626,2.42765,14.7267,1.39353,97,0.00977176,-6.72198,2.13703,-3.97966,-5.60683,0.802221,2.02425,10.4112,1.44575,97,0.00396405,0.141403,0.153484,0.472469,0.832607,0.21661,1.26765,6.35246,0.152376,0,0.0197132,NBA,1,Omicron,-1,No record,0,G_NBA,G_0
587_1,-6.66824,2.19821,-4.00675,-6.35458,1.24524,2.18304,12.611,1.49754,97,0.00987399,-6.66766,2.21807,-4.07351,-6.1922,1.28074,2.26556,12.0591,1.45141,97,0.0083574,-6.69655,2.24935,-3.94106,-5.9314,1.27714,2.27219,9.00211,1.42128,97,0.00416592,0.170185,0.208036,0.502394,0.706822,0.240845,1.17791,6.53879,0.151778,0,0.0119851,NBA,1,Omicron,2,Second dose,0,G_NBA,G_0
3050_1,-6.60785,2.44814,-3.72525,-5.14519,0.805857,2.29717,18.3071,1.48072,97,0.00857759,-6.57119,2.40324,-4.07383,-5.14607,0.761528,2.33094,17.4016,1.49479,97,0.0110392,-6.58885,2.35522,-3.98485,-5.41492,0.84556,2.09038,13.0284,1.52144,97,0.00418761,0.180881,0.208476,0.471491,0.812369,0.156192,1.46209,5.46641,0.17191,0,0.0223623,NBA,2,Omicron,3,Boosted,0,G_NBA,G_0
1000_1,-6.52773,2.46284,-3.89137,-5.52802,0.982268,1.98047,5.52423,1.53636,97,0.0160144,-6.57757,2.55416,-3.94334,-5.58444,1.35289,1.98472,10.8678,1.47359,97,0.022976,-6.59793,2.49351,-3.9616,-5.64568,1.29043,1.85147,5.70187,1.49105,97,0.0034513,0.173148,0.189732,0.398799,0.865452,0.441565,0.89622,7.3001,0.187668,0,0.0868904,NBA,1,Omicron,-1,No record,0,G_NBA,G_0
1038_1,-6.56747,2.26722,-4.01194,-5.96888,0.972461,2.31477,13.3258,1.55743,97,0.00980715,-6.58305,2.33507,-3.98221,-5.55496,0.95825,2.39278,14.8301,1.5058,97,0.0102295,-6.60485,2.36184,-3.95094,-5.24439,0.941112,2.25371,10.9112,1.47045,97,0.00413664,0.170541,0.181413,0.353309,0.774302,0.156618,1.11926,5.18777,0.166449,0,0.0121632,NBA,2,Delta,2,Second dose,0,G_NBA,G_0
94_1,-6.5529,2.43701,-3.91416,-4.33945,0.617543,2.51625,12.9186,1.43096,97,0.0120508,-6.53127,2.46019,-3.98506,-4.17242,0.596224,2.33064,13.1673,1.41212,97,0.00806473,-6.55963,2.46405,-3.98231,-4.19646,0.608012,2.29673,12.8925,1.39947,97,0.00427282,0.180435,0.238424,0.351608,0.572716,0.159217,1.20884,1.85369,0.148286,0,0.0119839,NBA,2,Omicron,-1,No record,0,G_NBA,G_0
1367_1,-6.50986,2.55355,-3.90872,-3.56819,0.798247,2.3923,12.8069,1.48323,97,0.00622346,-6.5482,2.61246,-3.92428,-3.47922,0.798853,2.36701,13.1542,1.48723,97,0.0109465,-6.59185,2.53894,-3.96406,-3.64154,0.800709,2.21402,10.927,1.52579,97,0.00382636,0.142139,0.18227,0.431443,0.501713,0.219882,1.30847,6.33967,0.15331,0,0.025324,NBA,2,Omicron,-1,No record,0,G_NBA,G_0
1786_1,-6.51222,2.47869,-4.09971,-4.52601,0.724181,3.4358,9.93199,1.48506,97,0.00937131,-6.53663,2.49109,-3.92597,-4.53563,0.718074,2.5389,10.0078,1.53472,97,0.00862697,-6.56032,2.45614,-3.9658,-4.43138,0.681448,2.39536,9.42263,1.50029,97,0.00340774,0.166323,0.186987,0.342638,0.785351,0.274337,1.23304,5.25875,0.189675,0,0.0135784,NBA,2,Omicron,-1,No record,0,G_NBA,G_0
2276_2,-6.76734,2.06543,-3.92184,-6.17404,0.763912,2.50013,6.83343,1.47867,97,0.00892942,-6.79147,2.0712,-3.89345,-6.50602,0.864967,2.8172,7.5316,1.50296,97,0.00675787,-6.77813,2.03186,-3.93553,-6.24612,0.784093,2.67352,7.10915,1.51078,97,0.00358706,0.149165,0.166926,0.388215,0.736715,0.374852,1.32102,2.14193,0.158769,0,0.00934343,NBA,2,Omicron,-1,No record,0,G_NBA,G_0
1575_1,-6.63312,2.31115,-3.89895,-5.65435,0.718119,2.2314,15.5961,1.47766,97,0.0096804,-6.57804,2.24496,-4.04311,-5.99692,0.788649,2.11752,15.3973,1.45064,97,0.0105056,-6.64279,2.28624,-3.98312,-5.69518,0.817617,2.27892,11.0779,1.49147,97,0.00436932,0.166988,0.194563,0.398786,0.719696,0.148094,1.09833,6.40192,0.171797,0,0.0182541,NBA,3,Omicron,3,Boosted,0,G_NBA,G_0
2287_1,-6.81444,1.98632,-3.97467,-4.52094,0.597812,2.06673,15.9398,1.42287,97,0.0089457,-6.84826,1.97388,-4.01344,-4.99582,0.742641,2.22699,15.2042,1.44715,97,0.00801164,-6.83669,2.04311,-3.96318,-4.25043,0.514338,2.12425,10.8545,1.43698,97,0.00441903,0.156844,0.184796,0.44172,1.17804,0.479764,1.20508,7.98304,0.152403,0,0.0110559,NBA,1,Omicron,3,Boosted,0,G_NBA,G_0
2410_1,-6.76878,2.00457,-3.89914,-5.44611,0.577929,2.15212,8.73647,1.48087,97,0.0141361,-6.73569,2.02054,-4.04251,-5.95538,0.787333,2.24768,9.8586,1.45126,97,0.0160014,-6.77359,2.04873,-3.95089,-5.53977,0.773744,2.52206,9.97342,1.4574,97,0.00385896,0.15555,0.18258,0.384176,0.808375,0.272243,1.00768,2.9368,0.184849,0,0.0306756,NBA,2,Omicron,3,Boosted,0,G_NBA,G_0
604_1,-6.54153,2.46058,-3.82475,-4.91992,0.499881,2.48664,16.3758,1.39733,97,0.0181855,-6.44312,2.37828,-4.07577,-5.16021,0.503795,2.37887,13.5218,1.37979,97,0.0135485,-6.5387,2.41663,-3.97205,-5.02236,0.510572,2.13072,10.5318,1.40997,97,0.0035943,0.145262,0.192445,0.424065,0.726413,0.139062,1.33019,5.3237,0.131786,0,0.0283052,NBA,1,Omicron,-1,No record,0,G_NBA,G_0
2499_1,-6.52365,2.60247,-3.97566,-6.04821,1.75673,3.1479,7.58975,1.47674,97,0.00552659,-6.51641,2.63216,-3.94658,-5.62715,1.55036,3.09676,6.17628,1.4839,97,0.0113003,-6.55159,2.57559,-3.9079,-5.60511,1.51621,3.00681,4.09433,1.498,97,0.00376626,0.163225,0.238612,0.36909,0.88229,0.520491,1.5484,5.06014,0.148876,0,0.0238966,NBA,1,Omicron,-1,No record,0,G_NBA,G_0
469_1,-6.69374,2.05554,-4.02529,-6.15504,0.742517,2.22216,13.1107,1.44141,97,0.00812308,-6.73408,2.09811,-3.97853,-6.27467,0.804747,2.5711,14.8755,1.45855,97,0.0099167,-6.73575,2.09204,-3.93856,-6.06686,0.769205,2.27476,9.52433,1.48435,97,0.00370282,0.172871,0.164537,0.386888,0.780664,0.242727,1.60805,7.31852,0.16167,0,0.0168982,NBA,1,Omicron,-1,No record,0,G_NBA,G_0
1131_1,-6.56652,2.0397,-3.99211,-6.19674,0.524867,1.63162,10.1759,1.44325,97,0.0110767,-6.67047,2.1843,-3.99396,-6.12854,0.609972,2.10497,11.3189,1.40205,97,0.0134466,-6.68038,2.17835,-3.95312,-5.98507,0.580488,1.93095,8.16931,1.42107,97,0.00383741,0.17402,0.190472,0.403156,0.706829,0.177441,1.24209,5.16132,0.169403,0,0.0388133,NBA,1,Omicron,3,Boosted,0,G_NBA,G_0
2334_1,-6.8412,1.86143,-3.9258,-6.34472,1.21644,2.30938,11.7802,1.50865,97,0.0092839,-6.79356,1.80821,-3.90624,-5.71141,0.855765,2.04475,9.75512,1.49154,97,0.0178855,-6.90255,1.86863,-3.94452,-5.16663,0.733646,1.81554,8.44552,1.47262,97,0.00379479,0.151479,0.173805,0.421771,1.09283,0.43871,0.936567,5.1981,0.201367,0,0.0472271,NBA,3,Omicron,3,Boosted,0,G_NBA,G_0
2361_1,-6.61489,2.18035,-3.98523,-4.93369,0.666335,2.57229,13.4359,1.41716,97,0.0111303,-6.63484,2.16725,-4.01107,-4.92337,0.68882,2.62788,13.173,1.45412,97,0.00937082,-6.69534,2.21416,-3.97808,-4.60677,0.602332,2.36016,10.6809,1.45352,97,0.00360826,0.191364,0.244057,0.45556,1.08854,0.342404,1.44957,6.22258,0.159683,0,0.0212437,NBA,2,Omicron,-1,No record,0,G_NBA,G_0
2330_1,-6.60784,2.3665,-3.86797,-4.38301,0.628078,2.62641,6.78362,1.36441,97,0.00806669,-6.60591,2.31851,-3.96335,-4.39572,0.567147,3.22331,7.04167,1.40606,97,0.01088,-6.6236,2.30538,-3.95896,-4.27117,0.497789,2.59312,7.19644,1.40894,97,0.00361523,0.172292,0.206834,0.385458,0.724102,0.237801,2.05777,1.13068,0.167421,0,0.0297753,NBA,1,Omicron,2,Second dose,0,G_NBA,G_0
770_1,-6.60948,2.19106,-3.92677,-5.32688,0.64516,3.20348,9.31829,1.44874,97,0.00608953,-6.63852,2.26787,-4.05386,-5.16829,0.674488,2.70778,9.26312,1.45512,97,0.0117594,-6.65315,2.2734,-3.98099,-5.10825,0.741137,3.18409,9.9326,1.44454,97,0.00362802,0.160178,0.265499,0.37216,0.742655,0.223845,1.59064,1.32352,0.174751,0,0.0217266,NBA,2,Omicron,3,Boosted,0,G_NBA,G_0
2121_1,-6.61051,2.38974,-3.99834,-3.63155,0.679353,2.31355,12.4193,1.46412,97,0.00896413,-6.64779,2.40813,-3.95475,-3.5353,0.616104,2.45615,11.9352,1.50998,97,0.0110437,-6.66667,2.35126,-3.96485,-3.62442,0.582516,2.15312,10.5491,1.4678,97,0.00380009,0.165431,0.243702,0.378319,0.613051,0.271373,1.39617,6.04339,0.146136,0,0.0168811,NBA,2,Omicron,-1,No record,0,G_NBA,G_0
3042_1,-6.55245,2.66464,-3.99616,-5.4692,0.795835,2.23824,13.6894,1.54161,97,0.0103337,-6.5331,2.6458,-4.06955,-5.51995,0.787585,2.23066,13.8684,1.51122,97,0.00699558,-6.55781,2.60061,-3.98095,-5.7075,0.884427,2.24782,10.7819,1.48169,97,0.00370893,0.197762,0.213817,0.438646,0.610581,0.138321,1.0096,5.99021,0.168936,0,0.017242,NBA,2,Omicron,-1,No record,0,G_NBA,G_0
223_1,-6.68621,2.31682,-4.0124,-3.492,0.575019,2.51674,17.5283,1.44968,97,0.0102977,-6.72984,2.25036,-3.95776,-4.0073,0.712344,2.38065,13.9103,1.4452,97,0.0104701,-6.75045,2.22005,-3.97644,-3.94721,0.691292,2.32292,10.6583,1.45072,97,0.00379578,0.158174,0.22338,0.35182,0.881514,0.319618,1.03149,6.15486,0.182747,0,0.0170817,NBA,2,Omicron,-1,No record,0,G_NBA,G_0
1888_1,-6.65246,2.36952,-3.92053,-4.64346,1.18466,2.60796,8.26193,1.50433,97,0.0137749,-6.60533,2.30316,-4.00452,-4.93565,1.17742,2.14994,8.23436,1.51807,97,0.00977968,-6.68707,2.36607,-3.93693,-4.49861,1.02133,2.39427,5.72361,1.47788,97,0.00358606,0.144499,0.18621,0.434236,1.02702,0.547347,1.0332,5.87993,0.202229,0,0.0155431,NBA,3,Omicron,3,Boosted,0,G_NBA,G_0
2300_1,-6.59147,2.20529,-3.94778,-5.29886,0.65114,2.00485,11.3433,1.48547,97,0.00476221,-6.63338,2.27473,-3.94981,-5.14154,0.640458,2.33311,11.9966,1.46002,97,0.0111765,-6.63917,2.27399,-3.97228,-5.07938,0.681388,2.23732,11.6234,1.46528,97,0.00379776,0.157424,0.178467,0.392061,0.711963,0.196107,1.32012,3.94902,0.183557,0,0.0210903,NBA,3,Delta,2,Second dose,0,G_NBA,G_0
1991_1,-6.50739,2.46976,-3.99083,-5.42933,0.960013,2.07351,9.05627,1.5721,97,0.00605366,-6.52987,2.53048,-3.95251,-4.81915,0.813563,2.46998,9.35212,1.53548,97,0.0115571,-6.54985,2.46703,-3.94531,-4.83756,0.75248,2.25187,7.43149,1.51171,97,0.00360831,0.167991,0.217032,0.417676,0.780627,0.296897,1.17263,6.63087,0.152584,0,0.0194248,NBA,3,Omicron,3,Boosted,0,G_NBA,G_0
958_1,-6.95391,1.76304,-3.82934,-6.85111,0.819175,2.19898,15.6212,1.49547,97,0.0164698,-6.88996,1.69958,-4.0416,-7.10467,0.79359,1.82473,14.1497,1.49481,97,0.0137629,-6.90309,1.69608,-3.98522,-6.47222,0.707429,1.67933,11.786,1.50571,97,0.00358729,0.131788,0.130495,0.401018,0.954725,0.347576,1.01857,6.23184,0.170161,0,0.0590914,NBA,3,Omicron,3,Boosted,0,G_NBA,G_0
1849_1,-6.48605,2.56529,-3.93428,-4.2528,0.832995,2.4594,15.947,1.53181,97,0.00830052,-6.53914,2.59284,-4.02822,-4.38785,0.895499,2.50636,14.1323,1.53812,97,0.011491,-6.55875,2.54016,-3.96937,-4.25433,0.85243,2.29664,10.7041,1.52519,97,0.00359453,0.174896,0.201457,0.374781,0.711969,0.230497,1.28333,5.39073,0.207453,0,0.0213427,NBA,1,Omicron,-1,No record,0,G_NBA,G_0
2971_1,-6.71696,2.22736,-3.99876,-6.10817,0.86771,2.00265,11.5275,1.50815,97,0.00762709,-6.68419,2.21355,-3.95925,-6.12781,0.8154,2.17094,11.3759,1.48709,97,0.00905917,-6.71411,2.19802,-3.96528,-6.11567,0.956789,2.15204,10.5563,1.46841,97,0.0037988,0.146085,0.192549,0.424891,0.791296,0.265623,1.11639,6.79984,0.17823,0,0.0143419,NBA,1,Omicron,-1,No record,0,G_NBA,G_0
921_1,-6.75788,2.0607,-4.06043,-5.93983,0.614605,2.3772,13.7337,1.43581,97,0.0082437,-6.66494,1.98389,-3.99143,-5.93886,0.618402,2.3855,14.2722,1.40494,97,0.0141916,-6.77048,2.09004,-3.97229,-5.83374,0.703163,2.33707,10.5379,1.40113,97,0.00329034,0.176728,0.17658,0.424595,0.931749,0.187634,1.19935,5.53999,0.182118,0,0.0403553,NBA,1,Delta,2,Second dose,0,G_NBA,G_0
2571_1,-6.60972,2.61794,-3.89581,-3.98896,1.36197,1.98075,12.411,1.52844,97,0.0126893,-6.58527,2.63841,-3.91368,-4.19035,1.51572,2.37632,13.1224,1.51296,97,0.00714241,-6.61802,2.5742,-3.95791,-4.17285,1.51437,2.06618,10.5684,1.48461,97,0.00375306,0.158356,0.24169,0.365464,0.844885,0.384231,1.38767,7.367,0.170341,0,0.0131142,NBA,1,Omicron,3,Boosted,0,G_NBA,G_0
942_2,-6.69244,2.24118,-4.04919,-4.4634,1.40468,2.31609,9.84452,1.38753,97,0.00710331,-6.73356,2.25039,-3.91564,-4.54706,1.46545,2.96829,10.1915,1.46196,97,0.00871055,-6.782,2.26262,-3.97491,-4.46333,1.61027,2.00264,8.58606,1.41821,97,0.00395866,0.170993,0.200344,0.352966,0.937946,0.599318,1.44115,6.61463,0.181262,0,0.0141556,NBA,2,Omicron,-1,No record,0,G_NBA,G_0
308_1,-6.61567,2.17085,-3.9592,-6.69016,1.23168,2.51689,5.85158,1.37326,97,0.00750636,-6.68205,2.24261,-3.93359,-6.5101,1.5585,2.38834,8.54456,1.36679,97,0.0106505,-6.6829,2.25545,-3.9136,-6.0906,1.38554,2.3217,5.84242,1.34691,97,0.00382056,0.168336,0.172654,0.405173,0.89098,0.752888,1.05452,7.55102,0.163601,0,0.0179328,NBA,1,Delta,2,Second dose,0,G_NBA,G_0
445_1,-6.80506,1.95025,-3.91398,-4.99733,0.402399,2.36452,18.9121,1.45091,97,0.0141685,-6.79465,1.96065,-4.02733,-4.90817,0.358666,2.43235,16.7633,1.42701,97,0.00780148,-6.79456,1.95078,-3.97771,-4.88724,0.365754,2.18393,11.9834,1.4438,97,0.00312972,0.161975,0.159287,0.382323,0.444754,0.125599,1.38473,4.88305,0.190149,0,0.0118786,NBA,1,Omicron,3,Boosted,0,G_NBA,G_0
1042_1,-6.62556,2.24884,-3.89214,-4.50418,0.484225,2.33017,15.7235,1.49374,97,0.00864136,-6.63285,2.33207,-4.05708,-4.37146,0.473919,2.29498,15.41,1.51499,97,0.0119466,-6.65209,2.25691,-3.95657,-4.52297,0.482512,2.24463,11.2121,1.45414,97,0.00385399,0.194168,0.235181,0.387278,0.68935,0.140872,1.21088,4.69705,0.152808,0,0.0170781,NBA,3,Omicron,3,Boosted,0,G_NBA,G_0
2154_2,-6.77215,2.04604,-3.9567,-5.3879,0.851393,2.31006,13.9665,1.57781,97,0.00637289,-6.76815,2.15797,-4.00491,-4.97132,0.757533,2.13758,16.4713,1.45044,97,0.013402,-6.81452,2.01585,-3.97514,-5.59833,1.00918,2.12081,11.0071,1.49083,97,0.0037449,0.177547,0.198839,0.379719,1.05786,0.343042,1.25411,6.08576,0.134673,0,0.0335457,NBA,1,Omicron,-1,No record,0,G_NBA,G_0
224_1,-6.68234,2.14975,-3.9859,-3.27744,0.339053,2.25316,16.3923,1.46536,97,0.0180829,-6.85564,2.00897,-3.92858,-4.19685,0.526215,2.40416,13.5882,1.47547,97,0.0105649,-6.8389,1.98891,-3.95853,-3.94517,0.433964,2.23951,10.4242,1.45968,97,0.00395502,0.153337,0.194739,0.349346,0.926226,0.281,1.24017,6.31216,0.159035,0,0.0186632,NBA,2,Omicron,3,Boosted,0,G_NBA,G_0
923_2,-6.7866,2.12936,-3.97001,-5.26661,1.12958,2.36962,6.83873,1.39246,97,0.00816958,-6.77409,2.09202,-3.91908,-5.61036,1.4556,2.31637,9.67631,1.43441,97,0.0114388,-6.81134,2.15346,-3.93371,-4.91462,1.31704,2.3742,6.95508,1.37416,97,0.00412705,0.197172,0.224855,0.357323,1.00936,0.582844,1.00936,8.45362,0.167094,0,0.0203804,NBA,1,Omicron,-1,No record,0,G_NBA,G_0
2365_1,-6.53651,2.56062,-3.96176,-4.35806,1.10035,2.85149,7.53628,1.547,97,0.020768,-6.52512,2.60575,-3.98909,-4.85397,1.44112,3.20887,11.0785,1.54011,97,0.00765631,-6.56791,2.59291,-3.98129,-4.79119,1.62042,2.1519,10.5797,1.51037,97,0.00379861,0.195008,0.233486,0.347522,0.960993,0.422606,1.71473,8.34507,0.167913,0,0.0121103,NBA,2,Delta,2,Second dose,0,G_NBA,G_0
2425_1,-6.6724,2.41949,-3.82074,-3.19296,0.610708,2.16763,15.5953,1.48345,97,0.0133454,-6.65755,2.34503,-3.88243,-3.29593,0.568319,2.14789,14.6628,1.46674,97,0.0161903,-6.67562,2.38745,-3.9658,-3.32236,0.632709,2.15199,10.5577,1.47168,97,0.00379906,0.226635,0.233058,0.402481,0.512567,0.199509,1.00104,8.57717,0.178724,0,0.0312685,NBA,2,Omicron,3,Boosted,0,G_NBA,G_0
551_1,-6.66988,2.19675,-3.87291,-4.30395,0.670338,2.61944,10.5659,1.44505,97,0.00757795,-6.68597,2.20355,-4.00631,-4.42611,0.743049,2.46182,12.9861,1.44303,97,0.00657033,-6.74042,2.19032,-3.96147,-4.26304,0.628139,2.26396,10.6214,1.44692,97,0.00385115,0.156477,0.173672,0.384987,0.718443,0.39642,1.22884,6.85475,0.178579,0,0.00952211,NBA,3,Omicron,-1,No record,0,G_NBA,G_0
702_1,-6.61461,2.17711,-3.92253,-5.54702,0.59129,2.05756,14.6618,1.47683,97,0.0100754,-6.65696,2.21582,-3.96077,-5.56651,0.576642,2.50121,14.3666,1.46842,97,0.0108676,-6.70663,2.1453,-3.96817,-5.5294,0.581568,2.37864,11.0389,1.45876,97,0.00353999,0.199324,0.218901,0.388689,0.957696,0.189088,1.15997,5.49341,0.195577,0,0.0209798,NBA,3,Omicron,-1,No record,0,G_NBA,G_0
226_1,-6.68268,2.30688,-3.98448,-3.14891,0.343243,2.5438,15.0884,1.41702,97,0.0111376,-6.6945,2.29227,-4.11669,-3.1421,0.320015,2.44381,16.7262,1.42195,97,0.0164777,-6.69289,2.20939,-3.97842,-3.27945,0.312288,2.20737,10.79,1.43135,97,0.0034475,0.168575,0.193212,0.421536,0.472084,0.114717,1.2001,6.14694,0.181807,0,0.0456258,NBA,2,Omicron,3,Boosted,0,G_NBA,G_0
3023_1,-6.7691,2.31857,-3.91113,-4.1092,0.977077,2.30601,13.5082,1.38972,97,0.0126262,-6.70044,2.22343,-4.03239,-4.17782,0.938625,2.27417,11.4695,1.37182,97,0.00990469,-6.76413,2.25343,-3.97225,-4.12118,0.938475,2.25607,10.7146,1.40929,97,0.00380541,0.162826,0.17224,0.40329,0.68874,0.483368,1.42968,6.42032,0.134924,0,0.0160957,NBA,3,Delta,2,Second dose,0,G_NBA,G_0
2514_1,-6.7153,2.09908,-4.04676,-5.51181,0.480462,3.13104,15.0188,1.43631,97,0.00811411,-6.65968,2.07659,-4.04238,-5.67744,0.51979,2.30005,14.2104,1.4156,97,0.0117674,-6.69765,2.0826,-3.94889,-5.62893,0.542664,2.15449,9.64329,1.43209,97,0.00375176,0.161963,0.174682,0.410516,0.73771,0.155757,1.12877,5.01236,0.184433,0,0.022199,NBA,3,Omicron,3,Boosted,0,G_NBA,G_0
975_1,-6.4612,2.46669,-3.90336,-4.77642,0.824294,2.31639,10.3869,1.5303,97,0.00835202,-6.50819,2.53475,-3.88597,-4.79607,0.861819,2.56483,10.386,1.49813,97,0.00738243,-6.56488,2.47332,-3.96768,-4.61189,0.816085,2.43459,8.97976,1.51762,97,0.00335308,0.177391,0.205122,0.404775,0.935426,0.259419,1.14125,3.84211,0.187551,0,0.0104598,NBA,2,Omicron,3,Boosted,0,G_NBA,G_0
2216_1,-6.63634,2.53334,-3.89638,-3.11766,0.840573,3.28937,4.62179,1.48038,97,0.00814157,-6.72068,2.44428,-3.83542,-3.35596,0.875494,3.17087,5.88598,1.53008,97,0.0126993,-6.7346,2.30367,-3.87412,-3.67533,0.744943,3.23929,3.49878,1.45857,97,0.00372093,0.176116,0.225513,0.362708,0.571309,0.487499,1.61531,6.65188,0.185574,0,0.0233138,NBA,1,Omicron,2,Second dose,0,G_NBA,G_0
2727_1,-6.58685,2.21073,-3.9209,-5.13147,0.539479,2.6452,17.0468,1.49322,97,0.0099256,-6.54664,2.18779,-4.07132,-5.11608,0.493755,2.34165,14.4589,1.46876,97,0.00926511,-6.62188,2.26263,-3.96083,-4.8304,0.501402,2.16769,10.5744,1.46987,97,0.00378344,0.174831,0.200669,0.412408,0.89649,0.19192,1.19405,5.36037,0.153438,0,0.0191405,NBA,unknown,Omicron,2,Second dose,0,G_NBA,G_0
986_1,-6.55127,2.42338,-3.97931,-4.57167,0.694408,2.53272,8.47355,1.50034,97,0.0110932,-6.53804,2.3672,-3.93489,-4.88211,0.746966,2.6495,8.25374,1.49066,97,0.0109966,-6.58939,2.38063,-3.97892,-4.75763,0.752781,2.7621,8.46315,1.47021,97,0.00383043,0.15646,0.205727,0.399603,0.971418,0.241153,1.4824,1.45993,0.182825,0,0.0482339,NBA,2,Omicron,-1,No record,0,G_NBA,G_0
2605_1,-6.53203,2.41674,-3.84047,-4.20906,0.687472,2.77367,13.4855,1.51047,97,0.0140074,-6.57496,2.44328,-3.99288,-4.29771,0.685758,2.31004,15.4298,1.52694,97,0.00882834,-6.60821,2.41518,-3.96275,-4.25887,0.705522,2.15286,10.5423,1.48734,97,0.00380313,0.166159,0.19925,0.415355,0.822873,0.251753,1.28616,6.14595,0.180236,0,0.0146125,NBA,1,Omicron,2,Second dose,0,G_NBA,G_0
785_1,-6.58527,2.51595,-3.91646,-3.277,0.86104,2.11039,14.5621,1.4905,97,0.00791217,-6.62427,2.51951,-3.99787,-3.11558,0.777554,2.39505,15.0087,1.49775,97,0.0147411,-6.67051,2.46221,-3.94545,-3.22212,0.752969,2.22382,10.0004,1.48531,97,0.0037155,0.195157,0.246773,0.359328,0.496613,0.149771,1.35742,6.39027,0.171037,0,0.0603132,NBA,2,Delta,2,Second dose,0,G_NBA,G_0
1913_1,-6.69572,2.14779,-3.98768,-6.1319,0.630258,2.77711,13.4546,1.39098,97,0.00586654,-6.7117,2.12616,-3.98013,-6.21521,0.61082,2.20342,15.2827,1.43038,97,0.00937596,-6.71441,2.10992,-3.96219,-6.07888,0.59776,2.07651,10.3443,1.44043,97,0.00320351,0.129066,0.13453,0.408013,0.672151,0.132135,1.05881,5.98996,0.146645,0,0.0166285,NBA,2,Omicron,3,Boosted,0,G_NBA,G_0
384_1,-6.81202,2.09845,-3.91034,-6.38284,1.24438,3.26339,6.42097,1.45375,97,0.0101583,-6.80088,2.04294,-3.92025,-6.14678,0.854138,3.85154,5.48219,1.49936,97,0.00870072,-6.78311,1.98458,-3.92025,-6.16477,0.777469,4.23919,5.60863,1.47497,97,0.00393831,0.160668,0.176048,0.377965,0.820992,0.35657,1.6069,0.504936,0.156728,0,0.0192023,NBA,1,Omicron,3,Boosted,0,G_NBA,G_0
283_1,-6.64295,2.20317,-3.90955,-4.41272,0.554223,3.74709,5.82439,1.42101,97,0.0104883,-6.68198,2.24258,-3.97607,-5.08812,1.02804,2.93871,7.33291,1.44919,97,0.0161655,-6.67111,2.24595,-3.93654,-4.78039,0.890301,2.71133,6.00061,1.40228,97,0.00386349,0.203176,0.223131,0.429604,0.810961,0.452254,1.33088,3.65279,0.16621,0,0.0419936,NBA,1,Omicron,2,Second dose,0,G_NBA,G_0
1676_1,-6.43104,2.45318,-3.99214,-5.40958,0.782944,2.40434,16.2784,1.53585,97,0.0170489,-6.49173,2.5657,-4.12392,-5.15495,0.81672,2.37962,15.7704,1.55023,97,0.0155934,-6.51303,2.5171,-3.97503,-5.13214,0.793299,2.12476,10.7154,1.50774,97,0.00421997,0.182539,0.232113,0.458596,0.776943,0.235151,1.22186,13.3477,0.193498,0,0.0470749,NBA,3,Omicron,3,Boosted,0,G_NBA,G_0
2868_1,-6.71986,2.09882,-3.92381,-5.69417,0.783508,2.46504,12.3105,1.45973,97,0.013305,-6.63353,2.00059,-3.99054,-6.05387,0.786158,2.5345,14.7348,1.45601,97,0.00670949,-6.73138,2.07456,-3.98176,-5.55447,0.73557,2.36298,9.15444,1.45145,97,0.00391211,0.160752,0.175106,0.425321,0.961978,0.268451,1.39891,7.1942,0.198014,0,0.0109635,NBA,2,Delta,2,Second dose,0,G_NBA,G_0
718_1,-6.6039,1.94628,-3.9946,-5.32559,0.374603,1.95704,14.2624,1.43056,97,0.00990041,-6.65267,2.01012,-3.93681,-5.13168,0.351837,2.93342,14.3563,1.47567,97,0.00629501,-6.66073,2.09979,-3.9681,-4.86791,0.309745,2.63427,9.47737,1.46186,97,0.00303159,0.194175,0.220213,0.394877,0.609036,0.125394,1.59103,5.30582,0.160746,0,0.00969984,NBA,1,Omicron,2,Second dose,0,G_NBA,G_0
2293_1,-6.5794,2.36004,-3.90076,-3.55976,0.751546,2.6668,6.1932,1.53208,97,0.00850556,-6.56536,2.45879,-3.87315,-3.26767,0.737826,3.08857,6.35349,1.46768,97,0.0140029,-6.6503,2.43944,-3.90795,-3.38904,0.672414,2.80622,5.16919,1.4697,97,0.00441374,0.163447,0.206553,0.375349,0.511656,0.311779,1.5428,2.85406,0.178379,0,0.0312049,NBA,1,Omicron,2,Second dose,0,G_NBA,G_0
2944_1,-6.6286,2.35923,-3.90597,-4.94574,0.771427,2.45556,10.7246,1.49417,97,0.0087421,-6.62736,2.37224,-3.92226,-4.67558,0.63498,2.21062,11.9222,1.47795,97,0.00978738,-6.62883,2.334,-3.97878,-4.61514,0.677328,2.19986,10.7045,1.48116,97,0.00353969,0.16963,0.210875,0.388418,0.891131,0.214678,1.32323,5.39299,0.176334,0,0.0155925,NBA,2,Omicron,3,Boosted,0,G_NBA,G_0
2417_1,-6.88419,1.88822,-3.92326,-6.58654,1.08759,2.06577,6.67567,1.4324,97,0.00748953,-6.81392,1.82752,-3.89802,-6.53254,1.29369,2.36365,7.71213,1.43113,97,0.0115376,-6.83297,1.81956,-3.91321,-5.91999,1.01109,2.22535,6.76959,1.44562,97,0.00313559,0.140925,0.205513,0.407382,0.92225,0.91615,1.09222,5.61649,0.170232,0,0.0232436,NBA,1,Omicron,2,Second dose,0,G_NBA,G_0
2262_1,-6.72745,2.28639,-4.00813,-4.01203,0.611683,2.13673,6.27272,1.40298,97,0.00730992,-6.70091,2.1843,-3.91488,-4.6222,0.986838,2.43236,9.06237,1.42694,97,0.00713175,-6.74097,2.26596,-3.93271,-4.31038,0.892882,2.27027,7.13133,1.43001,97,0.00276473,0.133853,0.194409,0.432232,0.875661,0.407468,1.15026,4.15976,0.191995,0,0.0117147,NBA,1,Omicron,2,Second dose,0,G_NBA,G_0
2746_1,-6.67563,2.08771,-3.83222,-6.11259,0.558657,2.47775,13.7551,1.48267,97,0.00732139,-6.6997,2.16641,-3.90643,-6.00324,0.526009,2.49675,13.2323,1.41962,97,0.00882167,-6.68179,2.09364,-3.93389,-5.84655,0.441029,1.91721,8.98391,1.45981,97,0.00437392,0.213062,0.206875,0.403027,0.742518,0.146952,1.36124,6.42608,0.167248,0,0.0249367,NBA,2,Omicron,3,Boosted,0,G_NBA,G_0
251_1,-6.8665,2.17039,-3.96723,-4.63981,1.08259,2.42181,14.2704,1.47989,97,0.00790309,-6.76073,2.08428,-4.05015,-4.61688,1.03147,2.4273,13.6916,1.39981,97,0.00986175,-6.83094,2.11634,-3.95592,-4.44156,0.961272,2.12432,9.95053,1.40621,97,0.00379173,0.167399,0.200355,0.354405,0.591122,0.340988,1.58385,7.86708,0.182673,0,0.0167807,NBA,1,Omicron,2,Second dose,0,G_NBA,G_0
2631_1,-6.69165,2.32109,-4.0099,-4.46868,1.15855,3.00327,9.63661,1.48963,97,0.00658597,-6.67411,2.40174,-3.9401,-3.93598,0.916131,2.87392,7.45295,1.48673,97,0.006517,-6.71256,2.30149,-3.93906,-3.97858,0.768319,2.72267,5.52875,1.46631,97,0.00312448,0.16488,0.261302,0.425173,0.945472,0.517196,1.43346,4.59442,0.157379,0,0.00692069,NBA,1,Omicron,2,Second dose,0,G_NBA,G_0
228_1,-6.68791,2.0993,-3.95906,-6.27081,0.909821,2.08482,14.0912,1.40974,97,0.00599363,-6.72095,2.13204,-3.94338,-5.68477,0.819088,2.15145,13.4964,1.44374,97,0.0113287,-6.73014,2.1348,-3.97657,-5.64792,0.911956,2.2568,10.4291,1.40795,97,0.00405869,0.164639,0.202513,0.404553,0.902884,0.272995,1.16668,5.9539,0.165158,0,0.0269107,NBA,1,Omicron,2,Second dose,0,G_NBA,G_0
3030_1,-6.68081,2.26609,-3.99163,-5.39241,0.57061,3.85048,5.88263,1.43867,97,0.00797577,-6.59705,2.21129,-4.0363,-5.32961,0.519953,4.44788,6.06938,1.44942,97,0.0112183,-6.62893,2.23961,-3.93456,-5.11587,0.490862,3.9812,5.96866,1.43488,97,0.00340059,0.174423,0.185811,0.344559,0.585044,0.179308,1.45592,0.335863,0.142701,0,0.0203507,NBA,1,Omicron,2,Second dose,0,G_NBA,G_0
2513_1,-6.57712,2.50869,-4.07718,-4.72746,0.936916,2.41133,10.8056,1.54195,97,0.0279583,-6.53283,2.57382,-3.9372,-5.22281,1.28374,2.23328,12.5922,1.49785,97,0.012715,-6.57311,2.50882,-3.96651,-5.11315,1.23726,2.15538,10.6608,1.49684,97,0.00381862,0.169665,0.246605,0.350274,0.936565,0.396264,1.04041,7.75838,0.169049,0,0.0205696,NBA,1,Omicron,3,Boosted,0,G_NBA,G_0
2719_1,-6.48942,2.60356,-4.05229,-5.36245,1.08526,2.63491,14.8388,1.55283,97,0.00723321,-6.47563,2.62307,-3.92077,-5.32578,1.11153,2.2845,13.5602,1.55241,97,0.0117898,-6.51144,2.56858,-3.96747,-5.13038,1.07669,2.04934,10.6316,1.52946,97,0.00393783,0.181368,0.21823,0.416246,0.828639,0.271024,1.23112,6.83853,0.191088,0,0.0199767,NBA,2,Omicron,3,Boosted,0,G_NBA,G_0
2732_1,-6.59365,2.37145,-4.04094,-5.70444,1.06487,2.92054,7.81038,1.50372,97,0.0102649,-6.56563,2.42552,-3.87691,-5.45549,0.914307,2.85684,6.10882,1.48647,97,0.00943414,-6.60202,2.37889,-3.92055,-5.36013,0.860496,2.65997,5.69991,1.48369,97,0.00362347,0.190553,0.22299,0.394077,0.880519,0.310415,1.44113,1.99854,0.166233,0,0.0150235,NBA,1,Omicron,2,Second dose,0,G_NBA,G_0
2186_1,-6.64668,2.01177,-3.95655,-4.774,0.558732,1.65554,8.44499,1.50573,97,0.0111976,-6.69148,2.1595,-3.95111,-4.46787,0.625491,1.48946,11.2305,1.41148,97,0.0100121,-6.66633,2.18605,-3.92693,-3.81219,0.33745,1.28639,7.38674,1.42971,97,0.00345336,0.199651,0.2154,0.403227,1.1384,0.43321,0.842596,8.66277,0.16526,0,0.0201648,NBA,1,Omicron,2,Second dose,0,G_NBA,G_0
178_1,-6.65515,2.19605,-3.93049,-4.19895,0.525551,2.33547,14.5277,1.41594,97,0.0124173,-6.71959,2.21156,-3.912,-4.41419,0.596258,2.10022,16.3086,1.47705,97,0.00838461,-6.69247,2.23271,-3.96524,-4.14334,0.521447,2.1707,10.5736,1.42149,97,0.00377805,0.171677,0.20953,0.381871,0.713463,0.215164,0.866699,6.55029,0.174912,0,0.018056,NBA,1,Omicron,3,Boosted,0,G_NBA,G_0
2120_1,-6.7467,1.96703,-4.04433,-6.2494,0.805144,2.03189,14.2305,1.43955,97,0.0140366,-6.81654,2.04395,-3.96487,-6.30675,0.910399,2.38071,15.12,1.43587,97,0.00704906,-6.82202,2.0246,-3.97852,-6.04885,0.885627,2.15712,11.1132,1.43202,97,0.00411808,0.169147,0.161007,0.422948,0.896903,0.230873,1.46828,5.11456,0.209007,0,0.0115511,NBA,1,Omicron,3,Boosted,0,G_NBA,G_0
2763_1,-6.6319,2.29238,-3.98937,-6.16554,0.850471,2.00958,13.0664,1.44848,97,0.00932936,-6.58725,2.25926,-3.98653,-6.14071,0.800771,2.30242,12.2081,1.45549,97,0.00840854,-6.68295,2.2217,-3.88124,-6.04361,0.809877,2.19867,8.66067,1.46861,97,0.00314633,0.164057,0.217042,0.403,0.813162,0.228773,1.68237,5.80803,0.158842,0,0.014723,NBA,1,Omicron,3,Boosted,0,G_NBA,G_0
2083_1,-6.79303,2.13421,-4.0877,-5.84625,0.534675,3.34503,7.52498,1.52588,97,0.00434749,-6.75594,2.11608,-3.96642,-6.179,0.624676,3.25799,7.67012,1.45201,97,0.0161338,-6.72519,2.0854,-3.9455,-6.10267,0.576189,3.02501,7.4974,1.43874,97,0.00388345,0.147995,0.148617,0.417762,0.635249,0.191512,1.09892,0.621697,0.172867,0,0.032752,NBA,1,Delta,2,Second dose,0,G_NBA,G_0
232_1,-6.75929,2.12779,-3.85329,-3.78556,0.515556,3.71454,3.11436,1.42325,97,0.00604993,-6.73513,2.12585,-3.79634,-3.95037,0.677218,3.90867,3.08862,1.4328,97,0.00688464,-6.77219,2.12186,-3.84838,-3.87913,0.569143,3.71205,2.98466,1.41772,97,0.00354149,0.16271,0.155754,0.344659,0.609256,0.44064,1.89892,0.720882,0.153689,0,0.0151537,NBA,1,Omicron,3,Boosted,0,G_NBA,G_0
2807_1,-6.63691,2.31227,-3.94845,-4.72138,1.02479,2.44313,7.19675,1.45094,97,0.010506,-6.66599,2.32746,-4.01353,-5.30389,1.29247,2.53351,10.1151,1.48405,97,0.00692597,-6.69852,2.34216,-3.91594,-4.84753,1.20306,2.51617,6.89512,1.49246,97,0.00372097,0.191615,0.248396,0.448448,1.14108,0.463296,1.19396,6.4301,0.179717,0,0.0122643,NBA,1,Omicron,2,Second dose,0,G_NBA,G_0
516_1,-6.6925,2.09927,-3.94138,-4.64385,0.763809,2.40037,5.88583,1.50471,97,0.00693344,-6.66921,2.12876,-3.89177,-4.65354,0.738258,3.09095,6.72473,1.42907,97,0.0171876,-6.73687,2.17282,-3.92238,-4.31377,0.60368,2.84901,6.2108,1.40477,97,0.0044485,0.161706,0.19045,0.364074,0.871121,0.52511,1.51747,2.66013,0.162493,0,0.0353924,NBA,1,Omicron,2,Second dose,0,G_NBA,G_0
2653_1,-6.55119,2.40764,-3.99175,-5.47338,0.829689,2.39181,18.2265,1.42868,97,0.00953669,-6.55732,2.51069,-3.92274,-4.9078,0.771528,2.24242,16.5672,1.35891,97,0.0102593,-6.56034,2.43946,-3.96718,-5.09877,0.812911,2.21253,10.9998,1.40806,97,0.0034859,0.211424,0.222741,0.384076,0.789806,0.172521,1.20476,5.12841,0.144329,0,0.0178851,NBA,1,Omicron,2,Second dose,0,G_NBA,G_0
2208_1,-6.5908,2.40875,-3.95653,-5.84549,0.812637,2.19584,14.5172,1.49735,97,0.00686331,-6.58445,2.41574,-3.92235,-5.95442,0.828413,2.20672,13.7929,1.48962,97,0.00872069,-6.61824,2.44027,-3.96287,-5.87868,0.855724,2.22304,10.6188,1.47147,97,0.00376204,0.170291,0.191218,0.444459,0.612248,0.148766,1.07662,5.12786,0.150988,0,0.01214,NBA,1,Omicron,2,Second dose,0,G_NBA,G_0
1290_1,-6.81783,1.94727,-3.81545,-6.60211,0.916525,3.10389,6.19162,1.46088,97,0.0106152,-6.81417,1.96707,-3.94641,-6.4654,0.931487,3.94211,6.57772,1.43377,97,0.0141493,-6.81082,1.92563,-3.94493,-6.26608,0.800893,2.96355,5.9962,1.4547,97,0.0035276,0.151396,0.166347,0.378098,0.830586,0.511211,1.85649,1.49626,0.174303,0,0.0452935,NBA,1,Omicron,2,Second dose,0,G_NBA,G_0
2021_1,-6.66113,2.31973,-3.86514,-4.36646,0.85366,2.42483,5.80536,1.46213,97,0.00758141,-6.69333,2.34698,-4.01244,-4.53358,1.16595,2.41405,7.79341,1.40091,97,0.0086929,-6.7158,2.3107,-3.89762,-4.36239,1.02762,2.41586,5.55214,1.42175,97,0.00430765,0.16976,0.193399,0.456687,0.748184,0.534346,1.13165,4.97725,0.144181,0,0.0215591,NBA,1,Omicron,2,Second dose,0,G_NBA,G_0
3022_1,-6.64633,2.26102,-4.00501,-5.15238,0.793192,1.94008,6.11095,1.4909,97,0.0114151,-6.65938,2.36018,-3.95231,-4.84545,0.917389,2.22903,7.61968,1.45872,97,0.0112021,-6.65091,2.30785,-3.92992,-4.68851,0.763733,2.1192,5.69843,1.48364,97,0.00407591,0.19384,0.203238,0.371911,1.07814,0.533017,0.897203,4.35771,0.152351,0,0.0187636,NBA,1,Omicron,2,Second dose,0,G_NBA,G_0
2437_1,-6.62529,2.39454,-4.121,-3.95444,1.00664,2.71247,9.2106,1.46368,97,0.0153216,-6.61179,2.3654,-3.90349,-4.179,1.0319,2.31257,8.25833,1.50087,97,0.00798211,-6.70581,2.35826,-3.94942,-4.01726,0.901004,2.25248,6.23481,1.44562,97,0.00402265,0.170217,0.227657,0.37059,1.11132,0.512112,1.15764,4.89746,0.183276,0,0.0101787,NBA,1,Omicron,3,Boosted,0,G_NBA,G_0
363_1,-6.67783,2.39052,-4.08958,-3.17936,0.539401,2.62558,14.0609,1.38557,97,0.0104806,-6.6819,2.40348,-4.00146,-3.15083,0.520904,2.46229,13.3518,1.4092,97,0.0108953,-6.67708,2.36128,-3.96462,-3.31642,0.565164,2.15203,10.5564,1.41428,97,0.00379864,0.179991,0.205439,0.397936,0.523993,0.217434,1.54706,8.62759,0.146585,0,0.0167433,NBA,1,Omicron,2,Second dose,0,G_NBA,G_0
2688_1,-6.84119,2.10568,-4.04244,-6.45062,0.669935,2.65125,15.254,1.40129,97,0.00972693,-6.7357,1.99793,-3.96435,-6.37825,0.536258,2.42645,13.2458,1.42715,97,0.016598,-6.77091,2.01294,-3.98774,-6.33874,0.602491,2.33633,10.7125,1.41402,97,0.00360895,0.176446,0.180958,0.376631,0.657239,0.160458,1.24699,5.78033,0.17106,0,0.0392183,NBA,1,Omicron,2,Second dose,0,G_NBA,G_0
2321_1,-6.71949,2.39197,-3.93558,-4.61654,0.807215,2.32894,13.6117,1.43293,97,0.00884518,-6.5874,2.22722,-4.01224,-5.18661,0.89458,2.25409,13.7413,1.41867,97,0.0137493,-6.65144,2.3244,-3.95066,-4.71936,0.852641,2.20565,10.6439,1.40948,97,0.00407299,0.185121,0.206606,0.365355,0.976804,0.296385,1.06773,7.68252,0.164436,0,0.0213988,NBA,1,Omicron,2,Second dose,0,G_NBA,G_0
300_1,-6.76982,1.95615,-3.93431,-6.41485,0.791895,2.04667,16.4159,1.39006,97,0.00623179,-6.77882,1.94828,-3.9778,-6.33913,0.779276,2.41186,15.4156,1.40967,97,0.0114294,-6.81773,1.96258,-3.99859,-6.3334,0.898414,2.29964,11.0882,1.47937,97,0.00350387,0.144154,0.144557,0.374915,0.902678,0.207646,1.25114,4.74442,0.161553,0,0.0154866,NBA,1,Omicron,3,Boosted,0,G_NBA,G_0
45_1,-6.56799,2.53585,-3.91937,-3.9899,0.808431,2.39973,13.3614,1.4953,97,0.00705925,-6.57049,2.49411,-3.97515,-3.98043,0.725009,2.35936,12.9926,1.52632,97,0.0157784,-6.59687,2.47247,-3.97814,-3.95625,0.736283,2.26412,10.8229,1.5063,97,0.00361527,0.183181,0.224227,0.398775,0.631004,0.284295,1.21713,5.65334,0.191953,0,0.036235,NBA,1,Omicron,3,Boosted,0,G_NBA,G_0
3051_1,-6.64705,1.99377,-4.09678,-6.05851,0.587113,2.3411,29.1597,1.4968,97,0.00971705,-6.64468,2.04609,-4.00633,-5.51694,0.537315,2.25815,26.1449,1.42992,97,0.0131275,-6.7292,2.11106,-4.04531,-5.2763,0.548329,2.02355,21.9659,1.42715,97,0.00419609,0.187738,0.207456,0.417535,0.783526,0.0980576,1.33141,7.05631,0.172284,0,0.0294893,NBA,3,Delta,-1,No record,0,G_NBA,G_0
2628_1,-6.79504,1.87502,-3.87554,-6.62797,0.746511,2.34649,12.9965,1.46697,97,0.0225555,-6.80091,1.85065,-3.99342,-6.57657,0.640302,2.2457,14.1658,1.52482,97,0.00902645,-6.83252,1.88052,-3.96652,-6.42708,0.666255,2.22567,10.6763,1.4984,97,0.00375135,0.163565,0.163958,0.342374,0.701297,0.278484,1.31536,9.05708,0.180958,0,0.0113524,NBA,3,Delta,2,Second dose,0,G_NBA,G_0
2457_1,-6.6632,2.41701,-3.87156,-4.74941,0.895316,2.49839,10.8012,1.49069,97,0.0110675,-6.60658,2.39099,-4.0196,-4.70644,0.866496,2.66077,10.7861,1.46413,97,0.0133904,-6.6452,2.37019,-3.96749,-4.86968,1.01679,2.14852,10.5553,1.46764,97,0.00379758,0.178152,0.215294,0.371736,1.1301,0.412486,1.86282,4.95878,0.192824,0,0.0236943,NBA,2,Delta,2,Second dose,0,G_NBA,G_0
304_1,-6.55353,2.59796,-4.01315,-3.34092,0.752925,2.91992,14.6438,1.54096,97,0.0111193,-6.53412,2.51834,-3.99303,-3.6618,0.835217,2.36136,12.1623,1.5025,97,0.00828343,-6.60311,2.51146,-3.95932,-3.55368,0.769078,2.12861,10.7227,1.51506,97,0.00367726,0.187342,0.240988,0.421162,0.684517,0.345662,1.47092,5.98125,0.206167,0,0.0118249,NBA,3,Delta,-1,No record,0,G_NBA,G_0
2616_1,-6.65633,2.08487,-3.91998,-6.56455,0.984428,2.11757,11.9939,1.33268,97,0.008958,-6.71997,2.14769,-3.89641,-6.55698,0.97523,1.86847,11.2661,1.37038,97,0.0129624,-6.72676,2.12793,-4.00503,-6.41973,0.921666,1.95699,8.0991,1.39517,97,0.0049987,0.147133,0.169197,0.463022,0.706312,0.323441,0.818234,6.08196,0.130845,0,0.0474023,NBA,2,Delta,-1,No record,0,G_NBA,G_0
541_1,-6.7435,2.16556,-3.91543,-3.59285,0.493703,2.35993,12.6477,1.43191,97,0.0103461,-6.75579,2.17284,-3.94656,-3.92871,0.602876,2.46071,12.3021,1.44669,97,0.013933,-6.77856,2.1322,-3.96499,-3.66835,0.480284,2.19043,10.5914,1.43786,97,0.00379157,0.179149,0.222896,0.367897,0.908054,0.338451,1.1204,6.21989,0.159076,0,0.0296732,NBA,2,Delta,-1,No record,0,G_NBA,G_0
2943_1,-6.74457,2.18368,-3.89159,-4.61175,0.64475,1.99865,14.519,1.41969,97,0.00797676,-6.71501,2.18082,-3.85136,-4.59323,0.658407,2.33412,16.858,1.41338,97,0.00770521,-6.74465,2.17058,-3.98423,-4.53293,0.633428,2.0927,11.9923,1.42109,97,0.00309782,0.180915,0.21188,0.378375,0.547098,0.176188,1.21433,7.21677,0.176445,0,0.0107421,NBA,1,Delta,-1,No record,0,G_NBA,G_0
1896_1,-6.56618,2.43028,-4.00325,-4.49057,0.783191,2.49641,10.3867,1.50739,97,0.0107765,-6.61535,2.47751,-3.93863,-4.47693,0.817757,2.53752,10.818,1.48394,97,0.0144019,-6.6169,2.4031,-3.96405,-4.43864,0.771151,2.30427,9.83163,1.47872,97,0.0037897,0.173583,0.184716,0.404706,0.831934,0.252442,1.24053,4.54297,0.1597,0,0.0264202,NBA,2,Delta,2,Second dose,0,G_NBA,G_0
1746_1,-6.80626,1.6897,-4.06848,-7.19286,0.814782,2.71924,12.0103,1.51709,97,0.0134053,-6.9007,1.80154,-4.03607,-6.86158,0.833544,2.4228,10.4293,1.49634,97,0.00558105,-6.90741,1.79997,-3.96817,-6.77076,0.728802,2.18382,10.7171,1.47126,97,0.0037485,0.148229,0.170081,0.44909,0.795983,0.427366,1.1424,4.712,0.189514,0,0.00647888,NBA,1,Delta,-1,No record,0,G_NBA,G_0
1746_2,-6.60092,2.48669,-3.90787,-3.62891,0.728159,2.10036,11.8712,1.46565,97,0.00984256,-6.62308,2.5036,-4.01857,-3.65352,0.70154,2.25742,11.1629,1.50343,97,0.0201914,-6.64024,2.40773,-3.95406,-3.64504,0.640034,2.19622,9.36268,1.46002,97,0.00347223,0.179615,0.234738,0.391419,0.583388,0.214598,1.30084,5.1764,0.172579,0,0.102575,NBA,1,Omicron,-1,No record,0,G_NBA,G_0
2665_1,-6.8232,1.98838,-3.90551,-6.38478,0.472813,2.35269,14.242,1.40978,97,0.00858801,-6.8235,1.97373,-3.99317,-6.64109,0.568501,2.21104,16.3065,1.42122,97,0.0100796,-6.82719,1.97211,-3.99415,-6.4108,0.537134,2.01826,11.5232,1.43064,97,0.00300687,0.129147,0.154209,0.514343,0.700401,0.171641,1.20688,6.76599,0.132694,0,0.0244228,NBA,2,Delta,-1,No record,0,G_NBA,G_0
188_1,-6.59053,2.2697,-4.04042,-5.95341,0.798461,2.16988,12.5667,1.37682,97,0.0216986,-6.65772,2.31218,-4.03586,-6.04061,0.843291,2.21235,11.8282,1.4236,97,0.0148538,-6.66749,2.29776,-3.9681,-5.956,0.956409,2.175,10.4559,1.41549,97,0.00386348,0.145805,0.16714,0.403982,0.809304,0.209266,1.25575,4.82764,0.139856,0,0.0226148,NBA,2,Delta,2,Second dose,0,G_NBA,G_0
706_1,-6.60051,2.34479,-3.99474,-5.53557,0.881638,2.42489,14.3599,1.47504,97,0.00783846,-6.57857,2.3382,-4.01197,-5.52009,0.865705,2.13014,12.9487,1.52165,97,0.0121098,-6.62372,2.34365,-3.98649,-5.54807,0.910595,2.34125,8.2916,1.47826,97,0.00326931,0.16307,0.212985,0.328412,0.891849,0.278501,0.932762,6.18403,0.190523,0,0.0350221,NBA,1,Delta,-1,No record,0,G_NBA,G_0
426_1,-6.69129,2.15699,-3.91081,-5.59896,1.04497,2.56981,10.5243,1.41517,97,0.00950852,-6.69182,2.16628,-3.99858,-5.19485,0.884971,2.44939,12.0251,1.43372,97,0.013638,-6.74038,2.16153,-3.96629,-4.96453,0.795416,2.21891,10.6218,1.43251,97,0.00364167,0.160485,0.194123,0.392102,0.814705,0.422724,1.25987,7.29983,0.153252,0,0.0346514,NBA,2,Delta,-1,No record,0,G_NBA,G_0
199_1,-6.58046,2.28708,-3.94316,-6.21512,0.916683,2.29149,11.4927,1.50442,97,0.0082423,-6.64779,2.38663,-3.90654,-6.07365,0.994542,2.23188,13.3095,1.49914,97,0.00800941,-6.65614,2.3869,-3.96886,-5.98914,1.17149,2.13484,10.7457,1.44963,97,0.00366027,0.185321,0.192511,0.337801,0.75751,0.287643,1.10746,7.29511,0.154955,0,0.0119336,NBA,1,Delta,-1,No record,0,G_NBA,G_0
804_1,-6.68472,2.3644,-3.94134,-4.05357,0.966044,2.31434,14.2943,1.51223,97,0.0131801,-6.65169,2.37021,-3.91851,-3.92464,0.906057,2.07833,11.7772,1.50399,97,0.0115353,-6.70971,2.34443,-3.97007,-3.93081,0.886106,2.20489,10.5947,1.45417,97,0.00376803,0.17661,0.271866,0.356538,1.01151,0.380109,1.01618,5.95284,0.193909,0,0.014933,NBA,2,Delta,-1,No record,0,G_NBA,G_0
697_1,-6.76848,1.96513,-3.93113,-6.53893,0.598693,2.25954,12.8506,1.44104,97,0.00547078,-6.829,1.99797,-3.91462,-6.77038,0.69357,2.40887,13.4776,1.4661,97,0.0101737,-6.83075,1.99551,-3.9455,-6.54931,0.679148,2.09949,9.55725,1.47576,97,0.00372421,0.166456,0.162085,0.426536,0.601532,0.220401,1.29033,5.31699,0.174752,0,0.0129379,NBA,1,Omicron,3,Boosted,0,G_NBA,G_0
738_1,-6.73249,2.16154,-4.08035,-4.79701,0.822201,2.64624,13.6172,1.48525,97,0.0154293,-6.69836,2.12542,-3.98522,-4.23282,0.606996,2.07781,11.9333,1.49698,97,0.00883522,-6.73483,2.21457,-3.95524,-3.73487,0.541315,1.96923,10.4254,1.44011,97,0.00385298,0.148075,0.243827,0.421374,1.07699,0.428764,1.09164,6.32579,0.195702,0,0.0199922,NBA,1,Delta,-1,No record,0,G_NBA,G_0
1796_1,-6.82028,2.12473,-3.90773,-4.51276,0.768487,2.30371,7.88266,1.40608,97,0.0190317,-6.77168,2.11206,-3.95274,-5.21618,1.0336,1.7809,7.26983,1.45157,97,0.0164755,-6.80247,2.11285,-3.96591,-4.2532,0.770001,2.77038,7.87943,1.43891,97,0.00320613,0.132089,0.176338,0.408552,1.26869,0.606401,0.741094,3.64823,0.158921,0,0.0466212,NBA,2,Delta,-1,No record,0,G_NBA,G_0
204_1,-6.63015,2.63965,-3.96169,-3.07031,0.951431,2.77905,10.0899,1.47296,97,0.0106403,-6.61618,2.54291,-3.91391,-3.27115,0.92523,2.72352,6.59652,1.49683,97,0.0089513,-6.65808,2.46176,-3.9243,-3.26666,0.780614,2.59999,5.40534,1.49297,97,0.00357004,0.186112,0.219063,0.403626,0.659525,0.495218,1.24555,3.48256,0.170808,0,0.0161028,NBA,2,Omicron,-1,No record,0,G_NBA,G_0
963_1,-6.6935,2.27661,-3.85257,-4.5131,0.856459,2.1952,6.78167,1.41661,97,0.00758158,-6.70802,2.32261,-3.91737,-4.16095,0.804686,2.48842,8.58043,1.43177,97,0.00957864,-6.71353,2.26181,-3.9365,-4.11071,0.701126,2.29259,6.6305,1.45215,97,0.0037341,0.185791,0.21252,0.392791,0.988973,0.41583,1.35427,5.9199,0.181572,0,0.0151861,NBA,1,Delta,-1,No record,0,G_NBA,G_0
3066_1,-6.57189,2.26269,-3.83526,-4.98301,0.91893,2.13129,10.4339,1.48243,97,0.018144,-6.59652,2.38578,-3.91646,-4.37127,0.684158,2.12872,8.04167,1.45765,97,0.0109902,-6.6347,2.33005,-3.93933,-4.40024,0.610625,1.92732,7.2647,1.47621,97,0.00369614,0.182887,0.225124,0.435241,0.59331,0.30581,1.04908,3.02003,0.191362,0,0.0271509,NBA,3,Omicron,3,Boosted,0,G_NBA,G_0
834_1,-6.71832,2.2509,-3.9937,-4.36035,1.01522,2.69925,11.6461,1.44583,97,0.0184,-6.69763,2.28531,-4.02793,-4.48059,1.13669,2.49604,10.9102,1.40652,97,0.0137265,-6.73629,2.26957,-3.95952,-4.23867,0.922036,2.26747,10.7119,1.39356,97,0.00401957,0.196894,0.204434,0.36641,0.879602,0.774923,1.03214,5.56554,0.15015,0,0.0291631,NBA,1,Delta,-1,No record,0,G_NBA,G_0
2869_1,-6.80534,2.00866,-3.95045,-6.32681,1.02378,1.77446,5.64815,1.46373,97,0.0064504,-6.84595,2.05853,-3.84156,-6.08412,1.00536,1.98475,7.23044,1.45082,97,0.0146012,-6.80294,2.01117,-3.93422,-5.9468,0.853325,1.9739,5.6855,1.44003,97,0.00361892,0.18138,0.213577,0.425469,0.679958,0.607614,0.565396,4.98432,0.167344,0,0.0310451,NBA,2,Delta,2,Second dose,0,G_NBA,G_0
287_1,-6.73319,2.24472,-3.79961,-5.74802,0.972984,2.58504,5.74816,1.44051,97,0.00826442,-6.70117,2.21155,-3.91588,-5.85009,0.981347,2.63769,5.91526,1.45827,97,0.0113462,-6.69711,2.16708,-3.90149,-5.62441,0.845846,2.41392,5.21317,1.44093,97,0.00380219,0.174475,0.177866,0.371463,0.887063,0.464334,1.38501,1.86268,0.176174,0,0.0192292,NBA,1,Omicron,2,Second dose,0,G_NBA,G_0
1657_1,-6.58369,2.34354,-3.92726,-5.49028,0.946422,2.69991,10.7271,1.48025,97,0.0135244,-6.57495,2.34245,-3.97097,-5.51319,0.92467,2.55708,12.2635,1.49995,97,0.00930729,-6.61937,2.34029,-3.96678,-5.17306,0.819714,2.32363,10.5997,1.47088,97,0.00382038,0.211654,0.234387,0.419035,0.892121,0.441031,1.19888,6.76216,0.168652,0,0.0200904,NBA,1,Delta,2,Second dose,0,G_NBA,G_0
683_1,-6.75045,1.96629,-3.97266,-6.59084,0.857921,2.60706,11.0311,1.45727,97,0.00787588,-6.79279,1.99643,-4.01202,-6.17218,0.846489,2.43101,11.965,1.42943,97,0.00923325,-6.7915,1.96983,-3.98365,-6.09612,0.750415,2.14131,10.7788,1.44889,97,0.00376015,0.17319,0.183508,0.430309,0.678664,0.42905,1.612,6.55873,0.151951,0,0.014115,NBA,1,Omicron,2,Second dose,0,G_NBA,G_0
2001_1,-6.65639,2.20628,-3.95858,-5.42026,0.686721,2.48656,15.7462,1.50319,97,0.00974919,-6.62236,2.21197,-3.94819,-5.13635,0.622199,2.42896,15.5996,1.48111,97,0.0108106,-6.65073,2.22749,-3.96588,-5.33773,0.714347,2.27468,10.7133,1.46401,97,0.0036817,0.203829,0.287905,0.426199,1.00562,0.229715,1.13109,6.11719,0.200711,0,0.0154865,NBA,2,Omicron,3,Boosted,0,G_NBA,G_0
2469_1,-6.64,1.92878,-3.80498,-6.1051,0.837001,1.83831,6.37409,1.41174,97,0.0261339,-6.80544,2.1257,-3.92795,-6.16346,1.33056,2.37951,8.87064,1.39628,97,0.0122633,-6.77968,2.08723,-3.96394,-5.75543,1.2339,2.11066,7.38086,1.42389,97,0.00310225,0.165561,0.175279,0.314535,1.02286,0.493396,1.13761,3.75987,0.140862,0,0.0208405,NBA,1,Omicron,3,Boosted,0,G_NBA,G_0
121_1,-6.69063,2.08371,-3.9066,-6.05502,0.67418,2.08964,10.5666,1.48219,97,0.0235427,-6.60517,2.03958,-3.92473,-6.12499,0.654244,1.87015,10.7968,1.47792,97,0.0166133,-6.68622,2.13068,-3.95544,-5.51644,0.603749,1.77221,9.64177,1.43208,97,0.00398367,0.156732,0.181837,0.426898,0.995136,0.238707,0.938094,4.93813,0.176626,0,0.0493818,NBA,2,Omicron,3,Boosted,0,G_NBA,G_0
480_1,-6.53972,2.38644,-3.88519,-5.47001,0.857698,1.88608,6.8623,1.44529,97,0.00727489,-6.58238,2.4516,-3.9509,-5.36755,0.927157,1.98549,7.79348,1.45683,97,0.00938394,-6.55025,2.36888,-3.97121,-5.25641,0.917993,2.25182,7.61412,1.49751,97,0.00279997,0.173894,0.198094,0.364537,0.775375,0.308102,0.852089,3.08146,0.153653,0,0.0200732,NBA,2,Omicron,3,Boosted,0,G_NBA,G_0
1068_1,-6.65069,2.17778,-4.02974,-6.2154,0.908202,2.84327,8.95455,1.38059,97,0.0104973,-6.71484,2.22622,-3.88533,-5.9563,0.906993,2.86297,9.49688,1.43052,97,0.00975461,-6.69348,2.19517,-3.97209,-5.68239,0.876298,2.71085,8.56636,1.40242,97,0.00350032,0.158588,0.186084,0.466499,0.795831,0.223566,1.77406,4.26133,0.150402,0,0.0147748,NBA,3,Omicron,3,Boosted,0,G_NBA,G_0
1698_1,-6.73788,2.23302,-3.98279,-5.90751,1.12005,2.6057,5.29398,1.41982,97,0.0119824,-6.6688,2.1509,-3.90409,-6.3203,1.20477,2.56093,5.79189,1.45375,97,0.0100478,-6.69646,2.16853,-3.88327,-6.04648,1.09089,2.39911,4.65073,1.46363,97,0.00366011,0.152687,0.15438,0.405719,0.951283,0.576484,1.13721,3.34968,0.162755,0,0.0200922,NBA,1,Omicron,3,Boosted,0,G_NBA,G_0
1874_1,-6.68476,2.13901,-3.92312,-4.1325,0.466435,2.47399,8.53757,1.50326,97,0.00729439,-6.68883,2.2514,-3.8691,-4.17722,0.565676,2.35117,8.42496,1.44236,97,0.0103276,-6.66605,2.28202,-3.95265,-3.86911,0.475516,2.58295,8.84618,1.465,97,0.00377556,0.195342,0.275153,0.389099,0.858479,0.323125,0.95115,1.40306,0.159298,0,0.0184009,NBA,3,Omicron,3,Boosted,0,G_NBA,G_0
1159_1,-6.76661,2.16434,-3.99731,-5.5396,0.766481,2.70474,8.40411,1.4936,97,0.0110158,-6.71455,1.96504,-3.99847,-6.24076,0.886173,2.13612,9.36852,1.53063,97,0.00831919,-6.75837,2.03872,-3.94788,-5.577,0.740813,2.12028,8.21457,1.49562,97,0.00417891,0.176915,0.199551,0.433444,0.862356,0.482795,0.713332,5.43483,0.180412,0,0.0108667,NBA,1,Omicron,3,Boosted,0,G_NBA,G_0
2663_1,-6.65079,2.6534,-3.99741,-3.6587,1.29059,2.37901,7.95343,1.47508,97,0.0117023,-6.65415,2.58607,-4.03119,-3.7264,1.31137,2.40533,8.3664,1.47008,97,0.0104258,-6.64808,2.50522,-3.91922,-3.82844,1.25125,2.2584,5.74832,1.49529,97,0.00362532,0.178938,0.207626,0.436846,0.474874,0.399645,1.0995,4.26679,0.170777,0,0.021977,NBA,2,Delta,3,Boosted,0,G_NBA,G_0
673_1,-6.48038,2.64945,-3.99762,-5.59356,2.70659,2.71642,17.415,1.50269,97,0.0117787,-6.49129,2.58307,-4.00241,-5.5977,2.51769,2.57851,10.303,1.58288,97,0.0131773,-6.56174,2.64342,-3.96821,-5.23243,2.70928,2.1674,10.0534,1.50336,97,0.00393179,0.180952,0.173504,0.367014,0.959509,0.492198,1.60133,6.42257,0.180263,0,0.0206415,NBA,2,Omicron,3,Boosted,0,G_NBA,G_0
409_1,-6.70216,2.0951,-4.00121,-6.10666,0.757826,2.71809,14.3479,1.4147,97,0.0119325,-6.72477,2.10247,-4.06612,-5.9137,0.75606,2.33315,15.442,1.43153,97,0.00731234,-6.73826,2.08608,-3.96167,-5.81832,0.786269,2.24512,10.5852,1.43845,97,0.00365328,0.16698,0.194023,0.323227,0.858501,0.217086,1.10603,5.46562,0.154238,0,0.0122534,NBA,1,Omicron,3,Boosted,0,G_NBA,G_0
1375_1,-6.69317,2.21864,-3.86244,-4.04839,0.434497,2.12998,14.5514,1.40745,97,0.0128781,-6.6845,2.16846,-3.92999,-4.1005,0.428089,2.48941,14.488,1.43499,97,0.00826967,-6.69494,2.19866,-3.96361,-4.09456,0.446268,2.15337,10.5578,1.42657,97,0.00379548,0.154062,0.20156,0.345538,0.503425,0.151482,1.36153,4.96451,0.163395,0,0.0131184,NBA,2,Omicron,3,Boosted,0,G_NBA,G_0
2554_1,-6.7299,1.95853,-3.93112,-6.47311,0.793156,2.13747,12.4724,1.47583,97,0.010076,-6.75557,2.00704,-3.97886,-6.34993,0.727314,2.33726,13.1308,1.45632,97,0.00681419,-6.77571,1.97903,-3.95167,-6.40687,0.788961,2.12759,9.54638,1.48697,97,0.00402612,0.164006,0.162503,0.451788,0.784202,0.30589,1.15633,5.87032,0.175466,0,0.0129481,NBA,1,Omicron,3,Boosted,0,G_NBA,G_0
2291_1,-6.6098,2.47728,-3.93368,-2.20021,0.671508,2.29419,13.9886,1.49758,97,0.0138139,-6.6677,2.50683,-3.91446,-2.06512,0.608712,2.45284,13.7003,1.51062,97,0.0089607,-6.69543,2.47529,-3.96733,-2.24693,0.634775,2.30581,10.2514,1.51353,97,0.00433607,0.190866,0.260842,0.430391,0.563906,0.138422,1.26307,4.58435,0.172943,0,0.0143086,NBA,1,Omicron,3,Boosted,0,G_NBA,G_0
2824_1,-6.67541,2.16482,-3.89139,-5.10976,0.784526,2.45855,8.46241,1.38686,97,0.0086944,-6.72312,2.15461,-3.97438,-5.36464,0.820247,2.98832,8.65046,1.44844,97,0.0149163,-6.74043,2.13523,-3.95865,-5.13936,0.777303,3.05605,8.60389,1.44,97,0.00377447,0.173965,0.192283,0.408956,0.840545,0.328595,1.46177,1.69002,0.172602,0,0.0269043,NBA,3,Omicron,3,Boosted,0,G_NBA,G_0
2015_1,-6.71531,2.12975,-3.8271,-5.63748,0.627008,2.06577,14.3595,1.48505,97,0.0105295,-6.69382,2.09395,-3.99079,-5.30403,0.627862,2.53064,15.3889,1.47241,97,0.0144467,-6.75,2.09036,-3.96708,-5.34415,0.700222,2.23967,10.3333,1.47693,97,0.00355777,0.187089,0.189762,0.406286,0.727833,0.200691,1.39899,6.44132,0.183732,0,0.0544738,NBA,1,Omicron,3,Boosted,0,G_NBA,G_0
2185_1,-6.55889,2.40952,-3.8985,-5.08178,0.686697,2.29495,15.5186,1.4715,97,0.048678,-6.56276,2.34917,-4.06194,-5.26182,0.745659,2.50744,14.741,1.52198,97,0.0125091,-6.59973,2.38084,-3.95858,-4.88865,0.706227,2.21471,10.7685,1.48934,97,0.0037406,0.165168,0.175533,0.361102,0.833213,0.190473,1.47829,5.46071,0.176429,0,0.0323069,NBA,1,Omicron,3,Boosted,0,G_NBA,G_0
764_1,-6.67631,2.36417,-3.92358,-2.78198,0.456676,2.1507,12.9981,1.45681,97,0.00823704,-6.67927,2.37608,-4.0842,-2.88944,0.503036,2.23418,13.183,1.43371,97,0.0089843,-6.7241,2.30227,-3.96248,-3.08155,0.538258,2.13473,10.5148,1.45438,97,0.00384416,0.172967,0.251173,0.436147,0.632187,0.221468,1.03994,6.47114,0.165268,0,0.0131567,NBA,1,Omicron,3,Boosted,0,G_NBA,G_0
993_1,-6.53211,2.15399,-3.95155,-5.66664,0.425053,2.78303,17.8817,1.43724,97,0.00965567,-6.59925,2.19061,-3.90808,-5.54139,0.407378,2.50406,14.4145,1.44474,97,0.0109045,-6.61227,2.19165,-3.95112,-5.25621,0.393625,2.30894,10.8544,1.44036,97,0.0033771,0.196039,0.20763,0.414062,0.752358,0.118687,1.24053,5.29724,0.166009,0,0.0187129,NBA,2,Omicron,2,Second dose,0,G_NBA,G_0
1761_2,-6.52428,2.49933,-3.8862,-5.25312,1.03298,2.338,10.9617,1.41638,97,0.0202851,-6.53964,2.54453,-3.93266,-5.44723,1.13089,2.34524,11.6999,1.4237,97,0.00957028,-6.54055,2.54076,-3.95421,-5.07406,1.05127,2.16055,10.6028,1.39005,97,0.00380002,0.145731,0.214488,0.423344,0.958768,0.423867,1.31488,7.40103,0.179238,0,0.0143122,NBA,1,Omicron,-1,No record,0,G_NBA,G_0
1672_1,-6.70805,2.20741,-3.898,-6.35379,1.35646,2.95834,4.24926,1.39835,97,0.013077,-6.69412,2.19694,-3.9228,-6.23294,1.46476,4.17899,4.86148,1.3871,97,0.0164191,-6.7213,2.21914,-3.83079,-6.04885,1.25978,4.04158,3.80644,1.38103,97,0.00384728,0.144362,0.171337,0.429697,0.928646,0.811323,2.1358,3.32239,0.142104,0,0.0257023,NBA,1,Omicron,-1,No record,0,G_NBA,G_0
400_1,-6.59712,2.56494,-3.78406,-3.75019,0.88433,3.75415,5.33379,1.51205,97,0.0084369,-6.59793,2.53936,-3.95817,-4.06084,1.11929,2.83836,6.85451,1.54284,97,0.0120187,-6.63023,2.51106,-3.93603,-3.98296,0.984268,2.81431,4.56599,1.54056,97,0.00295187,0.180815,0.200334,0.404416,0.663462,0.535871,1.17271,5.14664,0.212183,0,0.0333854,NBA,1,Omicron,2,Second dose,0,G_NBA,G_0
1228_1,-6.7996,1.9704,-4.10837,-5.76902,1.4312,2.97708,8.59843,1.42757,97,0.0121242,-6.76084,1.90496,-3.98167,-6.16059,1.52599,2.85166,10.4131,1.46283,97,0.00700822,-6.88339,2.01064,-3.94226,-5.23128,1.19804,2.94501,7.912,1.44255,97,0.00367909,0.167803,0.19794,0.446318,1.23142,1.07354,1.46559,6.14804,0.183798,0,0.00990104,NBA,1,Omicron,2,Second dose,0,G_NBA,G_0
1132_1,-6.4957,2.6203,-3.97469,-5.39066,1.19641,2.29934,11.5088,1.55877,97,0.00671669,-6.47984,2.60848,-4.03331,-5.34389,1.10603,2.20011,9.75092,1.51597,97,0.0101816,-6.54582,2.61131,-3.99878,-5.49978,1.28301,2.82648,8.98736,1.52739,97,0.00417859,0.166825,0.218727,0.384761,0.701117,0.278731,1.18443,5.81088,0.156047,0,0.020768,NBA,1,Delta,2,Second dose,0,G_NBA,G_0
16_1,-6.76154,1.89357,-3.95571,-4.13766,0.576199,1.78006,4.22357,1.4474,97,0.0106323,-6.85113,2.0019,-3.9044,-3.89781,0.606876,1.93745,6.20857,1.41747,97,0.0127089,-6.85238,1.96452,-3.95225,-3.93282,0.440005,1.80534,4.80061,1.42969,97,0.00358464,0.153627,0.20989,0.386599,0.525319,0.445335,0.914027,4.33548,0.169116,0,0.04707,NBA,1,Omicron,3,Boosted,0,G_NBA,G_0
928_1,-6.42291,2.57336,-4.03558,-5.77894,1.2232,2.76315,14.6777,1.49492,97,0.00657613,-6.50215,2.71607,-3.92361,-5.47888,1.23623,2.45414,13.5145,1.47833,97,0.0154614,-6.53102,2.63092,-3.92103,-5.57073,1.24483,2.23658,9.00113,1.49986,97,0.00384371,0.162971,0.213403,0.336827,0.739573,0.15535,1.23643,5.20852,0.159155,0,0.033741,NBA,2,Delta,2,Second dose,0,G_NBA,G_0
2843_1,-6.65005,2.15191,-4.10071,-5.82292,0.824728,2.31645,13.3957,1.43797,97,0.0117593,-6.67739,2.22351,-4.00055,-5.17521,0.747214,2.46651,12.3837,1.42653,97,0.00818874,-6.69078,2.22439,-3.9693,-5.15222,0.781832,2.27732,11.7199,1.4572,97,0.00372574,0.15943,0.204376,0.42302,0.951817,0.210567,1.45751,3.66495,0.201804,0,0.0147667,NBA,2,Omicron,3,Boosted,0,G_NBA,G_0
2591_1,-6.44156,2.54817,-3.83645,-5.63811,0.916493,1.67908,9.47723,1.4712,97,0.0234101,-6.48841,2.59612,-3.88137,-5.63775,0.807147,1.63714,9.874,1.51688,97,0.0109139,-6.5214,2.55038,-3.91359,-5.50672,0.7511,1.54808,7.16351,1.50492,97,0.00356338,0.146126,0.196803,0.36396,0.608332,0.253592,0.757943,7.61802,0.166071,0,0.0225683,NBA,1,Omicron,3,Boosted,0,G_NBA,G_0
2714_1,-6.51144,2.53499,-3.92841,-5.18354,1.62756,2.35228,10.713,1.49988,97,0.0482323,-6.57503,2.57284,-3.95727,-4.88799,1.51512,2.11845,10.1774,1.53821,97,0.00616581,-6.57396,2.49407,-3.91874,-5.06849,1.73596,2.25087,7.13888,1.49964,97,0.00401524,0.174702,0.202706,0.389758,0.928275,0.444063,1.04845,6.47363,0.167947,0,0.00740529,NBA,2,Omicron,3,Boosted,0,G_NBA,G_0
3015_1,-6.63868,2.04514,-4.0792,-6.54388,1.06056,2.18882,15.6212,1.43153,97,0.00834911,-6.67775,2.09012,-3.95062,-5.54177,0.819994,2.4525,13.3458,1.48098,97,0.0102795,-6.72772,2.1237,-4.02373,-5.24005,0.786469,2.29624,9.59089,1.44096,97,0.00375757,0.153252,0.178882,0.369645,0.90864,0.258136,1.56962,5.35735,0.181569,0,0.0238777,NBA,1,Omicron,3,Boosted,0,G_NBA,G_0
2737_1,-6.89473,1.89355,-3.9916,-6.09441,0.701213,1.724,12.9996,1.4813,97,0.00832176,-6.84337,1.83437,-4.01864,-5.99842,0.718289,2.21417,16.8507,1.44809,97,0.012482,-6.84018,1.83637,-3.99499,-5.55754,0.638865,2.08493,13.8436,1.41605,97,0.00311502,0.166248,0.180476,0.439745,1.0421,0.308928,1.38181,9.34359,0.171371,0,0.0280535,NBA,1,Omicron,3,Boosted,0,G_NBA,G_0
1854_1,-6.65053,2.23985,-3.88148,-5.37702,0.770094,2.86355,8.00745,1.45272,97,0.00740344,-6.63738,2.19656,-3.96125,-5.56843,0.783757,2.32278,9.11774,1.4871,97,0.0126916,-6.67359,2.23808,-3.94159,-5.19149,0.696733,1.92102,7.27107,1.46014,97,0.00311602,0.151552,0.178738,0.430247,0.825979,0.297609,1.00719,5.10559,0.178177,0,0.041933,NBA,1,Omicron,3,Boosted,0,G_NBA,G_0
641_1,-6.56887,2.50789,-3.9107,-4.18923,1.2573,2.23199,13.0628,1.48396,97,0.0144103,-6.59936,2.55945,-3.94373,-4.1673,1.27595,2.41303,12.3591,1.52217,97,0.0123824,-6.62941,2.51367,-3.95709,-4.15245,1.2577,2.02447,10.4484,1.48117,97,0.00388173,0.162138,0.216458,0.326171,0.623579,0.440813,1.38788,6.30394,0.167668,0,0.0263949,NBA,2,Omicron,-1,No record,0,G_NBA,G_0
475_1,-6.53698,2.38706,-3.90409,-3.87778,0.537023,2.90962,6.74885,1.50785,97,0.00724795,-6.58144,2.43488,-3.89129,-3.89927,0.606177,2.5624,7.26443,1.5298,97,0.015978,-6.61665,2.39983,-3.94042,-3.98223,0.623635,2.65939,6.85837,1.47762,97,0.00350171,0.183434,0.209945,0.348483,0.609481,0.245149,1.03624,2.79208,0.184948,0,0.0256522,NBA,2,Omicron,3,Boosted,0,G_NBA,G_0
2748_1,-6.73056,1.97962,-3.94798,-5.45827,0.739172,2.21918,15.2183,1.41882,97,0.0102757,-6.75169,1.99083,-4.00253,-5.78568,0.809053,2.36097,13.6178,1.43403,97,0.00838043,-6.79821,2.01624,-3.9648,-5.30644,0.755208,2.15326,10.6937,1.45174,97,0.00376708,0.165328,0.18238,0.416455,0.896481,0.254262,1.20492,4.36085,0.147035,0,0.0143267,NBA,1,Omicron,3,Boosted,0,G_NBA,G_0
2197_1,-6.67565,2.04754,-3.96066,-5.78185,0.414795,2.62002,15.8397,1.47781,97,0.0123744,-6.6602,2.04894,-3.92158,-5.85919,0.457934,2.14674,15.9274,1.44912,97,0.00791114,-6.67843,2.11535,-3.98449,-5.77564,0.477193,2.10274,10.4296,1.41578,97,0.00371742,0.182228,0.205855,0.437482,0.6095,0.121471,1.24403,6.81207,0.190665,0,0.0104478,NBA,1,Omicron,3,Boosted,0,G_NBA,G_0
201_1,-6.59533,2.23078,-4.022,-5.49959,0.622424,2.02103,12.6189,1.53826,97,0.00655556,-6.61168,2.27802,-3.98048,-4.92725,0.476872,2.02652,12.0108,1.48731,97,0.0103238,-6.60084,2.2799,-3.94458,-4.80655,0.449934,1.90402,9.10415,1.47979,97,0.00378601,0.18447,0.19568,0.429518,0.825134,0.162112,1.12683,6.02008,0.165027,0,0.0197377,NBA,3,Omicron,3,Boosted,0,G_NBA,G_0
2123_1,-6.59439,2.30275,-3.98005,-5.8767,0.642408,2.09085,11.2532,1.44551,97,0.0176638,-6.6259,2.29445,-4.00635,-5.98086,0.584687,2.34966,9.99509,1.50978,97,0.012182,-6.63063,2.33043,-3.96521,-5.86705,0.705325,2.15206,10.5573,1.46258,97,0.00379868,0.161696,0.184405,0.417018,0.631633,0.178696,1.06549,5.29202,0.183549,0,0.0326893,NBA,1,Omicron,3,Boosted,0,G_NBA,G_0
2952_1,-6.50889,2.67159,-3.99377,-5.12086,1.31722,2.1632,12.6956,1.51638,97,0.0106667,-6.42731,2.66183,-3.75808,-4.97569,1.282,2.30766,15.2448,1.51404,97,0.00955723,-6.53235,2.58984,-3.93092,-5.08235,1.25901,2.17791,8.5627,1.5245,97,0.00320425,0.166796,0.318525,0.466639,1.04976,0.30311,0.993417,9.1095,0.172831,0,0.0215777,NBA,2,Delta,2,Second dose,0,G_NBA,G_0
26_1,-6.54984,2.52111,-3.97526,-4.30487,0.977962,2.07718,16.8635,1.53786,97,0.0115034,-6.53489,2.56993,-3.89949,-4.58947,1.14092,2.3498,14.7644,1.50792,97,0.0115461,-6.58321,2.51983,-3.95237,-4.52355,1.12581,2.15606,10.5456,1.49967,97,0.00381426,0.189338,0.193338,0.388577,0.67337,0.207822,1.39266,5.16696,0.163002,0,0.021449,NBA,1,Omicron,3,Boosted,0,G_NBA,G_0
1910_1,-6.83614,1.93221,-3.93456,-6.03274,1.18362,2.43663,8.80313,1.47275,97,0.00712672,-6.81222,1.9089,-3.91699,-6.36275,1.20176,1.80617,7.19737,1.43702,97,0.00885977,-6.84529,1.86204,-3.9271,-6.53288,1.04567,1.66974,4.50079,1.47018,97,0.00305557,0.106814,0.122315,0.39327,1.02703,0.634892,0.807174,4.60638,0.169718,0,0.0191315,NBA,1,Omicron,3,Boosted,0,G_NBA,G_0
2454_1,-6.55142,2.46513,-3.87535,-4.0915,0.609894,2.0875,14.2999,1.54568,97,0.0100971,-6.54222,2.46132,-4.12455,-4.33605,0.653612,2.49786,15.5046,1.49963,97,0.017757,-6.58104,2.44333,-3.96598,-4.13782,0.613905,2.27228,10.6504,1.51156,97,0.00368574,0.155172,0.176271,0.397398,0.62736,0.150794,1.45869,6.61236,0.170396,0,0.0608864,NBA,3,Omicron,3,Boosted,0,G_NBA,G_0
56_1,-6.61682,2.62512,-3.92128,-3.20358,1.00348,2.39497,11.6767,1.56885,97,0.0102829,-6.58097,2.65246,-4.0571,-2.87702,0.909326,2.34503,11.8994,1.48854,97,0.0100556,-6.61758,2.56259,-3.94418,-3.05251,0.876037,2.19847,8.98309,1.51756,97,0.00369484,0.188703,0.235191,0.462115,0.628537,0.24315,1.1536,6.16277,0.200526,0,0.0190574,NBA,2,Omicron,3,Boosted,0,G_NBA,G_0
970_1,-6.59032,1.99599,-3.96837,-5.85795,0.445761,2.16334,15.6677,1.44726,97,0.00900617,-6.67672,2.05283,-3.9744,-5.80899,0.521596,2.4222,14.3,1.44425,97,0.0140205,-6.65771,2.12333,-3.92126,-5.32944,0.435443,2.25955,10.0305,1.46885,97,0.00507834,0.145732,0.185988,0.462716,0.693887,0.140873,1.07441,5.88046,0.154534,0,0.0486966,NBA,3,Omicron,3,Boosted,0,G_NBA,G_0
2762_1,-6.5133,2.5225,-3.87833,-5.24535,0.595274,1.9706,13.9574,1.50551,97,0.0134483,-6.53616,2.41898,-3.85418,-5.54399,0.568487,1.79071,11.4266,1.52897,97,0.00785577,-6.54035,2.38738,-3.93624,-5.48963,0.573591,1.7466,8.43546,1.48747,97,0.00402174,0.17603,0.222723,0.402739,0.740607,0.159634,0.87265,6.59366,0.193741,0,0.0160191,NBA,1,Delta,2,Second dose,0,G_NBA,G_0
1284_1,-6.6891,1.95509,-3.95709,-5.99574,1.14488,4.12488,7.65592,1.43645,97,0.0103456,-6.76416,2.09924,-3.93521,-5.15271,1.29013,3.79172,6.14049,1.44421,97,0.0109435,-6.79905,2.07573,-3.86459,-4.6202,0.887223,3.88264,4.8797,1.43174,97,0.00387613,0.135066,0.182,0.342178,1.39799,1.39524,1.92132,4.79991,0.164062,0,0.0260794,NBA,1,Omicron,2,Second dose,0,G_NBA,G_0
368_1,-6.80816,1.78455,-4.06661,-7.06526,0.43564,2.5161,12.9267,1.55936,97,0.0115523,-6.90122,1.8816,-4.02234,-6.87951,0.536087,2.56188,13.9024,1.55527,97,0.0118073,-6.92596,1.83852,-3.95905,-6.8486,0.50956,2.31347,11.0891,1.60545,97,0.00369348,0.183008,0.181777,0.398135,0.713598,0.272639,1.49125,5.73002,0.178669,0,0.0191387,NBA,2,Omicron,3,Boosted,0,G_NBA,G_0
1584_1,-6.69751,2.30856,-4.05357,-5.72978,1.92384,2.20221,11.3275,1.41232,97,0.00736603,-6.68051,2.26736,-3.8829,-5.76111,1.67469,2.29221,10.3945,1.40072,97,0.00960738,-6.73549,2.2884,-3.89249,-5.19487,1.69957,2.22527,6.56476,1.38444,97,0.00473101,0.150293,0.194904,0.424867,1.00159,0.653569,1.40556,6.7708,0.159243,0,0.016146,NBA,1,Omicron,3,Boosted,0,G_NBA,G_0
2393_1,-6.64282,1.91888,-4.03191,-6.3536,0.507957,2.02661,16.0396,1.47518,97,0.0189433,-6.6722,2.00129,-3.9591,-5.93558,0.4756,2.23074,14.2929,1.45393,97,0.0143665,-6.7207,2.02585,-3.9233,-5.79525,0.459408,1.97877,9.97229,1.45633,97,0.00368155,0.132932,0.185853,0.338766,0.570945,0.132105,1.45357,5.53145,0.152778,0,0.0342366,NBA,3,Omicron,3,Boosted,0,G_NBA,G_0
165_1,-6.72493,2.01628,-3.89782,-5.43892,0.580179,2.32257,15.7641,1.47162,97,0.0189572,-6.69283,2.04536,-4.07093,-4.75689,0.417253,2.27662,15.7639,1.45417,97,0.0120861,-6.74402,2.05041,-3.96651,-4.76539,0.429418,2.24052,10.6085,1.44583,97,0.00377144,0.192919,0.199297,0.380072,0.840006,0.178146,1.10754,6.1493,0.146563,0,0.0266373,NBA,2,Omicron,3,Boosted,0,G_NBA,G_0
2636_2,-6.66323,2.17414,-3.9137,-2.16105,0.266169,2.74447,7.12518,1.47036,97,0.0107117,-6.73864,2.38085,-3.92193,-1.89943,0.350642,2.42201,8.02898,1.47146,97,0.0105465,-6.71938,2.29691,-3.9183,-1.98967,0.289071,2.41617,6.97533,1.41915,97,0.00436737,0.197308,0.300115,0.355745,0.550854,0.131663,1.23743,2.64093,0.147506,0,0.0148134,NBA,1,Omicron,3,Boosted,0,G_NBA,G_0
811_1,-6.84714,1.55226,-3.99722,-6.95141,0.560838,2.0925,10.7686,1.42483,97,0.010182,-7.01121,1.80589,-3.91104,-6.84185,1.11021,2.05803,8.81433,1.43816,97,0.0104761,-6.93513,1.71021,-3.94494,-6.83019,0.977906,1.99181,5.97653,1.43627,97,0.00385409,0.13874,0.156714,0.3642,0.792599,0.523048,0.688945,6.27893,0.173515,0,0.0204502,NBA,1,Omicron,3,Boosted,0,G_NBA,G_0
2455_1,-6.772,2.0644,-3.97988,-5.11646,0.482653,2.29723,16.7552,1.45897,97,0.0102603,-6.65269,1.95286,-4.0196,-5.51147,0.507642,2.3024,15.8969,1.46075,97,0.0119128,-6.73252,2.05611,-3.9711,-4.87719,0.418483,2.17581,10.7294,1.42995,97,0.00351688,0.186094,0.202513,0.429447,0.912787,0.196437,1.0932,5.23859,0.148158,0,0.0248652,NBA,3,Omicron,3,Boosted,0,G_NBA,G_0
254_1,-6.79996,1.99964,-4.04969,-6.81906,0.556765,2.14898,14.3693,1.46452,97,0.0128044,-6.83873,2.03431,-3.9779,-6.77048,0.533547,2.34246,15.6344,1.47315,97,0.0146113,-6.80153,1.98603,-3.9467,-6.56455,0.524118,2.26702,9.97343,1.45896,97,0.00359266,0.197403,0.203495,0.43176,0.716867,0.17154,1.27588,6.00151,0.202028,0,0.0263569,NBA,1,Omicron,3,Boosted,0,G_NBA,G_0
2903_1,-6.71617,2.07422,-4.01364,-5.41474,0.643458,2.40284,13.4781,1.44341,97,0.0100585,-6.71483,2.0924,-3.99459,-5.71082,0.76698,2.7601,16.3916,1.4445,97,0.0217764,-6.74196,2.08591,-3.98728,-5.54513,0.755725,2.3966,13.8972,1.44215,97,0.00369266,0.18764,0.194382,0.420789,0.860937,0.14161,1.59516,5.3147,0.153138,0,0.0529392,NBA,1,Omicron,2,Second dose,0,G_NBA,G_0
217_1,-6.54725,2.39516,-3.99969,-4.51975,0.445938,2.20176,19.1067,1.51874,97,0.0143861,-6.47442,2.2877,-4.07408,-4.73286,0.448178,2.04975,17.2457,1.50687,97,0.0109486,-6.57858,2.33435,-3.96883,-4.71572,0.46501,1.87701,12.4798,1.48233,97,0.00373944,0.135751,0.167124,0.320996,0.634913,0.118794,1.16781,5.33694,0.173555,0,0.018878,NBA,2,Omicron,3,Boosted,0,G_NBA,G_0
319_1,-6.72028,2.03657,-3.85318,-5.89421,0.580211,2.23699,15.7204,1.41046,97,0.00772635,-6.71196,2.02371,-4.0489,-5.77868,0.510065,2.23949,15.9508,1.39602,97,0.0115609,-6.72663,2.03708,-3.96082,-5.57316,0.487345,2.07141,10.3891,1.3935,97,0.00362042,0.145028,0.143417,0.383835,0.679647,0.143127,1.14796,6.6907,0.149205,0,0.0234729,NBA,2,Omicron,2,Second dose,0,G_NBA,G_0
2369_1,-6.73514,2.03365,-3.93796,-4.42864,0.297499,2.25176,16.5675,1.38628,97,0.00817464,-6.72594,2.02472,-4.08176,-4.66346,0.332039,2.50099,16.85,1.41857,97,0.0230038,-6.7274,1.99913,-3.96985,-4.5714,0.313791,2.25064,11.0368,1.40675,97,0.00391631,0.165007,0.19995,0.503835,0.448121,0.102492,1.45273,7.47886,0.17153,0,0.05238,NBA,2,Omicron,3,Boosted,0,G_NBA,G_0
53_1,-6.66091,2.30338,-3.9747,-4.35819,0.779644,2.37613,12.7769,1.4563,97,0.0092513,-6.67859,2.32597,-3.96038,-4.64928,0.969984,2.31692,13.0517,1.46043,97,0.0100854,-6.68411,2.31972,-3.96526,-4.27491,0.78758,2.15205,10.5574,1.45879,97,0.00379871,0.18172,0.225661,0.389254,1.02632,0.488648,1.1219,8.25515,0.179691,0,0.0259902,NBA,1,Omicron,3,Boosted,0,G_NBA,G_0
1036_1,-6.73194,2.274,-3.90899,-3.48232,0.604381,3.19473,13.1552,1.40663,97,0.0131411,-6.6674,2.32789,-3.442,-3.1742,0.584846,2.34793,22.8655,1.39689,97,0.0118134,-6.76902,2.24225,-3.96739,-3.65274,0.739155,2.15198,10.5602,1.41388,97,0.00379875,0.19813,0.196514,0.649603,0.5678,0.2565,1.34435,9.6981,0.159446,0,0.0223515,NBA,1,Omicron,2,Second dose,0,G_NBA,G_0
303_1,-6.61302,2.16622,-3.89661,-5.33734,1.10587,2.26247,10.6051,1.43433,97,0.00915386,-6.66365,2.19442,-3.89252,-5.34134,1.17554,2.15721,11.5178,1.50264,97,0.0080102,-6.79102,2.16543,-3.95556,-4.85233,1.09556,2.29426,8.98606,1.44312,97,0.00394756,0.193764,0.222846,0.357621,0.886683,0.362345,1.37703,6.13154,0.204539,0,0.0130645,NBA,1,Omicron,2,Second dose,0,G_NBA,G_0
2917_1,-6.67839,2.38795,-3.95882,-3.75643,0.553286,2.01459,14.8177,1.47065,97,0.00769878,-6.68955,2.33985,-3.93655,-4.13353,0.640393,2.09447,14.7251,1.46362,97,0.0124488,-6.67102,2.31265,-3.97225,-3.87988,0.579587,2.15563,10.6399,1.46441,97,0.00382072,0.15707,0.224649,0.386852,1.08376,0.29911,1.18019,5.65017,0.158434,0,0.0251404,NBA,1,Omicron,3,Boosted,0,G_NBA,G_0
15_1,-6.48963,2.47492,-3.81884,-5.40542,1.25437,2.86768,9.65638,1.49702,97,0.00733777,-6.47251,2.46291,-3.93348,-5.30384,1.14574,2.63145,9.66715,1.52246,97,0.00875257,-6.5673,2.5145,-3.95626,-4.93251,1.12848,2.4776,7.99724,1.50483,97,0.00423302,0.17361,0.195528,0.412265,0.796325,0.228723,1.45431,4.55418,0.174603,0,0.0148756,NBA,1,Omicron,3,Boosted,0,G_NBA,G_0
1089_1,-6.59844,2.29871,-3.89021,-5.33466,0.974877,1.81909,8.6347,1.49837,97,0.0140447,-6.64149,2.4121,-4.02656,-5.44905,1.15636,2.23514,11.0439,1.46482,97,0.00742341,-6.63764,2.35985,-3.92487,-5.14873,1.07593,1.7984,6.86699,1.46681,97,0.00381415,0.177049,0.192631,0.422134,1.09599,0.432799,1.10848,7.24893,0.165076,0,0.0177904,NBA,1,Omicron,2,Second dose,0,G_NBA,G_0
430_1,-6.79983,1.86675,-3.93056,-6.30421,0.838017,2.79482,12.6718,1.41129,97,0.00818074,-6.80356,1.87254,-4.01859,-6.19516,0.826013,2.55237,12.6109,1.44002,97,0.00806469,-6.85057,1.86152,-3.96455,-5.79324,0.664429,2.15198,10.5564,1.46537,97,0.0037985,0.169194,0.175326,0.377736,1.00647,0.443035,1.46791,6.79737,0.189471,0,0.0131945,NBA,1,Omicron,-1,No record,0,G_NBA,G_0
2104_1,-6.69825,1.95775,-4.0586,-4.72166,0.439716,2.69127,14.1059,1.47831,97,0.0106955,-6.75583,2.08177,-4.02109,-4.43314,0.38881,2.37071,13.9504,1.42233,97,0.0133878,-6.76434,2.01849,-3.96743,-4.5464,0.395206,2.10853,10.5463,1.44169,97,0.00382068,0.166505,0.204074,0.404554,0.67991,0.164542,1.82508,6.63199,0.161101,0,0.0326468,NBA,1,Omicron,-1,No record,0,G_NBA,G_0
2769_1,-6.62968,2.24723,-3.89857,-5.41559,0.774513,2.31446,11.3148,1.46079,97,0.00660243,-6.61697,2.26829,-3.98919,-5.22812,0.727091,2.48443,12.863,1.46673,97,0.0153617,-6.65504,2.27323,-3.96512,-5.19101,0.799392,2.15241,10.5576,1.46617,97,0.00379701,0.164105,0.175801,0.421998,0.827117,0.277073,1.42228,6.22534,0.159967,0,0.0330162,NBA,2,Omicron,-1,No record,0,G_NBA,G_0
1150_1,-6.67374,2.21973,-3.84162,-5.7975,0.962561,2.42047,14.7237,1.44307,97,0.0142995,-6.67999,2.18205,-4.05722,-5.53709,0.883524,2.27428,13.9304,1.42267,97,0.0101269,-6.67135,2.24964,-3.99296,-5.41716,0.964439,2.36772,10.144,1.42937,97,0.00390398,0.170597,0.186644,0.401535,1.10148,0.325717,1.53555,5.8403,0.145925,0,0.0142649,NBA,2,Omicron,3,Boosted,0,G_NBA,G_0
1866_1,-6.60581,2.48458,-3.96587,-4.12162,1.33199,2.8986,8.20813,1.51795,97,0.0121413,-6.62819,2.49634,-3.91221,-4.62169,1.64824,2.80457,8.04006,1.51665,97,0.0112746,-6.68583,2.47674,-3.92293,-4.25644,1.61072,2.37566,6.21971,1.46331,97,0.00325009,0.176672,0.22008,0.498492,1.16082,0.652403,1.87393,4.72974,0.177065,0,0.0159878,NBA,2,Omicron,3,Boosted,0,G_NBA,G_0
2659_1,-6.63455,2.24891,-3.92742,-4.34518,0.828146,2.60908,8.36259,1.43886,97,0.011321,-6.68097,2.25931,-3.85681,-4.48838,0.94364,2.57334,10.6857,1.44809,97,0.0195985,-6.71259,2.32865,-3.9581,-4.28131,0.887492,2.44957,7.83172,1.44387,97,0.00356759,0.17622,0.237357,0.433714,0.608216,0.29366,1.42374,6.74454,0.158497,0,0.0921772,NBA,2,Omicron,2,Second dose,0,G_NBA,G_0
2510_1,-6.81732,2.15091,-3.80891,-4.82941,0.70045,2.14815,6.68717,1.45889,97,0.00855173,-6.70549,2.05116,-3.93448,-5.26216,0.800025,1.88007,6.98656,1.44499,97,0.00898123,-6.76814,2.07525,-3.93941,-4.92068,0.631113,1.80483,6.00338,1.43802,97,0.00441984,0.205779,0.208389,0.401442,1.01698,0.464084,0.677449,2.61309,0.175694,0,0.0144357,NBA,1,Omicron,3,Boosted,0,G_NBA,G_0
2060_1,-6.57804,2.25072,-3.94576,-5.095,0.708341,2.62006,12.3408,1.48723,97,0.018937,-6.58434,2.23087,-3.9509,-4.92571,0.674911,2.88877,12.4645,1.44436,97,0.00793816,-6.66522,2.26998,-3.96145,-4.84902,0.698105,2.09069,10.9987,1.46058,97,0.00359245,0.176604,0.209554,0.379346,0.851875,0.183942,1.49297,2.98338,0.155982,0,0.0118442,NBA,2,Omicron,3,Boosted,0,G_NBA,G_0
263_1,-6.64145,2.36565,-3.9197,-2.75795,0.420633,3.46807,3.87775,1.4391,97,0.00905297,-6.71153,2.23883,-3.76708,-3.51159,0.526769,3.64084,3.93448,1.46638,97,0.00739129,-6.74468,2.21265,-3.8799,-3.5122,0.48256,3.6437,3.62738,1.44147,97,0.00368219,0.180871,0.252301,0.419594,0.754763,0.261597,1.6447,2.88524,0.154326,0,0.010863,NBA,2,Omicron,2,Second dose,0,G_NBA,G_0
881_1,-6.57687,2.6114,-3.96678,-4.02345,0.888902,2.58872,11.9122,1.53275,97,0.00682067,-6.56257,2.55149,-4.02524,-4.04142,0.905843,2.33498,11.3434,1.51856,97,0.014605,-6.59156,2.51538,-3.96587,-3.99892,0.823537,2.09148,10.5582,1.50911,97,0.00380883,0.195375,0.208633,0.336914,0.671064,0.385341,1.21098,5.14428,0.178712,0,0.0571075,NBA,2,Omicron,3,Boosted,0,G_NBA,G_0
2997_1,-6.60092,2.56302,-4.04496,-3.4528,0.610862,2.25604,15.2769,1.534,97,0.0116573,-6.5784,2.51211,-4.02201,-3.69643,0.641387,2.43149,17.9946,1.52457,97,0.0127525,-6.61668,2.43868,-3.96741,-3.92357,0.693859,2.45557,11.0112,1.49986,97,0.00376137,0.172954,0.224146,0.374901,0.720191,0.160095,1.22384,9.31586,0.160272,0,0.0254887,NBA,1,Omicron,3,Boosted,0,G_NBA,G_0
985_1,-6.68085,2.21055,-3.98194,-5.6821,0.55923,2.5719,16.3279,1.45029,97,0.0116503,-6.63604,2.17239,-3.94702,-5.90341,0.557931,2.12537,17.14,1.42086,97,0.0185676,-6.6412,2.23378,-3.96752,-5.50077,0.552596,2.2035,12.8775,1.40956,97,0.00369548,0.186795,0.203267,0.415116,0.725079,0.128934,1.02561,5.92544,0.16481,0,0.0472052,NBA,1,Omicron,2,Second dose,0,G_NBA,G_0
695_1,-6.70158,2.30005,-3.95183,-3.36623,0.547819,2.42806,7.19075,1.40324,97,0.0188791,-6.72051,2.20586,-3.85524,-3.42599,0.465827,2.39609,6.96772,1.45953,97,0.00768199,-6.73623,2.19807,-3.93347,-3.49578,0.452334,2.53773,6.89704,1.41724,97,0.00377415,0.181735,0.241261,0.410248,0.59604,0.247033,0.984955,2.22411,0.142134,0,0.0131948,NBA,1,Omicron,3,Boosted,0,G_NBA,G_0
2505_1,-6.46724,2.48471,-4.00974,-4.29604,0.494603,2.77948,10.2369,1.54399,97,0.0146761,-6.55395,2.56059,-3.93327,-3.97376,0.434215,3.00151,9.50814,1.53854,97,0.00931101,-6.53271,2.46733,-3.96884,-4.21062,0.47413,2.95956,9.93248,1.52497,97,0.0038705,0.186682,0.158802,0.341927,0.387028,0.110193,1.60665,0.758261,0.169174,0,0.0129708,NBA,2,Omicron,3,Boosted,0,G_NBA,G_0
482_1,-6.76033,2.39335,-3.92783,-3.92621,1.05692,3.01162,5.44889,1.42788,97,0.00778979,-6.7306,2.38025,-3.85052,-4.36781,1.6226,2.9593,7.05713,1.41478,97,0.0101234,-6.73185,2.35708,-3.96784,-4.16553,1.31372,2.99858,3.77583,1.38474,97,0.00274981,0.164503,0.181119,0.416623,0.95068,0.9884,1.51642,6.20266,0.150807,0,0.0249988,NBA,1,Omicron,2,Second dose,0,G_NBA,G_0
1922_1,-6.50771,2.38856,-3.93041,-3.24642,0.306565,2.26026,19.9285,1.50342,97,0.00864354,-6.55075,2.30738,-3.95078,-3.38112,0.298072,2.02988,17.7859,1.5639,97,0.0115686,-6.58973,2.34275,-3.9918,-3.49544,0.335445,2.03542,13.9937,1.48805,97,0.00398352,0.17617,0.21762,0.371323,0.472756,0.0971139,0.977049,5.06896,0.184542,0,0.0189808,NBA,1,Omicron,2,Second dose,0,G_NBA,G_0
2460_1,-6.85562,1.9073,-4.14395,-6.47951,0.839479,2.30648,18.7775,1.44179,97,0.0180908,-6.87645,1.91551,-4.01975,-6.3096,0.752156,2.34653,17.6408,1.44579,97,0.00993437,-6.85395,1.87831,-4.00253,-5.92592,0.657303,2.33035,10.5931,1.43781,97,0.00329103,0.211495,0.228292,0.404401,0.900895,0.361515,1.09451,7.77481,0.187341,0,0.0197376,NBA,2,Omicron,3,Boosted,0,G_NBA,G_0
2093_1,-6.69143,1.84449,-3.99627,-6.67313,0.689688,2.62418,19.9107,1.4614,97,0.00646598,-6.70864,1.88501,-4.0037,-6.04588,0.608074,2.53329,18.9986,1.40777,97,0.00764167,-6.79188,1.93406,-3.99864,-5.88186,0.653019,2.38441,16.9899,1.43107,97,0.00395127,0.194274,0.196,0.372848,0.929083,0.153733,1.38915,5.56817,0.191302,0,0.0112429,NBA,2,Omicron,3,Boosted,0,G_NBA,G_0
966_1,-6.7267,2.0703,-3.86175,-4.47165,0.381344,3.77638,7.08165,1.43262,97,0.0126102,-6.76063,2.14584,-3.9876,-4.26484,0.406543,3.43953,7.12828,1.40092,97,0.00866265,-6.73624,2.09429,-3.93742,-4.31708,0.380014,3.28976,7.18182,1.41867,97,0.00386175,0.190865,0.216402,0.444323,0.590993,0.215658,1.61581,0.660393,0.172,0,0.0154115,NBA,1,Delta,2,Second dose,0,G_NBA,G_0
1863_1,-6.73064,2.09713,-3.98109,-6.2471,0.707275,2.56151,11.564,1.51385,97,0.00645361,-6.72021,2.09889,-4.05909,-6.32284,0.722372,2.40318,12.1033,1.48336,97,0.00893458,-6.74543,2.11538,-3.96589,-6.25009,0.77607,2.15979,10.5573,1.47417,97,0.00388783,0.15225,0.161975,0.438942,0.779757,0.259515,1.28565,5.39327,0.172496,0,0.0148956,NBA,1,Omicron,2,Second dose,0,G_NBA,G_0
2654_1,-6.51274,2.5679,-3.94362,-4.97235,1.24033,2.25724,14.9335,1.54497,97,0.00726149,-6.50799,2.55677,-3.97744,-4.91684,1.11613,2.41478,13.9291,1.52838,97,0.0115334,-6.55779,2.54185,-3.96667,-4.62,1.06745,2.15913,10.596,1.51134,97,0.00379624,0.184423,0.220241,0.438915,0.848512,0.328894,1.3751,9.11457,0.172863,0,0.0225866,NBA,3,Omicron,3,Boosted,0,G_NBA,G_0
394_1,-6.66639,2.24164,-3.98557,-3.81579,0.524431,2.6433,15.6686,1.48815,97,0.00506454,-6.70727,2.26869,-4.0939,-3.77923,0.502498,2.46222,13.2152,1.4524,97,0.0105645,-6.7193,2.20792,-3.96526,-3.9349,0.517278,2.23824,10.5503,1.4513,97,0.00369676,0.165861,0.21527,0.335077,0.579859,0.202317,1.29808,6.31132,0.175726,0,0.0176153,NBA,2,Omicron,3,Boosted,0,G_NBA,G_0
675_1,-6.52046,2.46648,-3.95829,-3.5901,0.520528,2.20429,7.80482,1.48187,97,0.0136377,-6.63138,2.52648,-3.91401,-3.58201,0.562822,2.29971,7.79056,1.51585,97,0.0133073,-6.59904,2.43309,-3.94547,-3.68205,0.518544,2.40529,7.61521,1.50079,97,0.00361303,0.163405,0.215823,0.333056,0.546546,0.191565,1.24611,1.26245,0.172451,0,0.0387031,NBA,1,Omicron,3,Boosted,0,G_NBA,G_0
1061_1,-6.63936,2.33749,-4.03054,-4.69013,0.839981,2.32379,14.6036,1.46064,97,0.0120113,-6.58526,2.29549,-4.03842,-4.75696,0.834161,2.25291,12.6943,1.47343,97,0.0132549,-6.66446,2.33254,-3.9656,-4.57204,0.838784,2.17643,10.5093,1.46359,97,0.00373969,0.184774,0.244554,0.394082,0.809858,0.291642,1.27096,5.40364,0.172384,0,0.03268,NBA,1,Delta,2,Second dose,0,G_NBA,G_0
417_1,-6.55308,2.41641,-3.96805,-5.26252,0.938996,2.22536,11.7356,1.44629,97,0.0215953,-6.59995,2.39548,-3.93167,-5.24269,0.848463,2.30071,11.5193,1.46083,97,0.00898463,-6.61093,2.3904,-3.96752,-5.35127,1.06011,2.15205,10.5603,1.47934,97,0.00379872,0.168131,0.16596,0.416636,0.799182,0.306722,1.03608,7.57092,0.169963,0,0.0162832,NBA,1,Omicron,3,Boosted,0,G_NBA,G_0
749_1,-6.67698,2.22397,-3.94209,-6.15566,0.694761,2.30125,14.4748,1.50483,97,0.00524538,-6.65359,2.24186,-4.00632,-6.10997,0.661603,2.33194,13.1282,1.44752,97,0.00897027,-6.67168,2.19149,-3.98735,-6.04084,0.651132,2.19712,9.13791,1.4742,97,0.00348526,0.167279,0.15983,0.373654,0.724738,0.17612,1.3897,5.9719,0.142498,0,0.0227882,NBA,3,Omicron,3,Boosted,0,G_NBA,G_0
325_1,-6.51069,2.47915,-3.90156,-5.41848,0.797647,2.39421,16.0934,1.49825,97,0.00759824,-6.51218,2.4622,-3.85459,-5.55295,0.788045,2.53395,14.8195,1.5356,97,0.0130627,-6.55147,2.47303,-3.95797,-5.49212,0.840571,2.15653,10.591,1.49282,97,0.0037565,0.179642,0.175337,0.405172,0.71254,0.175518,1.1124,5.21661,0.171205,0,0.0254077,NBA,2,Omicron,3,Boosted,0,G_NBA,G_0
2816_1,-6.52968,2.2795,-3.89466,-5.49653,0.720642,2.20654,8.6564,1.4753,97,0.00829664,-6.60093,2.30072,-4.00741,-5.43631,0.772036,2.65158,9.57015,1.5121,97,0.0184801,-6.62251,2.32479,-3.95768,-5.24599,0.712581,2.35716,8.80139,1.48359,97,0.0042818,0.17232,0.157566,0.423777,0.916493,0.253075,1.7267,2.24096,0.153166,0,0.038616,NBA,3,Omicron,2,Second dose,0,G_NBA,G_0
1718_1,-6.54919,2.55434,-3.93984,-4.11325,1.32104,2.89582,8.3538,1.48468,97,0.0153716,-6.56603,2.51861,-3.91207,-4.66884,1.48693,2.76473,8.07225,1.53227,97,0.00713436,-6.65255,2.51175,-3.96025,-4.28995,1.33467,2.77978,4.63648,1.49284,97,0.00181761,0.211815,0.249546,0.400308,1.1415,0.721464,1.34665,7.00457,0.147864,0,0.0138742,NBA,2,Omicron,2,Second dose,0,G_NBA,G_0
1556_1,-6.70716,2.21126,-3.94472,-5.39506,0.677507,2.30923,15.5188,1.42277,97,0.0104549,-6.72063,2.20733,-3.98248,-5.40051,0.710768,2.43786,15.7481,1.42956,97,0.0080173,-6.71399,2.13735,-3.97471,-5.3975,0.683448,2.23463,10.9681,1.45273,97,0.00388547,0.193558,0.17606,0.412236,0.705391,0.206493,1.23226,5.96575,0.152859,0,0.0111911,NBA,3,Omicron,3,Boosted,0,G_NBA,G_0
1898_1,-6.48216,2.40092,-3.91756,-5.0674,0.514094,2.57909,14.4065,1.53994,97,0.00521032,-6.5096,2.408,-4.01207,-5.20323,0.541818,2.52586,13.1947,1.49151,97,0.0112246,-6.54429,2.39633,-3.96483,-5.14677,0.571328,2.15319,10.5636,1.49917,97,0.00379099,0.192247,0.233965,0.405548,0.733358,0.16388,1.32659,5.23765,0.182324,0,0.0317993,NBA,2,Omicron,3,Boosted,0,G_NBA,G_0
2050_1,-6.51419,2.64853,-3.94811,-4.83864,1.60547,2.34495,13.4803,1.52731,97,0.0112912,-6.54786,2.56706,-3.88606,-4.20534,1.19822,2.10979,9.10224,1.5511,97,0.00747466,-6.59996,2.59015,-3.94824,-3.80503,1.13301,2.08502,6.73881,1.49423,97,0.00371176,0.16867,0.214737,0.366593,0.846303,0.382231,1.21314,5.72095,0.188711,0,0.00988105,NBA,2,Omicron,2,Second dose,0,G_NBA,G_0
2606_1,-6.65901,2.17277,-4.00264,-4.51233,0.504186,2.3356,14.3351,1.50645,97,0.0081745,-6.68172,2.28308,-4.00037,-4.15479,0.448242,2.2872,15.618,1.48461,97,0.00948942,-6.65682,2.24728,-3.96361,-4.12895,0.427832,2.19772,10.5859,1.46827,97,0.00371029,0.166533,0.22384,0.448685,0.843573,0.187823,1.13256,7.08016,0.16177,0,0.0122225,NBA,3,Omicron,3,Boosted,0,G_NBA,G_0
2679_1,-6.68383,2.27287,-3.99631,-4.43917,0.475381,2.50481,6.90809,1.47935,97,0.00546221,-6.61742,2.20168,-3.9115,-4.63801,0.58949,2.52637,7.611,1.46266,97,0.0101145,-6.66023,2.22151,-3.92468,-4.44906,0.471178,2.5034,6.89696,1.45498,97,0.00385702,0.141813,0.193704,0.398887,0.712874,0.313072,0.847305,2.11302,0.173243,0,0.0206068,NBA,3,Omicron,2,Second dose,0,G_NBA,G_0
661_1,-6.50942,2.49492,-3.97562,-4.75772,0.813956,2.45031,11.7859,1.49527,97,0.0118223,-6.51226,2.54021,-3.98074,-4.81131,0.831527,2.4066,12.8567,1.53306,97,0.0113532,-6.55119,2.49642,-3.9556,-4.73121,0.885818,2.11217,10.4123,1.51137,97,0.00372559,0.170338,0.230844,0.406286,1.00613,0.279331,1.31685,6.7407,0.191968,0,0.0305935,NBA,2,Omicron,3,Boosted,0,G_NBA,G_0
2346_1,-6.52411,2.35569,-4.02495,-5.14215,0.71575,2.46784,12.7792,1.48415,97,0.00986638,-6.5948,2.43463,-4.06245,-4.57286,0.619974,2.27223,13.2074,1.50214,97,0.0126263,-6.60202,2.36806,-3.97044,-4.95374,0.750803,2.33301,10.7155,1.48366,97,0.00388092,0.187329,0.230255,0.420317,0.831603,0.211389,0.926491,6.60446,0.170337,0,0.0197732,NBA,1,Omicron,-1,No record,0,G_NBA,G_0
2473_1,-6.57814,2.31737,-4.02783,-4.57909,0.588404,2.05918,14.668,1.49413,97,0.0064359,-6.5822,2.4894,-4.0381,-4.10174,0.532949,2.38609,16.3054,1.44094,97,0.00983661,-6.61512,2.33987,-3.97617,-4.3851,0.528477,2.17556,9.15191,1.47616,97,0.00312422,0.177262,0.225139,0.41475,0.64193,0.169097,1.26646,7.18549,0.17705,0,0.0227352,NBA,3,Omicron,3,Boosted,0,G_NBA,G_0
1778_1,-6.61545,2.23303,-3.9673,-5.62028,0.903637,2.28912,14.0852,1.43129,97,0.00970382,-6.64392,2.23076,-3.84376,-5.2834,0.775488,2.47573,13.7521,1.45481,97,0.00947056,-6.67948,2.24772,-3.97547,-5.17981,0.816184,2.49792,9.64233,1.45888,97,0.00394905,0.162426,0.21826,0.368201,0.947096,0.235632,1.44021,5.52713,0.158907,0,0.0156987,NBA,2,Omicron,2,Second dose,0,G_NBA,G_0
688_1,-6.59246,2.17791,-3.9089,-5.58504,0.679706,2.4007,7.21256,1.51812,97,0.0152354,-6.61206,2.22619,-4.02568,-5.65348,0.762152,2.79296,7.8873,1.45644,97,0.014556,-6.66646,2.26918,-3.97393,-5.54525,0.694042,2.15147,6.52769,1.47847,97,0.00373205,0.156956,0.173342,0.339701,0.967353,0.284277,1.21388,3.12656,0.17029,0,0.03762,NBA,1,Omicron,3,Boosted,0,G_NBA,G_0
1706_1,-6.52629,2.46835,-3.88534,-5.16732,0.938239,2.63699,7.32017,1.53791,97,0.021446,-6.49873,2.4804,-3.9031,-5.23579,1.03859,2.48125,8.66056,1.48216,97,0.0198373,-6.57503,2.4659,-3.92378,-4.88902,0.93817,2.39914,6.52829,1.48901,97,0.00391322,0.212872,0.251002,0.437283,1.11399,0.408556,1.51546,5.67667,0.181589,0,0.0841551,NBA,1,Omicron,-1,No record,0,G_NBA,G_0
2240_1,-6.59833,2.24641,-3.95493,-5.96635,0.774206,2.73696,9.27154,1.38345,97,0.0122832,-6.66504,2.27056,-3.91062,-6.22285,0.864692,2.60723,9.55896,1.46356,97,0.00954999,-6.67148,2.273,-3.95587,-5.95122,0.843435,2.29198,9.10676,1.44638,97,0.0035614,0.134972,0.159247,0.386359,0.644313,0.182105,1.65923,1.68459,0.1759,0,0.023092,NBA,3,Delta,-1,No record,0,G_NBA,G_0
324_1,-6.43149,2.50027,-3.97443,-5.49746,0.966191,2.04181,12.6167,1.49929,97,0.0198131,-6.47469,2.5753,-3.93358,-4.98451,0.897939,2.30558,12.5406,1.52735,97,0.0149549,-6.51189,2.52888,-4.01229,-5.1503,1.02747,2.422,10.4042,1.51766,97,0.00471999,0.164453,0.193361,0.437538,0.675928,0.205681,1.06941,6.78996,0.182297,0,0.0302739,NBA,1,Delta,-1,No record,0,G_NBA,G_0
113_1,-6.94677,1.79113,-3.89056,-5.81061,0.899499,4.37174,7.8867,1.51435,97,0.0124035,-6.98014,1.77547,-3.95578,-5.18252,0.489763,3.52697,7.89694,1.50253,97,0.00640245,-6.93252,1.70093,-3.94736,-5.36533,0.470406,3.69642,7.95281,1.51845,97,0.00350263,0.176718,0.188938,0.399645,0.559285,0.261225,1.47163,0.640318,0.183186,0,0.0115049,NBA,2,Omicron,-1,No record,0,G_NBA,G_0
832_1,-6.54387,2.30412,-3.91511,-5.63695,1.00631,2.4306,9.74477,1.49474,97,0.0104151,-6.59946,2.36073,-4.00098,-5.57595,1.06545,2.36276,10.3635,1.45444,97,0.00797398,-6.61986,2.34762,-3.93353,-5.3598,0.975623,2.1762,7.52143,1.46614,97,0.003448,0.130395,0.164794,0.397659,0.91502,0.379752,1.36019,6.13253,0.17787,0,0.0163643,NBA,3,Omicron,-1,No record,0,G_NBA,G_0
1927_1,-6.53418,2.46982,-3.92987,-5.54907,1.07919,2.52777,10.981,1.4883,97,0.0109403,-6.49339,2.47081,-3.89843,-5.48537,1.07692,2.35493,9.35726,1.52359,97,0.0139029,-6.56235,2.46542,-3.90279,-5.17517,1.05043,2.62487,7.76835,1.46743,97,0.00377038,0.156175,0.238913,0.364398,0.808686,0.242457,1.31544,3.79944,0.166811,0,0.0376172,NBA,1,Delta,-1,No record,0,G_NBA,G_0
1683_1,-6.44961,2.5044,-4.00682,-5.03942,0.839522,2.35024,15.9484,1.53552,97,0.0108677,-6.41357,2.46284,-3.95134,-5.04843,0.818381,2.59709,14.7908,1.55233,97,0.0124394,-6.50841,2.53607,-3.96284,-4.95886,0.878515,2.09296,10.5437,1.52129,97,0.00376396,0.15445,0.201089,0.382774,0.740193,0.170506,1.45507,6.12603,0.174378,0,0.0239945,NBA,1,Delta,-1,No record,0,G_NBA,G_0
1836_1,-6.49478,2.43184,-3.96103,-4.97244,0.830574,2.63165,17.3016,1.538,97,0.0194914,-6.57762,2.58307,-4.04632,-4.63379,0.806678,2.46574,15.9995,1.55759,97,0.00925526,-6.56366,2.47908,-3.96582,-4.52765,0.775717,2.29192,10.7057,1.51055,97,0.0037616,0.194526,0.244034,0.437112,0.890838,0.17658,1.58488,7.43875,0.187451,0,0.0232343,NBA,1,Delta,-1,No record,0,G_NBA,G_0
956_1,-6.76014,1.94336,-3.99653,-6.27768,0.460704,1.90509,14.9806,1.48763,97,0.0123958,-6.77779,1.96713,-4.02166,-6.36974,0.488489,2.19211,16.2217,1.4664,97,0.00854812,-6.77512,1.95656,-3.97221,-6.19509,0.47186,2.18411,10.2094,1.47288,97,0.003835,0.178036,0.179835,0.405849,0.860055,0.196593,1.11173,6.12193,0.175685,0,0.0135449,NBA,2,Omicron,3,Boosted,0,G_NBA,G_0
243_1,-6.74079,2.08334,-3.8392,-4.85895,0.562009,2.05752,12.3747,1.45716,97,0.0163794,-6.74372,2.07918,-3.99232,-4.64404,0.495236,2.20824,14.8282,1.43926,97,0.0128249,-6.74586,2.09003,-3.95905,-4.56052,0.48272,2.19214,10.4868,1.41969,97,0.00376236,0.153481,0.211485,0.390426,0.53888,0.198975,0.896703,7.47396,0.163868,0,0.0276246,NBA,3,Omicron,2,Second dose,0,G_NBA,G_0
1748_1,-6.86594,1.81833,-3.97571,-6.13013,0.319172,2.16851,19.6312,1.58569,97,0.034086,-6.8344,1.79079,-3.84199,-6.43631,0.342642,2.29701,19.3736,1.58744,97,0.0124351,-6.8226,1.76154,-3.99938,-6.16386,0.309233,2.0075,14.1496,1.58033,97,0.00369574,0.162989,0.150572,0.428943,0.818061,0.109945,1.32771,7.10194,0.205391,0,0.0204144,NBA,3,Omicron,3,Boosted,0,G_NBA,G_0
913_1,-6.58794,2.43027,-3.91328,-5.99293,0.86347,2.50818,14.7517,1.42556,97,0.00924264,-6.59074,2.43339,-3.95793,-5.89785,0.822865,2.40357,14.7917,1.45815,97,0.0116554,-6.6454,2.36358,-3.97035,-5.95743,0.88698,2.23256,11.3559,1.44911,97,0.00363966,0.176466,0.221209,0.36065,0.722704,0.136724,1.36888,5.67238,0.167147,0,0.0261244,NBA,1,Delta,-1,No record,0,G_NBA,G_0
2478_1,-6.67733,2.29398,-3.99051,-4.54774,1.01011,4.10954,6.23765,1.39134,97,0.0140398,-6.67271,2.25006,-3.84868,-4.15333,0.755755,3.55656,5.14411,1.39734,97,0.00806316,-6.72085,2.24784,-3.88977,-4.06904,0.672677,3.33564,4.43803,1.4144,97,0.00373033,0.158041,0.240003,0.414665,0.641148,0.411009,1.77377,3.28922,0.145061,0,0.013143,NBA,1,Omicron,2,Second dose,0,G_NBA,G_0
901_1,-6.67715,2.44772,-3.84121,-2.28666,0.540967,2.19177,10.1512,1.48835,97,0.00996211,-6.69175,2.40381,-4.00274,-2.43163,0.604773,2.71808,11.4316,1.48043,97,0.0145389,-6.72041,2.38516,-3.94708,-2.42176,0.560002,2.38005,7.89478,1.4835,97,0.00353694,0.199465,0.258323,0.385525,0.583367,0.198983,1.69255,6.80478,0.162975,0,0.0425299,NBA,2,Delta,2,Second dose,0,G_NBA,G_0
2547_1,-6.66741,2.29688,-3.94146,-5.42359,1.34786,2.39278,10.6336,1.43757,97,0.0155591,-6.64194,2.27445,-3.92654,-5.44162,1.32142,2.5811,8.98499,1.4041,97,0.00822863,-6.69765,2.26695,-3.91946,-5.14147,1.10499,2.37571,7.92966,1.42311,97,0.00402704,0.166558,0.203655,0.420747,0.998067,0.748921,1.39152,5.80076,0.187094,0,0.0139416,NBA,1,Delta,-1,No record,0,G_NBA,G_0
1402_1,-6.5438,2.44692,-3.92422,-5.28614,1.2968,2.30663,15.3082,1.4907,97,0.0177155,-6.58226,2.51057,-3.92423,-4.83467,1.18475,2.32604,14.6125,1.47935,97,0.00850871,-6.62866,2.42284,-3.96541,-4.82868,1.17629,2.1295,10.4726,1.4734,97,0.00406782,0.187721,0.23856,0.434354,0.779098,0.237079,1.47169,6.57845,0.206924,0,0.0184117,NBA,2,Delta,2,Second dose,0,G_NBA,G_0
298_1,-6.73705,2.06514,-4.03308,-5.73679,1.049,2.51299,13.6369,1.4507,97,0.00973639,-6.74531,2.10798,-3.89257,-5.19734,0.883128,2.0602,11.697,1.41322,97,0.0104195,-6.78102,2.1264,-3.97475,-4.89423,0.860719,2.23693,11.1037,1.45806,97,0.0037166,0.171133,0.195179,0.407279,1.11152,0.374393,1.04667,4.61793,0.160312,0,0.0203398,NBA,1,Delta,-1,No record,0,G_NBA,G_0
2139_1,-6.49347,2.64625,-3.99422,-4.98589,1.45947,2.33728,11.7555,1.51433,97,0.00457049,-6.51224,2.66151,-4.00392,-5.06087,1.43786,2.44389,11.6121,1.49568,97,0.00883974,-6.53659,2.59469,-3.95435,-5.02142,1.46664,2.21805,7.89235,1.52638,97,0.00409756,0.172328,0.237519,0.387916,0.840551,0.313468,1.08419,8.52849,0.159446,0,0.0175655,NBA,2,Delta,-1,No record,0,G_NBA,G_0
359_1,-6.58495,2.53046,-3.85632,-3.4072,0.894473,2.65585,9.65711,1.45615,97,0.00795906,-6.62161,2.55237,-3.9625,-3.61626,1.02858,2.19058,11.5611,1.51607,97,0.0123723,-6.63822,2.50136,-3.96277,-3.55229,0.971874,2.09935,10.6313,1.4908,97,0.0037654,0.178903,0.215268,0.409506,0.611075,0.336093,0.88412,5.6017,0.171206,0,0.0239107,NBA,2,Delta,-1,No record,0,G_NBA,G_0
2775_1,-6.52324,2.37308,-4.03777,-3.20706,0.307549,2.3245,13.1329,1.55466,97,0.00722755,-6.56164,2.39542,-4.04987,-3.15988,0.301364,2.2144,14.4985,1.5229,97,0.016535,-6.5961,2.36451,-3.96288,-3.22609,0.310851,2.15335,10.5636,1.50046,97,0.00380986,0.198672,0.201654,0.385175,0.409525,0.111121,1.43669,6.04834,0.171348,0,0.0326047,NBA,2,Omicron,3,Boosted,0,G_NBA,G_0
887_1,-6.62108,2.32443,-4.03611,-5.7514,1.31317,2.47546,13.486,1.47596,97,0.0127319,-6.63889,2.34612,-4.03313,-5.25814,1.12328,2.48089,11.8996,1.4952,97,0.0110738,-6.64663,2.36221,-3.96997,-4.93016,1.02285,2.15823,10.5708,1.46753,97,0.00379128,0.177149,0.225266,0.422906,0.794758,0.463225,1.35711,6.47548,0.186748,0,0.0156566,NBA,2,Omicron,-1,No record,0,G_NBA,G_0
2897_1,-6.73712,2.09517,-3.81205,-3.93644,0.335529,1.64332,7.81684,1.46223,97,0.00842544,-6.79943,2.0895,-3.95131,-4.49461,0.601338,1.81646,8.89288,1.45824,97,0.00966985,-6.78959,2.03609,-3.92515,-4.40493,0.470418,1.62153,7.98547,1.44061,97,0.00407324,0.167595,0.19259,0.408936,0.587002,0.306831,0.95711,2.83791,0.160223,0,0.0190324,NBA,1,Omicron,3,Boosted,0,G_NBA,G_0
1972_1,-6.57291,2.64345,-3.94221,-3.81335,1.15218,2.091,11.0168,1.5544,97,0.0127824,-6.53411,2.49439,-3.99796,-3.8294,0.97143,2.50411,10.8179,1.53473,97,0.00906672,-6.61393,2.52327,-3.96729,-3.69792,0.923419,2.36915,6.88097,1.53807,97,0.00325285,0.145452,0.181155,0.420672,0.497878,0.28189,1.14139,11.8851,0.183924,0,0.0170913,NBA,1,Delta,-1,No record,0,G_NBA,G_0
2633_1,-6.67336,2.29757,-3.93169,-5.0594,0.732426,2.25017,14.3871,1.4138,97,0.0102751,-6.67443,2.27974,-4.01113,-5.25343,0.755252,1.97454,13.187,1.44066,97,0.00953957,-6.6579,2.23366,-4.00384,-4.98616,0.737836,1.8858,12.7143,1.41763,97,0.00287909,0.165682,0.186554,0.376014,0.905136,0.188458,0.953214,2.85988,0.13451,0,0.0136369,NBA,1,Delta,-1,No record,0,G_NBA,G_0
180_1,-6.6587,2.22977,-3.88749,-6.01737,1.01876,2.16276,16.5936,1.45164,97,0.0195195,-6.68787,2.2512,-4.04942,-6.3312,1.09229,2.22891,16.4623,1.41889,97,0.0105602,-6.67101,2.2335,-3.97781,-6.06986,1.07724,2.05175,12.971,1.4374,97,0.003944,0.128175,0.166254,0.342961,0.729729,0.174061,1.1325,5.74934,0.147966,0,0.0203577,NBA,2,Delta,-1,No record,0,G_NBA,G_0
2152_1,-6.77794,1.95906,-3.95895,-6.30321,1.06725,2.80992,6.56551,1.49801,97,0.010147,-6.73394,1.90667,-3.981,-6.40127,1.05992,2.93128,6.94388,1.48109,97,0.00841745,-6.80172,1.98173,-3.95356,-5.77643,0.918043,2.5845,7.21577,1.4405,97,0.00362734,0.165124,0.158376,0.411008,1.04791,0.541066,1.35105,3.65341,0.163158,0,0.0116775,NBA,1,Delta,-1,No record,0,G_NBA,G_0
2564_1,-6.65258,2.33199,-4.05598,-2.5178,0.449764,2.34942,15.1965,1.49,97,0.0114464,-6.63458,2.33675,-3.93418,-2.28944,0.335637,2.64493,12.7135,1.4555,97,0.0209254,-6.70728,2.32189,-3.96226,-2.42879,0.397237,2.27688,10.7489,1.48866,97,0.00360868,0.173333,0.241213,0.389285,0.544577,0.1365,1.67901,5.01635,0.175098,0,0.0801843,NBA,1,Delta,-1,No record,0,G_NBA,G_0
1571_1,-6.46796,2.44452,-4.07991,-4.17716,0.421584,2.83426,17.1336,1.52484,97,0.00865555,-6.55474,2.49771,-4.03226,-4.12399,0.402298,2.34109,16.9174,1.55718,97,0.011772,-6.52756,2.43965,-3.9642,-4.22216,0.417229,2.22641,11.6041,1.52376,97,0.00357573,0.173976,0.196641,0.366931,0.451792,0.108249,1.2079,5.99117,0.197818,0,0.0160536,NBA,1,Omicron,3,Boosted,0,G_NBA,G_0
1442_1,-6.59607,2.12207,-3.94188,-5.75355,0.707464,2.62026,14.51,1.44824,97,0.00806651,-6.6455,2.12835,-3.9475,-5.28721,0.626374,2.99465,15.1034,1.47968,97,0.0169273,-6.69992,2.17003,-3.99113,-5.13395,0.63421,2.82486,13.905,1.441,97,0.00374487,0.159919,0.186451,0.373615,0.74592,0.114774,1.79656,5.20076,0.189828,0,0.0330062,NBA,3,Omicron,3,Boosted,0,G_NBA,G_0
1650_1,-6.70197,1.96005,-3.9719,-6.59543,0.513704,2.15668,14.7084,1.41947,97,0.014154,-6.76812,2.01819,-3.95684,-6.23035,0.502191,2.34563,14.1202,1.46575,97,0.0112773,-6.74305,2.01026,-3.96294,-6.25616,0.48524,2.30286,9.04274,1.42419,97,0.00350621,0.171933,0.193246,0.393647,0.695783,0.191324,1.29418,5.69324,0.156416,0,0.0263363,NBA,2,Delta,2,Second dose,0,G_NBA,G_0
2068_1,-6.68553,2.19873,-3.92536,-6.44396,0.782639,2.22767,11.3067,1.44521,97,0.00809874,-6.68793,2.22233,-3.83052,-6.15436,0.754239,2.66707,11.4255,1.43967,97,0.00983774,-6.69415,2.19166,-3.97799,-6.05973,0.687518,2.29334,10.7833,1.42615,97,0.00356295,0.178301,0.19485,0.44055,0.775023,0.324769,1.29903,5.36914,0.158732,0,0.0141204,NBA,3,Omicron,3,Boosted,0,G_NBA,G_0
2238_1,-6.69068,2.45896,-4.06362,-2.96751,0.439705,2.55619,14.9236,1.48549,97,0.0103681,-6.60452,2.24514,-3.99689,-3.48495,0.442785,2.24919,15.4827,1.47595,97,0.00919585,-6.68067,2.29382,-3.97592,-3.16534,0.389515,2.23178,10.6219,1.47195,97,0.0037725,0.167234,0.240807,0.385195,1.33375,0.226075,1.021,7.69082,0.149244,0,0.0197018,NBA,2,Delta,-1,No record,0,G_NBA,G_0
2032_1,-6.70392,2.22449,-4.09433,-6.04261,0.72158,2.14487,9.42735,1.42848,97,0.010249,-6.65328,2.19014,-3.93345,-6.11367,0.723183,2.5778,10.8709,1.42162,97,0.00956114,-6.71366,2.21234,-3.9712,-6.12106,0.784452,2.52178,9.81119,1.47251,97,0.00324083,0.139376,0.176743,0.33448,0.694881,0.201439,1.12899,3.68216,0.169921,0,0.0174189,NBA,1,Delta,-1,No record,0,G_NBA,G_0
1213_1,-6.58489,2.47729,-3.90639,-4.57739,1.02233,2.39868,11.5544,1.49757,97,0.0113568,-6.56815,2.50045,-3.93426,-4.47244,1.0488,2.56909,12.2372,1.49954,97,0.0108037,-6.62502,2.43843,-3.96551,-4.35321,0.933262,2.15533,10.5641,1.48166,97,0.00379636,0.173508,0.211495,0.409336,1.00363,0.460784,1.21927,6.63018,0.169663,0,0.0201164,NBA,1,Omicron,3,Boosted,0,G_NBA,G_0
2477_1,-6.51951,2.49024,-4.02347,-5.48969,0.893961,2.46465,15.1122,1.53798,97,0.011127,-6.4686,2.46296,-3.9839,-5.40882,0.819509,2.64474,13.4945,1.57628,97,0.0110383,-6.54826,2.47835,-3.96686,-5.40191,0.89747,2.15327,10.5604,1.49911,97,0.00379353,0.152149,0.186081,0.377412,0.750691,0.185884,1.39578,6.34933,0.187241,0,0.0341038,NBA,2,Omicron,3,Boosted,0,G_NBA,G_0
1221_1,-6.60387,2.61178,-3.95749,-3.52297,1.12915,2.86917,6.90361,1.54905,97,0.0136006,-6.60903,2.56908,-3.88093,-3.41046,1.00689,2.42156,6.83246,1.50653,97,0.0104581,-6.64115,2.51544,-3.90537,-3.50675,0.901068,2.62311,4.61239,1.47755,97,0.00477389,0.158568,0.234324,0.327574,0.502023,0.422645,1.20928,4.99001,0.216094,0,0.0210349,NBA,2,Delta,-1,No record,0,G_NBA,G_0
1739_1,-6.6713,1.98632,-3.9903,-5.98727,0.53157,2.80611,15.1108,1.46186,97,0.0104756,-6.73273,2.04302,-3.97602,-6.07764,0.571509,2.32175,16.0687,1.44537,97,0.0105388,-6.71546,2.07141,-3.96502,-5.7529,0.552775,2.19737,10.9154,1.43594,97,0.00374669,0.169835,0.209307,0.418856,0.90429,0.174869,1.05042,5.54271,0.162133,0,0.0270736,NBA,1,Delta,-1,No record,0,G_NBA,G_0
796_1,-6.66186,2.16944,-3.99787,-6.24379,0.623361,2.43373,12.847,1.38415,97,0.00867112,-6.64977,2.17163,-4.00547,-6.13672,0.558712,2.51058,12.2108,1.34548,97,0.0110092,-6.70037,2.20759,-3.97482,-6.14558,0.651488,2.21249,10.7891,1.37491,97,0.00370145,0.155411,0.169248,0.392835,0.608217,0.175421,1.614,5.93197,0.170726,0,0.0195,NBA,3,Delta,-1,No record,0,G_NBA,G_0
1798_1,-6.46978,2.42961,-4.05459,-5.89331,1.11524,1.90382,10.9964,1.49795,97,0.0106389,-6.54126,2.53136,-3.93828,-5.79988,1.3186,2.22913,15.5112,1.51812,97,0.0152242,-6.57468,2.52274,-3.9486,-5.73593,1.33289,2.15871,10.0617,1.49409,97,0.00369141,0.170044,0.202793,0.37811,0.769483,0.139377,1.05287,6.46103,0.207126,0,0.0336069,NBA,1,Delta,-1,No record,0,G_NBA,G_0
1045_1,-7.01506,1.67967,-4.0056,-7.43894,0.666605,1.31606,14.545,1.49303,97,0.00869588,-6.89051,1.55682,-3.9361,-7.17911,0.470001,2.56815,16.6994,1.4065,97,0.00993715,-6.986,1.62345,-4.036,-7.00143,0.494255,2.42566,16.6552,1.4592,97,0.00390674,0.178272,0.21525,0.440276,0.839502,0.282915,1.23454,1.27859,0.137818,0,0.0254648,NBA,2,Delta,-1,No record,0,G_NBA,G_0
2215_1,-6.53959,2.59865,-3.94778,-4.13475,1.43837,2.96229,6.92536,1.54969,97,0.00646035,-6.53527,2.56536,-3.94533,-4.19208,1.40309,2.79867,7.96637,1.52583,97,0.00983319,-6.61223,2.55579,-3.94082,-3.97804,1.24571,2.52371,5.66461,1.53008,97,0.00301686,0.202355,0.210557,0.370334,1.10381,0.677052,1.57267,5.28263,0.154554,0,0.0169592,NBA,1,Delta,-1,No record,0,G_NBA,G_0
762_1,-6.50117,2.60788,-3.92446,-5.48676,1.06411,2.72635,6.56332,1.52627,97,0.0139893,-6.52652,2.57597,-3.95998,-5.47345,0.921434,2.91626,6.25675,1.50916,97,0.0094103,-6.51726,2.51785,-3.92308,-5.39674,0.866721,2.7754,5.75638,1.51551,97,0.0038985,0.182275,0.219886,0.36373,0.719577,0.338449,1.40761,3.06019,0.193586,0,0.0144259,NBA,1,Delta,-1,No record,0,G_NBA,G_0
1997_1,-6.80151,1.4299,-4.08297,-6.98367,0.685025,1.91037,12.3924,1.45557,97,0.0136704,-6.82731,1.5978,-3.96807,-7.87114,1.60155,2.02613,12.8654,1.50105,97,0.0121599,-6.96025,1.70651,-4.00785,-7.26108,1.27753,1.84816,13.0149,1.46687,97,0.00391953,0.144384,0.209722,0.359838,0.823418,1.00868,0.768068,2.94208,0.169466,0,0.0235834,NBA,2,Delta,-1,No record,0,G_NBA,G_0
1498_1,-6.61212,2.49882,-4.00574,-4.86167,1.16242,2.32689,15.8849,1.47098,97,0.0179316,-6.56588,2.45665,-3.89313,-4.67036,0.902456,2.05778,10.0433,1.47657,97,0.0141329,-6.62033,2.37608,-3.99203,-4.71106,0.905562,2.1039,9.17193,1.53406,97,0.00338655,0.156732,0.227784,0.425595,0.861759,0.314481,1.02983,3.85437,0.164112,0,0.0357853,NBA,2,Omicron,-1,No record,0,G_NBA,G_0
1460_1,-6.67495,2.04197,-3.91353,-6.14158,0.682848,2.70191,13.7414,1.43299,97,0.00786032,-6.70246,2.05709,-4.00958,-5.92608,0.668717,2.32502,12.7813,1.39287,97,0.00724995,-6.71651,2.0966,-3.9716,-5.57147,0.650676,2.19328,10.5684,1.42188,97,0.00369655,0.160948,0.173713,0.39497,0.940135,0.270183,1.22341,5.36575,0.155531,0,0.0111823,NBA,3,Omicron,-1,No record,0,G_NBA,G_0
2434_1,-6.6486,2.33245,-3.91321,-4.17622,0.504661,2.11475,7.09292,1.48094,97,0.00573576,-6.62572,2.26518,-3.94474,-4.53294,0.641203,2.35849,7.77636,1.5066,97,0.00779039,-6.66299,2.27728,-3.93551,-4.45687,0.590957,2.40071,7.39029,1.44822,97,0.00381741,0.182207,0.215775,0.385065,0.833226,0.289837,1.03829,2.51147,0.176586,0,0.01128,NBA,3,Omicron,3,Boosted,0,G_NBA,G_0
1629_1,-6.47212,2.40021,-4.0089,-5.66374,0.762809,2.01472,9.12177,1.50752,97,0.0859138,-6.53092,2.49632,-3.95476,-5.72504,0.833983,2.3264,10.389,1.5035,97,0.00693077,-6.54676,2.46904,-3.96441,-5.56337,0.813985,2.2843,9.69884,1.49789,97,0.00405799,0.177731,0.176094,0.346942,0.651173,0.190014,1.19208,3.95489,0.169605,0,0.0112094,NBA,2,Omicron,3,Boosted,0,G_NBA,G_0
552_1,-6.54655,2.19271,-3.94806,-5.29132,0.44572,2.07198,14.7121,1.51515,97,0.00989666,-6.57137,2.31755,-3.99301,-4.95219,0.420999,2.31467,15.3622,1.44489,97,0.0156521,-6.59278,2.2597,-3.9624,-4.98238,0.420852,2.15664,10.5688,1.47884,97,0.00378574,0.181548,0.211722,0.423024,0.62416,0.113334,1.33362,5.79257,0.174082,0,0.0518469,NBA,3,Omicron,3,Boosted,0,G_NBA,G_0
1743_1,-6.59626,1.84801,-3.89144,-6.17102,0.394113,2.31202,8.77325,1.43725,97,0.00595175,-6.69695,1.91621,-3.93104,-6.13772,0.409503,2.71775,9.23769,1.4375,97,0.0115152,-6.73913,1.97146,-3.95375,-5.99138,0.450589,3.20587,9.75387,1.42154,97,0.003835,0.146175,0.15004,0.409954,0.659373,0.117957,0.840173,0.707294,0.163117,0,0.0215666,NBA,1,Omicron,3,Boosted,0,G_NBA,G_0
2312_1,-6.56815,2.38068,-3.84956,-5.37425,1.11284,2.42588,12.8777,1.48709,97,0.0120554,-6.6069,2.3971,-3.96048,-4.80083,0.891831,1.7514,8.73402,1.49009,97,0.0107175,-6.63885,2.36893,-3.94942,-4.57472,0.841221,1.60258,7.90805,1.47917,97,0.0051812,0.152587,0.197875,0.36069,0.780307,0.334315,1.13412,4.06738,0.149644,0,0.0182361,NBA,1,Omicron,3,Boosted,0,G_NBA,G_0
1750_1,-6.63155,2.29081,-3.86919,-5.79735,0.58227,2.14812,13.3355,1.50952,97,0.0273335,-6.57375,2.25242,-3.93646,-5.72502,0.556717,2.33527,13.4945,1.49115,97,0.0111374,-6.62152,2.26632,-3.95551,-5.64075,0.59354,2.16168,9.31973,1.46565,97,0.0037369,0.165102,0.196803,0.431332,0.777976,0.156573,1.40707,5.78916,0.142512,0,0.0255914,NBA,3,Omicron,2,Second dose,0,G_NBA,G_0
2735_1,-6.54506,2.40213,-4.00156,-6.05494,0.833539,2.09769,15.6292,1.47878,97,0.00791742,-6.54985,2.47608,-3.92866,-5.68476,0.812623,2.2486,15.752,1.4867,97,0.0128867,-6.59803,2.44917,-3.98044,-5.71874,0.820579,2.09197,11.9254,1.50371,97,0.00327999,0.201794,0.185242,0.408866,0.659231,0.118817,1.15996,4.85418,0.167512,0,0.0266714,NBA,1,Delta,-1,No record,0,G_NBA,G_0
1054_1,-6.59753,2.60063,-3.87868,-3.77958,1.33851,2.24774,10.6558,1.47748,97,0.014938,-6.59792,2.58753,-3.96421,-4.35543,1.57206,2.32376,11.324,1.50939,97,0.0106708,-6.64975,2.54742,-3.97905,-4.04467,1.56918,2.17858,10.5469,1.48199,97,0.00395599,0.193878,0.220579,0.439549,1.33965,0.517232,0.938774,6.74624,0.191733,0,0.0254302,NBA,1,Omicron,-1,No record,0,G_NBA,G_0
846_1,-6.70216,2.09933,-3.96748,-6.04024,0.640703,2.41568,16.2266,1.43071,97,0.0117743,-6.71025,2.11871,-4.01143,-5.79101,0.557678,2.14054,12.4019,1.44739,97,0.00726841,-6.7034,2.1015,-3.96693,-5.73193,0.595517,2.17355,10.5793,1.42145,97,0.0037853,0.164447,0.182401,0.406427,0.778022,0.206707,1.11647,5.36226,0.155402,0,0.0083135,NBA,1,Omicron,-1,No record,0,G_NBA,G_0
2581_1,-6.74096,1.90785,-3.86367,-5.9406,0.799358,2.34582,7.8998,1.42355,97,0.0153035,-6.81415,1.97427,-3.84658,-5.7795,0.817234,2.6437,8.03998,1.44789,97,0.010675,-6.79646,1.96103,-3.92759,-5.46025,0.659359,2.26628,7.22779,1.42638,97,0.00407377,0.138391,0.145876,0.457042,0.889667,0.35154,0.957176,2.90187,0.182986,0,0.0229387,NBA,2,Omicron,-1,No record,0,G_NBA,G_0
2218_1,-6.63724,2.0944,-3.88956,-6.22035,0.497303,2.391,15.6419,1.46947,97,0.00684455,-6.64746,2.10133,-4.07768,-6.16416,0.499027,2.18153,15.7107,1.44695,97,0.0110408,-6.67429,2.11285,-3.96087,-6.04652,0.49428,2.24779,10.1492,1.45762,97,0.00274613,0.153451,0.175176,0.502955,0.660904,0.128271,1.00059,7.09997,0.182011,0,0.0337931,NBA,3,Omicron,2,Second dose,0,G_NBA,G_0
915_1,-6.57322,2.44663,-3.97316,-3.27849,0.542976,2.65793,8.24302,1.49271,97,0.0122167,-6.53373,2.36685,-3.9203,-3.80704,0.655234,1.99929,9.09061,1.47908,97,0.0128125,-6.65636,2.3863,-3.96122,-3.57179,0.579617,1.80824,7.85721,1.47903,97,0.00350044,0.184265,0.22404,0.399655,1.14052,0.354542,1.08665,4.91102,0.170978,0,0.0218042,NBA,2,Omicron,3,Boosted,0,G_NBA,G_0
1590_1,-6.50283,2.45599,-4.0878,-4.63082,0.491064,2.05133,20.4622,1.55129,97,0.00492408,-6.51761,2.45066,-3.92861,-4.68136,0.532432,2.50524,23.6507,1.52525,97,0.0166556,-6.55854,2.3793,-4.00437,-4.76214,0.521598,2.23255,16.9482,1.51949,97,0.00367826,0.207622,0.224481,0.405783,0.658916,0.114567,1.43907,8.58,0.187964,0,0.0329727,NBA,3,Omicron,-1,No record,0,G_NBA,G_0
2324_1,-6.61249,2.25671,-3.97051,-4.97432,0.626758,2.51452,14.5584,1.40837,97,0.00763367,-6.59562,2.23182,-3.97995,-4.99408,0.632062,2.26928,13.1218,1.4088,97,0.0130391,-6.63665,2.2583,-3.96662,-4.78074,0.566542,2.01815,10.545,1.42317,97,0.00379723,0.161523,0.213392,0.362493,0.798167,0.307584,1.20228,7.43039,0.157668,0,0.035802,NBA,3,Omicron,2,Second dose,0,G_NBA,G_0
2362_1,-6.69212,2.16349,-3.90608,-5.39864,0.692255,2.52376,14.1756,1.45815,97,0.00970481,-6.6793,2.13574,-4.01581,-5.62937,0.701316,2.38355,14.3545,1.4539,97,0.00953656,-6.69998,2.15453,-3.97478,-5.41773,0.739442,2.13349,10.3551,1.43524,97,0.00379055,0.14462,0.158301,0.397559,0.981887,0.206484,1.07699,5.8838,0.147948,0,0.0173478,NBA,1,Delta,-1,No record,0,G_NBA,G_0
2112_1,-6.51989,2.62473,-3.95756,-4.22384,1.29205,2.32937,16.7861,1.57965,97,0.0063252,-6.54141,2.56691,-3.9664,-4.27892,1.10204,2.17132,9.67031,1.50889,97,0.00802667,-6.58843,2.53519,-3.94543,-3.91633,0.974794,2.19073,7.45524,1.48811,97,0.0035549,0.175885,0.245327,0.392888,0.82396,0.482876,1.19775,5.42892,0.161269,0,0.0158707,NBA,2,Omicron,-1,No record,0,G_NBA,G_0
1525_1,-6.692,2.31424,-3.88008,-5.91621,0.639703,2.27056,12.4269,1.44633,97,0.00934598,-6.67718,2.32682,-3.97636,-5.95906,0.605885,2.30354,12.0635,1.43296,97,0.0110564,-6.6561,2.26743,-3.96537,-5.95414,0.632944,2.16105,10.5482,1.44678,97,0.00382237,0.173707,0.187126,0.407821,0.662247,0.236504,1.11127,7.67922,0.150026,0,0.0287292,NBA,1,Omicron,-1,No record,0,G_NBA,G_0
3069_1,-6.63262,2.09545,-4.03766,-4.98876,0.61186,2.41482,7.78568,1.46969,97,0.0136122,-6.64452,2.18689,-3.92909,-4.66264,0.58292,2.17979,8.80236,1.48536,97,0.00796956,-6.66541,2.23941,-3.94167,-4.3734,0.511321,2.09925,7.95354,1.46209,97,0.003874,0.176304,0.211957,0.426069,0.721957,0.289122,0.950289,4.0495,0.193337,0,0.0144224,NBA,2,Omicron,-1,No record,0,G_NBA,G_0
175_1,-6.73229,1.84334,-3.80535,-6.4648,0.759148,2.95356,5.03964,1.49881,97,0.0116315,-6.80957,1.96204,-3.92765,-6.72517,0.989293,3.92936,5.07459,1.46996,97,0.00844,-6.82593,1.91024,-3.91061,-6.53881,0.85841,3.6763,4.9624,1.48077,97,0.003432,0.156581,0.173306,0.434884,0.890904,0.512609,1.78496,0.595583,0.152671,0,0.0123762,NBA,1,Omicron,-1,No record,0,G_NBA,G_0
1196_1,-6.53808,2.36559,-3.99962,-4.34151,0.68108,2.33421,14.3814,1.49016,97,0.00699504,-6.54984,2.45722,-3.97569,-4.02607,0.663773,2.60505,12.4148,1.51363,97,0.0126349,-6.62265,2.39118,-3.97622,-4.08591,0.648801,2.30988,10.9086,1.50297,97,0.00289783,0.186661,0.205257,0.390195,0.824775,0.24814,1.46839,5.27405,0.167313,0,0.0191932,NBA,1,Omicron,-1,No record,0,G_NBA,G_0
1825_1,-6.70577,2.12191,-3.85334,-5.63747,0.560479,2.46549,10.9075,1.45396,97,0.0179646,-6.66729,2.08477,-3.94061,-5.81611,0.61606,2.07661,11.7061,1.45665,97,0.0134233,-6.69416,2.1215,-3.97152,-5.47966,0.576534,2.08747,10.543,1.44392,97,0.00388653,0.143043,0.200201,0.347439,0.987343,0.242418,1.09316,4.14155,0.193779,0,0.0256295,NBA,2,Omicron,-1,No record,0,G_NBA,G_0
1522_1,-6.50373,2.44108,-3.89566,-5.52274,1.56901,3.65405,5.15895,1.47588,97,0.00843375,-6.56301,2.50102,-3.88392,-5.24267,1.53751,3.59685,6.12977,1.49342,97,0.0174807,-6.62214,2.46683,-3.91627,-4.9608,1.29709,3.33018,3.32631,1.49813,97,0.00278468,0.166881,0.217659,0.382942,1.09281,0.837649,1.98622,6.30898,0.163796,0,0.0525285,NBA,2,Omicron,-1,No record,0,G_NBA,G_0
1394_1,-6.53258,2.34713,-3.89573,-5.72991,0.695411,1.90577,12.5624,1.51442,97,0.0113367,-6.59049,2.40195,-4.00307,-5.32071,0.662762,2.88591,14.8683,1.49151,97,0.00927225,-6.58237,2.36889,-3.96629,-5.42404,0.721736,2.14791,10.6912,1.48686,97,0.00388167,0.173417,0.208635,0.37809,0.840746,0.201346,1.3073,7.67855,0.166268,0,0.0108096,NBA,1,Omicron,-1,No record,0,G_NBA,G_0
2138_1,-6.60419,2.16477,-4.00802,-5.60868,0.705842,2.46162,18.7453,1.4018,97,0.0131769,-6.68879,2.19492,-3.91294,-5.61515,0.723144,2.19152,19.2902,1.47589,97,0.00769997,-6.6719,2.20367,-4.00248,-5.25895,0.700607,2.11655,14.9967,1.44611,97,0.00381345,0.138,0.187481,0.398142,0.792318,0.126023,1.01054,5.33062,0.170931,0,0.0113496,NBA,3,Omicron,-1,No record,0,G_NBA,G_0
831_1,-6.59478,2.55863,-3.88509,-3.86064,0.943257,4.02322,3.41208,1.54676,97,0.015505,-6.51962,2.55849,-3.90281,-4.30978,1.44269,3.33268,6.42597,1.57067,97,0.00870965,-6.60683,2.57442,-3.9107,-4.03252,1.30144,3.15325,3.59223,1.56562,97,0.00317776,0.183704,0.208801,0.344016,1.01679,0.699377,1.73068,5.74869,0.16283,0,0.0114559,NBA,2,Omicron,-1,No record,0,G_NBA,G_0
465_1,-6.77428,1.93293,-3.86785,-6.42266,1.10897,2.10691,10.2496,1.386,97,0.00895236,-6.78785,1.95275,-3.96769,-6.21164,0.950819,2.41741,10.3344,1.36026,97,0.0137653,-6.8245,1.95506,-3.96576,-5.69662,0.804902,2.11017,10.4664,1.39434,97,0.00345158,0.176155,0.196711,0.392411,0.869246,0.469314,1.33351,6.42864,0.151242,0,0.0244853,NBA,2,Omicron,-1,No record,0,G_NBA,G_0
1388_1,-6.53465,2.54295,-4.0251,-3.11297,0.783677,2.72044,12.1549,1.51091,97,0.00889652,-6.54103,2.53143,-3.93247,-3.20759,0.794075,2.40876,12.6324,1.5266,97,0.00639029,-6.62264,2.50924,-3.96448,-3.16264,0.69604,2.18821,10.5962,1.5082,97,0.00371462,0.188692,0.255503,0.423878,0.588455,0.398337,1.24547,7.45456,0.178898,0,0.0090061,NBA,1,Omicron,-1,No record,0,G_NBA,G_0
1573_1,-6.5348,2.56278,-3.97752,-4.82887,0.794526,2.73598,8.41121,1.57646,97,0.00968199,-6.49717,2.51254,-3.98956,-5.15258,0.867104,2.48837,8.36441,1.51029,97,0.0102098,-6.54891,2.4936,-3.96045,-4.81301,0.868822,2.66433,8.50367,1.50832,97,0.00382839,0.18084,0.243544,0.373036,1.0416,0.216102,1.56464,2.13499,0.158958,0,0.0227718,NBA,2,Omicron,-1,No record,0,G_NBA,G_0
2495_1,-6.96431,1.78021,-3.98669,-6.89997,0.838235,2.28186,13.1489,1.42636,97,0.00809283,-6.9635,1.78755,-3.93624,-6.63508,0.972324,2.43295,12.8302,1.40786,97,0.012185,-6.94948,1.74364,-3.95145,-6.43954,0.776194,2.16901,10.182,1.42833,97,0.00395314,0.135826,0.140039,0.396749,1.06025,0.67988,1.13936,7.65584,0.168568,0,0.022059,NBA,2,Omicron,-1,No record,0,G_NBA,G_0
1579_1,-6.46691,2.52209,-3.94192,-5.8689,1.00882,2.38749,17.2785,1.57612,97,0.00560316,-6.50475,2.58453,-4.07906,-5.2777,0.943318,2.17117,16.1709,1.50195,97,0.0118295,-6.54483,2.53354,-3.97977,-5.28568,0.966512,2.20185,11.0274,1.5132,97,0.00336132,0.159348,0.205718,0.442276,0.736573,0.15026,1.11782,7.21445,0.183001,0,0.025314,NBA,2,Omicron,-1,No record,0,G_NBA,G_0
1551_1,-6.57199,2.28266,-3.97671,-5.8247,0.562419,2.62032,11.3664,1.39035,97,0.0128411,-6.60465,2.29248,-3.98701,-5.90178,0.625066,2.60624,11.2251,1.42898,97,0.0116687,-6.63114,2.31302,-3.96424,-5.82418,0.700554,2.15329,10.4607,1.4129,97,0.00367252,0.156066,0.188672,0.399055,0.701467,0.179568,1.4674,5.82378,0.164368,0,0.017615,NBA,2,Omicron,2,Second dose,0,G_NBA,G_0
338_1,-6.68231,2.17534,-3.78813,-6.58497,1.25932,2.17361,10.6668,1.46974,97,0.0112283,-6.67174,2.30669,-3.9649,-6.10951,1.07487,2.17908,12.2285,1.46154,97,0.015269,-6.66137,2.27289,-3.97333,-5.69121,1.02743,2.19856,10.4617,1.45489,97,0.00381157,0.172355,0.28573,0.393566,1.01528,0.297578,1.04381,7.23388,0.160065,0,0.0306131,NBA,2,Omicron,-1,No record,0,G_NBA,G_0
2202_1,-6.57163,2.29643,-4.00404,-5.86778,0.997354,2.14773,12.6108,1.45301,97,0.00702051,-6.61373,2.27297,-4.03847,-6.08994,0.969322,2.22644,14.2527,1.48781,97,0.00874718,-6.6403,2.35025,-3.95874,-5.59241,0.971074,2.04729,9.29887,1.45385,97,0.00421507,0.166261,0.203681,0.417219,0.844451,0.2227,1.13662,6.67192,0.183761,0,0.0113023,NBA,2,Omicron,-1,No record,0,G_NBA,G_0
2694_1,-6.6525,2.13091,-3.91231,-5.55351,0.634678,2.77668,9.9792,1.46416,97,0.0119012,-6.64936,2.07492,-3.93696,-5.9649,0.699325,2.4565,9.50205,1.48835,97,0.0110902,-6.72684,2.09975,-3.96435,-5.75988,0.697249,2.27246,9.66659,1.49741,97,0.00352417,0.17155,0.254616,0.408125,1.10457,0.275353,1.14299,2.4605,0.175483,0,0.0193973,NBA,1,Omicron,-1,No record,0,G_NBA,G_0
2237_1,-6.55909,2.32763,-3.95318,-4.89889,0.709789,2.57578,17.1991,1.49691,97,0.00675256,-6.60176,2.36272,-3.91343,-4.83861,0.720253,2.30226,13.1103,1.45403,97,0.00818609,-6.62074,2.34646,-3.96256,-5.04723,0.823951,2.15694,10.5813,1.47229,97,0.00375865,0.163713,0.207694,0.404628,0.89346,0.274306,1.10224,5.69861,0.190336,0,0.0143471,NBA,3,Omicron,-1,No record,0,G_NBA,G_0
2116_1,-6.72111,2.15025,-4.02513,-6.06852,0.830323,2.10692,10.7245,1.45951,97,0.00872897,-6.75308,2.13683,-4.01231,-6.33874,0.915389,2.30498,13.6645,1.48036,97,0.00664392,-6.72396,2.15484,-3.9708,-5.88964,0.870373,2.22092,10.4308,1.44384,97,0.00371641,0.159209,0.187872,0.504837,0.934702,0.280678,1.19717,6.14377,0.165532,0,0.00812947,NBA,3,Omicron,-1,No record,0,G_NBA,G_0
1829_1,-6.57793,2.29271,-3.87635,-4.69698,0.570614,2.52087,12.2554,1.52423,97,0.02618,-6.57289,2.30307,-3.97133,-4.66503,0.551601,2.52505,13.2794,1.51172,97,0.00907423,-6.61388,2.31193,-3.96417,-4.49554,0.510615,2.15065,10.5598,1.47735,97,0.00379975,0.168945,0.18733,0.398577,0.636207,0.232379,1.29949,6.99412,0.155704,0,0.0165451,NBA,2,Omicron,-1,No record,0,G_NBA,G_0
2147_1,-6.69545,2.10487,-3.8915,-5.62297,0.797054,2.31248,10.871,1.47865,97,0.00715481,-6.65717,2.0601,-3.99391,-5.16958,0.647898,2.49183,12.595,1.46321,97,0.00857989,-6.74877,2.11079,-3.95351,-5.08151,0.709137,2.43363,10.8633,1.49005,97,0.00342441,0.185598,0.222449,0.37054,0.829633,0.298447,1.43334,7.22722,0.171404,0,0.0183536,NBA,2,Omicron,-1,No record,0,G_NBA,G_0
2887_1,-6.5914,2.14131,-3.96714,-6.14739,1.41666,2.46347,4.7446,1.40993,97,0.00939662,-6.68508,2.31696,-3.89237,-6.33638,2.3678,2.21602,10.5438,1.36944,97,0.0116164,-6.68634,2.30888,-3.97127,-6.28893,2.56175,1.94639,10.5926,1.40406,97,0.00376139,0.135878,0.13273,0.392021,1.0557,0.533451,1.42713,5.65035,0.182769,0,0.0267944,NBA,1,Omicron,2,Second dose,0,G_NBA,G_0
2640_1,-6.69133,1.83483,-4.0835,-6.12054,0.555515,2.40107,12.5308,1.46089,97,0.013675,-6.7844,1.93989,-4.03597,-5.855,0.553747,2.04628,14.7647,1.46455,97,0.0144505,-6.79673,1.93919,-3.96913,-5.72431,0.580194,2.13449,10.5787,1.45374,97,0.00392992,0.131797,0.145226,0.388177,0.877814,0.248571,1.14588,10.1174,0.185941,0,0.0338633,NBA,2,Omicron,-1,No record,0,G_NBA,G_0
1441_1,-6.72239,1.98632,-3.87583,-5.95578,0.40876,1.97271,16.3438,1.48405,97,0.0115682,-6.68365,1.95498,-4.05491,-6.07323,0.46991,2.23461,17.2479,1.47425,97,0.0120808,-6.71507,2.00184,-3.99103,-5.89323,0.470127,2.10445,11.4068,1.4514,97,0.00399482,0.146378,0.163375,0.433281,0.703394,0.139602,1.18674,8.02441,0.168284,0,0.015715,NBA,3,Omicron,-1,No record,0,G_NBA,G_0
2720_1,-6.55947,2.59754,-3.83186,-3.80307,0.908766,2.70025,6.75445,1.50149,97,0.0082767,-6.58157,2.61206,-3.95186,-4.04196,1.02041,2.4799,8.07133,1.59248,97,0.00680398,-6.57833,2.55728,-3.91358,-3.87283,0.924562,2.4045,6.02297,1.51505,97,0.00376069,0.180719,0.210534,0.341504,0.642048,0.397224,1.25491,5.94947,0.152112,0,0.00945275,NBA,1,Omicron,-1,No record,0,G_NBA,G_0
2829_1,-6.64364,2.212,-4.01649,-5.26986,0.822998,2.18178,12.1242,1.48077,97,0.0103928,-6.64522,2.20823,-3.92584,-5.2683,0.795127,2.4284,11.9824,1.46005,97,0.0139064,-6.7017,2.23787,-3.95581,-4.98296,0.8504,2.20414,10.2429,1.44913,97,0.00365277,0.152483,0.166015,0.38376,1.18506,0.354285,1.26481,5.43869,0.162597,0,0.0290607,NBA,1,Omicron,-1,No record,0,G_NBA,G_0
1725_1,-6.53181,2.49018,-4.11147,-4.43344,0.786342,2.17469,14.0671,1.47227,97,0.0068483,-6.58313,2.52389,-4.0092,-4.39977,0.819288,2.50535,14.8645,1.49249,97,0.0072699,-6.59179,2.44221,-3.96024,-4.27771,0.752845,2.26917,10.9834,1.49509,97,0.003343,0.203307,0.24405,0.422901,1.14178,0.292808,1.34141,7.13455,0.163508,0,0.0105165,NBA,1,Omicron,-1,No record,0,G_NBA,G_0
2296_1,-6.57098,2.42851,-3.98161,-3.89702,0.76389,2.642,11.8849,1.48269,97,0.00905938,-6.61449,2.51187,-3.99998,-3.83464,0.77786,2.41174,13.2581,1.46653,97,0.010583,-6.63771,2.41733,-3.96376,-3.84704,0.698509,2.16403,10.6535,1.48793,97,0.00348729,0.180149,0.2431,0.449314,0.979058,0.37715,1.32921,6.90025,0.176949,0,0.025831,NBA,1,Omicron,-1,No record,0,G_NBA,G_0
1059_1,-6.67414,2.1735,-3.93836,-5.11769,0.574426,2.00492,14.9059,1.44115,97,0.00956844,-6.67597,2.11953,-4.01095,-5.32554,0.573052,2.32803,15.3154,1.45515,97,0.0115819,-6.71267,2.12356,-3.96229,-5.38707,0.675164,2.1512,10.5786,1.43771,97,0.00378349,0.184074,0.208932,0.38623,1.0409,0.237488,1.06956,7.22711,0.18281,0,0.019203,NBA,2,Omicron,-1,No record,0,G_NBA,G_0
80_1,-6.57375,2.67489,-3.96871,-4.06157,1.85735,2.40188,9.10838,1.51421,97,0.00806471,-6.55143,2.68819,-3.92416,-4.00841,1.75214,2.77926,9.95404,1.49928,97,0.00742858,-6.59961,2.66437,-3.98042,-4.03919,1.92906,2.09682,10.4987,1.51142,97,0.00385507,0.158941,0.222814,0.380117,0.966417,0.556932,1.42833,6.32673,0.191088,0,0.0142049,NBA,2,Omicron,-1,No record,0,G_NBA,G_0
3005_1,-6.53573,2.47073,-4.03474,-3.2396,0.500863,2.40771,12.6126,1.57284,97,0.0120477,-6.59153,2.53071,-3.97064,-3.15792,0.512917,2.3522,15.4336,1.51101,97,0.0113914,-6.60005,2.45341,-3.96927,-3.20451,0.480581,2.28162,10.654,1.51326,97,0.00363733,0.142045,0.210726,0.527137,0.523135,0.194123,1.01165,5.7749,0.175386,0,0.0225198,NBA,1,Omicron,-1,No record,0,G_NBA,G_0
1032_1,-6.69362,2.26259,-3.97332,-4.89352,0.742016,2.44509,13.8534,1.43263,97,0.00829978,-6.65448,2.24748,-3.94093,-4.61624,0.647579,2.31235,12.3271,1.40493,97,0.0109023,-6.70977,2.29548,-3.96572,-4.5435,0.713297,2.10774,10.2994,1.40807,97,0.00399411,0.159249,0.203463,0.361311,1.01156,0.298205,1.30318,5.45408,0.132361,0,0.0270552,NBA,1,Omicron,-1,No record,0,G_NBA,G_0
1365_1,-6.69199,2.07341,-3.92935,-5.12857,0.381616,2.30502,15.5909,1.44611,97,0.0108601,-6.64679,1.95688,-4.07171,-5.40114,0.400747,2.24689,14.744,1.49994,97,0.00760587,-6.71628,2.00937,-3.96062,-5.10197,0.345138,2.12341,10.3086,1.46581,97,0.00383405,0.173626,0.174375,0.452662,0.727639,0.134949,1.17003,5.43648,0.156353,0,0.0140705,NBA,1,Omicron,-1,No record,0,G_NBA,G_0
1998_1,-6.70541,2.11616,-4.00677,-5.76922,0.606781,2.57414,11.8336,1.43623,97,0.00681139,-6.71237,2.11017,-3.87522,-5.80235,0.616385,2.62587,12.2221,1.43995,97,0.00813376,-6.69409,2.11854,-3.96534,-5.33961,0.540229,2.19316,10.9999,1.41651,97,0.00378587,0.162832,0.203062,0.372577,0.80924,0.188871,1.2524,1.59674,0.174789,0,0.0133845,NBA,2,Omicron,-1,No record,0,G_NBA,G_0
1990_1,-6.58408,2.14256,-4.01894,-4.35148,0.313972,2.34488,15.9399,1.47678,97,0.0194879,-6.61529,2.23136,-3.91782,-4.13424,0.294121,2.23446,16.014,1.43096,97,0.0172437,-6.61348,2.23052,-3.95981,-4.05667,0.282507,2.07311,11.0693,1.42537,97,0.0038626,0.170257,0.201984,0.416306,0.687718,0.105298,1.20867,6.60433,0.166226,0,0.0661863,NBA,1,Omicron,-1,No record,0,G_NBA,G_0
1340_1,-7.09823,1.85168,-4.0368,-7.36473,1.92387,3.52559,14.4708,1.44336,97,0.00639128,-6.91044,1.50279,-3.9587,-7.21792,1.18647,2.93649,14.6324,1.49945,97,0.018375,-6.93996,1.49415,-3.97981,-7.2817,0.865097,2.74736,14.1072,1.48972,97,0.00395192,0.0838244,0.212817,0.38976,0.836636,1.01466,1.17898,1.00389,0.156919,0,0.0518519,NBA,2,Omicron,-1,No record,0,G_NBA,G_0
1890_1,-6.68019,2.35652,-3.95335,-4.49744,1.15737,3.18635,9.60322,1.45096,97,0.0142704,-6.7067,2.38091,-3.89185,-3.86359,0.790522,2.45713,7.86105,1.51676,97,0.0064906,-6.70956,2.31742,-3.93827,-3.93682,0.752414,2.77742,6.67981,1.45909,97,0.00390572,0.174552,0.203836,0.406082,0.481486,0.30944,1.11462,4.71789,0.184849,0,0.0150652,NBA,1,Omicron,-1,No record,0,G_NBA,G_0
2492_1,-6.80219,1.7603,-3.96686,-5.54894,0.719234,2.37245,12.6962,1.4566,97,0.0147419,-6.79507,1.72172,-3.95515,-5.82656,0.62036,2.37148,12.0873,1.50043,97,0.0106466,-6.90233,1.7764,-3.96456,-5.42116,0.548682,2.18577,10.6088,1.48111,97,0.00376332,0.182273,0.209903,0.371261,1.30315,0.425663,1.40264,6.8031,0.178515,0,0.0202689,NBA,1,Omicron,-1,No record,0,G_NBA,G_0
2279_1,-6.62242,2.2199,-3.99328,-5.95872,0.869213,2.3882,11.5744,1.50967,97,0.00964512,-6.63047,2.28038,-3.99725,-5.8155,0.927935,2.55307,13.1707,1.45288,97,0.0110842,-6.65559,2.29153,-3.96737,-5.78295,1.01941,2.15079,10.5483,1.45933,97,0.00382363,0.175317,0.180877,0.437368,0.816388,0.238351,1.15934,5.51278,0.168435,0,0.0216822,NBA,1,Omicron,-1,No record,0,G_NBA,G_0
2539_1,-6.69203,2.08072,-4.02267,-5.69019,0.546438,2.85755,17.1759,1.48076,97,0.00859915,-6.69066,2.0988,-4.01416,-5.62637,0.532259,2.59738,14.8295,1.45096,97,0.0131744,-6.68737,2.1144,-3.96067,-5.39737,0.514357,2.16521,10.3544,1.44438,97,0.00385602,0.181979,0.211959,0.429103,0.888906,0.162532,1.20929,5.39748,0.150957,0,0.0267483,NBA,2,Omicron,-1,No record,0,G_NBA,G_0
2124_1,-6.56271,2.26627,-4.08386,-6.2142,0.475928,2.30564,15.5696,1.47319,97,0.00616766,-6.60138,2.37297,-3.93169,-5.94147,0.492714,2.15093,17.091,1.44819,97,0.0164878,-6.6195,2.3284,-3.96746,-5.88141,0.46196,2.11615,11.2091,1.45612,97,0.00410125,0.172334,0.183618,0.395849,0.584875,0.137158,1.39113,8.38847,0.155397,0,0.0586445,NBA,1,Omicron,-1,No record,0,G_NBA,G_0
2399_1,-6.54222,2.2802,-3.93094,-6.10957,0.801099,2.77417,11.6242,1.50258,97,0.00841532,-6.58147,2.34919,-3.97089,-5.44189,0.740345,2.28777,12.7068,1.4842,97,0.00895765,-6.62146,2.32806,-3.92531,-5.58732,0.788632,2.3502,7.88517,1.52872,97,0.00356383,0.1693,0.178068,0.415427,0.826491,0.264601,1.22244,7.49953,0.173815,0,0.0159755,NBA,1,Omicron,-1,No record,0,G_NBA,G_0
1745_1,-6.57084,2.42535,-3.88718,-5.13219,0.909392,2.31683,11.6928,1.50584,97,0.00958827,-6.61081,2.43071,-3.88697,-5.11726,0.899438,2.30399,12.2639,1.47097,97,0.0077442,-6.62098,2.37815,-3.95975,-4.95049,0.868073,2.27698,10.5643,1.49014,97,0.00374514,0.197072,0.234816,0.402679,0.958734,0.327266,1.2708,7.06124,0.164055,0,0.0209054,NBA,1,Omicron,-1,No record,0,G_NBA,G_0
1057_1,-6.73121,1.92043,-3.83699,-6.23171,1.01822,2.29762,11.4694,1.46073,97,0.00721792,-6.79109,2.00575,-3.89377,-5.79758,1.01984,2.48954,11.5924,1.45528,97,0.00833389,-6.82319,1.97837,-3.9647,-5.26244,0.722908,2.15203,10.5566,1.45304,97,0.00379865,0.175646,0.174321,0.382892,0.986014,0.593258,1.14052,5.947,0.153623,0,0.0176368,NBA,1,Omicron,3,Boosted,0,G_NBA,G_0
3014_1,-6.54628,2.49324,-3.89818,-5.41413,0.7469,2.29573,12.2447,1.52273,97,0.0102293,-6.49129,2.47189,-4.00949,-5.21805,0.704154,2.34017,12.3696,1.52416,97,0.0116623,-6.54235,2.46317,-3.98251,-5.25268,0.805378,2.34542,10.8413,1.51031,97,0.00367165,0.1701,0.185313,0.338167,0.796536,0.186039,1.42919,4.97771,0.166395,0,0.0185199,NBA,3,Omicron,-1,No record,0,G_NBA,G_0
1510_1,-6.50624,2.47377,-3.84286,-4.39976,0.837162,2.60551,14.134,1.56141,97,0.0122087,-6.4879,2.51684,-3.92466,-4.25185,0.782332,2.19729,13.6878,1.53675,97,0.0166688,-6.56345,2.51614,-3.96483,-4.15702,0.781165,2.15171,10.5613,1.51448,97,0.00379722,0.182936,0.182591,0.366059,0.601496,0.19777,1.12237,6.83172,0.143334,0,0.0392015,NBA,2,Omicron,-1,No record,0,G_NBA,G_0
2367_1,-6.60675,2.39459,-3.81805,-3.54655,0.662756,2.43644,11.734,1.49886,97,0.0143431,-6.63352,2.44208,-4.02987,-3.56294,0.741022,2.50696,12.5227,1.47976,97,0.00926421,-6.66773,2.36565,-3.96471,-3.64937,0.626654,2.12747,10.495,1.46734,97,0.00376969,0.181715,0.248456,0.393764,0.552527,0.386964,1.28631,6.8459,0.182335,0,0.013055,NBA,2,Omicron,-1,No record,0,G_NBA,G_0
591_1,-6.54557,2.49412,-3.90073,-3.77497,1.04975,2.37784,7.66725,1.55063,97,0.0232912,-6.57873,2.56606,-3.90466,-3.61556,1.04912,2.78847,7.11148,1.52339,97,0.00937317,-6.62687,2.52279,-3.92466,-3.59575,0.966399,2.60973,5.76035,1.49653,97,0.00394565,0.176109,0.225519,0.427784,0.640323,0.395753,1.35091,3.21656,0.168732,0,0.0143224,NBA,1,Omicron,-1,No record,0,G_NBA,G_0
1860_1,-6.71723,1.99848,-3.89271,-6.38375,0.466404,2.07334,14.8192,1.39277,97,0.0167709,-6.76163,2.04776,-4.03963,-6.14946,0.456769,2.30041,16.2884,1.41432,97,0.0136505,-6.71839,2.00556,-3.96138,-6.08349,0.425828,2.09422,11.4897,1.42672,97,0.00373775,0.155214,0.178748,0.447966,0.671169,0.131808,1.27663,6.75326,0.135715,0,0.0315503,NBA,1,Omicron,-1,No record,0,G_NBA,G_0
237_1,-6.75398,2.35277,-3.92793,-3.90971,0.773242,2.50066,10.0507,1.46985,97,0.0164123,-6.64015,2.38345,-4.03352,-3.45511,0.593538,2.73983,8.34277,1.48035,97,0.00717581,-6.71566,2.30313,-3.91925,-3.94342,0.771228,3.03211,7.9443,1.45914,97,0.00389561,0.1926,0.25407,0.348732,0.732921,0.292944,1.43703,3.48147,0.184089,0,0.0132846,NBA,1,Omicron,-1,No record,0,G_NBA,G_0
2344_1,-6.53346,2.58495,-4.03011,-4.59782,1.2838,2.53944,10.5,1.52707,97,0.0107891,-6.49869,2.51859,-3.90568,-4.58288,1.27425,2.5435,11.9649,1.45938,97,0.00948336,-6.5958,2.5487,-3.93742,-4.46667,1.25405,2.2045,8.00305,1.49221,97,0.00361412,0.162483,0.204701,0.421893,0.824095,0.231904,1.43381,7.3097,0.156416,0,0.0144886,NBA,1,Omicron,-1,No record,0,G_NBA,G_0
1714_1,-6.49075,2.33693,-4.05154,-5.63033,0.687146,3.71475,8.12122,1.50296,97,0.00755418,-6.54599,2.42542,-3.97756,-5.29503,0.690959,2.95812,8.24544,1.49831,97,0.00962975,-6.57549,2.39188,-3.97103,-5.28169,0.69012,2.98777,8.27725,1.48406,97,0.0039538,0.180276,0.195051,0.456543,0.687233,0.205387,1.43657,2.23137,0.190474,0,0.0147863,NBA,2,Omicron,-1,No record,0,G_NBA,G_0
497_1,-6.54874,2.62016,-4.02905,-4.50702,1.17071,2.25854,12.1627,1.48176,97,0.00795656,-6.54376,2.55518,-3.8829,-4.73868,1.15839,2.12223,11.5723,1.4883,97,0.00624238,-6.56737,2.52739,-3.9404,-4.48603,1.0834,1.94492,8.17234,1.50898,97,0.00345719,0.182672,0.19935,0.375113,0.873933,0.375682,1.11929,6.84272,0.160391,0,0.007312,NBA,1,Omicron,-1,No record,0,G_NBA,G_0
2044_1,-6.51474,2.45122,-3.89206,-5.13054,1.0315,2.68916,9.9239,1.5325,97,0.0176247,-6.54065,2.58136,-3.98359,-4.3219,0.902516,2.79696,9.80713,1.51719,97,0.00670059,-6.56896,2.47881,-3.93924,-4.35501,0.84095,2.51592,8.01896,1.50229,97,0.00360981,0.15921,0.218359,0.388768,0.853352,0.259249,1.408,4.11913,0.189941,0,0.0105701,NBA,1,Omicron,-1,No record,0,G_NBA,G_0
2348_1,-6.43204,2.48656,-3.83841,-5.60017,0.596808,2.90463,8.73743,1.50638,97,0.00773446,-6.50279,2.56891,-4.00865,-5.62075,0.645559,2.30091,8.54202,1.55123,97,0.0083577,-6.51849,2.50823,-3.94542,-5.51899,0.609625,2.1435,8.47122,1.49896,97,0.00391551,0.159114,0.208948,0.432795,0.593488,0.156687,1.33186,1.24541,0.167434,0,0.0128944,NBA,1,Omicron,-1,No record,0,G_NBA,G_0
421_1,-6.52641,2.50423,-3.97834,-4.269,0.880825,2.86963,9.5127,1.54977,97,0.0079237,-6.53347,2.53545,-4.02219,-3.79076,0.683604,2.91207,8.38375,1.50094,97,0.00922733,-6.58374,2.49344,-3.93788,-3.83798,0.671804,2.87584,7.60317,1.51376,97,0.00393552,0.166659,0.2018,0.36161,0.56586,0.250965,1.48038,5.68452,0.144508,0,0.0186771,NBA,3,Omicron,-1,No record,0,G_NBA,G_0
2280_1,-6.64717,2.0265,-3.95281,-5.21553,0.632299,2.43691,15.8455,1.48464,97,0.00906837,-6.70823,2.08169,-3.93864,-5.10658,0.635684,2.28635,16.0828,1.51434,97,0.0097843,-6.75111,2.09051,-3.98031,-4.98104,0.624644,2.15152,11.8421,1.48369,97,0.00351062,0.15221,0.183733,0.442254,0.845011,0.223797,1.14288,4.96204,0.171243,0,0.0126019,NBA,2,Omicron,-1,No record,0,G_NBA,G_0
2644_1,-6.69641,2.02953,-4.03209,-6.04454,0.879474,2.41489,13.1505,1.49369,97,0.0141028,-6.72462,2.07557,-3.94186,-6.06164,0.92525,2.35881,11.1544,1.46764,97,0.0105366,-6.76052,2.09337,-3.96808,-5.93775,1.08408,2.15836,10.5416,1.46215,97,0.00395616,0.178425,0.197373,0.386915,1.01506,0.404374,1.11568,5.86751,0.162125,0,0.019054,NBA,1,Omicron,-1,No record,0,G_NBA,G_0
2444_1,-6.55059,2.44072,-3.926,-3.64138,0.622844,2.39695,11.5224,1.55291,97,0.00919599,-6.59064,2.56778,-3.85183,-3.49978,0.630587,2.26474,11.3762,1.48479,97,0.00976355,-6.60988,2.4405,-3.95585,-3.63367,0.598877,2.02253,10.4328,1.48746,97,0.00399592,0.175469,0.209992,0.413616,0.643559,0.19777,1.23448,4.00054,0.173741,0,0.0166253,NBA,2,Omicron,-1,No record,0,G_NBA,G_0
947_1,-6.67836,2.30908,-3.94821,-5.99277,0.3898,2.71065,12.1189,1.35576,97,0.0155216,-6.64324,2.24377,-3.99297,-6.09441,0.359379,2.54412,13.3241,1.42036,97,0.0135846,-6.65139,2.26987,-3.96085,-6.01653,0.368112,2.15941,10.6583,1.40429,97,0.00387179,0.157368,0.177059,0.381409,0.530592,0.124828,1.74984,5.47185,0.173539,0,0.048219,NBA,1,Omicron,-1,No record,0,G_NBA,G_0
522_1,-6.63243,2.28256,-4.04602,-5.66448,0.60503,2.32745,14.7103,1.47921,97,0.00734319,-6.63524,2.28111,-3.92623,-5.6967,0.580992,2.27386,13.8267,1.48483,97,0.0137328,-6.6096,2.26963,-4.00875,-5.72182,0.573928,2.12861,8.91154,1.46252,97,0.002739,0.175649,0.219647,0.425527,0.888873,0.18329,1.13713,7.4838,0.167839,0,0.0213242,NBA,2,Omicron,-1,No record,0,G_NBA,G_0
1805_1,-6.71761,2.17242,-4.06261,-6.1276,0.805901,2.32645,12.1699,1.41147,97,0.0149636,-6.67716,2.13708,-3.939,-6.16953,0.808396,2.38154,12.8961,1.42202,97,0.0111681,-6.72253,2.15849,-3.96132,-6.08907,0.89982,2.13585,10.3788,1.44208,97,0.00392538,0.154069,0.180102,0.375449,0.790708,0.277865,1.31469,7.30389,0.144322,0,0.0196969,NBA,2,Omicron,-1,No record,0,G_NBA,G_0
553_1,-6.61378,2.42369,-4.00539,-4.40272,0.690693,1.97108,12.8401,1.53571,97,0.0127407,-6.61177,2.34058,-3.97615,-4.7951,0.752354,2.24792,13.3024,1.50915,97,0.0104123,-6.63466,2.34499,-3.9806,-4.58511,0.702177,2.07225,11.0901,1.46672,97,0.00372966,0.13727,0.242287,0.442374,1.00522,0.25633,1.31381,6.29744,0.151155,0,0.0188727,NBA,2,Omicron,-1,No record,0,G_NBA,G_0
1358_1,-6.62673,2.37344,-3.92332,-5.39664,1.48609,2.6541,7.27164,1.50786,97,0.018129,-6.61683,2.40585,-3.92226,-5.45501,1.5817,2.95227,7.00688,1.49303,97,0.0118596,-6.64333,2.45,-3.89387,-4.99414,1.46606,2.75163,4.1557,1.50636,97,0.00354111,0.177221,0.234508,0.384023,1.10622,0.71329,1.49437,5.5258,0.171881,0,0.0237645,NBA,1,Omicron,-1,No record,0,G_NBA,G_0
2586_1,-6.51472,2.596,-3.92687,-5.45205,1.7525,2.46218,13.3538,1.54352,97,0.00910395,-6.50384,2.66636,-4.01798,-5.01851,1.71307,2.2336,15.3177,1.49646,97,0.00690679,-6.55368,2.62724,-3.95651,-4.92859,1.72828,2.07408,10.6055,1.51945,97,0.00374797,0.161779,0.20536,0.421041,0.927905,0.188504,1.13158,8.67544,0.184667,0,0.00962701,NBA,1,Omicron,-1,No record,0,G_NBA,G_0
1885_1,-6.75385,1.89706,-4.15476,-6.34702,0.378337,2.34363,14.2744,1.46372,97,0.00920962,-6.75407,1.88051,-3.89268,-6.4555,0.382778,2.47703,13.9951,1.45729,97,0.0124575,-6.74806,1.87615,-3.93671,-6.08789,0.32456,2.45914,9.93258,1.45002,97,0.00332195,0.182858,0.194645,0.458156,0.864279,0.160643,1.19216,5.50681,0.176412,0,0.0197043,NBA,3,Omicron,-1,No record,0,G_NBA,G_0
2323_1,-6.43376,2.58292,-3.99506,-4.62695,0.939325,2.62176,15.8429,1.51207,97,0.00739814,-6.52536,2.63307,-4.02779,-4.44172,0.902487,2.14479,16.0638,1.53245,97,0.0131701,-6.53637,2.52801,-3.96101,-4.60456,0.902537,2.17116,11.1053,1.549,97,0.00330445,0.16715,0.240415,0.397482,0.726058,0.175566,1.16391,5.75849,0.211094,0,0.0323747,NBA,2,Omicron,-1,No record,0,G_NBA,G_0
2315_1,-6.56349,2.44301,-3.9903,-4.69342,0.891842,2.35783,10.5966,1.41808,97,0.0138404,-6.60183,2.39822,-3.93568,-4.92414,0.907221,2.24256,11.2696,1.51046,97,0.0149484,-6.63255,2.3621,-3.97698,-4.75989,0.843152,2.00463,8.70196,1.48472,97,0.00329668,0.210274,0.204605,0.405352,1.0303,0.306849,1.35374,5.77059,0.163684,0,0.0413453,NBA,1,Omicron,-1,No record,0,G_NBA,G_0
2091_1,-6.51231,2.38764,-3.89679,-5.57552,0.834456,2.57541,17.1902,1.51022,97,0.0169328,-6.54136,2.42603,-3.99666,-5.33622,0.793392,2.74856,15.6443,1.52517,97,0.0113608,-6.57112,2.40324,-3.92801,-5.19284,0.785961,2.38421,12.0115,1.48164,97,0.00361422,0.17593,0.204258,0.380444,0.683216,0.112556,1.55212,6.26975,0.167938,0,0.0176139,NBA,3,Omicron,-1,No record,0,G_NBA,G_0
145_1,-6.57957,2.38059,-4.00668,-5.00177,1.19631,2.0209,14.7799,1.50855,97,0.0118236,-6.57091,2.42565,-3.93497,-4.78398,1.07351,2.11382,12.1478,1.45808,97,0.0121541,-6.64641,2.40591,-3.95667,-4.49182,1.03514,2.16948,9.90336,1.46393,97,0.00373352,0.195788,0.248603,0.346359,0.998596,0.27104,1.01431,5.26949,0.189286,0,0.0296299,NBA,1,Omicron,-1,No record,0,G_NBA,G_0
483_1,-6.74514,2.03022,-3.94018,-6.08861,0.707433,2.65114,14.0804,1.43238,97,0.00908984,-6.73848,2.00162,-3.96102,-6.21919,0.667525,2.34942,13.7194,1.41835,97,0.0142054,-6.75933,2.02366,-3.96296,-5.82823,0.648734,2.1462,10.6004,1.43868,97,0.00398702,0.143501,0.158237,0.400483,0.772507,0.232218,1.16634,7.7189,0.16539,0,0.0569077,NBA,2,Omicron,-1,No record,0,G_NBA,G_0
64_1,-6.72896,2.18667,-3.97192,-6.41809,0.853571,1.98774,12.8139,1.44394,97,0.00865812,-6.75009,2.20853,-3.97846,-6.36399,0.868896,2.19206,12.8167,1.41623,97,0.00943127,-6.70695,2.16293,-3.92825,-6.06411,0.850348,2.22166,9.80406,1.41698,97,0.00455283,0.168615,0.186594,0.409179,0.647588,0.244377,1.27657,5.87662,0.164656,0,0.0134089,NBA,1,Omicron,-1,No record,0,G_NBA,G_0
3029_1,-6.64964,2.49806,-4.05062,-2.78968,0.533352,2.38038,12.3095,1.50688,97,0.00956214,-6.63389,2.41953,-3.96726,-2.97549,0.56388,2.75304,13.1178,1.47595,97,0.0162509,-6.68154,2.36467,-3.99056,-3.06441,0.50302,2.25647,10.7916,1.48959,97,0.00363315,0.187005,0.238964,0.429788,0.641203,0.345892,1.41411,7.83869,0.168107,0,0.0324003,NBA,2,Omicron,-1,No record,0,G_NBA,G_0
179_1,-6.66645,2.48692,-3.92653,-3.68139,0.874695,1.9942,10.7172,1.50302,97,0.00766382,-6.68925,2.46329,-3.99865,-3.59386,0.832107,2.49477,10.425,1.48492,97,0.00926449,-6.67678,2.40957,-3.95276,-3.61875,0.755708,2.53825,7.73378,1.46622,97,0.00353995,0.202888,0.263392,0.339368,0.627388,0.323518,1.19961,5.58403,0.161413,0,0.0202299,NBA,1,Omicron,-1,No record,0,G_NBA,G_0
2784_1,-6.57397,2.3933,-3.89589,-4.8151,0.71283,2.49424,13.6925,1.5333,97,0.0140951,-6.54049,2.41979,-3.97413,-4.66649,0.714837,2.30108,12.4544,1.53562,97,0.00796519,-6.59023,2.40204,-3.96639,-4.52437,0.668428,2.19978,10.5557,1.49027,97,0.00372005,0.178435,0.252346,0.480315,0.906834,0.268953,1.02455,5.4724,0.176293,0,0.014182,NBA,2,Omicron,-1,No record,0,G_NBA,G_0
601_1,-6.70469,2.12591,-4.04642,-5.35816,0.558354,2.59821,14.7793,1.40388,97,0.0207361,-6.6737,2.09657,-3.97211,-5.45272,0.553572,2.37233,14.5618,1.40705,97,0.00850173,-6.69291,2.14492,-3.96764,-5.2838,0.592577,2.18386,10.7005,1.41779,97,0.00381813,0.174542,0.186629,0.406537,0.787853,0.192997,1.2935,5.48439,0.135618,0,0.0160781,NBA,2,Omicron,-1,No record,0,G_NBA,G_0
1946_1,-6.54922,2.55758,-3.94943,-3.72491,0.625553,2.489,20.8116,1.54848,97,0.00690629,-6.52868,2.40126,-3.90561,-4.29867,0.691547,2.32681,21.6615,1.52593,97,0.00910531,-6.59553,2.42579,-3.97305,-4.23694,0.681512,2.11446,15.9892,1.51618,97,0.00328395,0.181481,0.198361,0.369655,0.571265,0.112274,1.03518,6.52949,0.16548,0,0.0182588,NBA,1,Omicron,-1,No record,0,G_NBA,G_0
1882_1,-6.66559,2.1023,-3.96374,-6.18318,0.509742,2.4526,15.6387,1.46525,97,0.0149985,-6.70322,2.15179,-4.00485,-6.03135,0.513324,2.43329,12.6292,1.4819,97,0.0107792,-6.67867,2.1727,-3.99334,-5.9772,0.548363,2.29115,10.6258,1.45345,97,0.00366256,0.163593,0.185445,0.429376,0.726354,0.188395,1.24762,4.41599,0.178074,0,0.0191138,NBA,3,Omicron,-1,No record,0,G_NBA,G_0
900_1,-6.51996,2.46516,-3.99401,-4.94708,0.708695,2.37769,11.8266,1.5183,97,0.0169083,-6.54989,2.41901,-3.99561,-4.88587,0.694865,2.35956,14.4704,1.55807,97,0.0230842,-6.58092,2.40898,-3.978,-5.15543,0.831976,2.49739,10.896,1.49354,97,0.00359354,0.180899,0.192552,0.382737,0.838327,0.223955,1.22196,11.3307,0.194329,0,0.0842283,NBA,1,Omicron,-1,No record,0,G_NBA,G_0
2485_1,-6.54335,2.28299,-3.8716,-5.60434,0.859537,2.3874,9.71597,1.46336,97,0.00753006,-6.58103,2.37507,-3.99656,-5.29931,0.89703,2.80382,10.3483,1.46245,97,0.00840394,-6.62314,2.35697,-3.95365,-5.00479,0.845992,2.53119,8.78483,1.48648,97,0.00352154,0.163371,0.198745,0.370645,0.973214,0.278875,1.5501,4.07604,0.154431,0,0.0153642,NBA,1,Omicron,-1,No record,0,G_NBA,G_0
1249_1,-6.43211,2.46779,-3.95959,-5.66487,0.686984,2.19353,14.9762,1.55105,97,0.00983309,-6.47857,2.53915,-3.99297,-5.64671,0.733294,2.39235,16.2054,1.52923,97,0.0117176,-6.53114,2.53288,-3.99096,-5.57665,0.779085,2.34414,13.934,1.49172,97,0.00404708,0.134657,0.179232,0.495335,0.614567,0.123808,1.32425,6.00123,0.152561,0,0.0207481,NBA,1,Omicron,-1,No record,0,G_NBA,G_0
722_1,-6.45648,2.53873,-3.99605,-5.10681,1.05736,2.28332,13.0038,1.57572,97,0.00916024,-6.47387,2.59957,-3.93562,-5.11411,1.0848,2.42975,13.1535,1.56163,97,0.00919363,-6.52825,2.5761,-3.96863,-4.85077,1.05628,2.14753,10.472,1.52141,97,0.00374203,0.174284,0.226839,0.414281,0.704701,0.276369,1.39823,5.63764,0.182455,0,0.0168124,NBA,1,Omicron,-1,No record,0,G_NBA,G_0
2037_1,-6.66473,2.25283,-3.97633,-5.64944,0.583749,3.47284,16.2983,1.49184,97,0.0173784,-6.60856,2.20458,-4.03914,-5.6986,0.526837,2.38537,13.7324,1.46409,97,0.00696407,-6.6481,2.21837,-3.96458,-5.69367,0.593146,2.15153,10.5555,1.46019,97,0.00380206,0.158686,0.188888,0.363478,0.671616,0.189348,1.47726,4.27235,0.178,0,0.0116218,NBA,1,Omicron,-1,No record,0,G_NBA,G_0
2134_1,-6.55651,2.50885,-3.94358,-4.04438,1.02494,2.76332,11.3905,1.50993,97,0.00979073,-6.557,2.53359,-4.01384,-3.95019,0.949737,2.41518,12.3123,1.52488,97,0.00667376,-6.6205,2.46834,-3.96937,-3.92328,0.827875,2.27253,10.554,1.49279,97,0.0037637,0.166992,0.232546,0.39314,0.719338,0.483982,1.03627,8.12228,0.179622,0,0.0147558,NBA,1,Omicron,-1,No record,0,G_NBA,G_0
2377_1,-6.49379,2.51334,-3.94361,-5.38378,0.687891,2.48809,11.9274,1.54566,97,0.0117939,-6.49101,2.45819,-3.91071,-5.38801,0.679664,2.19378,12.3635,1.55552,97,0.0100271,-6.51884,2.47632,-3.96365,-5.23257,0.690353,2.13879,10.576,1.5101,97,0.00381243,0.154817,0.2097,0.428966,0.826504,0.198362,1.27774,5.22205,0.171409,0,0.0170578,NBA,3,Omicron,-1,No record,0,G_NBA,G_0
659_1,-6.47551,2.56489,-3.92747,-4.69595,0.838656,2.40598,14.5571,1.51515,97,0.00901932,-6.48857,2.55307,-4.02614,-4.70424,0.813024,2.37274,14.876,1.58385,97,0.00962949,-6.52547,2.54352,-3.96099,-4.65523,0.828269,2.38431,10.7612,1.53247,97,0.00351074,0.152296,0.192732,0.422882,0.783514,0.262385,1.69156,7.09999,0.179965,0,0.015841,NBA,1,Omicron,-1,No record,0,G_NBA,G_0
2463_1,-6.64363,2.36245,-3.81144,-5.73863,1.61397,2.19606,9.78479,1.40565,97,0.00777215,-6.66423,2.35766,-3.90522,-5.94159,1.67089,2.55625,9.84661,1.45844,97,0.016142,-6.67832,2.32877,-3.96667,-6.05632,1.96,2.15009,10.5718,1.46201,97,0.00380117,0.161926,0.185115,0.364217,0.947982,0.484536,1.69564,5.20582,0.167515,0,0.0488996,NBA,2,Omicron,-1,No record,0,G_NBA,G_0
648_1,-6.48928,2.51443,-3.93802,-4.13787,0.638336,2.19093,14.1928,1.56798,97,0.00952047,-6.50249,2.54233,-3.91235,-4.06716,0.622696,2.35743,13.6602,1.50643,97,0.0089199,-6.56085,2.47228,-3.96084,-4.21455,0.640614,2.15208,10.5515,1.50949,97,0.00379843,0.174841,0.231118,0.391111,0.747348,0.168505,1.28057,4.73967,0.156482,0,0.0196826,NBA,1,Omicron,2,Second dose,0,G_NBA,G_0
2681_1,-6.45228,2.47433,-3.93905,-5.31937,0.80659,3.32314,9.95165,1.56688,97,0.0111448,-6.54907,2.55408,-3.89031,-5.39564,0.862212,2.68317,9.7075,1.50509,97,0.0156313,-6.54483,2.46902,-3.94428,-5.3091,0.837317,2.51348,9.06998,1.49808,97,0.00368961,0.176191,0.207059,0.444109,0.816426,0.176807,1.08016,2.37366,0.164131,0,0.0306493,NBA,1,Omicron,-1,No record,0,G_NBA,G_0
518_1,-6.36449,2.42374,-3.96628,-5.54748,0.776985,2.5307,16.2268,1.52858,97,0.0109425,-6.51323,2.52296,-4.02119,-5.21839,0.775421,2.77114,15.6931,1.56378,97,0.0164218,-6.52484,2.51024,-3.96,-5.13161,0.786052,2.12333,11.0056,1.51836,97,0.00373551,0.173378,0.198106,0.351069,0.730725,0.145854,1.8266,5.17096,0.168201,0,0.0629037,NBA,2,Omicron,-1,No record,0,G_NBA,G_0
3052_1,-6.59292,2.63618,-3.96566,-4.33701,1.14888,2.89721,13.7263,1.54934,97,0.00733658,-6.53063,2.57303,-3.94278,-4.40977,1.1405,2.44078,13.775,1.52235,97,0.00986998,-6.58198,2.55127,-3.9554,-4.30951,1.09773,2.20625,10.6158,1.50988,97,0.00380794,0.155852,0.213291,0.37095,0.691851,0.337374,1.27668,6.19119,0.173915,0,0.0274266,NBA,1,Omicron,-1,No record,0,G_NBA,G_0
2136_1,-6.59182,2.27327,-4.03935,-4.33881,0.457785,2.01378,9.81267,1.45795,97,0.0067222,-6.57004,2.36482,-3.95803,-4.32722,0.509764,2.86711,10.6949,1.44391,97,0.0130267,-6.64725,2.25966,-3.96439,-4.50561,0.524752,2.15198,10.6368,1.46415,97,0.00377242,0.191121,0.222636,0.381065,0.582895,0.189117,1.77253,1.9179,0.180321,0,0.0230614,NBA,1,Omicron,-1,No record,0,G_NBA,G_0
664_1,-6.48664,2.47176,-3.9718,-4.40706,0.679981,2.21634,15.4972,1.53018,97,0.00839497,-6.49595,2.46983,-3.90718,-4.30871,0.653801,2.43075,16.0474,1.52489,97,0.0129125,-6.56931,2.46351,-3.9754,-4.18379,0.612445,2.24461,10.7025,1.52038,97,0.00342825,0.150845,0.188212,0.337511,0.687359,0.200784,1.29886,7.39907,0.155442,0,0.0277787,NBA,1,Omicron,-1,No record,0,G_NBA,G_0
1762_1,-6.58151,2.33188,-3.9017,-3.98321,0.68158,2.60417,9.92588,1.4885,97,0.00953515,-6.67569,2.3104,-3.88954,-4.21517,0.688427,2.29272,9.42964,1.49211,97,0.00787252,-6.69171,2.30854,-3.98339,-4.00604,0.619609,2.20363,9.02969,1.47289,97,0.00359683,0.206421,0.245239,0.327731,0.912703,0.319561,1.12441,3.16304,0.179011,0,0.0120278,NBA,2,Omicron,-1,No record,0,G_NBA,G_0
2783_1,-6.65235,2.32939,-3.93607,-5.56828,1.5489,3.141,7.00121,1.48521,97,0.0137078,-6.61574,2.28202,-3.96957,-5.03318,1.0916,2.88219,6.22561,1.48721,97,0.0182813,-6.66559,2.30178,-3.92145,-4.72642,0.948597,2.73763,4.75276,1.45698,97,0.00356824,0.178596,0.247933,0.428758,1.23267,0.595787,1.3691,3.7998,0.146433,0,0.0595219,NBA,3,Omicron,-1,No record,0,G_NBA,G_0
2391_1,-6.63166,2.26069,-3.99026,-5.33097,1.03857,2.5269,11.1463,1.48898,97,0.0143131,-6.69024,2.31534,-3.99775,-4.94244,0.929339,2.38218,12.4745,1.44355,97,0.00802954,-6.67939,2.29489,-3.96966,-5.36869,1.2521,2.13882,10.5862,1.45126,97,0.00383448,0.182027,0.205263,0.388352,1.05116,0.340813,1.18411,7.27877,0.150718,0,0.0110197,NBA,2,Omicron,-1,No record,0,G_NBA,G_0
579_1,-6.49308,2.57958,-3.95937,-5.08506,0.974637,2.74967,13.2164,1.47874,97,0.00986896,-6.51809,2.55214,-3.88944,-5.3233,0.989128,2.29849,13.2625,1.49505,97,0.0160601,-6.54036,2.48175,-3.98487,-5.09515,0.953169,2.14746,10.7834,1.51497,97,0.00349993,0.161881,0.221676,0.396779,0.880577,0.262575,1.16969,8.41357,0.174655,0,0.0337343,NBA,1,Delta,-1,No record,0,G_NBA,G_0
595_1,-6.65185,2.03027,-4.02971,-6.05516,0.723812,2.12311,14.4392,1.44551,97,0.00847321,-6.68311,2.05734,-4.03372,-6.12083,0.699801,1.9932,14.4178,1.42661,97,0.00981375,-6.7356,2.11375,-3.97379,-5.89444,0.819024,2.00952,10.0948,1.44145,97,0.00386478,0.181188,0.216006,0.375315,0.859898,0.237672,1.05559,8.46886,0.16989,0,0.0196744,NBA,1,Omicron,-1,No record,0,G_NBA,G_0
2266_1,-6.89061,1.80671,-3.97556,-7.24513,0.671038,3.25784,14.9454,1.53446,97,0.018361,-6.84196,1.76684,-4.04995,-7.22922,0.671414,2.64953,14.1543,1.45385,97,0.0353553,-6.91113,1.82827,-3.98745,-6.81901,0.690464,2.83381,14.4764,1.44597,97,0.00383266,0.132968,0.139383,0.411779,0.683223,0.1666,1.61105,1.85831,0.16458,0,0.154116,NBA,1,Omicron,-1,No record,0,G_NBA,G_0
406_1,-6.5723,2.48146,-4.01768,-3.92394,0.857442,2.47972,12.246,1.53645,97,0.0143164,-6.55201,2.55518,-3.99323,-3.8637,0.87362,2.39434,12.6082,1.52761,97,0.00665421,-6.60952,2.53768,-3.93328,-4.00588,1.03855,2.21889,10.4282,1.50349,97,0.00352435,0.210627,0.243532,0.392388,0.619076,0.326415,1.22846,7.19014,0.21559,0,0.0136722,NBA,2,Omicron,-1,No record,0,G_NBA,G_0
1818_1,-7.01044,1.65336,-3.94627,-6.75682,0.645144,2.11269,12.9337,1.47714,97,0.00736488,-6.97546,1.65235,-3.96248,-7.14826,0.854489,2.45908,15.9629,1.46219,97,0.0070917,-6.98989,1.64389,-3.97387,-6.66448,0.723722,2.20214,10.7162,1.43366,97,0.00400217,0.139413,0.149609,0.451482,0.970023,0.449187,1.64678,7.66697,0.17745,0,0.0107327,NBA,1,Omicron,-1,No record,0,G_NBA,G_0
2893_1,-6.58976,2.23872,-3.96302,-5.93586,0.763944,2.35382,10.1734,1.48462,97,0.00820412,-6.5886,2.27057,-4.01144,-5.79758,0.705737,2.58715,11.8964,1.43866,97,0.0130645,-6.62627,2.30003,-3.96459,-5.7162,0.730617,2.15208,10.5568,1.46647,97,0.00379862,0.157442,0.169828,0.466787,0.692235,0.273647,1.98536,5.39369,0.160986,0,0.0341665,NBA,2,Omicron,-1,No record,0,G_NBA,G_0
959_1,-6.59721,2.43971,-3.96834,-4.03165,0.587958,2.66537,13.1299,1.37216,97,0.0110002,-6.57475,2.3509,-3.97226,-4.30912,0.620651,2.57159,14.6136,1.40726,97,0.0159227,-6.62217,2.37402,-3.96147,-4.13837,0.58016,2.28885,10.5944,1.41994,97,0.00356073,0.189655,0.203031,0.451081,0.890848,0.258352,1.4922,7.59501,0.163052,0,0.0327592,NBA,1,Omicron,-1,No record,0,G_NBA,G_0
2354_1,-6.58716,2.20352,-3.92466,-5.96973,0.444313,2.1735,12.225,1.47044,97,0.0118572,-6.61507,2.19231,-3.95701,-6.02701,0.429581,2.52808,13.1307,1.48654,97,0.00877218,-6.62483,2.24724,-3.95493,-5.84117,0.439742,2.16151,10.542,1.46144,97,0.00376168,0.185211,0.179119,0.396544,0.786451,0.145536,1.35292,5.76314,0.173421,0,0.0177653,NBA,1,Omicron,-1,No record,0,G_NBA,G_0
124_1,-6.44551,2.48419,-3.92159,-5.02745,0.575976,2.60035,12.2876,1.51649,97,0.00941977,-6.52717,2.52198,-3.90114,-5.09132,0.589106,2.37335,13.8998,1.56459,97,0.00575135,-6.5256,2.49051,-3.97801,-5.25878,0.707473,2.39208,10.7562,1.52246,97,0.00340857,0.180917,0.237838,0.357465,0.730552,0.201112,0.981994,6.23923,0.196864,0,0.00996666,NBA,1,Omicron,-1,No record,0,G_NBA,G_0
2905_1,-6.51138,2.50967,-3.94211,-4.95686,0.885551,2.71278,11.8151,1.54981,97,0.00781573,-6.53906,2.51779,-3.92747,-5.05163,0.901143,2.30464,13.3789,1.53445,97,0.0209715,-6.55358,2.49857,-3.95511,-4.8325,0.872552,2.21848,10.6868,1.50135,97,0.00385764,0.196517,0.239099,0.374355,0.879022,0.302477,1.31197,6.37692,0.166283,0,0.122405,NBA,3,Omicron,-1,No record,0,G_NBA,G_0
1574_1,-6.51826,2.30921,-3.89785,-4.51446,0.432724,2.45706,16.9695,1.52198,97,0.0158893,-6.53659,2.37958,-3.97316,-4.63819,0.489803,2.39382,15.5967,1.47394,97,0.00961187,-6.58455,2.33491,-3.98321,-4.714,0.496636,2.26353,11.0166,1.52359,97,0.00347491,0.170922,0.1874,0.335679,0.802642,0.164612,0.965499,5.53829,0.172831,0,0.0206567,NBA,3,Omicron,-1,No record,0,G_NBA,G_0
1034_1,-6.73184,1.96448,-3.94425,-5.35884,0.614623,2.36654,13.8053,1.4492,97,0.00838721,-6.80605,2.06486,-4.01333,-5.07282,0.606096,2.51576,14.1824,1.45184,97,0.0152798,-6.77967,2.0027,-3.96762,-4.85663,0.496122,2.244,10.6136,1.45014,97,0.00371288,0.166028,0.192102,0.384505,1.04403,0.363537,1.68549,7.02076,0.185905,0,0.0428261,NBA,1,Omicron,-1,No record,0,G_NBA,G_0
2695_1,-6.48817,2.49905,-4.01703,-5.67667,0.601092,2.4373,11.7805,1.53245,97,0.00812153,-6.48179,2.47892,-3.93398,-5.62925,0.568126,2.88311,11.6381,1.56341,97,0.010554,-6.51664,2.4873,-3.97444,-5.52947,0.541344,2.45296,10.286,1.51695,97,0.00310514,0.191951,0.177321,0.366393,0.593595,0.15091,1.97008,2.15932,0.183233,0,0.0164273,NBA,3,Omicron,-1,No record,0,G_NBA,G_0
2122_1,-6.5879,2.19368,-3.94309,-5.26345,0.635927,2.4711,13.5851,1.50829,97,0.00807938,-6.58513,2.26399,-4.0638,-5.20718,0.647416,2.33527,13.142,1.47779,97,0.0102744,-6.63771,2.28036,-3.96462,-5.19913,0.718125,2.1536,10.5519,1.46368,97,0.0037783,0.166045,0.18554,0.436726,0.94682,0.22214,1.37598,6.51049,0.204217,0,0.0191167,NBA,1,Omicron,-1,No record,0,G_NBA,G_0
2277_1,-6.52371,2.34365,-3.83996,-4.91289,0.669965,3.13021,6.95361,1.54768,97,0.00673066,-6.58657,2.44896,-3.9245,-4.83421,0.690647,2.9015,6.86025,1.51926,97,0.0173001,-6.57251,2.38575,-3.92739,-4.65911,0.600585,2.31169,6.29905,1.48468,97,0.00392134,0.186552,0.236264,0.452485,0.752516,0.23375,1.35748,1.26183,0.162129,0,0.0402018,NBA,1,Omicron,-1,No record,0,G_NBA,G_0
2305_1,-6.51452,2.4857,-3.93857,-4.51428,0.668407,2.41076,13.7774,1.50752,97,0.0130049,-6.50779,2.4437,-3.95465,-4.46329,0.638454,2.41876,15.6577,1.53442,97,0.0103405,-6.57343,2.43292,-3.97523,-4.38429,0.618836,2.37409,10.9599,1.50878,97,0.00366157,0.178336,0.184878,0.400027,0.760992,0.211526,1.23848,7.85168,0.199831,0,0.0236319,NBA,1,Omicron,-1,No record,0,G_NBA,G_0
1163_1,-6.61167,2.31623,-3.96325,-3.54998,0.480551,1.94205,7.06799,1.44828,97,0.00686415,-6.69178,2.30752,-3.96111,-4.21748,0.852971,2.32599,11.3003,1.48292,97,0.00905296,-6.70573,2.30475,-3.94282,-3.92821,0.749413,2.14747,8.17559,1.45832,97,0.00393543,0.178563,0.168877,0.373598,0.930363,0.382456,1.40431,7.53275,0.18592,0,0.0120738,NBA,2,Omicron,-1,No record,0,G_NBA,G_0
2645_1,-6.58518,2.3471,-4.01132,-4.93852,0.496759,2.59099,14.4308,1.52538,97,0.00850984,-6.60008,2.35343,-4.01587,-4.87999,0.48922,2.28872,14.5809,1.5132,97,0.0120033,-6.58876,2.29745,-3.96482,-4.79508,0.458727,2.16824,10.6202,1.4908,97,0.00367588,0.169823,0.222835,0.368433,0.772841,0.176008,1.18993,6.13474,0.148126,0,0.023504,NBA,1,Omicron,-1,No record,0,G_NBA,G_0
2993_1,-6.96246,1.69585,-4.00261,-7.35052,0.955201,2.28625,12.5736,1.45241,97,0.00508479,-6.9431,1.66697,-3.9334,-6.67969,0.779829,1.91933,13.5552,1.44789,97,0.0132532,-6.98141,1.67304,-3.97835,-6.67829,0.677935,1.87672,10.9826,1.45543,97,0.00435792,0.187869,0.200032,0.391776,0.801236,0.394075,0.950659,5.25831,0.157194,0,0.0331044,NBA,1,Omicron,-1,No record,0,G_NBA,G_0
459_1,-6.72302,1.98166,-3.8527,-6.04834,0.466895,1.92868,14.3437,1.3937,97,0.0123195,-6.72812,1.96282,-3.98306,-6.26062,0.476325,2.65876,15.3384,1.44962,97,0.0119911,-6.75247,1.986,-3.96617,-6.10764,0.503849,2.15997,10.5333,1.39924,97,0.00379105,0.167986,0.178335,0.356902,0.711832,0.175844,1.4937,7.25158,0.158841,0,0.01771,NBA,3,Omicron,-1,No record,0,G_NBA,G_0
2989_1,-6.93785,1.97676,-4.00093,-6.87689,1.16628,2.39629,11.4599,1.38203,97,0.0126965,-6.87567,1.88318,-3.98228,-6.77191,0.891633,2.48249,9.67921,1.38702,97,0.00892185,-6.85975,1.90612,-3.99863,-6.77488,1.16969,2.15387,10.9803,1.38798,97,0.00394043,0.163826,0.165942,0.356269,0.816614,0.388477,1.02325,4.9771,0.167263,0,0.0204124,NBA,1,Omicron,-1,No record,0,G_NBA,G_0
1035_1,-6.55019,2.45686,-3.78968,-5.07415,0.846808,2.3185,10.7953,1.48901,97,0.00887566,-6.53519,2.43627,-4.06061,-5.31674,0.879632,2.59416,12.2418,1.54501,97,0.01126,-6.56943,2.41999,-3.95584,-5.17704,0.922811,2.05257,10.7906,1.49845,97,0.00334757,0.170174,0.221227,0.464458,0.778347,0.262537,1.71626,5.99979,0.161869,0,0.0167183,NBA,1,Omicron,-1,No record,0,G_NBA,G_0
383_1,-6.53526,2.38289,-3.9563,-5.34826,0.734332,2.28854,15.2096,1.51993,97,0.00907456,-6.50752,2.38565,-4.01389,-5.56924,0.717633,2.27471,15.2615,1.51025,97,0.0150823,-6.56279,2.39066,-3.96418,-5.42569,0.697338,2.05182,11.0148,1.48541,97,0.0037291,0.16574,0.219041,0.373242,0.906602,0.196197,1.26884,7.46016,0.178823,0,0.0536156,NBA,1,Omicron,-1,No record,0,G_NBA,G_0
2611_1,-6.61366,2.35571,-3.95601,-6.08629,1.0802,2.10057,11.9302,1.48067,97,0.0102945,-6.59668,2.36291,-4.02388,-5.82765,1.09633,2.47943,14.1897,1.50349,97,0.00604173,-6.62854,2.37292,-3.96588,-5.63407,1.1661,2.17485,10.5863,1.46394,97,0.0037905,0.169855,0.194517,0.404548,0.872229,0.260112,1.32862,7.45164,0.175599,0,0.00699,NBA,1,Omicron,-1,No record,0,G_NBA,G_0
1063_1,-6.72718,2.16784,-4.01152,-5.06759,0.850189,2.54785,12.2441,1.4389,97,0.0152483,-6.72594,2.16707,-3.90539,-5.08773,0.84807,2.28346,11.4778,1.45274,97,0.0104675,-6.74251,2.17228,-3.96558,-4.65348,0.737818,2.14617,10.4869,1.43283,97,0.00377311,0.173559,0.202826,0.378386,1.25152,0.397332,0.936159,5.54757,0.179782,0,0.0295457,NBA,2,Omicron,-1,No record,0,G_NBA,G_0
891_1,-6.78674,2.13361,-3.8942,-4.64732,0.465242,2.35956,13.5659,1.43306,97,0.00787417,-6.72345,2.11982,-4.02708,-4.70044,0.461517,2.73115,15.0257,1.40605,97,0.0153869,-6.74771,2.05077,-3.98744,-4.86134,0.475924,2.60174,13.4004,1.45899,97,0.00336872,0.187163,0.192039,0.427391,0.782973,0.250701,1.48717,9.38578,0.153272,0,0.0418003,NBA,3,Omicron,-1,No record,0,G_NBA,G_0
3011_1,-6.56076,2.49169,-3.90805,-5.68123,1.35442,2.8065,8.13152,1.52573,97,0.0103134,-6.52245,2.50942,-4.0301,-5.96993,1.64039,2.80626,11.5672,1.50136,97,0.025645,-6.60072,2.52202,-3.96949,-5.87163,1.79448,2.15889,10.5356,1.4813,97,0.00379013,0.193649,0.207332,0.394327,0.88183,0.283017,1.46191,5.95704,0.200221,0,0.0930224,NBA,2,Omicron,-1,No record,0,G_NBA,G_0
2396_1,-6.82522,1.96982,-4.00093,-5.22289,0.627335,2.2043,12.0756,1.46701,97,0.0121052,-6.80348,1.98637,-3.9457,-5.23832,0.666565,2.56363,15.4001,1.42609,97,0.00907514,-6.81149,1.99958,-3.97518,-5.07706,0.62468,2.19486,10.6535,1.45716,97,0.00364052,0.176826,0.213751,0.407577,0.628126,0.362495,1.46627,10.9603,0.180835,0,0.0171017,NBA,2,Omicron,-1,No record,0,G_NBA,G_0
2271_1,-6.58446,2.47745,-3.96043,-3.96166,0.586807,2.39316,12.2831,1.48617,97,0.00981111,-6.57543,2.41162,-3.97433,-4.05136,0.56504,2.04692,12.8016,1.5439,97,0.00862861,-6.60015,2.42045,-3.95777,-3.91037,0.561988,2.09204,10.5282,1.49318,97,0.00393742,0.158629,0.231032,0.382122,0.707182,0.24768,0.93319,6.26264,0.20561,0,0.0135546,NBA,2,Omicron,-1,No record,0,G_NBA,G_0
2857_1,-6.55663,2.4453,-4.03371,-5.08703,0.512493,2.31412,14.4024,1.48033,97,0.014738,-6.53292,2.38174,-3.96658,-5.52231,0.539611,2.22426,14.7985,1.52167,97,0.00878209,-6.56167,2.37407,-3.96905,-5.44999,0.597453,2.15374,10.5717,1.4898,97,0.00379379,0.153176,0.214994,0.469687,0.771001,0.157514,1.22244,5.97246,0.157867,0,0.0148625,NBA,1,Omicron,-1,No record,0,G_NBA,G_0
470_1,-6.65851,2.05426,-3.94118,-6.57467,1.46597,2.09416,8.62279,1.46113,97,0.00519848,-6.7091,2.13307,-3.89142,-6.50387,1.57284,2.12781,10.8123,1.42178,97,0.0168364,-6.70294,2.15131,-3.86324,-5.97991,1.44308,1.94296,6.73838,1.4066,97,0.00317269,0.139789,0.166349,0.422607,1.00279,0.646836,0.978722,7.56963,0.150265,0,0.0434471,NBA,2,Omicron,-1,No record,0,G_NBA,G_0
1978_1,-6.69664,2.21084,-3.96671,-6.25376,1.1452,2.32914,9.9696,1.41199,97,0.00817607,-6.71961,2.21773,-4.16374,-6.14898,1.12819,2.42312,11.8844,1.43638,97,0.0112292,-6.70236,2.20363,-3.96217,-5.77772,1.06063,2.14865,10.5627,1.43983,97,0.0037682,0.15308,0.181725,0.453659,0.937416,0.396958,1.04907,7.78082,0.169322,0,0.029161,NBA,2,Omicron,-1,No record,0,G_NBA,G_0
1507_1,-6.56294,2.47224,-3.95067,-4.3077,0.820276,2.20666,12.1259,1.56928,97,0.00699145,-6.50743,2.42723,-3.94487,-4.39574,0.827591,2.40514,13.1172,1.5241,97,0.00827814,-6.59995,2.44849,-3.97582,-4.14665,0.791914,2.28104,10.4345,1.49575,97,0.00359932,0.188507,0.197679,0.370136,0.859748,0.274352,1.22037,7.05395,0.212536,0,0.0117486,NBA,2,Omicron,-1,No record,0,G_NBA,G_0
756_1,-6.55787,2.43871,-3.82339,-4.63955,0.683869,2.65789,15.9431,1.53883,97,0.0274549,-6.55896,2.54079,-4.07692,-4.34183,0.605735,2.23501,17.4934,1.5201,97,0.0100963,-6.56862,2.44627,-3.96041,-4.53122,0.673126,2.40342,11.9884,1.49953,97,0.00359247,0.169043,0.20725,0.376368,0.626633,0.18243,1.20375,7.77851,0.190745,0,0.0255694,NBA,1,Omicron,-1,No record,0,G_NBA,G_0
2246_1,-6.66276,2.05326,-3.90686,-5.23893,0.765951,2.38681,12.2888,1.41099,97,0.00952619,-6.71554,2.10291,-3.9382,-5.0619,0.702057,2.53403,12.7296,1.43675,97,0.00952617,-6.76612,2.09879,-3.96558,-4.7733,0.641664,2.24675,10.6585,1.43989,97,0.00382146,0.158792,0.191115,0.387729,1.11633,0.392842,1.89691,7.15888,0.161382,0,0.0153622,NBA,2,Omicron,-1,No record,0,G_NBA,G_0
2707_1,-6.47057,2.47615,-3.94553,-4.43022,0.791701,2.48678,15.3422,1.52105,97,0.0208762,-6.50895,2.50094,-4.01591,-4.31165,0.743577,2.27695,14.7932,1.55032,97,0.0145188,-6.56427,2.50204,-3.961,-4.23253,0.760734,2.15204,10.5512,1.51029,97,0.00379927,0.169171,0.205141,0.392964,0.882526,0.233132,1.13151,7.56402,0.190403,0,0.0234927,NBA,2,Omicron,-1,No record,0,G_NBA,G_0
822_1,-6.49476,2.39099,-3.98399,-5.78201,0.825267,2.41837,12.816,1.51552,97,0.00705844,-6.53271,2.46624,-3.96949,-5.47456,0.803895,2.53829,12.3209,1.4813,97,0.0155802,-6.56821,2.44508,-3.97154,-5.52682,0.886857,2.18058,10.8208,1.49279,97,0.00381643,0.150827,0.164537,0.397684,0.804459,0.195894,1.33035,4.77055,0.156394,0,0.0272023,NBA,2,Omicron,-1,No record,0,G_NBA,G_0
842_1,-6.4752,2.51657,-3.84905,-5.13225,0.754506,2.24303,13.4373,1.46338,97,0.00919732,-6.48086,2.49427,-3.88122,-4.8777,0.714613,2.36169,14.5149,1.55681,97,0.00929111,-6.54025,2.48214,-3.96499,-5.00755,0.81423,2.15384,10.5555,1.50787,97,0.00380214,0.164005,0.194176,0.386197,0.807914,0.19453,1.32158,5.55331,0.180775,0,0.0255084,NBA,1,Omicron,-1,No record,0,G_NBA,G_0
2900_1,-6.60898,2.39696,-3.95804,-4.81421,0.96995,2.53167,12.2437,1.48477,97,0.00643533,-6.57779,2.38769,-4.03022,-5.10211,1.05244,2.4126,12.0387,1.47271,97,0.00783739,-6.64218,2.38631,-3.96942,-4.65776,0.962627,2.19489,10.6181,1.47158,97,0.00376438,0.207652,0.225966,0.41329,1.08441,0.408886,1.30114,6.29509,0.195563,0,0.0115298,NBA,1,Omicron,-1,No record,0,G_NBA,G_0
2874_1,-6.78084,1.87888,-3.98528,-4.61343,0.438867,2.32087,13.266,1.41054,97,0.0128455,-6.80194,1.93015,-4.03682,-4.60107,0.445978,2.38565,11.938,1.39199,97,0.00917291,-6.78743,2.02644,-3.96668,-4.14616,0.398255,2.15743,10.5922,1.41886,97,0.00376645,0.181963,0.221173,0.395257,0.866628,0.220348,1.22732,6.3249,0.155133,0,0.0138921,NBA,1,Omicron,-1,No record,0,G_NBA,G_0
1792_1,-6.6091,2.47188,-4.06251,-5.22746,1.28649,2.79579,12.3951,1.47845,97,0.00975757,-6.64249,2.53456,-3.87774,-4.69764,1.0706,2.39531,11.2275,1.49126,97,0.0148159,-6.64251,2.41301,-3.95407,-4.57247,0.996904,2.17671,8.31961,1.49053,97,0.00365634,0.199716,0.247147,0.441382,0.994103,0.361565,1.35202,5.98572,0.175754,0,0.0354784,NBA,3,Omicron,-1,No record,0,G_NBA,G_0
2988_1,-6.71017,2.15401,-4.0176,-4.65741,0.477572,2.76298,11.6548,1.46986,97,0.00892843,-6.66075,2.17031,-3.97568,-4.55397,0.459696,2.14579,13.3434,1.46067,97,0.00710798,-6.68969,2.17355,-3.95294,-4.51322,0.460343,2.13434,10.5199,1.44343,97,0.00369747,0.180022,0.194467,0.393461,0.680773,0.188959,0.989131,5.82248,0.15474,0,0.0126854,NBA,1,Omicron,-1,No record,0,G_NBA,G_0
411_1,-6.6929,2.22753,-3.87229,-4.98383,0.589146,2.5291,12.8361,1.48338,97,0.0146321,-6.66919,2.19866,-4.04014,-4.8932,0.535749,2.34881,13.9884,1.46711,97,0.00628171,-6.68639,2.19256,-3.97776,-4.84227,0.54544,2.17427,10.8136,1.45871,97,0.0037265,0.159579,0.206743,0.385167,0.795742,0.247959,1.09443,6.85994,0.189951,0,0.010675,NBA,1,Omicron,-1,No record,0,G_NBA,G_0
3068_1,-6.6611,2.15068,-3.90746,-4.77971,0.596084,3.20572,8.56994,1.45222,97,0.00478989,-6.67934,2.22063,-3.97512,-4.52716,0.583845,2.57955,8.81342,1.38067,97,0.00914175,-6.69095,2.18659,-3.95536,-4.40976,0.501432,2.337,8.00671,1.41284,97,0.00415489,0.155243,0.225126,0.379615,0.811347,0.228991,1.3716,2.05407,0.136277,0,0.0151492,NBA,2,Omicron,-1,No record,0,G_NBA,G_0
580_1,-6.48934,2.44592,-4.01906,-5.30954,0.712832,2.52826,13.3407,1.59738,97,0.00947558,-6.49072,2.51319,-3.92829,-5.14503,0.734821,2.43619,13.2893,1.53412,97,0.00966665,-6.5336,2.48428,-3.96486,-5.0585,0.753775,2.30478,10.7117,1.51855,97,0.00361152,0.19483,0.203798,0.43675,0.871489,0.187246,1.76359,5.69335,0.187764,0,0.0130759,NBA,1,Omicron,-1,No record,0,G_NBA,G_0
2878_1,-6.65976,2.38241,-3.85781,-5.60488,1.28706,2.34808,12.9713,1.40698,97,0.0112545,-6.59294,2.30793,-4.03657,-5.72544,1.36317,2.70946,11.664,1.39291,97,0.0135814,-6.65371,2.36275,-3.952,-5.33981,1.37306,2.25508,10.5559,1.40978,97,0.00406474,0.180028,0.221616,0.390283,0.965315,0.505298,1.61542,6.28264,0.134573,0,0.0282319,NBA,2,Omicron,-1,No record,0,G_NBA,G_0
2572_1,-6.68654,2.09008,-3.94836,-5.93078,0.780869,2.31075,11.5791,1.47936,97,0.0147893,-6.68108,2.09189,-3.93019,-6.08614,0.921421,2.38088,10.7491,1.45437,97,0.00989376,-6.73715,2.1466,-3.96575,-6.10049,1.13549,2.15306,10.5418,1.45881,97,0.0037883,0.168213,0.142938,0.382451,0.985665,0.31158,1.30339,6.03626,0.153965,0,0.0149201,NBA,1,Omicron,-1,No record,0,G_NBA,G_0
2423_1,-6.77015,1.8422,-3.84476,-5.60008,0.442729,2.66528,17.2235,1.5218,97,0.0095701,-6.81323,1.92361,-3.9465,-5.58892,0.465627,2.52882,18.5052,1.45009,97,0.00915773,-6.79999,1.88238,-3.97706,-5.37797,0.412014,2.19044,12.2749,1.4777,97,0.00388474,0.187432,0.200692,0.329443,0.957388,0.221246,2.05958,8.38265,0.161969,0,0.0231158,NBA,3,Omicron,-1,No record,0,G_NBA,G_0
3062_1,-6.38145,2.39057,-3.93992,-4.77935,0.482705,2.41506,15.9774,1.58085,97,0.00929419,-6.46499,2.51357,-4.07849,-4.70679,0.507277,2.24793,15.0828,1.5477,97,0.0155968,-6.50622,2.46052,-3.97152,-4.58557,0.472744,2.03492,10.6672,1.52894,97,0.00391928,0.173573,0.20533,0.404897,0.746398,0.15674,1.27198,5.93526,0.187989,0,0.0340603,NBA,2,Omicron,-1,No record,0,G_NBA,G_0
473_1,-6.82571,1.91794,-3.93739,-5.97434,0.710317,3.20618,11.3097,1.46165,97,0.0137831,-6.77071,1.86687,-3.95489,-6.15288,0.787264,2.54214,13.1333,1.47289,97,0.0113055,-6.82432,1.90201,-3.96646,-5.85815,0.635497,2.18514,10.597,1.45085,97,0.00369016,0.147884,0.171594,0.381785,1.13015,0.554357,1.07601,8.29531,0.174442,0,0.0242715,NBA,1,Omicron,-1,No record,0,G_NBA,G_0
519_1,-6.62111,2.27927,-3.92209,-5.64723,0.978431,2.54782,5.87839,1.45396,97,0.0180167,-6.61718,2.37361,-3.88867,-5.4292,1.00851,3.17265,6.15344,1.49262,97,0.00794427,-6.67712,2.23514,-3.94198,-5.43783,0.930505,2.82936,5.63269,1.47227,97,0.00320501,0.168099,0.238717,0.378092,0.7689,0.375187,1.4198,2.10565,0.200924,0,0.0118572,NBA,2,Omicron,3,Boosted,0,G_NBA,G_0
669_1,-6.52976,2.5191,-3.89058,-4.55925,0.893514,2.44127,11.8946,1.49872,97,0.0139806,-6.53359,2.47322,-3.97898,-4.49571,0.793843,2.55245,11.3106,1.53641,97,0.0094183,-6.59756,2.47077,-3.94354,-4.25442,0.75726,2.39953,10.8296,1.51118,97,0.00331074,0.174357,0.209351,0.33873,0.880285,0.325091,1.32656,5.64978,0.211776,0,0.0168093,NBA,1,Omicron,-1,No record,0,G_NBA,G_0
485_1,-6.96898,1.7467,-4.07403,-6.78779,0.966862,2.1563,12.4828,1.46649,97,0.0341642,-6.87199,1.74121,-4.06142,-7.2235,1.92621,2.30667,14.8931,1.4626,97,0.00888157,-6.90793,1.72881,-3.96654,-6.98723,1.31196,2.04964,11.5969,1.47667,97,0.00378985,0.169648,0.194056,0.414942,1.21644,1.78627,1.36301,6.58363,0.188863,0,0.0185963,NBA,1,Omicron,-1,No record,0,G_NBA,G_0
434_1,-6.6439,2.40112,-3.91832,-5.03087,0.860313,2.3015,13.3033,1.53374,97,0.0081987,-6.58112,2.32428,-3.97752,-5.3034,0.895966,2.71009,15.7159,1.49282,97,0.0139595,-6.62809,2.35066,-3.96882,-5.16139,0.960371,2.15036,10.6076,1.4724,97,0.00384422,0.164955,0.216769,0.384533,0.895133,0.221599,1.34208,8.51753,0.174208,0,0.0288004,NBA,2,Omicron,-1,No record,0,G_NBA,G_0
1261_1,-6.5253,2.48342,-3.86793,-4.81063,0.934889,2.36503,9.12933,1.5431,97,0.00775842,-6.55031,2.49212,-4.00328,-5.38826,1.21679,2.47348,10.9925,1.46752,97,0.0159879,-6.57514,2.48657,-3.96912,-5.23602,1.29241,2.17748,10.6072,1.49229,97,0.0039516,0.188154,0.205815,0.454996,0.811972,0.356443,1.51882,6.06383,0.150704,0,0.0308422,NBA,1,Omicron,-1,No record,0,G_NBA,G_0
1560_1,-6.63162,2.2803,-3.94413,-5.37187,0.592773,2.16094,15.9931,1.45497,97,0.0101925,-6.63934,2.25389,-3.96586,-5.53219,0.616992,2.52315,15.9793,1.49012,97,0.0107592,-6.61768,2.23898,-3.98809,-5.44491,0.596584,2.34216,9.49614,1.47996,97,0.00409156,0.195677,0.219986,0.337163,0.799631,0.184494,1.50505,8.834,0.137816,0,0.0223577,NBA,1,Omicron,-1,No record,0,G_NBA,G_0
3071_1,-6.8727,1.77545,-3.93981,-5.96925,0.572748,2.52979,9.63533,1.47746,97,0.0088619,-6.77092,1.66898,-3.97417,-6.2812,0.636623,2.81443,9.63304,1.45286,97,0.0114988,-6.8725,1.7574,-3.96348,-5.68787,0.488897,2.76782,9.7935,1.45181,97,0.00354078,0.165552,0.180754,0.404794,0.91933,0.463395,1.32335,0.975475,0.165082,0,0.0316364,NBA,2,Omicron,-1,No record,0,G_NBA,G_0
1407_1,-6.58753,2.59304,-3.91055,-3.86541,1.06962,2.66306,7.01203,1.5049,97,0.00651315,-6.5105,2.53087,-3.89962,-4.19482,1.10829,2.67407,8.00415,1.50015,97,0.00626428,-6.59446,2.54555,-3.95875,-3.9402,1.01335,2.71765,5.81678,1.53052,97,0.00411473,0.168499,0.205826,0.369513,0.785164,0.450257,1.35743,6.13369,0.181412,0,0.0114104,NBA,1,Omicron,-1,No record,0,G_NBA,G_0
2078_1,-6.69537,2.13628,-3.91109,-5.98481,0.592644,2.38955,12.8238,1.45149,97,0.0119131,-6.71511,2.13832,-3.95268,-5.94744,0.594629,2.574,13.0813,1.46236,97,0.0113082,-6.68442,2.14149,-3.96632,-5.8221,0.5888,2.15141,10.5624,1.44537,97,0.00373202,0.167161,0.170851,0.396893,0.775527,0.227021,1.56427,6.76242,0.179691,0,0.0217795,NBA,1,Omicron,-1,No record,0,G_NBA,G_0
413_1,-6.46977,2.46175,-3.86284,-5.34537,0.776159,2.21607,12.597,1.57716,97,0.00635378,-6.53961,2.64648,-3.98787,-5.05067,0.795018,2.45287,9.74191,1.51577,97,0.0100095,-6.52033,2.51685,-3.96455,-5.18526,0.817799,2.46303,9.96049,1.51861,97,0.00371744,0.181613,0.190624,0.413033,0.560298,0.184931,1.11311,1.36596,0.173759,0,0.0149646,NBA,2,Omicron,-1,No record,0,G_NBA,G_0
2959_1,-6.59468,2.13692,-3.94009,-5.75792,0.456079,2.2147,14.4747,1.51062,97,0.00762172,-6.60533,2.2035,-4.0207,-5.61087,0.46991,2.29709,14.1711,1.46632,97,0.0116724,-6.62812,2.19864,-3.97512,-5.65406,0.503929,2.23404,10.6394,1.46272,97,0.00367526,0.146849,0.191769,0.414033,0.718735,0.13466,1.30417,5.80828,0.160283,0,0.024124,NBA,1,Omicron,-1,No record,0,G_NBA,G_0
2440_1,-6.71635,1.98439,-3.97615,-6.52615,0.647494,2.36247,13.1765,1.50247,97,0.00617261,-6.69998,1.96875,-3.99234,-6.39175,0.560913,2.08038,11.2875,1.46046,97,0.010007,-6.77596,2.0354,-3.95942,-6.08809,0.60303,2.09688,8.55976,1.4777,97,0.0037554,0.175946,0.196751,0.458579,0.741622,0.204201,1.03083,5.57803,0.16331,0,0.0155526,NBA,1,Omicron,-1,No record,0,G_NBA,G_0
2409_1,-6.575,2.28798,-3.98563,-4.9449,0.54529,2.4607,15.0294,1.43702,97,0.0158868,-6.56264,2.28658,-3.97854,-4.94047,0.539919,2.27577,13.7241,1.39971,97,0.00990734,-6.60624,2.30614,-3.96349,-4.70603,0.518743,2.15206,10.5594,1.41784,97,0.00379755,0.167953,0.214059,0.368051,0.798562,0.199386,1.11218,5.60864,0.148106,0,0.0210343,NBA,1,Omicron,-1,No record,0,G_NBA,G_0
2166_1,-6.47298,2.48338,-3.99471,-5.51642,0.930333,2.1525,15.2556,1.52036,97,0.00868918,-6.4862,2.49385,-4.05975,-5.22705,0.862672,2.3369,13.9004,1.55033,97,0.00825556,-6.54556,2.50322,-3.96598,-5.3641,0.988281,2.14905,10.5991,1.5019,97,0.00378596,0.171712,0.192827,0.399462,0.747497,0.210416,1.32304,7.38004,0.154368,0,0.0129338,NBA,1,Omicron,-1,No record,0,G_NBA,G_0
2456_1,-6.4936,2.52303,-4.02101,-5.2548,1.16927,2.95488,13.4195,1.56204,97,0.00865898,-6.49356,2.56456,-3.96433,-5.21319,1.18187,2.64724,12.2178,1.52668,97,0.0245322,-6.55544,2.50884,-3.96295,-5.00362,1.09336,2.12265,10.5369,1.50084,97,0.00365729,0.173603,0.217003,0.373435,0.855047,0.488029,1.18583,5.6285,0.164939,0,0.0870712,NBA,3,Omicron,-1,No record,0,G_NBA,G_0
2994_1,-6.48872,2.34464,-3.96398,-5.85048,0.512586,2.28729,15.4362,1.48253,97,0.0131652,-6.53961,2.38952,-4.01241,-5.68469,0.512575,2.56329,15.1304,1.55146,97,0.0114001,-6.55057,2.38068,-3.95849,-5.52088,0.490484,2.21411,10.0532,1.48666,97,0.00375799,0.195127,0.195916,0.38682,0.673199,0.114143,1.3345,5.72233,0.187263,0,0.0161354,NBA,1,Omicron,-1,No record,0,G_NBA,G_0
2018_1,-6.54062,2.41488,-3.93595,-4.63188,0.571694,2.37917,13.3287,1.5057,97,0.00749808,-6.52634,2.39296,-4.00284,-4.68553,0.586317,2.2648,14.0511,1.5079,97,0.0115406,-6.57294,2.3894,-3.96376,-4.55545,0.558963,2.15202,10.5552,1.4952,97,0.00379867,0.159594,0.175069,0.380765,0.61908,0.213492,1.08119,6.62035,0.168191,0,0.0202722,NBA,1,Omicron,-1,No record,0,G_NBA,G_0
663_1,-6.61363,2.55856,-3.94783,-3.10318,0.815087,2.76869,11.036,1.46406,97,0.0148693,-6.62806,2.52393,-4.00463,-3.06962,0.698882,2.41156,14.2822,1.52572,97,0.0122414,-6.63986,2.4764,-3.96863,-3.07349,0.673754,2.35376,11.0107,1.49281,97,0.00353103,0.168413,0.234746,0.415477,0.528086,0.35404,1.02517,8.12981,0.171682,0,0.0199425,NBA,2,Omicron,-1,No record,0,G_NBA,G_0
2779_1,-6.51106,2.26034,-4.06361,-5.63667,0.639993,2.13383,11.938,1.48509,97,0.00795659,-6.64289,2.3905,-3.9324,-5.16229,0.530417,2.23411,11.7619,1.46988,97,0.0160082,-6.60519,2.32336,-3.96549,-5.44292,0.681975,2.26017,10.5569,1.47025,97,0.00379645,0.156903,0.200732,0.354803,0.701131,0.157727,0.959362,5.84358,0.161411,0,0.0418445,NBA,1,Omicron,-1,No record,0,G_NBA,G_0
1428_1,-6.49194,2.60128,-4.04564,-5.29414,1.92713,2.56445,9.70022,1.56348,97,0.0106817,-6.52068,2.67623,-3.94399,-5.09475,1.86317,2.50089,9.81605,1.56951,97,0.0118501,-6.55443,2.65251,-3.97924,-4.7955,1.96489,2.1818,10.4833,1.51944,97,0.00381303,0.177597,0.224185,0.423189,1.05677,0.419125,1.11317,5.95309,0.221741,0,0.017377,NBA,2,Omicron,-1,No record,0,G_NBA,G_0
2388_1,-6.65515,2.08545,-3.94097,-5.22332,0.647979,2.42982,13.6073,1.44097,97,0.00982807,-6.69141,2.10867,-3.90399,-5.39258,0.725343,2.19017,15.6033,1.44336,97,0.0193271,-6.73993,2.11936,-3.96412,-5.21208,0.723105,2.10297,10.6277,1.42968,97,0.00360436,0.144308,0.163943,0.413245,0.798691,0.189678,0.978352,6.98386,0.1807,0,0.0520976,NBA,2,Omicron,-1,No record,0,G_NBA,G_0
2285_1,-6.67424,2.24772,-3.96197,-5.39572,0.751621,2.23087,14.7867,1.46707,97,0.0116822,-6.63858,2.20424,-3.97999,-5.45477,0.79384,2.42779,13.8605,1.46727,97,0.0117602,-6.6682,2.24532,-3.96526,-5.39057,0.84303,2.15253,10.5623,1.45403,97,0.00380036,0.175899,0.232554,0.358401,0.904616,0.278917,1.45022,6.1795,0.182006,0,0.0240588,NBA,2,Omicron,-1,No record,0,G_NBA,G_0
2333_1,-6.60483,2.09915,-4.04473,-5.89272,0.596035,2.51716,15.3909,1.43855,97,0.0115875,-6.69005,2.15554,-4.04926,-5.94388,0.626088,2.09128,13.1922,1.41684,97,0.00964578,-6.6916,2.13348,-3.96462,-5.7478,0.63351,2.15204,10.5565,1.43719,97,0.00379869,0.156844,0.165799,0.420065,0.764707,0.189754,1.08617,5.03614,0.161413,0,0.032826,NBA,1,Omicron,-1,No record,0,G_NBA,G_0
2255_1,-6.65455,2.22783,-4.06786,-4.77035,0.623761,2.33522,12.5906,1.42052,97,0.0142644,-6.6093,2.1925,-3.98612,-4.57559,0.524027,2.4818,13.4947,1.42716,97,0.00932157,-6.66901,2.23182,-3.95377,-4.52532,0.543759,2.14552,10.5793,1.41345,97,0.00377097,0.17829,0.211047,0.425811,0.752196,0.237907,1.26452,6.58926,0.149927,0,0.0213627,NBA,1,Omicron,-1,No record,0,G_NBA,G_0
59_1,-6.69005,2.30535,-3.98295,-5.99118,0.508191,2.52136,13.0142,1.38366,97,0.0157597,-6.65665,2.27073,-4.01028,-6.09339,0.55047,2.58558,14.0174,1.40405,97,0.0144496,-6.65072,2.23882,-3.96232,-5.93773,0.51283,2.21731,10.6058,1.40361,97,0.00369722,0.180416,0.195135,0.445744,0.678084,0.178367,1.82776,7.31654,0.171621,0,0.0297625,NBA,1,Omicron,-1,No record,0,G_NBA,G_0
1352_1,-6.72524,2.11659,-3.91617,-4.15557,0.497153,2.20355,11.5748,1.46404,97,0.0137585,-6.73028,2.13137,-3.92507,-4.25335,0.568885,2.22955,13.4618,1.45088,97,0.00765827,-6.78816,2.06683,-3.97017,-4.19725,0.488531,2.10633,10.4569,1.46329,97,0.00374806,0.179299,0.209272,0.409615,1.06065,0.34987,0.999493,6.59668,0.17178,0,0.013732,NBA,2,Omicron,-1,No record,0,G_NBA,G_0
2847_1,-6.45256,2.40684,-3.96234,-4.9902,0.750023,2.35026,12.7212,1.50206,97,0.010565,-6.56941,2.52499,-3.93779,-4.47538,0.643567,2.18103,13.1059,1.55961,97,0.0107091,-6.56187,2.42852,-3.9638,-4.67235,0.701696,2.26645,10.6902,1.50146,97,0.00352725,0.157431,0.187394,0.414609,0.600954,0.206215,1.11598,5.34618,0.176207,0,0.019566,NBA,1,Omicron,-1,No record,0,G_NBA,G_0
2356_1,-6.60847,2.27173,-3.98455,-5.40944,0.633552,1.90734,11.2569,1.4668,97,0.0111825,-6.58289,2.24348,-4.03308,-5.53678,0.750644,2.24687,12.818,1.46549,97,0.00639176,-6.63879,2.30773,-3.96731,-5.61306,0.932391,2.15364,10.569,1.46512,97,0.0037978,0.177782,0.232558,0.391577,0.894271,0.258166,1.14683,7.27377,0.17324,0,0.00839851,NBA,1,Omicron,-1,No record,0,G_NBA,G_0
2143_1,-6.62091,2.1008,-3.98059,-6.3154,0.802784,2.26617,13.1798,1.41754,97,0.0103868,-6.64386,2.1114,-4.01129,-5.97082,0.736386,2.40369,14.5318,1.4119,97,0.00824283,-6.6979,2.16864,-3.96387,-5.80987,0.810494,2.15706,10.522,1.41548,97,0.00376874,0.154462,0.199272,0.401076,0.751969,0.258337,1.08635,9.32778,0.14673,0,0.011632,NBA,2,Omicron,-1,No record,0,G_NBA,G_0
1436_1,-6.64316,2.48725,-3.99558,-3.14124,0.803613,2.58159,12.7793,1.53286,97,0.0122584,-6.59014,2.45429,-3.96349,-3.27034,0.785646,2.29608,11.7491,1.56115,97,0.0143572,-6.65135,2.45333,-3.96656,-3.14791,0.670091,2.11023,10.5678,1.4887,97,0.00372828,0.17691,0.213545,0.385282,0.55314,0.452244,1.25992,6.12973,0.182664,0,0.0288919,NBA,2,Omicron,-1,No record,0,G_NBA,G_0
827_1,-6.61315,2.44962,-3.97851,-4.00491,0.747549,2.23815,13.8676,1.51197,97,0.011002,-6.54731,2.40285,-4.04105,-3.96427,0.759495,2.61286,13.5305,1.4993,97,0.014431,-6.64259,2.39604,-3.97059,-3.85733,0.667076,2.31309,10.6962,1.4881,97,0.00364533,0.193253,0.256181,0.41337,0.870548,0.371249,1.57571,7.01651,0.176458,0,0.0370137,NBA,2,Omicron,-1,No record,0,G_NBA,G_0
946_1,-6.67898,2.06946,-4.00628,-5.97077,0.487304,2.38835,13.3137,1.47844,97,0.0121444,-6.66126,2.05752,-3.99063,-5.87156,0.454735,2.41006,13.6591,1.46115,97,0.0194655,-6.67867,2.10673,-3.96299,-5.68193,0.471824,2.16955,10.5024,1.44819,97,0.00377097,0.167514,0.189123,0.333504,0.801691,0.185253,1.1525,6.22015,0.18669,0,0.0730399,NBA,1,Omicron,-1,No record,0,G_NBA,G_0
424_1,-6.67376,2.22068,-3.87574,-4.48623,0.643937,2.56285,13.6797,1.46372,97,0.0124262,-6.71591,2.16339,-4.0348,-4.837,0.790421,2.37664,14.0754,1.46361,97,0.00863137,-6.74146,2.19159,-3.96608,-4.40905,0.684633,2.14885,10.587,1.44487,97,0.00378614,0.147653,0.175582,0.372857,1.23825,0.377013,1.29403,7.0556,0.190685,0,0.0135446,NBA,1,Omicron,-1,No record,0,G_NBA,G_0
636_1,-6.67552,2.0295,-3.83445,-5.38363,0.650393,2.08419,13.3443,1.48825,97,0.0147164,-6.67628,2.04184,-3.97898,-5.53587,0.704406,2.38788,13.4977,1.44876,97,0.0186489,-6.75336,2.09829,-3.96463,-5.29264,0.770727,2.15324,10.5557,1.44168,97,0.00381489,0.158995,0.204538,0.397144,0.976654,0.310116,1.33137,7.58118,0.131649,0,0.0442069,NBA,1,Omicron,-1,No record,0,G_NBA,G_0
2380_1,-6.47392,2.39052,-3.93811,-5.27274,0.693441,2.14,10.6484,1.48095,97,0.0106064,-6.5382,2.44047,-3.99923,-5.10185,0.562681,1.59982,8.28899,1.47753,97,0.0119985,-6.55397,2.37852,-3.93843,-5.16033,0.581257,1.59973,8.29051,1.4976,97,0.00372355,0.173197,0.18023,0.339036,0.684181,0.177405,0.492635,1.5678,0.149389,0,0.0206006,NBA,2,Omicron,-1,No record,0,G_NBA,G_0
2972_1,-6.42245,2.54316,-3.9876,-5.3167,0.777846,2.14151,12.971,1.58274,97,0.00821614,-6.46602,2.57045,-4.06562,-5.46271,0.841822,2.2102,11.8948,1.52998,97,0.0107923,-6.50635,2.5723,-3.9655,-5.39608,0.905834,2.19636,10.588,1.51809,97,0.0037873,0.137213,0.221646,0.364242,0.673776,0.194388,1.23005,5.63654,0.19216,0,0.0237237,NBA,2,Omicron,-1,No record,0,G_NBA,G_0
2602_1,-6.66126,2.25601,-3.94838,-4.79239,1.01558,2.92858,11.0892,1.44206,97,0.0203455,-6.71028,2.32689,-3.98702,-4.59499,0.928589,2.10312,9.99191,1.47017,97,0.00878995,-6.72084,2.29119,-3.95903,-4.30166,0.85389,2.17033,10.3433,1.43278,97,0.00378362,0.149505,0.213016,0.479371,1.2915,0.440782,1.13004,7.3836,0.1704,0,0.0146115,NBA,3,Omicron,-1,No record,0,G_NBA,G_0
2651_1,-6.4696,2.40283,-3.95871,-5.07445,0.7006,2.87038,14.6753,1.5023,97,0.00627547,-6.49227,2.41278,-3.91382,-4.90514,0.675914,2.46109,16.853,1.49289,97,0.0114385,-6.56892,2.41684,-3.98631,-5.00054,0.734069,2.41702,11.034,1.49332,97,0.00359201,0.156648,0.184683,0.392386,0.855714,0.172064,1.12394,6.77394,0.16717,0,0.0233457,NBA,2,Omicron,-1,No record,0,G_NBA,G_0
1060_1,-6.64892,2.52215,-3.90669,-3.14773,0.869544,2.52895,11.2471,1.50077,97,0.0112364,-6.60187,2.40248,-3.85482,-3.08901,0.711967,2.52189,11.8519,1.48473,97,0.0152096,-6.69837,2.38537,-3.97177,-3.08544,0.646781,2.20738,10.6605,1.46952,97,0.00366741,0.168912,0.243399,0.430747,0.588349,0.333272,1.44741,7.19116,0.17378,0,0.0522479,NBA,1,Omicron,-1,No record,0,G_NBA,G_0
581_1,-6.75153,2.18427,-3.89542,-3.61787,0.578086,3.3798,6.51208,1.4558,97,0.0122845,-6.71901,2.24673,-3.88967,-3.55544,0.645816,3.01425,6.07748,1.45808,97,0.00877848,-6.76154,2.20948,-3.90635,-3.48827,0.560151,2.9297,5.91969,1.40407,97,0.0041948,0.199606,0.247954,0.327433,0.887132,0.345038,1.50981,1.40373,0.172883,0,0.0113768,NBA,2,Omicron,-1,No record,0,G_NBA,G_0
2242_1,-6.74795,1.80051,-3.87531,-5.51917,0.656789,2.67939,13.7222,1.49926,97,0.00687253,-6.80405,1.8638,-3.99475,-5.55665,0.695016,2.33511,12.982,1.48614,97,0.00783321,-6.84389,1.8828,-3.96145,-5.09566,0.511277,2.18074,10.5125,1.46154,97,0.00377734,0.150896,0.179188,0.371173,0.997071,0.562613,1.26611,7.19744,0.186601,0,0.0172645,NBA,1,Omicron,-1,No record,0,G_NBA,G_0
2914_1,-6.72071,2.0174,-3.86594,-6.08137,0.815345,2.15744,12.2869,1.43248,97,0.00800716,-6.75247,2.03652,-3.95965,-5.73057,0.702575,2.57279,12.0707,1.43518,97,0.0104741,-6.76731,2.03734,-3.96356,-5.54462,0.720234,2.14759,10.5494,1.44234,97,0.00380417,0.177762,0.204153,0.410081,0.961921,0.325985,1.44497,5.33477,0.157378,0,0.0165346,NBA,1,Omicron,-1,No record,0,G_NBA,G_0
1299_1,-6.67308,2.30221,-4.11544,-5.61717,1.14582,2.34314,9.61399,1.43392,97,0.00859511,-6.70061,2.31397,-4.06945,-5.47291,1.15419,2.4783,10.4907,1.50455,97,0.00739135,-6.67095,2.29547,-3.94279,-5.19951,1.08082,2.66766,7.88597,1.46399,97,0.00306848,0.147731,0.19545,0.410746,1.16041,0.399495,1.00066,5.76538,0.160073,0,0.0118742,NBA,1,Omicron,-1,No record,0,G_NBA,G_0
2597_1,-6.54855,2.54615,-4.01473,-4.93273,1.55083,2.34481,11.0618,1.52463,97,0.0104793,-6.54853,2.58013,-3.96838,-4.52689,1.2576,2.32535,9.46009,1.48965,97,0.0147047,-6.62025,2.53213,-3.96181,-4.20929,1.14356,2.27513,6.38251,1.48839,97,0.00395154,0.168321,0.185778,0.381121,1.06245,0.510165,1.0193,6.76142,0.164741,0,0.0465343,NBA,2,Omicron,-1,No record,0,G_NBA,G_0
2113_1,-6.5221,2.28462,-3.89942,-5.20517,0.632712,2.63001,10.9931,1.51039,97,0.00929483,-6.56494,2.3139,-4.01228,-4.97957,0.606644,2.15406,15.2025,1.53599,97,0.0125066,-6.60452,2.34571,-3.9661,-4.92111,0.668317,2.15767,10.5139,1.47927,97,0.003853,0.169852,0.207544,0.385685,0.593406,0.181404,1.17453,7.90961,0.16994,0,0.0244717,NBA,1,Omicron,-1,No record,0,G_NBA,G_0
2332_1,-6.70214,2.04624,-3.89061,-6.08897,0.553072,2.38298,13.4038,1.47428,97,0.0116934,-6.72077,2.07738,-3.91679,-5.96113,0.577825,2.18977,11.8099,1.43722,97,0.0115298,-6.71215,2.06094,-3.95561,-5.86255,0.544078,2.0111,10.5236,1.44426,97,0.00359476,0.160374,0.181151,0.377497,0.725982,0.21702,1.13869,4.44876,0.145323,0,0.0269174,NBA,1,Omicron,-1,No record,0,G_NBA,G_0
2435_1,-6.67286,2.23244,-3.87793,-5.12584,0.880648,2.16252,11.1961,1.34998,97,0.0075226,-6.62663,2.18369,-4.05869,-5.54801,0.994612,2.6727,12.5916,1.3709,97,0.0144512,-6.70951,2.22371,-3.98576,-5.08629,0.908823,2.33435,10.9122,1.39573,97,0.00345645,0.174608,0.185296,0.378366,0.976133,0.409581,1.47377,6.99715,0.143078,0,0.0399929,NBA,1,Omicron,-1,No record,0,G_NBA,G_0
1543_1,-6.57308,2.26362,-4.02463,-5.8422,0.669854,2.91886,11.6989,1.48818,97,0.00862432,-6.63205,2.3473,-3.94263,-5.66624,0.698165,2.4464,12.0696,1.48013,97,0.00773547,-6.61227,2.28939,-3.96402,-5.55799,0.665349,2.15515,10.6296,1.47306,97,0.00370022,0.150909,0.19609,0.461493,0.685749,0.212807,1.21821,5.36876,0.169086,0,0.0107314,NBA,2,Omicron,-1,No record,0,G_NBA,G_0
1665_1,-6.82562,1.97128,-3.9259,-5.87937,0.918111,2.29928,11.7002,1.45054,97,0.00622553,-6.78961,1.91334,-4.01095,-5.61791,0.647315,2.42422,12.5461,1.45269,97,0.00976646,-6.82475,1.90547,-3.96576,-5.44108,0.568965,2.18297,10.6246,1.44037,97,0.00366931,0.150109,0.188472,0.369527,0.741035,0.318724,1.4601,6.64822,0.174672,0,0.0154983,NBA,1,Omicron,-1,No record,0,G_NBA,G_0
1384_1,-6.49457,2.58431,-3.96244,-5.1828,0.898384,2.27717,12.6641,1.5511,97,0.00866697,-6.52095,2.57574,-4.04552,-5.37292,0.980002,2.53374,12.8009,1.56722,97,0.0108461,-6.5161,2.54698,-3.96825,-5.2309,0.906918,2.17743,10.6509,1.51924,97,0.0037529,0.159519,0.191266,0.383807,0.663011,0.360722,1.50681,6.83018,0.186521,0,0.0166803,NBA,3,Omicron,-1,No record,0,G_NBA,G_0
3035_1,-6.72555,1.99026,-3.92254,-5.52179,0.780097,2.61887,10.3637,1.46444,97,0.00819926,-6.75876,2.03203,-3.96787,-5.32333,0.707349,2.49822,13.8921,1.44589,97,0.0151436,-6.78997,2.02143,-3.96621,-5.00351,0.585036,2.22628,10.6139,1.45039,97,0.00375277,0.17601,0.23524,0.375847,1.2411,0.468848,1.39444,8.07431,0.184532,0,0.0321563,NBA,2,Omicron,-1,No record,0,G_NBA,G_0
PLT-TH1-004,-6.68523,2.22355,-3.89391,-3.87883,0.439355,2.50701,11.0373,3.82362,97,0.00985344,-6.67242,2.22155,-3.96159,-3.64368,0.394341,2.3574,10.4047,3.90091,97,0.0170993,-6.67027,2.27572,-3.95762,-3.61315,0.406503,2.14971,11.437,3.87153,97,0.00388034,0.186024,0.28791,0.393966,0.648926,0.193658,1.17383,3.04533,0.5107,0,0.0494594,Platcov,3,Delta,2,NA,0,G_Platcov,G_0
PLT-TH1-007,-6.60651,2.26593,-3.96876,-4.46725,0.557772,2.2027,17.6688,3.91173,97,0.0124557,-6.68096,2.28072,-4.03622,-4.21922,0.518947,2.18769,18.8932,3.75445,97,0.00755018,-6.65405,2.27552,-4.00419,-4.44254,0.587931,2.07951,14.6768,3.84457,97,0.00313903,0.195537,0.237339,0.456025,0.512377,0.138981,1.24583,6.96826,0.468571,0,0.0111955,Platcov,3,Delta,2,NA,0,G_Platcov,G_0
PLT-TH1-017,-6.64396,2.49062,-3.89258,-3.22823,0.733958,2.13438,12.2695,3.84248,97,0.0126241,-6.6447,2.43594,-4.12052,-3.5585,0.80628,2.51472,16.6212,4.00819,97,0.00887269,-6.68057,2.43994,-3.93705,-3.59622,0.84605,2.53496,12.0443,3.94149,97,0.00360931,0.177714,0.301004,0.422082,0.90354,0.251655,1.17445,10.1546,0.502168,0,0.0130239,Platcov,3,Delta,2,NA,0,G_Platcov,G_0
PLT-TH1-018,-6.66572,2.13729,-3.92618,-5.94484,0.50233,2.5494,10.4678,3.75302,97,0.00659489,-6.63132,2.07748,-3.92735,-5.94417,0.476147,2.51201,10.4022,3.82728,97,0.00582274,-6.66592,2.13981,-3.96423,-5.73892,0.458906,2.20372,11.6186,3.77704,97,0.00371784,0.173316,0.305255,0.3574,0.772315,0.141358,1.32865,1.79757,0.46182,0,0.00935723,Platcov,3,Delta,1,NA,0,G_Platcov,G_0
PLT-TH1-020,-6.59701,2.26182,-3.95793,-4.8847,0.540757,2.27721,20.3903,3.8956,97,0.0112144,-6.62321,2.23686,-3.88545,-4.99077,0.5866,2.56028,21.4219,3.94074,97,0.00656721,-6.63267,2.2312,-3.97322,-4.83562,0.550269,2.27727,14.9339,3.88203,97,0.00340641,0.157875,0.278487,0.439864,0.782533,0.150199,1.46125,7.03425,0.484886,0,0.00915362,Platcov,3,Delta,2,NA,0,G_Platcov,G_0
PLT-TH1-028,-6.61469,2.23569,-3.94832,-5.77296,0.955724,2.61356,9.10754,3.88509,97,0.0111845,-6.64819,2.2807,-4.00742,-5.24273,0.827902,2.64952,7.9861,3.84129,97,0.00871574,-6.64857,2.27827,-3.92893,-5.32651,0.892152,2.91763,7.2864,3.8487,97,0.0040005,0.193889,0.254967,0.443676,0.963973,0.28133,1.28372,3.8305,0.392399,0,0.0131936,Platcov,3,Delta,2,NA,0,G_Platcov,G_0
PLT-TH1-035,-6.68353,2.38111,-3.89475,-5.26547,1.12568,2.67709,13.7798,3.84513,97,0.0126811,-6.65087,2.34663,-3.98123,-4.79034,0.950087,3.19944,9.60102,3.92965,97,0.0081897,-6.65557,2.47885,-3.95528,-4.46922,0.911631,3.13485,7.57528,3.85319,97,0.0034999,0.191665,0.224476,0.423303,0.82332,0.263611,1.67381,5.42157,0.444089,0,0.0130632,Platcov,3,Delta,2,NA,0,G_Platcov,G_0
PLT-TH1-036,-6.644,2.25544,-3.86678,-4.51486,0.448785,2.70957,10.2929,3.86449,97,0.00759828,-6.68633,2.07725,-3.89244,-4.90179,0.488424,2.57628,10.2821,3.7945,97,0.0107244,-6.65288,2.21545,-3.95878,-4.56599,0.435299,2.13618,11.4451,3.84291,97,0.00381303,0.202129,0.318184,0.337277,0.890346,0.235749,1.19874,3.11809,0.464618,0,0.0175963,Platcov,3,Delta,2,NA,0,G_Platcov,G_0
PLT-TH1-041,-6.71056,1.98827,-4.04733,-6.2439,0.650726,2.66498,23.715,3.78975,97,0.00566094,-6.64252,2.12428,-4.01709,-5.91963,0.586224,2.48536,23.2381,3.87303,97,0.0105455,-6.68804,2.17351,-4.03036,-5.59723,0.571316,2.21564,16.4208,3.82301,97,0.00365942,0.212062,0.249584,0.40588,0.913136,0.113509,1.29306,8.79618,0.451905,0,0.0218186,Platcov,3,Delta,2,NA,0,G_Platcov,G_0
PLT-TH1-049,-6.62699,2.22067,-3.96526,-5.04291,0.643371,2.27859,14.1117,3.96635,97,0.0102972,-6.66037,2.22927,-3.95489,-4.93406,0.605018,2.37311,12.61,3.88892,97,0.00924316,-6.65403,2.24836,-3.9727,-4.70154,0.565985,2.18719,12.9566,3.85875,97,0.00378312,0.185964,0.245915,0.422055,0.894408,0.214655,1.15135,4.85053,0.45276,0,0.0142897,Platcov,3,Delta,2,NA,0,G_Platcov,G_0
PLT-TH57-002,-6.59033,2.37363,-3.91582,-3.58374,0.758921,2.49108,10.4675,3.86215,97,0.00882424,-6.68239,2.37798,-3.88398,-3.04116,0.510915,2.90038,5.56953,3.85152,97,0.00712022,-6.67317,2.33073,-3.91775,-3.04601,0.442911,2.64326,5.27304,3.91153,97,0.00378076,0.187067,0.229199,0.357622,0.476723,0.215424,1.18476,0.630266,0.431406,0,0.0080033,Platcov,3,Delta,2,NA,0,G_Platcov,G_0
PLT-TH1-053,-6.70907,2.27128,-4.02328,-4.87007,0.758945,2.13155,11.7682,3.82904,97,0.00616339,-6.65709,2.31516,-3.92991,-4.81503,0.737812,2.10152,10.8207,3.94169,97,0.0122443,-6.64681,2.33655,-3.97804,-5.02006,0.93644,2.13213,11.3764,3.87647,97,0.00379114,0.16522,0.233846,0.396265,0.871993,0.268674,0.77427,7.10814,0.465116,0,0.0325936,Platcov,3,Delta,2,NA,0,G_Platcov,G_0
PLT-TH1-068,-6.61449,2.223,-3.9597,-4.94177,0.785858,2.76577,9.51605,3.9113,97,0.0095598,-6.6029,2.29284,-3.92681,-4.86058,0.847762,2.37271,9.92412,3.77409,97,0.013779,-6.64165,2.34452,-3.99268,-5.35889,1.17201,2.26119,12.919,3.886,97,0.00353136,0.197192,0.23283,0.442778,1.04352,0.340575,1.22301,6.6524,0.407494,0,0.0340326,Platcov,3,BA.1,3,NA,0,G_Platcov,G_0
PLT-TH1-069,-6.67186,2.04959,-4.0283,-6.24577,0.675145,2.30665,7.32183,3.75973,97,0.0162591,-6.69696,2.11521,-4.0002,-6.20808,0.819895,2.44402,7.83287,3.77164,97,0.011605,-6.70407,2.13003,-3.9218,-6.00594,0.694884,2.27195,7.42673,3.72384,97,0.00395088,0.177076,0.284218,0.404082,0.987951,0.575427,1.1081,2.52859,0.470405,0,0.017086,Platcov,3,BA.1,2,NA,0,G_Platcov,G_0
PLT-TH58-004,-6.63457,2.39612,-4.05876,-3.98402,1.00951,2.69415,12.5589,3.88485,97,0.00626737,-6.66546,2.40113,-4.01503,-3.26512,0.707047,2.62333,9.82861,3.98053,97,0.010489,-6.70236,2.37903,-3.91516,-3.13535,0.601378,2.56719,6.64728,3.93413,97,0.00356961,0.209483,0.318675,0.425051,1.05265,0.348562,1.2653,6.53155,0.398683,0,0.0156293,Platcov,3,BA.1,2,NA,0,G_Platcov,G_0
PLT-TH58-002,-6.67099,2.39206,-3.89578,-5.655,1.528,2.24733,10.3216,3.79273,97,0.00593765,-6.63509,2.33275,-3.91424,-4.56322,0.935154,2.47558,6.83717,3.86194,97,0.0064759,-6.65196,2.36097,-3.89903,-4.21301,0.790289,2.19787,4.83865,3.89294,97,0.00326919,0.187287,0.235212,0.388214,1.20086,0.461936,0.936706,5.76426,0.415536,0,0.00942735,Platcov,3,BA.1,2,NA,0,G_Platcov,G_0
PLT-TH1-072,-6.69987,2.23597,-4.03841,-3.588,0.475329,2.41965,21.5011,3.93214,97,0.00753752,-6.65634,2.34749,-3.96303,-3.1423,0.419698,2.24239,22.0659,3.84206,97,0.00789686,-6.67707,2.30844,-3.9664,-3.223,0.426786,2.06686,16.9096,3.88144,97,0.00390747,0.187074,0.291244,0.41805,0.629812,0.108942,1.27716,6.27535,0.428541,0,0.0135858,Platcov,3,BA.1,2,NA,0,G_Platcov,G_0
PLT-TH1-077,-6.62867,2.55417,-4.01866,-4.76266,1.55753,2.7041,13.629,3.99268,97,0.0132395,-6.64141,2.65761,-4.04119,-3.5257,1.14619,3.01161,11.2138,4.03395,97,0.00975532,-6.69542,2.65144,-4.0049,-3.11804,1.05718,2.55826,10.9426,4.01097,97,0.0038614,0.190179,0.253897,0.433716,1.00905,0.361085,1.8078,6.6535,0.423352,0,0.0143514,Platcov,3,BA.1,2,NA,0,G_Platcov,G_0
PLT-TH1-081,-6.64289,2.28676,-3.81819,-2.85835,0.339145,2.61373,21.6934,3.76125,97,0.0111231,-6.52286,2.70843,-3.39371,-3.21717,0.810277,2.2464,20.9342,3.81808,97,0.0105383,-6.47133,2.85361,-3.10604,-3.30238,0.968064,2.02586,15.911,3.78408,97,0.00664107,0.186782,0.286979,0.531333,0.613286,0.380886,1.29898,5.95591,0.405364,0,0.0261637,Platcov,3,BA.1,2,NA,0,G_Platcov,G_0
PLT-TH1-086,-6.59073,2.31047,-3.93422,-4.23067,0.577616,2.34069,17.1195,3.87135,97,0.0101757,-6.64791,2.35498,-3.96703,-4.15406,0.582464,2.27955,16.7015,3.9218,97,0.012269,-6.66065,2.28623,-3.97988,-4.0989,0.548836,2.04383,16.2007,3.8723,97,0.00351171,0.220712,0.294126,0.404328,0.9055,0.190125,1.24385,6.99245,0.43349,0,0.0574198,Platcov,3,BA.1,2,NA,0,G_Platcov,G_0
PLT-TH1-098,-6.60256,2.30009,-3.98099,-6.08942,1.58458,2.49475,9.60515,3.7857,97,0.0110166,-6.66115,2.31652,-3.95289,-6.22744,1.75246,2.52053,13.8632,3.78462,97,0.0132394,-6.70986,2.35698,-3.97124,-6.07062,1.75863,2.16527,11.8246,3.75794,97,0.0044636,0.154115,0.225816,0.364961,0.851478,0.302583,1.45103,8.72301,0.471051,0,0.0289115,Platcov,3,BA.2,3,NA,0,G_Platcov,G_0
PLT-TH1-099,-6.59043,2.3399,-3.8385,-5.02599,0.872625,2.39061,11.8515,3.87106,97,0.00724244,-6.66906,2.2846,-3.9342,-5.2705,0.944645,2.13331,11.4481,3.8909,97,0.0104359,-6.66453,2.29409,-3.97051,-5.65197,1.11553,2.15786,11.4699,3.8253,97,0.00377594,0.20284,0.277158,0.380069,0.978998,0.284108,1.04937,6.51184,0.521642,0,0.012536,Platcov,3,BA.1,2,NA,0,G_Platcov,G_0
PLT-TH1-107,-6.59805,2.28039,-4.00071,-5.13887,0.471141,2.69987,24.2221,3.76713,97,0.00941268,-6.61,2.24167,-3.94852,-5.17518,0.446944,2.71635,22.0264,3.87489,97,0.0117781,-6.63725,2.16075,-3.95329,-5.19078,0.437953,2.35012,15.8861,3.81787,97,0.00340715,0.175389,0.287074,0.477047,0.671924,0.108842,1.66135,5.61984,0.457894,0,0.0166524,Platcov,3,BA.2,3,NA,0,G_Platcov,G_0
PLT-BR3-002,-6.64752,2.30532,-3.98175,-5.88338,1.00796,2.23169,14.3432,3.74539,97,0.0117371,-6.67188,2.27536,-3.90471,-5.50982,0.92895,2.42659,15.505,3.81096,97,0.0164426,-6.64594,2.28992,-3.97107,-5.49634,0.952806,2.22958,11.7292,3.86104,97,0.00364913,0.182108,0.205518,0.360813,0.912053,0.204645,1.22387,7.11068,0.487321,0,0.0436634,Platcov,3,BA.1,2,NA,0,G_Platcov,G_0
PLT-BR3-004,-6.657,2.41237,-3.93373,-3.74387,0.597165,2.14402,14.2211,3.82915,97,0.00623293,-6.68738,2.31038,-4.06728,-3.90922,0.573559,2.23424,16.7957,3.93489,97,0.0138912,-6.66194,2.3255,-3.95521,-3.97386,0.603241,2.13608,11.5324,3.89016,97,0.00380488,0.181972,0.266727,0.363064,0.659392,0.183301,0.986379,11.9102,0.41805,0,0.0316541,Platcov,3,BA.1,0,NA,0,G_Platcov,G_0
PLT-TH1-115,-6.6753,2.31016,-3.88233,-4.27394,0.747253,2.73177,16.9621,3.86495,97,0.0095716,-6.60567,2.35449,-3.97917,-4.62078,0.81612,2.51938,15.6758,3.90165,97,0.0173394,-6.65191,2.37079,-3.93984,-4.22128,0.758159,2.07773,11.5667,3.89415,97,0.00392978,0.177427,0.233758,0.443159,1.05341,0.225469,1.34024,7.6929,0.46768,0,0.0505908,Platcov,3,BA.2,3,NA,0,G_Platcov,G_0
PLT-TH1-120,-6.64198,2.09157,-3.96998,-5.9991,0.683323,1.38646,7.85562,3.64206,97,0.00575457,-6.65645,2.02615,-3.97195,-6.60548,1.06059,2.41439,13.6962,3.72206,97,0.0152922,-6.71745,2.18574,-3.9712,-6.11884,0.991704,2.20494,11.537,3.76644,97,0.00384975,0.196926,0.266097,0.450659,0.845638,0.390569,1.73464,7.78754,0.439957,0,0.0374267,Platcov,3,BA.1,3,NA,0,G_Platcov,G_0
PLT-TH1-128,-6.60021,2.79168,-4.1259,-4.65194,3.48336,2.42201,16.4233,4.31565,97,0.0142498,-6.51345,2.77241,-4.03191,-4.66897,3.55468,2.58647,12.5668,4.29668,97,0.00718648,-6.59569,2.75837,-3.99751,-4.80441,3.40481,2.27548,11.4592,4.30558,97,0.0034226,0.1888,0.244431,0.376989,1.64458,1.03776,1.53557,7.12917,0.44728,0,0.0125009,Platcov,3,BA.2,3,NA,0,G_Platcov,G_0
PLT-TH1-129,-6.62868,2.09919,-3.94366,-5.05905,0.443302,2.09912,19.2039,3.91085,97,0.0101946,-6.62816,2.1756,-3.95274,-4.68295,0.396707,2.12218,19.9817,3.78681,97,0.00797131,-6.64723,2.14729,-3.98364,-4.60608,0.354518,1.92344,14.8915,3.79585,97,0.00313052,0.19198,0.268437,0.441243,0.667271,0.162998,1.15367,9.58494,0.500999,0,0.0105398,Platcov,3,BA.2,3,NA,0,G_Platcov,G_0
PLT-TH1-137,-6.73199,2.14794,-3.9386,-6.12474,0.890901,1.92859,10.9397,3.78114,97,0.00707377,-6.68791,1.99402,-3.97326,-6.58074,0.928675,2.24214,11.3566,3.76296,97,0.0128155,-6.71738,2.17954,-3.96555,-6.12072,0.910729,2.57324,10.822,3.85488,97,0.00294428,0.150895,0.266173,0.36428,0.921282,0.4035,0.894497,7.04414,0.420308,0,0.0255514,Platcov,3,BA.2,3,NA,0,G_Platcov,G_0
PLT-TH1-141,-6.65309,2.17659,-3.92839,-5.72145,0.590061,2.45899,6.15905,3.81502,97,0.0111863,-6.70613,2.20106,-3.81429,-5.54803,0.646344,2.62664,6.35874,3.7694,97,0.00653411,-6.65625,2.18882,-3.91253,-5.45177,0.583132,2.43815,6.33849,3.8171,97,0.0036922,0.215718,0.259631,0.432961,0.895107,0.317632,1.26509,0.679538,0.452074,0,0.00767157,Platcov,3,BA.2,2,NA,0,G_Platcov,G_0
PLT-TH1-142,-6.63345,2.22331,-3.96003,-5.29223,0.823902,2.21499,12.2704,3.79484,97,0.0123192,-6.6849,2.34894,-3.9767,-4.95591,0.770298,2.50153,12.68,3.79611,97,0.0104149,-6.65208,2.29819,-3.96557,-5.04577,0.822087,2.14234,11.596,3.85592,97,0.0038321,0.186105,0.263933,0.38861,0.866221,0.220586,1.9652,5.10763,0.464321,0,0.0125731,Platcov,3,BA.2,3,NA,0,G_Platcov,G_0
PLT-BR3-008,-6.64739,2.34476,-3.95045,-2.7471,0.389083,2.17306,22.7349,3.98153,97,0.00947984,-6.65319,2.28594,-3.90094,-3.04514,0.439573,2.40532,20.8682,3.9633,97,0.0121457,-6.68219,2.32015,-3.9902,-2.9126,0.414406,2.07999,17.7867,3.92512,97,0.00335606,0.203173,0.252167,0.402383,0.6102,0.163059,1.46442,8.18567,0.500703,0,0.025778,Platcov,3,BA.2,2,NA,0,G_Platcov,G_0
PLT-TH57-009,-6.55903,2.49256,-4.0502,-3.73636,1.11585,2.34873,14.6205,4.13893,97,0.013119,-6.69349,2.46908,-3.95531,-3.08055,0.938266,2.50382,14.8509,3.95355,97,0.00862369,-6.67197,2.50952,-3.97969,-3.05173,0.915933,2.21326,11.8265,3.96523,97,0.00392387,0.167603,0.257494,0.412923,0.853854,0.204941,1.24457,8.49279,0.434398,0,0.0130418,Platcov,3,BA.1,3,NA,0,G_Platcov,G_0
PLT-TH1-144,-6.65644,2.03859,-4.00456,-6.15515,0.671911,2.08159,22.256,3.84329,97,0.016761,-6.65629,2.10924,-4.13727,-6.05137,0.660446,2.3504,24.4572,3.80868,97,0.00771709,-6.70321,2.13623,-3.99182,-6.02844,0.664326,2.15198,16.8672,3.74099,97,0.00374236,0.178989,0.29542,0.413087,0.874773,0.114666,1.21431,10.2156,0.346877,0,0.0145963,Platcov,3,BA.2,3,NA,0,G_Platcov,G_0
PLT-TH57-010,-6.65402,2.16409,-3.90592,-5.36745,0.618223,3.36067,8.59265,3.8303,97,0.0690763,-6.61317,2.1327,-3.9302,-5.9032,0.738509,2.28702,10.0139,3.80307,97,0.011202,-6.6567,2.24142,-3.98252,-5.50015,0.768643,2.24459,12.0134,3.83853,97,0.0035502,0.18544,0.234538,0.404637,0.904842,0.213642,0.988684,5.2683,0.409827,0,0.0217854,Platcov,3,BA.2,3,NA,0,G_Platcov,G_0
PLT-TH1-156,-6.60158,2.25151,-3.99666,-4.32153,0.510279,2.84764,20.75,3.88078,97,0.00855847,-6.62813,2.25705,-3.947,-4.24207,0.49609,1.94294,21.5363,3.84657,97,0.00902609,-6.64051,2.30481,-3.96689,-4.33085,0.538479,2.01317,15.8969,3.84341,97,0.00374699,0.198415,0.251998,0.423363,0.613389,0.132484,0.943304,7.74682,0.393314,0,0.0118109,Platcov,3,BA.2,4,NA,0,G_Platcov,G_0
PLT-TH1-158,-6.64977,2.27673,-3.86206,-4.07912,0.413821,2.43629,22.5911,4.00877,97,0.0109423,-6.67889,2.24049,-4.05306,-4.06064,0.388117,2.42773,21.082,3.86824,97,0.0107154,-6.66562,2.21984,-3.9745,-4.09723,0.393712,2.13405,15.9835,3.83271,97,0.00399065,0.22376,0.296139,0.38774,0.773865,0.117916,1.32586,6.31913,0.419516,0,0.016387,Platcov,3,BA.2,2,NA,0,G_Platcov,G_0
PLT-TH1-162,-6.59462,2.14815,-3.95798,-5.43116,0.529854,2.07267,14.3882,3.82494,97,0.011733,-6.65091,2.142,-3.93995,-5.90073,0.627922,2.24429,16.3079,3.76578,97,0.00900447,-6.65801,2.16915,-3.97414,-5.63283,0.589353,1.9123,14.0959,3.77975,97,0.00422654,0.211153,0.262621,0.368646,0.761187,0.165877,1.52945,8.63109,0.434128,0,0.013933,Platcov,3,BA.2,2,NA,0,G_Platcov,G_0
PLT-TH1-168,-6.62216,2.15848,-3.9464,-4.98414,0.492721,2.49382,8.65292,3.78241,97,0.0088543,-6.73025,1.95618,-3.89014,-5.81261,0.61555,2.55075,8.48976,3.73436,97,0.0119605,-6.65331,2.19117,-3.9669,-4.73505,0.43789,2.41302,8.295,3.84157,97,0.00437136,0.216665,0.346235,0.372148,1.10833,0.223924,1.24966,2.97048,0.399141,0,0.0220388,Platcov,3,BA.2,3,NA,0,G_Platcov,G_0
PLT-TH1-175,-6.6244,2.44464,-3.97637,-4.43332,1.06033,2.46725,14.9661,3.89603,97,0.0186473,-6.62417,2.43792,-3.97318,-4.58474,1.07422,2.33605,14.9172,4.02419,97,0.0125102,-6.64905,2.42124,-3.97148,-4.38104,1.04533,2.18772,11.5422,3.92762,97,0.00377809,0.178422,0.226858,0.408457,1.03308,0.254761,1.19572,7.23065,0.455639,0,0.0396762,Platcov,3,BA.2,2,NA,0,G_Platcov,G_0
PLT-TH1-179,-6.59103,2.31748,-3.9325,-3.61024,0.31125,2.08245,15.2298,3.85858,97,0.00681061,-6.60565,2.18523,-4.01019,-3.90615,0.331131,1.99352,15.947,3.90078,97,0.0108448,-6.64886,2.19176,-3.96038,-4.03453,0.333301,2.00585,12.3476,3.86125,97,0.00399639,0.195445,0.302154,0.41204,0.578689,0.11774,0.970088,5.62307,0.511589,0,0.0207111,Platcov,3,BA.2,2,NA,0,G_Platcov,G_0
PLT-TH1-185,-6.64352,2.18194,-3.92314,-5.27665,0.588463,2.00598,9.31379,3.88189,97,0.0122703,-6.62835,2.21709,-3.93058,-5.23343,0.571386,2.2081,9.40134,3.7935,97,0.0157283,-6.65129,2.19804,-3.93675,-5.131,0.538072,2.13088,7.98641,3.82026,97,0.00377596,0.223242,0.296311,0.466407,0.870539,0.177963,0.946259,2.82223,0.402792,0,0.0457089,Platcov,3,BA.2,4,NA,0,G_Platcov,G_0
PLT-TH1-187,-6.70881,2.01048,-4.08722,-6.56828,0.50663,2.84625,10.7105,3.70939,97,0.0156137,-6.65817,2.15656,-4.01045,-6.15357,0.473632,2.56247,10.4389,3.7559,97,0.00925462,-6.71189,2.10759,-3.96372,-6.11938,0.470425,2.1511,11.5177,3.7144,97,0.00379645,0.210904,0.244643,0.354836,0.661637,0.113943,1.17022,1.33936,0.434402,0,0.0153512,Platcov,3,BA.2,2,NA,0,G_Platcov,G_0
PLT-TH1-188,-6.74521,2.17944,-4.02212,-6.31521,1.05373,2.39214,15.6828,3.64684,97,0.00662456,-6.70209,2.13706,-3.93051,-6.14911,0.912151,2.112,13.1303,3.79134,97,0.00651848,-6.74223,2.12064,-3.97853,-6.20712,0.970074,2.22524,11.4906,3.72431,97,0.00402933,0.19226,0.269407,0.359477,0.950893,0.246436,1.04168,6.43613,0.405866,0,0.0114304,Platcov,3,BA.2,3,NA,0,G_Platcov,G_0
PLT-TH1-202,-6.64903,2.22918,-3.97061,-4.67943,0.680849,2.67364,12.8557,3.83651,97,0.0215853,-6.59979,2.24456,-3.96092,-4.96453,0.739006,2.59816,12.4733,3.91884,97,0.00895129,-6.65375,2.30883,-3.98684,-4.65353,0.697394,2.18487,11.5717,3.88143,97,0.00357236,0.192928,0.265576,0.421953,0.937502,0.209246,1.28258,5.26589,0.446923,0,0.0298418,Platcov,3,BA.2,4,NA,0,G_Platcov,G_0
PLT-TH1-205,-6.61185,2.14539,-4.03623,-5.52072,0.660208,2.76902,10.3459,3.77482,97,0.0225921,-6.64128,2.22527,-3.93211,-5.23369,0.595376,2.32996,9.27687,3.91853,97,0.0149287,-6.66025,2.22028,-3.91474,-5.0785,0.57773,2.29412,7.76545,3.83916,97,0.0044874,0.210133,0.260155,0.383621,0.803935,0.182977,1.1166,3.77123,0.500278,0,0.0524979,Platcov,3,BA.2,3,NA,0,G_Platcov,G_0
PLT-TH1-215,-6.61232,2.14445,-3.92279,-5.52897,0.624032,2.27031,16.7127,3.84558,97,0.0131479,-6.63013,2.20216,-3.95956,-5.61356,0.704586,2.27273,19.9918,3.95344,97,0.00710387,-6.63061,2.25028,-3.97602,-5.40829,0.730374,2.32027,16.0437,3.82,97,0.00372602,0.176963,0.281457,0.452534,0.826878,0.141849,1.05564,9.09325,0.454921,0,0.0103064,Platcov,3,BA.2,4,NA,0,G_Platcov,G_0
PLT-TH1-220,-6.64293,2.19958,-3.78285,-6.13137,0.903791,2.55889,11.2538,3.72639,97,0.0091879,-6.67696,2.08624,-3.86201,-6.21999,0.888813,2.31549,8.53154,3.8445,97,0.0108584,-6.67099,2.2218,-3.93991,-5.77153,0.855058,2.89272,7.58944,3.80139,97,0.00385875,0.168514,0.265267,0.400265,0.912524,0.287357,1.01281,4.77424,0.373646,0,0.0178068,Platcov,3,BA.2,2,NA,0,G_Platcov,G_0
PLT-TH1-223,-6.72287,2.27292,-4.10884,-5.18815,0.909142,2.48081,14.9827,3.90457,97,0.00747167,-6.65565,2.29794,-4.04362,-5.43348,0.968439,2.08353,15.1921,3.79648,97,0.01044,-6.65179,2.30052,-3.97173,-5.47084,1.03816,2.15453,11.6395,3.84214,97,0.00384997,0.189354,0.274,0.424085,1.00668,0.243625,1.38801,6.75578,0.451731,0,0.0160711,Platcov,3,BA.2,3,NA,0,G_Platcov,G_0
PLT-TH1-226,-6.65151,2.19017,-4.07351,-5.89901,0.549445,2.25478,18.4369,3.7762,97,0.00974582,-6.6753,2.10023,-4.04565,-6.15161,0.560181,2.33286,20.5451,3.67975,97,0.005878,-6.68413,2.16228,-4.00205,-5.79706,0.530875,2.2091,15.1574,3.76521,97,0.00282368,0.172766,0.231944,0.391738,0.761093,0.129342,1.12424,7.89411,0.371613,0,0.00733326,Platcov,3,BA.2,3,NA,0,G_Platcov,G_0
PLT-TH1-230,-6.67267,2.11947,-3.92764,-6.13187,0.796472,2.02451,12.3879,3.82709,97,0.00906521,-6.66702,2.12965,-4.07698,-6.22377,0.864799,2.09883,14.8399,3.76765,97,0.0078821,-6.70567,2.18537,-3.97348,-6.03866,0.880672,2.2684,11.7484,3.7492,97,0.00369327,0.167695,0.245435,0.409325,0.79025,0.193247,1.05735,7.53539,0.391694,0,0.0112836,Platcov,3,BA.2,3,NA,0,G_Platcov,G_0
PLT-TH1-241,-6.74161,2.34221,-4.03117,-6.57931,1.69481,2.28799,14.3209,3.60929,97,0.0115728,-6.68354,2.2941,-4.00548,-6.14624,1.38804,2.19279,10.2644,3.80102,97,0.0166586,-6.6705,2.29847,-3.96946,-5.85936,1.37971,1.91322,7.69424,3.75746,97,0.00529274,0.192414,0.2586,0.408735,0.744482,0.343351,1.247,6.7366,0.417661,0,0.0520013,Platcov,3,BA.2,3,NA,0,G_Platcov,G_0
PLT-TH1-243,-6.62627,2.30459,-3.89969,-5.6115,1.20669,6.66962,2.00021,3.83495,97,0.0174031,-6.65422,2.34651,-3.88175,-5.72066,1.3648,5.84858,3.49798,3.80024,97,0.00937548,-6.63601,2.30602,-3.87666,-5.72938,1.13864,6.27916,1.98676,3.97683,97,0.00258877,0.192079,0.257079,0.372842,1.17644,0.878623,2.50385,4.71481,0.454961,0,0.0161894,Platcov,3,BA.2,3,NA,0,G_Platcov,G_0
PLT-TH1-250,-6.67858,2.15902,-3.95537,-4.18841,0.301543,2.19475,23.0912,3.78132,97,0.0130675,-6.62954,2.25147,-4.05761,-4.00057,0.304526,2.36019,23.2837,3.89508,97,0.0120513,-6.65663,2.17924,-3.99005,-4.17186,0.311644,2.24305,17.7154,3.85591,97,0.00388419,0.198988,0.306711,0.380396,0.604483,0.090193,1.31635,8.29371,0.438549,0,0.0257841,Platcov,3,BA.2,4,NA,0,G_Platcov,G_0
PLT-BR3-017,-6.60795,2.26174,-3.97214,-5.08549,0.802487,2.44017,17.9485,3.93573,97,0.00912445,-6.6577,2.26446,-4.00214,-4.8543,0.777473,2.90615,20.1138,3.84923,97,0.00829574,-6.64736,2.32609,-3.95132,-4.61541,0.716844,2.15534,17.0816,3.85671,97,0.00391048,0.211947,0.247317,0.406225,0.849859,0.191757,1.78702,9.93239,0.448703,0,0.0147277,Platcov,3,BA.2,3,NA,0,G_Platcov,G_0
PLT-TH1-253,-6.69914,2.17132,-4.02806,-6.2246,0.605027,2.01841,12.8731,3.66765,97,0.0092624,-6.6554,2.18516,-3.97061,-5.96807,0.542379,2.62467,10.5735,3.68913,97,0.00752579,-6.69497,2.13509,-3.98201,-5.98793,0.539125,2.28857,12.3,3.76702,97,0.00342458,0.183563,0.256281,0.398097,0.761737,0.183497,1.34537,3.38421,0.381875,0,0.00956488,Platcov,3,BA.2,4,NA,0,G_Platcov,G_0
PLT-TH1-254,-6.58167,2.2533,-3.9678,-4.95053,0.615779,2.73701,19.1423,3.78193,97,0.00878775,-6.64013,2.21058,-3.91868,-4.85246,0.592686,2.24259,20.5897,3.8885,97,0.0148598,-6.64566,2.2804,-3.96072,-4.6637,0.590558,2.15989,16.0683,3.85471,97,0.00371377,0.219957,0.262394,0.383493,0.752658,0.155524,1.20508,4.49647,0.472602,0,0.0309603,Platcov,3,BA.2,3,NA,0,G_Platcov,G_0
PLT-BR3-021,-6.64211,2.43137,-4.02273,-3.76421,0.966422,2.56992,15.8582,4.03118,97,0.0206208,-6.628,2.39541,-3.90212,-4.37773,1.09846,2.10047,14.8879,4.17669,97,0.010554,-6.64976,2.46773,-3.96017,-4.00789,1.07298,1.94405,11.5765,3.94928,97,0.00352108,0.182641,0.216592,0.399112,1.08312,0.23822,1.04548,6.33821,0.493498,0,0.0169078,Platcov,3,BA.2,3,NA,0,G_Platcov,G_0
PLT-TH1-259,-6.72078,2.21631,-3.98176,-5.97021,0.416982,1.95413,19.4354,3.70819,97,0.00918804,-6.65185,2.13793,-4.01983,-6.09329,0.389255,2.10564,19.6451,3.80161,97,0.0123049,-6.68484,2.1107,-3.95865,-6.00323,0.370778,1.93396,13.7081,3.74375,97,0.00388102,0.183542,0.272595,0.420572,0.62445,0.0934195,1.21637,7.57761,0.479613,0,0.0241876,Platcov,3,BA.2,3,NA,0,G_Platcov,G_0
PLT-TH1-265,-6.65593,2.51358,-4.02222,-3.89762,1.18006,3.00453,9.71512,4.06139,97,0.00781786,-6.64803,2.55656,-3.93061,-3.50741,1.13408,2.49366,10.281,3.96645,97,0.0185962,-6.6757,2.558,-3.95773,-3.11227,1.04111,2.33902,10.19,3.94638,97,0.00391114,0.18406,0.287647,0.361644,1.476,0.452228,1.04236,6.83405,0.496854,0,0.047605,Platcov,3,BA.2,3,NA,0,G_Platcov,G_0
PLT-BR3-030,-6.70876,2.29414,-3.90343,-5.77816,1.11213,2.3296,12.4892,3.6948,97,0.0114113,-6.69564,2.1929,-3.94937,-5.93613,1.12233,2.65644,13.1576,3.81254,97,0.0133777,-6.6498,2.32091,-4.01078,-5.17811,1.05443,2.20507,11.5083,3.88008,97,0.00371676,0.176987,0.200198,0.403451,0.940097,0.355964,1.80555,8.75843,0.489008,0,0.0251554,Platcov,3,BA.2,3,NA,0,G_Platcov,G_0
PLT-TH1-269,-6.68152,2.18848,-3.98786,-5.88991,0.749578,2.07779,16.0202,3.78339,97,0.00781026,-6.67827,2.13077,-4.00249,-6.21524,0.737781,2.11766,17.6872,3.81263,97,0.011676,-6.68948,2.17328,-3.9753,-5.96555,0.712542,1.87862,14.7266,3.75763,97,0.00373507,0.178914,0.250307,0.37515,0.827541,0.179433,1.18393,9.16101,0.478396,0,0.0430921,Platcov,3,BA.2,3,NA,0,G_Platcov,G_0
PLT-TH1-270,-6.63227,2.10814,-3.84725,-5.08803,0.562236,2.87998,7.03967,3.84949,97,0.0111549,-6.60282,2.20101,-3.91547,-5.44,0.749949,2.69502,8.11616,3.88646,97,0.0068032,-6.65026,2.24385,-3.91624,-5.04402,0.684455,3.57223,6.55803,3.85386,97,0.00388307,0.177611,0.272514,0.396037,0.896477,0.270381,1.37791,3.7007,0.479681,0,0.00950028,Platcov,3,BA.2,3,NA,0,G_Platcov,G_0
PLT-BR3-032,-6.64959,2.28684,-4.01189,-3.25503,0.518242,3.05291,6.90042,4.03741,97,0.0115826,-6.67332,2.43036,-3.96174,-3.48861,0.730622,2.55849,10.5197,3.9352,97,0.00563517,-6.65935,2.43825,-3.9824,-3.8145,0.924193,2.12543,11.5613,3.93749,97,0.00389105,0.187807,0.281496,0.357204,0.621058,0.245586,1.32126,7.10736,0.443279,0,0.00727074,Platcov,3,BA.2,2,NA,0,G_Platcov,G_0
PLT-TH1-275,-6.63328,2.43769,-3.82476,-3.93851,0.859977,2.40238,15.2029,3.96586,97,0.00986035,-6.61302,2.37183,-3.99182,-4.21804,0.895627,2.26867,15.2032,4.06549,97,0.00958653,-6.66035,2.41979,-3.9544,-3.97183,0.85421,2.03664,11.579,3.91282,97,0.00383792,0.192878,0.260998,0.43693,1.05057,0.239229,1.37759,6.16865,0.490562,0,0.0209675,Platcov,3,BA.2,3,NA,0,G_Platcov,G_0
PLT-TH1-280,-6.65257,2.4779,-4.0126,-2.99315,0.890494,2.42582,11.8911,3.99737,97,0.0163241,-6.66786,2.5181,-3.90043,-3.01855,0.893264,2.51011,14.1136,4.08391,97,0.0112282,-6.67928,2.48575,-3.97959,-2.91615,0.849993,2.24824,11.7969,4.02095,97,0.00377613,0.226595,0.254492,0.424059,0.662784,0.254366,1.30326,6.33029,0.440793,0,0.0206505,Platcov,3,BA.5,4,NA,0,G_Platcov,G_0
PLT-TH1-282,-6.65229,2.35682,-3.89802,-4.3287,0.79298,2.67062,5.83955,4.0302,97,0.0156667,-6.649,2.36788,-3.97685,-4.04968,0.702788,3.66775,6.21212,3.98082,97,0.00892128,-6.68021,2.35194,-3.94215,-3.94465,0.653538,3.29192,6.20412,3.93467,97,0.00384677,0.189189,0.241531,0.364154,0.776897,0.272848,1.85637,0.715157,0.48825,0,0.0100446,Platcov,3,BA.5,3,NA,0,G_Platcov,G_0
PLT-TH1-283,-6.57073,2.13219,-3.9884,-5.56992,0.372218,1.84119,14.1188,3.70442,97,0.00976273,-6.64948,2.03452,-3.89916,-5.97888,0.409581,2.0401,16.6833,3.90942,97,0.0180507,-6.65231,2.10491,-3.97167,-5.62006,0.37557,1.84214,13.2797,3.78522,97,0.00397505,0.183014,0.249865,0.414741,0.642447,0.114904,1.03125,7.1759,0.466816,0,0.079997,Platcov,3,BA.2,4,NA,0,G_Platcov,G_0
PLT-TH1-289,-6.66577,2.37182,-3.89705,-4.89202,1.20169,3.11041,10.585,3.95821,97,0.00820205,-6.63632,2.33227,-4.07305,-4.69994,1.08583,2.68154,10.4709,3.92321,97,0.00914805,-6.66872,2.42005,-4.01531,-4.05301,1.00882,2.41692,11.7243,3.95727,97,0.00352234,0.186786,0.237689,0.390698,1.05386,0.394774,1.2857,6.98168,0.403163,0,0.0147506,Platcov,3,BA.2,3,NA,0,G_Platcov,G_0
PLT-TH1-291,-6.67243,2.23383,-3.87791,-5.41147,0.690351,2.19517,18.4476,3.7431,97,0.00922692,-6.58433,2.2282,-3.98456,-5.74755,0.708084,2.32857,17.3923,3.85299,97,0.00879261,-6.66611,2.22002,-4.01359,-5.57626,0.73542,2.27321,17.0106,3.829,97,0.00380322,0.204126,0.298166,0.40288,1.006,0.137362,1.26751,5.92943,0.481387,0,0.0182203,Platcov,3,BA.2,4,NA,0,G_Platcov,G_0
PLT-TH1-296,-6.62048,2.37507,-3.91469,-5.13775,1.13994,2.40127,8.50112,3.77814,97,0.00853619,-6.70896,2.39194,-3.9696,-5.08314,1.13918,2.77741,10.2539,3.99138,97,0.0100825,-6.65945,2.43485,-3.98003,-4.93898,1.0648,2.72128,6.32901,3.91808,97,0.00270906,0.202879,0.237793,0.410212,0.982279,0.378416,1.30732,6.90625,0.489616,0,0.0225668,Platcov,3,BA.5,5,NA,0,G_Platcov,G_0
PLT-TH1-300,-6.59243,2.44134,-3.95482,-5.18794,1.21311,2.13671,10.2482,3.9309,97,0.0115007,-6.61536,2.41108,-3.91037,-4.44763,0.905271,2.29131,8.33211,3.94579,97,0.0133457,-6.67397,2.41794,-3.96619,-3.94146,0.797144,2.08077,7.15633,3.93096,97,0.00338429,0.237335,0.270791,0.343552,1.61957,0.420176,1.14068,4.30402,0.443134,0,0.0207299,Platcov,3,BA.2,4,NA,0,G_Platcov,G_0
PLT-TH1-315,-6.71828,2.44902,-3.8703,-3.4413,0.707621,3.43951,4.29185,3.84113,97,0.00804695,-6.65689,2.49377,-3.99558,-5.48033,1.7474,2.53929,10.4408,3.84874,97,0.00769727,-6.64476,2.47226,-3.96203,-5.49768,1.80115,2.08866,11.0569,3.87658,97,0.0046564,0.196288,0.271011,0.45189,1.03421,0.313241,1.54841,6.37123,0.57874,0,0.011499,Platcov,3,BA.4,4,NA,0,G_Platcov,G_0
PLT-TH1-317,-6.61681,2.22804,-3.98002,-4.86048,0.874745,2.57566,15.2166,4.03185,97,0.0140277,-6.6272,2.29866,-3.96733,-4.4453,0.765642,2.06272,14.5252,3.98998,97,0.00978869,-6.6498,2.35367,-3.96859,-4.32494,0.810429,2.26255,11.6153,3.88946,97,0.00340898,0.195802,0.245856,0.384088,1.01443,0.229219,1.03522,7.91848,0.426683,0,0.0225693,Platcov,3,BA.2,3,NA,0,G_Platcov,G_0
PLT-TH1-322,-6.68067,2.52439,-3.97862,-2.74409,0.87742,2.52279,16.9405,3.99219,97,0.0182777,-6.64889,2.54425,-3.84907,-3.27086,1.04066,2.70447,15.2283,4.06961,97,0.0060448,-6.65997,2.51179,-3.95645,-3.27266,1.01658,2.2855,11.8215,4.02305,97,0.00387577,0.212258,0.244667,0.450411,0.810239,0.21911,1.51121,7.74617,0.544527,0,0.0109462,Platcov,3,BA.2,3,NA,0,G_Platcov,G_0
PLT-TH1-324,-6.6514,2.22473,-3.9519,-4.70518,0.579697,2.68796,14.639,3.79971,97,0.00965991,-6.66507,2.26619,-4.03851,-4.70277,0.583058,2.59407,14.0958,3.73295,97,0.0197395,-6.65291,2.26214,-3.95449,-4.69245,0.580859,2.24346,11.6178,3.85858,97,0.00388341,0.210548,0.284679,0.36253,0.947459,0.199179,1.36662,4.12956,0.399336,0,0.0429223,Platcov,3,BA.5,4,NA,0,G_Platcov,G_0
PLT-TH1-331,-6.58325,2.28888,-4.03491,-4.30958,0.567585,2.34261,17.1513,3.94102,97,0.0130777,-6.6532,2.31674,-3.99786,-4.20219,0.534417,2.22915,17.3893,3.91809,97,0.0111226,-6.65949,2.27113,-3.97394,-4.22568,0.521367,2.01826,15.2097,3.87101,97,0.00400854,0.201023,0.275945,0.470536,0.637201,0.161179,1.34206,6.96029,0.458062,0,0.0273246,Platcov,3,BA.5,5,NA,0,G_Platcov,G_0
PLT-TH1-334,-6.64172,2.32567,-3.98706,-4.60984,0.89174,2.15735,12.5285,3.83499,97,0.0111149,-6.64034,2.42133,-4.01516,-4.32999,0.818054,2.21349,13.7003,3.854,97,0.0104495,-6.65352,2.36843,-3.96707,-4.54812,0.889344,2.1515,11.549,3.89495,97,0.00369105,0.205332,0.250653,0.429201,0.862384,0.260769,0.939436,6.73803,0.453145,0,0.018542,Platcov,3,BA.5,3,NA,0,G_Platcov,G_0
PLT-TH1-338,-6.65182,2.44048,-3.9354,-4.71992,1.18926,2.42535,13.5055,3.83494,97,0.0193623,-6.59321,2.40617,-3.90849,-4.56228,1.07911,2.32304,14.0129,3.82416,97,0.00937884,-6.65925,2.42077,-4.00558,-4.11396,1.00537,2.09201,11.8122,3.93025,97,0.0039592,0.178154,0.257009,0.414518,1.15629,0.340106,1.34827,8.13326,0.516939,0,0.0173168,Platcov,3,BA.5,2,NA,0,G_Platcov,G_0
PLT-TH1-344,-6.60883,2.38764,-3.88751,-4.17949,0.534386,2.48658,21.3427,3.79366,97,0.00680631,-6.65433,2.17076,-3.92196,-4.52618,0.508387,2.52133,19.8321,3.86237,97,0.0129559,-6.65542,2.24489,-4.01508,-4.34543,0.49215,2.13329,18.6071,3.88378,97,0.00411693,0.191661,0.272567,0.371471,0.552335,0.13146,1.69006,8.01836,0.479729,0,0.0230635,Platcov,3,BA.5,4,NA,0,G_Platcov,G_0
PLT-TH1-345,-6.59364,2.22672,-3.95302,-5.27296,0.793002,2.72749,13.0128,3.72579,97,0.0114527,-6.65816,2.24815,-3.95529,-5.21412,0.783339,2.40782,14.191,3.86661,97,0.0111106,-6.65085,2.28176,-3.97246,-5.02903,0.74614,2.25672,11.7486,3.85674,97,0.00367356,0.228223,0.247757,0.352035,0.8649,0.205055,1.05642,7.516,0.471399,0,0.0265736,Platcov,3,BA.2,3,NA,0,G_Platcov,G_0
PLT-TH1-347,-6.63599,2.09185,-3.98655,-5.39992,0.495683,2.72781,10.3247,3.89439,97,0.0101747,-6.68214,2.19081,-3.97463,-5.47424,0.598922,2.56208,11.2507,3.81482,97,0.00536258,-6.652,2.19531,-3.96467,-5.08423,0.506895,2.20991,11.6145,3.83665,97,0.00373152,0.199404,0.25651,0.394586,0.761219,0.156014,1.26524,2.23496,0.41736,0,0.00724933,Platcov,3,BA.5,3,NA,0,G_Platcov,G_0
PLT-TH1-360,-6.66226,2.10334,-3.83176,-5.90423,0.623159,3.46585,6.2277,3.83613,97,0.0177012,-6.70583,2.15811,-3.93622,-6.13345,0.828792,3.5406,6.53255,3.75677,97,0.00684567,-6.68282,2.25087,-3.89669,-5.80582,0.763806,3.4597,6.65229,3.7518,97,0.00337702,0.194998,0.3002,0.383173,0.870307,0.304315,1.38311,0.648374,0.441081,0,0.0134812,Platcov,3,BA.5,4,NA,0,G_Platcov,G_0
PLT-TH1-363,-6.6475,2.25638,-3.9536,-4.14467,0.677121,3.50621,6.13422,3.98586,97,0.00943998,-6.65,2.42549,-3.97359,-4.18862,0.853213,3.36452,8.16004,3.89311,97,0.0158753,-6.65368,2.34008,-3.94425,-4.18467,0.779456,3.28267,5.98455,3.88659,97,0.00374274,0.19605,0.246168,0.421713,0.879089,0.346861,1.93556,5.4011,0.378485,0,0.033064,Platcov,3,BA.5,4,NA,0,G_Platcov,G_0
PLT-TH1-367,-6.6839,2.47597,-3.88351,-3.6635,0.832121,2.32142,16.0218,3.95723,97,0.0093129,-6.67702,2.48314,-4.00159,-3.50516,0.781552,2.63849,17.2318,4.05261,97,0.0107315,-6.66011,2.42756,-3.97716,-3.61462,0.792216,2.1559,11.3447,3.90141,97,0.00363732,0.17671,0.233901,0.421437,0.681765,0.197471,1.35421,9.1435,0.467254,0,0.0176415,Platcov,3,BA.5,5,NA,0,G_Platcov,G_0
PLT-TH1-376,-6.58305,2.34941,-3.98959,-4.74811,1.01253,2.65088,13.2943,3.89517,97,0.0110034,-6.6818,2.46765,-3.90168,-4.82828,1.14909,2.62167,12.8001,3.80764,97,0.00916487,-6.70808,2.45008,-4.04931,-4.54728,1.11168,2.40503,9.50336,3.97642,97,0.00309476,0.205707,0.251194,0.448448,0.89303,0.265987,1.38781,5.40794,0.465974,0,0.0208193,Platcov,3,BA.5,5,NA,0,G_Platcov,G_0
PLT-TH1-378,-6.64366,2.41548,-3.89855,-3.82484,0.95306,2.22099,14.1876,3.90136,97,0.0127493,-6.66991,2.46371,-3.95924,-3.77146,0.926142,2.26049,13.6095,3.92581,97,0.0108528,-6.65158,2.42875,-3.96198,-3.90824,0.951944,2.21793,11.9517,3.99135,97,0.00282832,0.187909,0.26283,0.412788,0.902211,0.251604,1.01496,5.65788,0.484194,0,0.013809,Platcov,3,BA.5,5,NA,0,G_Platcov,G_0
PLT-TH1-384,-6.61217,2.5439,-4.01917,-3.48373,0.984209,2.58169,15.2298,4.04426,97,0.0137082,-6.63291,2.44562,-3.80376,-3.93653,1.0876,2.27625,14.9288,3.90045,97,0.0114112,-6.65834,2.4723,-3.9832,-3.8167,1.05526,2.07969,11.4062,3.95956,97,0.0037035,0.188215,0.282575,0.388818,0.813445,0.268059,1.16176,9.71843,0.510313,0,0.0207649,Platcov,3,BA.5,4,NA,0,G_Platcov,G_0
PLT-TH1-388,-6.62701,2.33539,-3.96005,-4.27245,0.76713,2.26877,14.027,3.94546,97,0.0075442,-6.64502,2.33438,-4.02202,-4.53821,0.869283,2.31486,11.7114,3.92769,97,0.00908784,-6.65532,2.36636,-3.96647,-4.18205,0.748118,2.09469,11.514,3.89445,97,0.00376805,0.225078,0.282409,0.421476,1.24917,0.47015,1.33322,6.14206,0.49052,0,0.0176656,Platcov,3,BA.5,0,NA,0,G_Platcov,G_0
PLT-TH1-389,-6.55917,2.39853,-3.88686,-4.06477,0.642204,2.33599,6.64665,3.79087,97,0.0113364,-6.64417,2.27889,-3.96439,-4.50786,0.708972,2.59356,7.07079,3.87029,97,0.0100302,-6.66041,2.31112,-3.90493,-4.22267,0.610717,2.58831,5.5944,3.86905,97,0.00403791,0.175306,0.273285,0.379181,1.06958,0.393377,1.46571,4.16139,0.445665,0,0.0152842,Platcov,3,BA.5,3,NA,0,G_Platcov,G_0
PLT-TH1-398,-6.65033,2.09725,-4.07358,-6.14817,0.780864,2.30164,20.0564,3.81103,97,0.0101579,-6.63257,2.11382,-3.99159,-6.21777,0.779985,2.20478,18.8647,3.83548,97,0.011744,-6.66671,2.21289,-4.0039,-5.70172,0.768194,2.03783,14.8336,3.79492,97,0.0035749,0.170035,0.2821,0.349239,0.847471,0.113537,1.22924,5.67118,0.425843,0,0.026045,Platcov,3,BA.5,5,NA,0,G_Platcov,G_0
PLT-TH1-399,-6.67123,2.15414,-3.9254,-6.33023,0.939571,2.53273,14.367,3.73859,97,0.011336,-6.69428,2.11233,-3.96372,-6.372,0.937766,2.46715,12.0045,3.8316,97,0.00860125,-6.70176,2.20347,-3.97435,-6.00601,0.966088,2.11757,11.5978,3.75891,97,0.0037184,0.193454,0.235577,0.476102,0.827545,0.238612,1.22818,5.20148,0.390606,0,0.0201524,Platcov,3,BA.5,2,NA,0,G_Platcov,G_0
PLT-TH1-409,-6.68376,2.23582,-3.87927,-5.92414,1.00238,2.28977,10.5863,3.80574,97,0.0099666,-6.61826,2.25296,-3.93812,-5.94358,1.02392,2.05634,13.3197,3.76428,97,0.00645605,-6.67874,2.22645,-3.9636,-5.89643,1.08331,2.03478,11.3211,3.7668,97,0.00387295,0.170087,0.223814,0.358182,1.02284,0.274996,1.01495,7.42511,0.453634,0,0.010341,Platcov,3,BA.5,2,NA,0,G_Platcov,G_0
PLT-TH1-411,-6.6092,2.50267,-4.16158,-3.78917,1.13566,2.67325,16.0025,3.9659,97,0.0148628,-6.60588,2.40124,-3.86763,-3.88433,1.06972,2.48037,14.0822,4.0715,97,0.011009,-6.62668,2.32144,-3.88749,-3.96938,1.02499,2.29541,12.2662,4.06408,97,0.00343026,0.179869,0.261214,0.386115,1.21434,0.317893,1.27227,6.70498,0.454191,0,0.0201748,Platcov,3,BA.2,4,NA,0,G_Platcov,G_0
PLT-TH1-003,-6.61838,2.31534,-4.11404,-4.76452,0.573127,2.10711,19.0347,3.78053,97,0.00703654,-6.6123,2.21031,-4.03162,-4.87045,0.570204,2.15862,21.1383,3.78669,97,0.00399533,-6.65757,2.22918,-3.9716,-4.82342,0.567175,2.03013,14.7864,3.88571,97,0.00169716,0.192709,0.278371,0.439577,0.703483,0.13772,0.97993,8.88856,0.410508,0,0.00504682,Platcov,3,Delta,2,NA,1,G_Platcov,G_1
PLT-TH1-012,-6.59982,2.20154,-4.01419,-5.3263,0.450191,2.32391,19.5599,3.84972,97,0.00360198,-6.67067,2.21826,-3.97149,-5.25281,0.452999,2.37834,19.4354,3.88781,97,0.0048298,-6.65032,2.16179,-3.9717,-5.17517,0.432906,2.23646,14.3753,3.82029,97,0.00267644,0.22178,0.232036,0.381894,0.712518,0.114077,1.2624,5.96752,0.406931,0,0.0063112,Platcov,3,Delta,2,NA,1,G_Platcov,G_1
PLT-TH1-016,-6.65281,2.2218,-4.02069,-5.29735,0.650787,2.42505,12.889,3.8292,97,0.00973526,-6.63646,2.17474,-4.0051,-5.53114,0.648522,2.38984,12.8358,3.91392,97,0.00425925,-6.65408,2.23439,-3.97326,-5.13448,0.615313,2.27472,11.7192,3.84379,97,0.0019249,0.194875,0.208309,0.392692,0.879404,0.168419,0.956219,3.2607,0.490699,0,0.00781336,Platcov,3,Delta,2,NA,1,G_Platcov,G_1
PLT-TH1-019,-6.63336,2.22042,-3.99554,-4.6606,0.544139,2.30592,24.1533,3.95551,97,0.000655504,-6.90336,2.08354,-3.97878,-6.32167,1.40596,2.32548,13.6936,3.96929,97,0.00124349,-6.64951,2.34209,-3.97239,-5.17506,1.06724,2.35075,11.7933,3.88224,97,0.00272801,0.185991,0.201176,0.478219,1.23212,0.606002,1.00406,8.89635,0.480742,0,0.00210339,Platcov,3,Delta,2,NA,1,G_Platcov,G_1
PLT-TH1-022,-6.62525,2.46241,-3.99425,-5.66441,1.36275,2.15403,11.2739,3.72041,97,0.0082748,-6.62437,2.38813,-3.96069,-5.12107,1.18635,2.20883,10.1002,3.88516,97,0.00994015,-6.64786,2.40972,-3.93246,-4.78814,1.13253,2.05217,6.60025,3.91256,97,0.00385126,0.203443,0.275409,0.357417,0.955737,0.334736,1.2256,6.82141,0.448164,0,0.0210149,Platcov,3,Delta,2,NA,1,G_Platcov,G_1
PLT-TH1-030,-6.60231,2.31836,-3.97732,-4.8951,0.916802,2.64504,9.83322,3.94745,97,0.0067609,-6.64727,2.31826,-3.92655,-5.06561,0.996941,2.54518,11.0928,3.78061,97,0.0110875,-6.65684,2.36372,-3.96258,-4.5668,0.948013,2.36186,11.7516,3.8978,97,0.0035733,0.192548,0.225681,0.426642,1.09963,0.278868,1.0592,5.17393,0.391573,0,0.0173836,Platcov,3,Delta,0,NA,1,G_Platcov,G_1
PLT-TH1-031,-6.64886,2.25836,-3.90935,-4.62491,0.657186,2.5023,14.4481,3.96298,97,0.00868826,-6.62641,2.25507,-4.02054,-4.19656,0.56806,1.94893,13.0648,3.85431,97,0.0108123,-6.67237,2.2871,-3.9804,-4.42018,0.667918,1.94609,13.887,3.87618,97,0.00404041,0.193651,0.260873,0.394222,0.64015,0.2202,1.01445,7.37666,0.456209,0,0.0182342,Platcov,3,Delta,2,NA,1,G_Platcov,G_1
PLT-TH1-039,-6.665,2.09093,-3.91748,-5.32017,0.910531,2.16539,8.15857,3.65954,97,0.0093277,-6.63039,2.27454,-4.01308,-5.45824,1.01103,2.40921,10.7132,3.80574,97,0.00725334,-6.65038,2.36208,-4.00427,-4.72817,0.946115,2.16011,11.8063,3.91066,97,0.00491254,0.227467,0.286319,0.416899,0.979452,0.325488,1.06518,6.98624,0.485188,0,0.00878695,Platcov,3,Delta,1,NA,1,G_Platcov,G_1
PLT-TH1-044,-6.62069,2.3258,-3.95914,-4.18953,0.514655,2.0162,15.3386,3.82881,97,0.0126111,-6.64657,2.27376,-3.97753,-4.64714,0.60331,1.90456,18.0523,3.92317,97,0.010313,-6.65305,2.27535,-3.97928,-4.53823,0.586253,1.71827,15.5165,3.84802,97,0.00529534,0.192271,0.226331,0.395684,0.689068,0.157772,0.952264,7.96222,0.56266,0,0.0127018,Platcov,3,Delta,2,NA,1,G_Platcov,G_1
PLT-TH1-046,-6.63017,2.24438,-3.97355,-4.46133,0.519203,2.4651,20.6765,3.83746,97,0.00397619,-6.64098,2.14231,-4.03767,-4.58146,0.429731,1.86177,18.7356,3.94495,97,0.00257091,-6.65645,2.20816,-3.97897,-4.37082,0.400033,1.73287,15.469,3.81706,97,0.00108872,0.180658,0.19589,0.348404,0.565565,0.122796,0.850528,7.47163,0.435813,0,0.00416314,Platcov,3,Delta,0,NA,1,G_Platcov,G_1
PLT-TH1-059,-6.63683,2.35583,-3.84649,-5.02816,0.894703,2.38262,13.5452,3.84878,97,0.00555616,-6.68731,2.29701,-3.96858,-5.35294,0.927858,2.01619,13.1385,3.75916,97,0.00464971,-6.65702,2.32916,-3.99755,-5.36019,1.04828,2.68992,11.6986,3.86863,97,0.00258665,0.220944,0.282446,0.431168,1.1438,0.296737,1.15739,8.98066,0.425532,0,0.00707871,Platcov,3,BA.1,2,NA,1,G_Platcov,G_1
PLT-TH1-060,-6.7662,2.23173,-4.05055,-3.82485,0.662855,2.98466,19.7831,3.92869,97,0.00152888,-6.73768,2.34034,-4.02805,-2.6418,0.36201,2.53683,21.7139,3.91135,97,0.000584996,-6.69071,2.33807,-3.9726,-2.75888,0.392215,2.28353,15.8718,3.90906,97,0.000259801,0.209756,0.259448,0.4038,0.693788,0.120307,1.40442,9.65852,0.464205,0,0.000961611,Platcov,3,BA.1,0,NA,1,G_Platcov,G_1
PLT-TH1-062,-6.61909,2.20757,-3.9857,-6.00591,1.16445,2.27212,15.2706,3.81307,97,0.00311598,-6.64624,2.29417,-4.03927,-5.7824,1.05185,2.21052,15.3255,3.69948,97,0.00492973,-6.65706,2.31016,-3.95962,-5.3718,1.00128,1.99454,11.4472,3.87523,97,0.00119732,0.182665,0.316851,0.395446,1.27762,0.291212,1.24454,8.4874,0.431323,0,0.0105197,Platcov,3,BA.1,3,NA,1,G_Platcov,G_1
PLT-TH1-064,-6.70051,2.18136,-3.90448,-6.04761,1.16777,2.38214,8.35504,3.8214,97,0.0122501,-6.62884,2.07229,-3.91707,-6.26503,1.14161,2.27403,6.47161,3.75125,97,0.00589931,-6.68517,2.23667,-3.90917,-5.94443,0.995659,2.12387,4.96022,3.77236,97,0.00188656,0.151591,0.270032,0.369929,1.14407,0.583814,0.958786,4.6889,0.362094,0,0.0161191,Platcov,3,BA.1,2,NA,1,G_Platcov,G_1
PLT-TH1-071,-6.63532,2.14957,-3.86195,-5.95425,0.919361,2.58173,16.5211,3.96549,97,0.00656976,-6.65526,2.25194,-3.91263,-5.42253,0.875093,2.27269,17.3921,3.89709,97,0.00368089,-6.65577,2.28912,-3.95836,-5.20966,0.832395,2.05833,14.8732,3.83923,97,0.00133755,0.184369,0.229268,0.387274,0.839461,0.289489,1.22547,7.68886,0.493247,0,0.00859249,Platcov,3,BA.1,3,NA,1,G_Platcov,G_1
PLT-TH1-073,-6.50697,2.21726,-3.92229,-5.46156,1.02968,2.50452,14.5288,3.88886,97,0.0011623,-6.69009,2.36401,-4.00202,-4.8322,0.963487,2.66505,13.9769,3.91826,97,0.000957817,-6.65401,2.38019,-3.97982,-4.4807,0.913169,2.35276,11.7524,3.91692,97,0.000486113,0.201878,0.22582,0.330093,1.0798,0.296171,1.54263,6.4572,0.509753,0,0.00147962,Platcov,3,BA.1,3,NA,1,G_Platcov,G_1
PLT-TH58-005,-6.69575,2.58225,-3.98641,-2.60994,0.97035,2.64262,14.5392,4.01731,97,0.00461142,-6.67055,2.43518,-3.98715,-2.50274,0.75829,2.63427,11.7054,4.0303,97,0.0036438,-6.69859,2.5128,-4.00292,-2.32811,0.753271,2.6244,12.0726,4.03539,97,0.000907114,0.200888,0.310675,0.339802,0.850599,0.26234,1.09256,7.31217,0.488258,0,0.0112562,Platcov,3,BA.1,2,NA,1,G_Platcov,G_1
PLT-TH1-078,-6.91879,1.56196,-4.00019,-5.53181,0.33105,4.02115,9.94139,3.77343,97,0.00800662,-6.97887,1.80149,-3.91205,-4.76224,0.367666,4.01514,9.46892,3.71949,97,0.0129605,-6.97726,1.57203,-3.99259,-5.67044,0.374973,3.57574,10.3971,3.64286,97,0.00649587,0.187875,0.253222,0.393837,1.3819,0.19456,1.79822,1.74323,0.471212,0,0.0160758,Platcov,3,BA.1,2,NA,1,G_Platcov,G_1
PLT-TH1-087,-6.64504,2.16525,-4.06184,-5.18325,0.597777,2.12861,20.6212,3.91491,97,0.00392714,-6.62051,2.34445,-3.95296,-4.47541,0.540545,2.68561,21.6416,3.86977,97,0.00779495,-6.65594,2.25893,-3.98629,-5.00442,0.640837,2.40899,16.8733,3.86519,97,0.00255384,0.212734,0.272803,0.417565,0.97446,0.143247,1.77996,7.64123,0.380641,0,0.00963172,Platcov,3,BA.1,2,NA,1,G_Platcov,G_1
PLT-TH1-090,-6.58348,2.30155,-3.9719,-5.317,1.11007,2.5333,11.4483,4.01014,97,0.00211874,-6.63472,2.42849,-4.0322,-4.3519,0.988952,2.64569,11.8407,3.84755,97,0.00732725,-6.66533,2.43076,-3.99899,-4.23968,0.994516,1.65313,11.5127,3.86901,97,0.00134977,0.186949,0.265044,0.415434,1.25718,0.391161,1.52185,6.22731,0.435739,0,0.012124,Platcov,3,BA.1,3,NA,1,G_Platcov,G_1
PLT-TH1-091,-6.70235,2.42005,-3.9138,-4.38667,0.870993,2.43745,8.89311,3.81823,97,0.000688596,-6.6745,2.32898,-3.8771,-3.89117,0.731913,2.80832,10.0361,3.81796,97,0.00199377,-6.64702,2.40839,-3.96935,-4.70002,1.15014,2.15016,11.6779,3.92221,97,0.000859601,0.208725,0.260626,0.391345,0.830983,0.312627,1.36234,6.86417,0.528606,0,0.00418561,Platcov,3,BA.1,3,NA,1,G_Platcov,G_1
PLT-TH1-100,-6.5813,2.32984,-3.85576,-5.05883,0.955777,2.25036,16.4632,3.96209,97,0.00875279,-6.67728,2.34449,-3.83356,-4.6668,0.823828,2.27354,15.3265,3.98307,97,0.00891842,-6.67387,2.36217,-3.90987,-4.65962,0.881197,2.53797,9.14843,3.84772,97,0.00292031,0.186614,0.272331,0.436775,0.92321,0.255387,1.26017,9.16569,0.510356,0,0.011903,Platcov,3,BA.1,2,NA,1,G_Platcov,G_1
PLT-TH1-108,-6.66092,2.2721,-3.87059,-5.60049,0.976414,2.42039,15.0369,3.76235,97,0.00452374,-6.64416,2.23117,-3.95646,-5.5623,0.899553,2.12842,12.6534,3.76867,97,0.00416951,-6.65946,2.29057,-3.96321,-5.57496,1.01035,2.14502,11.2489,3.8415,97,0.00245597,0.191885,0.22089,0.444445,0.989755,0.258256,1.05855,6.41366,0.49159,0,0.00585644,Platcov,3,BA.1,2,NA,1,G_Platcov,G_1
PLT-TH1-110,-6.67714,2.06597,-3.97267,-6.34901,0.813483,1.90592,17.6846,3.82706,97,0.00608303,-6.64717,2.16254,-4.05054,-6.12533,0.813369,2.34398,19.5346,3.77855,97,0.0144998,-6.6807,2.19667,-3.99044,-5.82806,0.790099,2.17133,15.7471,3.79201,97,0.00457215,0.201518,0.227175,0.402754,0.850633,0.160694,0.970408,7.35583,0.398705,0,0.023243,Platcov,3,BA.1,2,NA,1,G_Platcov,G_1
PLT-BR3-003,-6.63119,2.22674,-3.97763,-5.4274,0.648617,2.94825,5.8379,3.77581,97,0.0018747,-6.64792,2.16503,-3.9639,-6.01841,0.86585,2.76386,6.90833,3.7182,97,0.0044653,-6.66791,2.22364,-3.93632,-5.75161,0.791858,2.55578,6.16638,3.79218,97,0.00116766,0.21105,0.263907,0.350031,0.978105,0.394769,1.76761,4.08916,0.465408,0,0.00818514,Platcov,3,BA.1,2,NA,1,G_Platcov,G_1
PLT-TH57-007,-6.57417,2.44108,-3.96869,-4.92506,1.40168,2.72348,14.5852,3.80461,97,0.0013327,-6.62928,2.41358,-3.94805,-4.84632,1.28015,2.48992,11.8,3.90401,97,0.00052175,-6.64265,2.44511,-3.97312,-4.56053,1.21937,2.15445,11.3142,3.94028,97,0.000212622,0.197064,0.245575,0.364523,1.32407,0.425452,1.36263,6.18505,0.503497,0,0.000668487,Platcov,3,BA.1,3,NA,1,G_Platcov,G_1
PLT-TH58-009,-6.66982,2.45575,-3.9859,-4.64316,0.89555,2.61116,13.2865,3.77548,97,0.00269724,-6.63967,2.23794,-4.02075,-5.40067,1.0087,2.67925,12.2217,3.91257,97,0.00294003,-6.64839,2.37651,-3.96163,-4.72993,0.946124,2.39564,10.3637,3.89408,97,0.000735042,0.145714,0.275677,0.399471,1.22534,0.332617,1.28822,7.1758,0.452092,0,0.00418581,Platcov,3,BA.2,3,NA,1,G_Platcov,G_1
PLT-TH1-117,-6.59821,2.45348,-4.00474,-5.43098,1.76759,2.1481,10.7908,3.85654,97,0.00475703,-6.59982,2.49471,-4.00478,-5.44891,1.79578,2.4535,11.7882,3.89979,97,0.00363663,-6.63044,2.44346,-3.9641,-5.69,1.95769,2.13414,11.598,3.90493,97,0.00115597,0.190432,0.262348,0.3694,1.07431,0.430565,1.08172,6.11833,0.37529,0,0.01084,Platcov,3,BA.1,2,NA,1,G_Platcov,G_1
PLT-TH1-119,-6.63759,2.17772,-3.97562,-4.93864,0.508246,2.13007,11.1805,3.9412,97,0.0183962,-6.6415,2.12816,-4.00621,-4.83346,0.452785,2.23569,10.6564,3.83528,97,0.00830923,-6.65435,2.2187,-3.9733,-4.68108,0.483068,2.08081,11.6613,3.84318,97,0.00620813,0.225937,0.262979,0.353104,0.767227,0.177448,1.49046,4.96116,0.409939,0,0.00941097,Platcov,3,BA.2,2,NA,1,G_Platcov,G_1
PLT-TH1-125,-6.70184,2.26958,-3.89594,-5.57713,0.756543,2.45316,11.3316,3.8374,97,0.00702826,-6.66054,2.17063,-3.95865,-5.71428,0.67815,1.75766,10.9627,3.81598,97,0.00259394,-6.66042,2.1818,-3.92964,-5.50223,0.603047,1.67186,7.32803,3.81248,97,0.00134849,0.203144,0.316515,0.359981,1.00222,0.259619,0.729546,8.40536,0.487167,0,0.00434221,Platcov,3,BA.2,2,NA,1,G_Platcov,G_1
PLT-TH1-126,-6.65488,2.26185,-3.97448,-5.20343,0.771899,2.36094,19.7217,3.82851,97,0.00443335,-6.65996,2.23408,-4.00297,-5.14693,0.71543,2.43057,18.6068,3.89292,97,0.00108207,-6.65761,2.26853,-3.97232,-4.97379,0.690142,2.14297,18.1406,3.88725,97,0.000563941,0.1521,0.216925,0.429788,0.863652,0.162406,1.24734,6.97096,0.41472,0,0.00151091,Platcov,3,BA.2,4,NA,1,G_Platcov,G_1
PLT-TH1-127,-6.67776,2.03275,-3.83733,-5.71706,0.52351,2.06932,14.8799,3.8182,97,0.00884002,-6.712,2.11997,-4.00434,-5.97392,0.668046,2.30226,17.5278,3.75026,97,0.00585081,-6.67471,2.16331,-3.96843,-5.73875,0.59133,2.08003,15.6079,3.72578,97,0.00354541,0.188026,0.272717,0.376959,0.874734,0.310416,1.09035,9.69114,0.42459,0,0.00676605,Platcov,3,BA.1,3,NA,1,G_Platcov,G_1
PLT-TH1-131,-6.68355,2.27151,-3.98143,-3.75582,0.376497,2.56954,13.8309,3.86905,97,0.0211743,-6.62768,2.23112,-3.96126,-3.82392,0.388455,2.33041,13.2101,3.8715,97,0.00481581,-6.66023,2.24933,-3.94993,-3.81399,0.383634,2.1051,11.8046,3.86316,97,0.00207433,0.184514,0.270055,0.404551,0.572017,0.142057,1.1898,4.92424,0.416373,0,0.00643388,Platcov,3,BA.2,2,NA,1,G_Platcov,G_1
PLT-TH57-008,-6.63592,2.49471,-3.84266,-3.06284,0.774935,2.44142,10.5789,3.9561,97,0.00066122,-6.67491,2.48156,-4.02012,-3.92756,1.10573,2.44061,13.4553,3.97827,97,0.00259377,-6.65831,2.46193,-3.93315,-3.83518,1.05526,2.16842,11.5439,3.96755,97,0.000616981,0.184719,0.262228,0.425246,1.11605,0.315885,1.25596,7.20048,0.425231,0,0.00429208,Platcov,3,BA.1,4,NA,1,G_Platcov,G_1
PLT-TH1-136,-6.62277,2.25979,-4.02835,-4.13041,0.595863,2.5449,13.7453,3.93683,97,0.000873794,-6.6456,2.19721,-3.9955,-4.04466,0.502933,2.53433,12.9017,3.97498,97,0.000681043,-6.66252,2.28777,-3.969,-3.94137,0.486983,2.25022,11.7067,3.87278,97,0.000326687,0.191958,0.261826,0.405081,0.586528,0.171535,1.34009,5.73024,0.463019,0,0.000847023,Platcov,3,BA.2,4,NA,1,G_Platcov,G_1
PLT-TH1-143,-6.60053,2.16368,-3.91736,-4.88837,0.547443,3.28603,7.14382,3.79962,97,0.00419095,-6.71179,2.25653,-3.88802,-4.89255,0.646219,3.57436,8.71277,3.87135,97,0.00841168,-6.65696,2.26241,-3.93007,-4.65869,0.577901,2.80558,7.65459,3.86394,97,0.00224221,0.211859,0.258491,0.333031,1.09046,0.298347,2.10838,3.14021,0.453134,0,0.0125548,Platcov,3,BA.2,2,NA,1,G_Platcov,G_1
PLT-TH1-150,-6.67059,2.03134,-3.95637,-6.11547,0.5125,2.3229,21.6216,3.79546,97,0.00307658,-6.71447,2.17819,-3.92527,-5.80416,0.52163,2.3902,21.7157,3.8047,97,0.00328872,-6.67368,2.1578,-3.9985,-5.82687,0.531882,2.30258,16.9321,3.77057,97,0.00158567,0.199295,0.246487,0.390682,0.72264,0.129206,1.20436,7.64104,0.469099,0,0.00407652,Platcov,3,BA.2,3,NA,1,G_Platcov,G_1
PLT-TH1-153,-6.65117,2.26447,-3.9503,-4.95057,0.655772,2.47287,16.7363,3.89681,97,0.002849,-6.59958,2.30992,-3.93023,-5.10854,0.718524,2.36131,17.8172,3.94987,97,0.00240139,-6.64969,2.27174,-3.97878,-4.92838,0.692929,2.14655,15.3641,3.83678,97,0.00128447,0.203065,0.221208,0.355353,0.785266,0.154844,0.933528,7.36415,0.400603,0,0.00335525,Platcov,3,BA.1,3,NA,1,G_Platcov,G_1
PLT-TH1-154,-6.61198,2.51046,-3.84117,-4.17092,1.491,2.30442,14.1829,4.04788,97,0.00144608,-6.61401,2.50473,-3.92746,-4.55115,1.57612,2.4962,14.0591,4.07901,97,0.00156521,-6.6275,2.55164,-3.91491,-3.91493,1.39838,2.33252,11.4747,4.04507,97,0.00133043,0.216288,0.265927,0.391065,1.79865,0.667821,1.36347,8.2586,0.457461,0,0.00256629,Platcov,3,BA.2,3,NA,1,G_Platcov,G_1
PLT-TH1-170,-6.68637,2.20621,-3.99557,-5.82747,1.21915,2.42431,10.9863,3.7373,97,0.0044078,-6.68546,2.33099,-3.95026,-5.39893,1.11227,2.66578,8.13783,3.94638,97,0.00713867,-6.65108,2.37913,-3.93088,-4.71162,0.986844,2.27768,7.12847,3.89392,97,0.000707964,0.181695,0.277338,0.419615,1.27662,0.48938,1.40972,6.05396,0.488952,0,0.0120703,Platcov,3,BA.2,2,NA,1,G_Platcov,G_1
PLT-TH1-177,-6.62509,2.27565,-4.02994,-5.86304,1.15919,2.62723,11.7114,3.82596,97,0.00244567,-6.58739,2.29409,-3.87012,-5.34574,1.07123,2.13219,11.2912,3.98723,97,0.00349217,-6.64571,2.33662,-3.95494,-4.97544,1.02272,2.09121,8.7786,3.88263,97,0.000967678,0.181723,0.263146,0.408247,1.09386,0.304418,0.930177,5.86694,0.536996,0,0.00568075,Platcov,3,BA.2,4,NA,1,G_Platcov,G_1
PLT-TH1-178,-6.61263,2.07227,-3.91611,-5.92188,0.609568,4.03997,5.66459,3.93366,97,0.00350712,-6.69807,2.20848,-3.94195,-5.96594,0.764136,4.14026,5.77901,3.70946,97,0.004418,-6.67221,2.21787,-3.9482,-5.79452,0.722835,4.14457,5.84485,3.79357,97,0.00276508,0.21322,0.310623,0.398397,0.819522,0.247036,1.20504,0.600436,0.458064,0,0.00581337,Platcov,3,BA.2,3,NA,1,G_Platcov,G_1
PLT-TH1-192,-6.62302,2.18932,-3.88759,-5.21712,0.512012,2.75241,7.36644,3.85061,97,0.00393455,-6.6394,2.15568,-3.94164,-5.2672,0.501756,3.41533,7.52985,3.79624,97,0.00789904,-6.66288,2.20218,-3.94253,-5.00985,0.49593,3.28749,7.48092,3.83096,97,0.00338651,0.211538,0.269996,0.370098,0.815281,0.147513,1.67123,0.990918,0.559666,0,0.014802,Platcov,3,BA.2,3,NA,1,G_Platcov,G_1
PLT-TH1-194,-6.69085,2.1567,-3.98242,-6.11501,1.04649,2.46075,7.10054,3.82396,97,0.00226058,-6.66796,2.20813,-3.91521,-5.81786,0.937633,2.39902,5.77043,3.63066,97,0.00186712,-6.66035,2.23902,-3.90644,-5.71054,0.849384,2.24166,5.07427,3.82315,97,0.000832476,0.180137,0.223433,0.457973,0.908933,0.411459,0.891059,3.5894,0.45874,0,0.00563811,Platcov,3,BA.2,3,NA,1,G_Platcov,G_1
PLT-TH1-199,-6.71264,2.06015,-3.80299,-6.2527,0.717222,1.48612,6.58386,3.61573,97,0.000642487,-6.78441,2.13858,-3.83918,-6.38848,0.946185,1.78853,8.39388,3.73424,97,0.00120832,-6.75351,2.1201,-3.90522,-6.2559,0.680899,1.11898,4.13189,3.78959,97,0.000636224,0.194523,0.239867,0.406747,0.863727,0.507812,0.901985,5.2661,0.477006,0,0.00170356,Platcov,3,BA.2,4,NA,1,G_Platcov,G_1
PLT-TH1-200,-6.6362,2.0154,-3.86769,-6.28347,0.593316,1.96502,6.12893,3.71454,97,0.00523873,-6.7441,2.13191,-3.86429,-6.09623,0.636519,1.81821,5.75165,3.79416,97,0.00597971,-6.70943,2.11802,-3.88575,-6.04944,0.588063,1.70078,5.55123,3.71561,97,0.00201157,0.186399,0.251,0.458272,0.723111,0.288315,1.03157,1.77259,0.487168,0,0.0109052,Platcov,3,BA.2,4,NA,1,G_Platcov,G_1
PLT-TH1-207,-6.64024,2.19973,-3.68411,-5.94338,0.910108,1.79833,6.7007,3.76255,97,0.00692018,-6.78412,2.15663,-3.97009,-6.71659,1.42902,2.08267,11.1524,3.7559,97,0.00640168,-6.79113,2.1231,-3.96546,-6.61437,1.76176,2.14404,10.926,3.7351,97,0.00383089,0.17547,0.229666,0.42342,0.897936,0.497948,1.01825,7.62132,0.376143,0,0.0119663,Platcov,3,BA.2,4,NA,1,G_Platcov,G_1
PLT-TH1-208,-6.65765,2.2649,-3.99372,-5.55141,0.690176,2.08296,20.2638,3.80038,97,0.00359293,-6.63051,2.14496,-3.90678,-5.48754,0.662449,2.60265,19.7144,3.83309,97,0.00435781,-6.65654,2.25977,-4.00253,-5.41078,0.724328,2.52105,17.0253,3.85951,97,0.00181099,0.208312,0.233132,0.472563,0.801535,0.162577,1.35305,8.20524,0.363657,0,0.00520496,Platcov,3,BA.2,3,NA,1,G_Platcov,G_1
PLT-TH1-214,-6.69592,2.19627,-3.9611,-5.91559,0.825259,2.05342,12.2543,3.71647,97,0.00382826,-6.66912,2.26592,-3.90864,-5.73403,0.79473,2.3352,12.7381,3.68914,97,0.00568022,-6.70002,2.1801,-3.98829,-5.93295,0.805262,2.23164,11.6836,3.75629,97,0.0020423,0.170934,0.248718,0.398588,0.804006,0.201471,1.02209,4.77575,0.471431,0,0.00857444,Platcov,3,BA.2,3,NA,1,G_Platcov,G_1
PLT-TH1-216,-6.75556,1.90306,-4.02291,-6.5746,0.877494,1.97791,21.203,3.81932,97,0.000230728,-6.68903,2.02732,-4.02702,-6.21359,0.817821,2.11805,20.3242,4.02419,97,0.000266322,-6.68475,2.19622,-3.95645,-5.63888,0.686657,2.09976,16.0013,3.75482,97,0.000196247,0.167266,0.346619,0.398294,1.01494,0.305905,0.920825,7.78855,0.421741,0,0.000228782,Platcov,3,BA.2,3,NA,1,G_Platcov,G_1
PLT-TH1-231,-6.65998,2.12686,-3.92995,-6.09567,0.595301,2.25203,5.23403,3.58053,97,0.0039487,-6.66478,2.15115,-3.92702,-5.91365,0.569239,2.50576,5.50123,3.73484,97,0.00480516,-6.67731,2.14986,-3.91275,-5.77728,0.562884,2.54633,5.67445,3.76304,97,0.00201992,0.18074,0.237076,0.386584,0.743258,0.16341,0.619763,0.619116,0.460461,0,0.00691063,Platcov,3,BA.2,4,NA,1,G_Platcov,G_1
PLT-TH1-232,-6.6198,2.28806,-3.93597,-5.32487,1.09492,2.92753,6.90759,3.8594,97,0.00307759,-6.6464,2.37479,-3.91338,-4.63512,0.901677,2.52061,4.86227,3.92021,97,0.0073698,-6.65335,2.38206,-3.89301,-4.34464,0.778312,2.43842,4.32142,3.92386,97,0.00207999,0.196117,0.259321,0.436145,1.1259,0.4425,0.928509,2.25603,0.468653,0,0.0214869,Platcov,3,BA.2,3,NA,1,G_Platcov,G_1
PLT-TH1-240,-6.75721,2.15602,-3.90745,-6.37033,1.22204,1.95603,14.4198,3.58234,97,0.001236,-6.74524,2.16234,-3.93577,-6.40905,1.16315,2.22696,12.7736,3.78819,97,0.0013736,-6.74101,2.14948,-3.96496,-6.24017,1.05985,1.96054,11.2306,3.73962,97,0.000296462,0.193562,0.212913,0.424237,0.821763,0.471501,1.16976,6.15995,0.456046,0,0.00225119,Platcov,3,BA.2,3,NA,1,G_Platcov,G_1
PLT-BR3-012,-6.62956,2.34587,-4.05694,-4.5141,0.816711,2.34653,13.0093,3.9345,97,0.00248432,-6.62938,2.30385,-3.93667,-4.80461,0.89911,2.46113,15.5773,3.90458,97,0.00501557,-6.65048,2.34685,-3.97277,-4.71049,0.872495,2.17511,11.6799,3.89281,97,0.000746525,0.219927,0.274839,0.472383,1.0173,0.220337,1.24864,6.6576,0.466938,0,0.0162697,Platcov,3,BA.2,2,NA,1,G_Platcov,G_1
PLT-BR3-013,-6.72969,2.21116,-3.8641,-5.90464,1.08226,2.52279,6.03095,3.76359,97,0.005608,-6.65268,2.20046,-3.92503,-5.66613,0.877081,2.82829,4.50305,3.90459,97,0.00525304,-6.66557,2.25632,-3.89068,-5.38667,0.793346,2.76367,4.25427,3.83357,97,0.00192479,0.204254,0.231152,0.384252,0.751902,0.38681,0.96175,1.33904,0.435761,0,0.0191844,Platcov,3,BA.2,3,NA,1,G_Platcov,G_1
PLT-BR3-016,-6.66003,2.24511,-3.97624,-5.23555,1.11711,1.99465,11.4276,3.79349,97,0.00532755,-6.67425,2.26894,-3.88342,-5.6106,1.1461,2.40499,11.9433,4.01388,97,0.00335659,-6.64394,2.39689,-3.98481,-4.69251,1.08304,2.17139,12.0072,3.92085,97,0.00211441,0.174444,0.296895,0.462156,1.21255,0.340791,1.3681,7.36019,0.541043,0,0.00442175,Platcov,3,BA.2,3,NA,1,G_Platcov,G_1
PLT-TH1-247,-6.64765,2.22605,-3.94608,-5.46279,0.7595,2.38804,12.3257,3.77933,97,0.00166844,-6.65639,2.21499,-4.00868,-5.89273,0.852564,2.50561,13.2693,3.87389,97,0.00267343,-6.66842,2.22758,-3.9704,-5.70907,0.831728,2.19889,11.6929,3.79068,97,0.000703914,0.148986,0.275453,0.340456,0.973523,0.176926,1.33617,4.91495,0.456882,0,0.00727469,Platcov,3,BA.2,3,NA,1,G_Platcov,G_1
PLT-TH1-249,-6.61336,2.08571,-3.91275,-5.67981,0.550082,2.63813,21.2937,3.80367,97,0.000469816,-6.64909,2.23834,-4.06386,-5.31045,0.566146,2.77749,21.6541,3.78411,97,0.00119973,-6.63969,2.20522,-3.97841,-5.37001,0.573089,2.31088,16.0233,3.80657,97,0.000288293,0.195083,0.263985,0.450365,0.696518,0.112661,1.7308,6.1241,0.43077,0,0.00760888,Platcov,3,BA.2,3,NA,1,G_Platcov,G_1
PLT-BR3-019,-6.5954,2.20331,-3.95412,-5.08376,0.721138,2.56612,13.1971,3.88927,97,0.0043706,-6.63092,2.25676,-4.0168,-5.04889,0.718696,2.30174,12.3027,3.94561,97,0.00492401,-6.65107,2.2934,-3.96445,-4.83258,0.754977,2.28636,11.3097,3.86406,97,0.00221958,0.196159,0.28602,0.441853,1.08281,0.210577,1.17983,8.01491,0.426644,0,0.00714519,Platcov,3,BA.2,3,NA,1,G_Platcov,G_1
PLT-TH1-258,-6.62424,2.27615,-3.97395,-5.46989,0.63581,2.16575,21.7623,3.79577,97,0.000427813,-6.61303,2.2711,-3.93777,-5.35156,0.654856,2.32923,21.3271,3.89483,97,0.000958503,-6.64699,2.21117,-3.96621,-5.45759,0.652506,2.19754,16.042,3.81719,97,0.000273748,0.210269,0.288004,0.477063,0.762893,0.126273,1.44623,9.94266,0.466292,0,0.0034126,Platcov,3,BA.2,4,NA,1,G_Platcov,G_1
PLT-BR3-022,-6.6817,2.36313,-4.08933,-3.18554,0.531208,2.05863,14.5698,4.0439,97,0.000529608,-6.67818,2.42592,-4.0388,-3.18788,0.549256,2.40904,14.4533,3.85095,97,0.000539004,-6.70261,2.3373,-3.96151,-3.37082,0.534172,2.23738,11.2008,3.95269,97,0.000265905,0.165611,0.242447,0.483436,0.635085,0.18419,1.14062,5.30383,0.445148,0,0.000810371,Platcov,3,BA.2,3,NA,1,G_Platcov,G_1
PLT-TH1-261,-6.59783,2.04504,-3.78454,-6.37393,0.676728,4.20253,4.1746,3.78777,97,0.00331328,-6.75053,2.1612,-3.92452,-6.1303,0.866581,3.65158,4.64897,3.72579,97,0.00404245,-6.69978,2.1534,-3.86257,-5.99715,0.664739,3.47325,3.95754,3.73342,97,0.00193339,0.259928,0.270251,0.343335,0.852624,0.76115,1.24996,2.6877,0.392092,0,0.00707692,Platcov,3,BA.2,3,NA,1,G_Platcov,G_1
PLT-TH1-262,-6.62453,2.33645,-3.92963,-5.20686,1.00739,2.75356,6.10061,3.83896,97,0.00795391,-6.67671,2.39184,-3.88097,-5.14607,1.05039,2.84041,6.72808,3.79062,97,0.00619838,-6.65089,2.34826,-3.91585,-4.90403,0.912414,3.62381,5.37435,3.86236,97,0.00217834,0.204841,0.298268,0.405924,1.21886,0.533591,1.24287,3.85986,0.431513,0,0.00773167,Platcov,3,BA.2,3,NA,1,G_Platcov,G_1
PLT-BR3-026,-6.57685,2.42253,-3.82504,-4.97847,1.60331,2.70081,11.2044,3.95796,97,0.0119756,-6.64435,2.52829,-3.99507,-4.69719,1.58083,2.42892,12.9486,4.04402,97,0.00288657,-6.63256,2.50295,-3.97651,-4.50515,1.54215,2.12423,11.6098,3.98522,97,0.00146759,0.155887,0.239766,0.414569,1.22823,0.429514,1.34596,7.19732,0.442928,0,0.0039008,Platcov,3,BA.2,3,NA,1,G_Platcov,G_1
PLT-BR3-027,-6.63373,2.25601,-3.94792,-5.73781,1.202,2.35165,10.34,4.02171,97,0.00098027,-6.64607,2.38117,-3.92339,-4.85113,1.12667,2.39293,12.1414,3.80802,97,0.00110244,-6.64125,2.38617,-3.96276,-4.76522,1.07682,2.08992,11.5233,3.88983,97,0.000318401,0.196392,0.260982,0.387647,1.12041,0.331846,1.19447,6.93511,0.420002,0,0.00165598,Platcov,3,BA.2,3,NA,1,G_Platcov,G_1
PLT-TH1-268,-6.62867,2.35688,-4.01542,-3.86178,0.84101,2.75174,15.8531,3.87064,97,0.00584361,-6.68107,2.38913,-4.07104,-3.76802,0.76889,2.5184,15.1057,4.04586,97,0.00987446,-6.65447,2.41114,-3.99818,-3.95289,0.894339,2.19655,11.6162,3.90344,97,0.0039916,0.178289,0.271784,0.334708,0.811216,0.226389,1.31624,7.9727,0.459358,0,0.0143414,Platcov,3,BA.2,3,NA,1,G_Platcov,G_1
PLT-BR3-035,-6.97038,1.74585,-3.87164,-6.31876,0.567876,2.56983,18.2119,3.76023,97,0.000214151,-6.72192,2.20244,-4.02568,-2.89996,0.4454,2.33069,20.5274,3.92958,97,0.000824321,-6.68269,2.28103,-4.01761,-2.80731,0.404454,2.05211,16.3347,3.94129,97,0.000326832,0.218571,0.274177,0.359802,0.604313,0.219064,1.18673,7.37528,0.474695,0,0.000969627,Platcov,3,BA.2,2,NA,1,G_Platcov,G_1
