id,log10beta_SAEM,log10pi_SAEM,log10rho_SAEM,log10phi_SAEM,delta_SAEM,m_SAEM,tau_SAEM,tzero_SAEM,Vzero_SAEM,IC50_SAEM,log10beta_mean,log10pi_mean,log10rho_mean,log10phi_mean,delta_mean,m_mean,tau_mean,tzero_mean,Vzero_mean,IC50_mean,log10beta_mode,log10pi_mode,log10rho_mode,log10phi_mode,delta_mode,m_mode,tau_mode,tzero_mode,Vzero_mode,IC50_mode,log10beta_sd,log10pi_sd,log10rho_sd,log10phi_sd,delta_sd,m_sd,tau_sd,tzero_sd,Vzero_sd,IC50_sd,Study,cat_AgeGroup,cat_LineageBroad,cat_VaccStatus,cat_VaccStatus_0,treatment_cov,tStudy,tTreatment_cov
460_2,-6.72818,2.33768,-3.65124,-5.08148,1.46379,1.86868,10.9633,1.4282,97,0.246222,-6.71183,2.26474,-3.65333,-4.9279,1.22041,2.76965,9.40052,1.44072,97,0.126824,-6.73939,2.40262,-3.73681,-4.15765,1.06645,2.34454,7.68646,1.41417,97,0.0795029,0.152007,0.219366,0.344802,1.13585,0.58249,2.5863,6.22974,0.110611,0,0.166667,NBA,1,Omicron,3,Boosted,0,G_NBA,G_0
407_1,-6.6611,2.35561,-3.81816,-5.00085,0.602505,4.16366,7.19731,1.4495,97,0.135586,-6.62926,2.35597,-3.79266,-5.11142,0.636465,4.52922,7.22967,1.42726,97,0.135742,-6.6663,2.35918,-3.76271,-4.96007,0.583289,3.84428,7.09544,1.42111,97,0.0794143,0.149587,0.212845,0.285118,0.959732,0.268205,2.71681,0.640777,0.10855,0,0.163696,NBA,3,Omicron,3,Boosted,0,G_NBA,G_0
1053_1,-6.7532,2.24295,-3.65687,-6.28482,0.827678,2.7052,14.6244,1.38001,97,0.152156,-6.74386,2.25953,-3.64769,-6.13192,0.723529,1.86099,11.9255,1.38921,97,0.151585,-6.73402,2.24015,-3.68587,-6.06171,0.812726,1.71727,10.6528,1.3812,97,0.10872,0.16489,0.201227,0.351343,0.575416,0.207896,1.40753,5.67806,0.0915013,0,0.185615,NBA,1,Omicron,2,Second dose,0,G_NBA,G_0
2969_1,-6.75046,2.27458,-3.82417,-3.86367,0.58365,2.78649,6.47737,1.38437,97,0.135758,-6.74142,2.13687,-3.80421,-4.26948,0.599545,3.18,6.04321,1.41861,97,0.226246,-6.7436,2.20839,-3.76052,-3.91204,0.485095,2.91315,6.13401,1.39537,97,0.0931553,0.174283,0.213865,0.303116,0.791764,0.400702,1.80843,0.977455,0.114389,0,0.293789,NBA,2,Omicron,2,Second dose,0,G_NBA,G_0
352_1,-6.77402,1.78217,-3.6676,-6.11582,0.712014,2.70789,7.50965,1.42489,97,0.129859,-6.91004,1.94659,-3.68665,-5.80057,0.832485,3.0687,8.38906,1.39243,97,0.152404,-6.83566,1.82284,-3.71884,-5.75225,0.667459,2.741,8.03428,1.4103,97,0.0808879,0.190197,0.227131,0.363893,0.658312,0.569104,1.43939,2.277,0.119684,0,0.241728,NBA,2,Omicron,2,Second dose,0,G_NBA,G_0
2558_2,-6.62322,2.60579,-3.70821,-5.48577,1.66485,2.77692,7.60469,1.42841,97,0.101784,-6.64871,2.64925,-3.75359,-5.63851,1.75663,2.65787,8.01478,1.41448,97,0.173757,-6.65016,2.61321,-3.83223,-5.58597,1.70204,2.14519,4.62831,1.42275,97,0.0881553,0.161023,0.180252,0.343753,0.808578,0.538148,1.90877,4.78818,0.11087,0,0.186714,NBA,1,Omicron,2,Second dose,0,G_NBA,G_0
960_1,-6.67067,2.54073,-3.71269,-5.81339,1.02752,1.62543,12.4905,1.40986,97,0.203133,-6.66203,2.49011,-3.66168,-5.90864,1.11269,1.86812,14.3275,1.42245,97,0.146956,-6.70655,2.42566,-3.67993,-5.96353,1.16318,1.74777,10.9842,1.41356,97,0.10507,0.172371,0.215492,0.334806,0.649248,0.178428,0.990739,5.28601,0.113723,0,0.177519,NBA,1,Delta,2,Second dose,0,G_NBA,G_0
2299_1,-6.82725,1.95995,-3.63723,-4.11792,0.355696,2.70936,15.4111,1.40987,97,0.231749,-6.82527,1.9886,-3.574,-4.11583,0.376491,2.20568,15.299,1.40552,97,0.152115,-6.79374,1.98575,-3.65354,-4.0812,0.348213,1.78857,11.4922,1.39108,97,0.0794023,0.149298,0.19941,0.269727,0.487632,0.15334,1.63067,4.53552,0.116155,0,0.232615,NBA,2,Omicron,3,Boosted,0,G_NBA,G_0
1956_1,-6.72599,2.3257,-3.73386,-3.57206,0.687199,2.282,11.3054,1.37869,97,0.172581,-6.7062,2.29843,-3.6276,-3.43429,0.650884,2.58094,12.8884,1.38012,97,0.172437,-6.75562,2.30695,-3.68216,-3.46533,0.629728,2.14636,10.2418,1.40096,97,0.0801916,0.142517,0.212774,0.329794,0.668633,0.269789,2.29516,5.22089,0.108158,0,0.448234,NBA,2,Omicron,2,Second dose,0,G_NBA,G_0
30_2,-6.76099,2.48468,-3.83001,-4.40607,1.48448,2.72315,5.29195,1.40673,97,0.143334,-6.70953,2.3661,-3.78567,-4.96598,1.62587,3.59873,7.06764,1.42814,97,0.187305,-6.7421,2.38407,-3.95046,-4.54555,1.09803,3.45532,3.49874,1.40746,97,0.0893537,0.14419,0.226243,0.348614,1.40108,1.3539,2.376,6.39956,0.112813,0,0.288778,NBA,1,Omicron,2,Second dose,0,G_NBA,G_0
398_2,-6.6006,2.56689,-3.68428,-4.72791,0.782648,2.13824,7.89587,1.42992,97,0.180461,-6.58642,2.45519,-3.76831,-5.23913,0.9105,2.09569,8.27948,1.42186,97,0.145492,-6.65241,2.5142,-3.73623,-4.92572,0.907799,2.18035,7.4587,1.42538,97,0.0827468,0.135332,0.166403,0.345287,0.845744,0.369923,0.978667,5.23577,0.0993509,0,0.228758,NBA,1,Omicron,3,Boosted,0,G_NBA,G_0
2618_1,-6.75945,2.06268,-3.73845,-5.75983,0.761913,3.10614,8.38447,1.42325,97,0.167242,-6.77462,2.09901,-3.65719,-5.78283,0.746401,3.78688,8.1488,1.45877,97,0.205608,-6.77572,1.99526,-3.7276,-5.6213,0.655715,3.4828,8.16271,1.4448,97,0.0811204,0.141545,0.214333,0.319798,0.967883,0.362955,2.43538,1.52804,0.120927,0,0.533278,NBA,2,Delta,2,Second dose,0,G_NBA,G_0
951_1,-6.68211,2.09063,-3.58773,-5.31748,0.373071,2.60931,15.7693,1.39952,97,0.139338,-6.67957,2.08302,-3.61985,-5.37992,0.378001,1.96385,14.8505,1.39303,97,0.168903,-6.69798,2.10394,-3.65325,-5.13926,0.348354,1.64836,10.9822,1.37884,97,0.0902234,0.134378,0.159638,0.356843,0.621473,0.120486,1.48619,4.76192,0.104081,0,0.252123,NBA,2,Omicron,3,Boosted,0,G_NBA,G_0
1058_1,-6.76881,1.96963,-3.62137,-5.26751,0.542407,2.43249,14.7365,1.40005,97,0.211356,-6.81149,2.01945,-3.56277,-5.3525,0.570098,2.85067,16.1461,1.3881,97,0.284287,-6.77498,1.96522,-3.66919,-5.19436,0.500547,2.00341,10.1757,1.39042,97,0.102262,0.148342,0.14776,0.309781,0.54429,0.191312,3.18582,9.75156,0.0846514,0,0.437534,NBA,3,Omicron,3,Boosted,0,G_NBA,G_0
2872_1,-6.7021,2.32834,-3.69461,-4.94424,0.571051,1.99276,9.11931,1.42952,97,0.181694,-6.65678,2.30558,-3.70181,-4.82628,0.56287,2.52229,9.41175,1.43746,97,0.319753,-6.67301,2.30182,-3.7141,-4.7493,0.505202,2.22696,8.19925,1.41443,97,0.0886688,0.127019,0.210983,0.30778,0.877583,0.225944,1.75183,2.46184,0.119205,0,0.755988,NBA,3,Omicron,3,Boosted,0,G_NBA,G_0
1335_1,-6.65542,2.34036,-3.72335,-5.69595,1.53665,2.61851,11.6136,1.39761,97,0.140538,-6.71618,2.39172,-3.75885,-5.351,1.43365,2.8171,11.7561,1.38278,97,0.155469,-6.71041,2.42065,-3.72927,-5.05671,1.40718,2.48144,7.77587,1.39795,97,0.0867364,0.140662,0.175687,0.317359,1.04335,0.403227,1.76956,5.58249,0.0951566,0,0.199515,NBA,2,Omicron,2,Second dose,0,G_NBA,G_0
2634_1,-6.81355,1.87752,-3.71946,-6.62589,0.807098,1.74624,8.27617,1.40042,97,0.336662,-6.7784,1.86129,-3.69553,-6.88294,1.09779,1.72469,9.55723,1.41006,97,0.154659,-6.83167,1.91311,-3.73635,-6.59964,0.959929,1.48046,7.16137,1.4123,97,0.0875771,0.149954,0.162702,0.380019,0.734662,0.531237,1.22544,5.98188,0.0908826,0,0.214031,NBA,1,Omicron,2,Second dose,0,G_NBA,G_0
828_2,-6.75783,2.15739,-3.80932,-3.86466,0.598724,3.39616,6.71307,1.39272,97,0.234715,-6.77052,2.24174,-3.78575,-3.76235,0.659321,2.69895,7.45605,1.37872,97,0.202798,-6.77427,2.19376,-3.73521,-3.8167,0.575885,2.68502,6.40449,1.38507,97,0.103874,0.160806,0.185448,0.29969,0.541062,0.302787,1.20639,3.43119,0.103436,0,0.36454,NBA,1,Omicron,2,Second dose,0,G_NBA,G_0
427_1,-6.73303,2.5214,-3.83269,-2.68854,0.610888,3.00563,6.56738,1.41849,97,0.267951,-6.68956,2.58936,-3.71446,-2.3155,0.507739,3.11361,5.61318,1.41276,97,0.210947,-6.73382,2.34554,-3.81717,-2.77071,0.449169,2.69121,5.02866,1.41193,97,0.0870873,0.169831,0.263237,0.30361,0.532014,0.253581,1.83085,1.77569,0.10908,0,0.366067,NBA,2,Omicron,2,Second dose,0,G_NBA,G_0
1050_1,-6.6642,2.23641,-3.74642,-5.59055,0.91751,2.22471,9.20751,1.41278,97,0.151639,-6.72915,2.29102,-3.72638,-5.61771,0.964149,2.20463,9.57505,1.42225,97,0.16197,-6.7185,2.24422,-3.7488,-5.25425,0.893224,1.87839,7.79644,1.42018,97,0.095831,0.170675,0.197308,0.361689,0.950106,0.309173,1.63201,5.97321,0.111593,0,0.255854,NBA,1,Delta,0,Unvaccinated,0,G_NBA,G_0
1050_2,-6.7423,2.22403,-3.84847,-5.55727,1.37546,2.87353,7.09139,1.41331,97,0.218024,-6.73931,2.21116,-3.86868,-5.4796,1.40867,2.73007,7.94695,1.40702,97,0.225656,-6.76745,2.2391,-3.79601,-4.96941,1.1199,3.41333,5.56867,1.3966,97,0.106562,0.143034,0.181739,0.285022,0.970343,0.896565,1.32305,5.8262,0.112117,0,0.430709,NBA,1,Omicron,1,First dose,0,G_NBA,G_0
2678_1,-6.71145,2.14787,-3.61071,-4.4082,0.604815,2.41323,12.916,1.40432,97,0.132124,-6.71995,2.15685,-3.63877,-4.47302,0.651056,2.31575,13.024,1.41584,97,0.151496,-6.7633,2.19614,-3.6939,-4.36095,0.632367,1.98206,9.44934,1.39189,97,0.0793982,0.158777,0.214905,0.300927,0.939996,0.298236,1.66892,5.05729,0.104613,0,0.274397,NBA,2,Omicron,3,Boosted,0,G_NBA,G_0
388_1,-6.59911,2.52507,-3.82804,-4.90881,0.819208,2.20866,7.41701,1.40646,97,0.202381,-6.63209,2.57504,-3.78136,-4.53985,0.830147,2.26638,8.01278,1.39592,97,0.12121,-6.64853,2.49433,-3.75029,-4.61604,0.763542,2.38173,7.31254,1.42434,97,0.0841233,0.14904,0.229545,0.317288,0.784508,0.280781,1.21462,2.46564,0.103843,0,0.158911,NBA,3,Omicron,2,Second dose,0,G_NBA,G_0
871_1,-6.73168,2.00604,-3.79682,-6.26915,0.507085,2.29369,8.31078,1.43051,97,0.164875,-6.76683,2.07407,-3.75401,-6.06725,0.416321,2.04503,7.13744,1.43991,97,0.201382,-6.7576,2.01728,-3.73052,-6.18116,0.463923,2.2122,7.40114,1.41819,97,0.0857772,0.130524,0.153683,0.271025,0.703824,0.124188,0.748133,0.777743,0.115718,0,0.307151,NBA,2,Delta,2,Second dose,0,G_NBA,G_0
2889_1,-6.66845,2.32316,-3.63047,-4.92321,0.730514,1.98226,13.6795,1.37052,97,0.198104,-6.65586,2.30995,-3.66815,-4.8683,0.690292,2.34912,12.9495,1.41233,97,0.203096,-6.71073,2.34218,-3.68437,-4.63332,0.643958,1.8667,9.07224,1.39988,97,0.0821982,0.186019,0.225412,0.331491,0.767506,0.203623,2.23048,4.63711,0.100305,0,0.35431,NBA,2,Omicron,3,Boosted,0,G_NBA,G_0
1993_1,-6.64868,2.36261,-3.56925,-4.12574,0.575541,2.92066,16.5937,1.39319,97,0.145671,-6.61348,2.41238,-3.4802,-3.93025,0.563156,2.44053,16.1447,1.39742,97,0.139708,-6.69321,2.42346,-3.65381,-3.97478,0.572174,2.08421,11.9636,1.39808,97,0.0692965,0.148716,0.196154,0.317913,0.5295,0.133049,1.70513,5.06772,0.0811938,0,0.228535,NBA,3,Omicron,3,Boosted,0,G_NBA,G_0
51_1,-6.6549,2.4588,-3.58299,-3.65496,0.573684,2.43062,14.6852,1.43134,97,0.131564,-6.66392,2.45667,-3.57787,-3.71016,0.57108,2.44497,14.6809,1.43136,97,0.230673,-6.69183,2.43082,-3.67673,-3.75997,0.585941,2.07463,9.90556,1.41715,97,0.0816849,0.134496,0.23995,0.334877,0.522393,0.198523,1.69762,6.07984,0.0862641,0,0.476153,NBA,2,Omicron,3,Boosted,0,G_NBA,G_0
361_1,-6.68484,1.94887,-3.67444,-6.26905,0.524197,1.90661,12.2823,1.37066,97,0.150705,-6.83109,2.09054,-3.69398,-5.99837,0.578017,1.93161,12.0001,1.39113,97,0.171595,-6.76742,2.02256,-3.67858,-6.07124,0.555504,1.86477,9.95361,1.39366,97,0.0831611,0.125385,0.166571,0.280904,0.616849,0.16484,1.11871,4.1716,0.10949,0,0.390915,NBA,2,Omicron,3,Boosted,0,G_NBA,G_0
3070_2,-6.71955,2.26037,-3.74604,-5.28859,0.861829,2.09205,9.22648,1.40789,97,0.129491,-6.71751,2.26897,-3.64683,-5.23456,0.883915,2.1529,9.79849,1.40166,97,0.153062,-6.71909,2.25375,-3.71494,-5.1266,0.877046,1.88114,8.57664,1.39552,97,0.0805836,0.110548,0.192012,0.315105,0.755496,0.296523,1.28046,3.93106,0.105061,0,0.150785,NBA,1,Omicron,2,Second dose,0,G_NBA,G_0
2244_2,-6.70422,2.10742,-3.83259,-4.83276,0.734703,3.7289,5.08623,1.44103,97,0.223794,-6.73223,2.27448,-3.75294,-4.25809,0.61805,3.51184,5.13457,1.42463,97,0.191072,-6.72035,2.27975,-3.82438,-4.09314,0.493747,3.51875,5.00202,1.41234,97,0.0907576,0.192985,0.223999,0.278414,0.760975,0.341998,1.78282,1.354,0.100574,0,0.55622,NBA,1,Omicron,2,Second dose,0,G_NBA,G_0
1029_1,-6.65128,2.78767,-3.67433,-4.39795,1.51854,2.06507,10.1807,1.44224,97,0.171839,-6.56508,2.63336,-3.76136,-4.53122,1.38296,2.69965,9.79451,1.47789,97,0.125274,-6.65326,2.70592,-3.69716,-4.41071,1.53836,1.96288,9.87129,1.4284,97,0.0871875,0.164165,0.248589,0.322065,0.948285,0.45402,1.68336,5.77439,0.118213,0,0.201449,NBA,1,Omicron,3,Boosted,0,G_NBA,G_0
1603_1,-6.63827,2.23085,-3.59499,-5.20914,0.48534,2.08081,13.4252,1.42444,97,0.13835,-6.62892,2.27634,-3.63921,-5.21844,0.520019,2.37907,13.7743,1.42216,97,0.121725,-6.68514,2.23918,-3.67283,-5.06588,0.485493,2.11069,10.3026,1.41416,97,0.0825582,0.146221,0.246742,0.327125,0.780211,0.166648,1.59348,4.55261,0.10341,0,0.143424,NBA,2,Omicron,3,Boosted,0,G_NBA,G_0
841_1,-6.67201,2.19564,-3.58905,-5.6521,0.589997,2.13138,15.8909,1.38949,97,0.134956,-6.66033,2.18417,-3.69454,-5.84317,0.594128,2.23846,13.0976,1.40985,97,0.166111,-6.6926,2.20932,-3.66124,-5.57896,0.599302,1.92158,10.4815,1.38986,97,0.0786573,0.140375,0.162746,0.293287,0.776964,0.154675,1.57968,3.64024,0.111692,0,0.317421,NBA,1,Omicron,3,Boosted,0,G_NBA,G_0
2459_1,-6.59168,2.6306,-3.62183,-5.14269,0.728327,1.88027,14.7941,1.46631,97,0.180644,-6.5776,2.67906,-3.6139,-4.84282,0.705372,2.33633,15.5694,1.44265,97,0.254969,-6.59715,2.58828,-3.63636,-4.92961,0.716539,2.04755,11.6769,1.43802,97,0.0801625,0.134533,0.234343,0.313157,0.729687,0.145787,1.4866,5.66381,0.119913,0,0.757397,NBA,2,Omicron,3,Boosted,0,G_NBA,G_0
1701_1,-6.73771,2.22155,-3.6722,-5.01761,0.873603,2.22483,10.8923,1.38949,97,0.187527,-6.69738,2.17479,-3.71817,-4.75776,0.728645,2.48971,9.89596,1.38414,97,0.127702,-6.76345,2.19287,-3.70128,-4.79354,0.793704,2.31292,9.98851,1.39122,97,0.0740707,0.144899,0.194966,0.306567,0.738152,0.259083,1.63151,2.0705,0.100112,0,0.16205,NBA,1,Omicron,3,Boosted,0,G_NBA,G_0
2508_1,-6.78453,1.95326,-3.73351,-5.56846,0.755798,1.81347,7.33298,1.41653,97,0.154251,-6.74548,1.99617,-3.71346,-5.03768,0.793189,2.41042,8.68398,1.41627,97,0.194391,-6.811,1.92679,-3.71514,-5.14752,0.628867,1.99169,7.6066,1.42658,97,0.0789082,0.197721,0.217189,0.326383,1.1264,0.545445,1.48398,3.04455,0.112459,0,0.254868,NBA,2,Omicron,2,Second dose,0,G_NBA,G_0
2817_2,-6.78483,1.8739,-3.59346,-4.58429,0.384107,2.09288,14.4579,1.3989,97,0.145919,-6.81251,1.94221,-3.61884,-4.60921,0.43588,2.25213,13.8971,1.39631,97,0.143503,-6.81202,1.90765,-3.67782,-4.54331,0.390334,1.85204,10.1358,1.41177,97,0.0792281,0.167776,0.189164,0.361576,0.760337,0.192342,1.65026,5.31805,0.11997,0,0.209325,NBA,1,Omicron,3,Boosted,0,G_NBA,G_0
392_1,-6.81339,1.85528,-3.67624,-4.94003,0.400149,2.28797,13.0482,1.40223,97,0.193846,-6.82307,1.76123,-3.61017,-5.07372,0.414065,2.30616,13.9217,1.43502,97,0.186203,-6.90297,1.64847,-3.69712,-5.133,0.359164,1.95297,10.3867,1.43301,97,0.0806494,0.122237,0.201166,0.308614,1.06045,0.256505,1.75072,6.4634,0.100762,0,0.265642,NBA,3,Omicron,3,Boosted,0,G_NBA,G_0
76_1,-6.72541,2.29132,-3.75461,-6.03119,1.04906,2.52324,8.73696,1.39965,97,0.15841,-6.71416,2.30519,-3.66923,-6.05935,1.14018,3.07227,10.3673,1.41825,97,0.170305,-6.72314,2.26552,-3.71386,-5.87896,1.11278,2.59281,8.63548,1.41605,97,0.0869901,0.151415,0.188887,0.32449,0.849638,0.2537,2.18667,4.2564,0.116076,0,0.190104,NBA,1,Omicron,2,Second dose,0,G_NBA,G_0
1688_1,-6.74161,2.11025,-3.74951,-5.69338,0.856276,2.42069,11.3956,1.41569,97,0.134584,-6.73369,2.13988,-3.71151,-5.39459,0.740676,2.68797,11.3345,1.40587,97,0.208889,-6.72716,2.20374,-3.68264,-4.82879,0.584668,1.98201,10.0108,1.40753,97,0.0849335,0.157734,0.201347,0.34479,1.05632,0.375202,2.39568,5.39231,0.0882535,0,0.303424,NBA,3,Omicron,3,Boosted,0,G_NBA,G_0
628_1,-6.64382,2.49115,-3.59575,-4.68396,0.600391,1.96557,14.717,1.45447,97,0.150072,-6.61477,2.46834,-3.67865,-4.75262,0.562116,1.99086,12.5091,1.4236,97,0.219846,-6.6496,2.44225,-3.65968,-4.89196,0.663864,1.79732,10.6752,1.41878,97,0.0707075,0.146565,0.246612,0.312779,1.04527,0.195317,1.43074,3.84585,0.110252,0,0.598845,NBA,3,Omicron,3,Boosted,0,G_NBA,G_0
1905_1,-6.73952,1.99519,-3.73113,-6.71675,1.28923,1.86553,8.52739,1.38429,97,0.181647,-6.71296,1.94458,-3.79829,-6.66588,0.948111,1.71406,6.59967,1.40471,97,0.201748,-6.81013,2.02953,-3.78721,-6.0507,0.812146,1.48735,5.47168,1.39562,97,0.0769426,0.141821,0.153765,0.330915,0.883949,0.459309,0.737734,3.4627,0.111366,0,0.3709,NBA,2,Delta,2,Second dose,0,G_NBA,G_0
650_2,-6.85524,1.66399,-3.70851,-6.43227,0.609354,4.05274,7.63289,1.43222,97,0.217688,-6.85298,1.70915,-3.69346,-6.58705,0.795819,3.216,7.54072,1.40985,97,0.139291,-6.87141,1.68796,-3.74045,-6.49244,0.692944,3.14781,7.32688,1.42655,97,0.0802203,0.184404,0.151299,0.282215,0.979533,0.437633,1.0269,0.659054,0.117903,0,0.197806,NBA,1,Omicron,2,Second dose,0,G_NBA,G_0
563_1,-6.6675,2.59217,-3.6196,-4.44766,0.710457,1.90906,10.9768,1.38479,97,0.227735,-6.61038,2.55119,-3.62148,-4.65029,0.777518,2.81564,13.5494,1.39512,97,0.160689,-6.6347,2.54278,-3.69535,-4.43788,0.747854,2.22007,9.6209,1.39142,97,0.0748186,0.155706,0.217514,0.346001,0.858571,0.223237,2.10347,5.68173,0.0962269,0,0.233411,NBA,2,Omicron,3,Boosted,0,G_NBA,G_0
2224_1,-6.61796,2.85365,-3.60519,-3.2592,0.931529,2.91948,14.0173,1.45803,97,0.202727,-6.65235,2.76512,-3.47178,-3.53518,0.998914,2.58261,16.7642,1.48165,97,0.183709,-6.62226,2.6927,-3.48608,-3.69973,0.976819,1.87211,11.0018,1.453,97,0.0721506,0.210932,0.243316,0.289231,0.574617,0.221414,2.71321,8.48792,0.123885,0,0.321608,NBA,1,Omicron,3,Boosted,0,G_NBA,G_0
1293_1,-6.73755,2.16619,-3.71994,-4.17402,0.422764,2.73265,9.21224,1.39816,97,0.170859,-6.68558,2.10108,-3.66595,-4.35786,0.465236,2.80569,9.18962,1.38047,97,0.138154,-6.73725,2.18858,-3.70504,-4.26781,0.479201,2.62089,9.48217,1.404,97,0.0757612,0.168386,0.220591,0.34013,0.628351,0.230506,1.75855,1.16096,0.0957915,0,0.211243,NBA,2,Omicron,3,Boosted,0,G_NBA,G_0
571_1,-6.64128,2.30357,-3.66612,-5.48551,0.857645,2.32759,10.0876,1.38689,97,0.288789,-6.66453,2.32769,-3.6914,-5.48301,0.869532,2.46694,10.8235,1.40088,97,0.138865,-6.70409,2.34219,-3.74921,-5.20262,0.885783,2.83428,9.76331,1.3947,97,0.0854022,0.132974,0.181089,0.316179,0.971966,0.282191,1.94867,4.30087,0.121212,0,0.236592,NBA,2,Delta,2,Second dose,0,G_NBA,G_0
1129_1,-6.65593,2.40446,-3.70714,-3.89905,0.46167,3.40468,10.7025,1.38798,97,0.154506,-6.68141,2.44678,-3.7641,-3.89906,0.462756,3.34775,10.662,1.39714,97,0.153382,-6.66677,2.38682,-3.6417,-4.03034,0.512812,3.14232,10.9436,1.4062,97,0.0725263,0.174757,0.233051,0.320134,0.590048,0.138481,2.2555,1.35818,0.099637,0,0.225649,NBA,3,Omicron,3,Boosted,0,G_NBA,G_0
3056_2,-6.7241,2.75925,-3.66025,-3.30067,1.98647,2.29111,10.6225,1.41619,97,0.147767,-6.72599,2.78618,-3.74179,-3.08799,1.66996,2.52078,10.0597,1.42613,97,0.167741,-6.70894,2.66774,-3.70127,-3.23796,1.77298,1.98284,9.74382,1.41705,97,0.0899864,0.164235,0.277247,0.304106,0.645874,0.642496,1.67995,6.24835,0.104835,0,0.210109,NBA,2,Omicron,2,Second dose,0,G_NBA,G_0
556_1,-6.61922,2.29997,-3.65507,-5.05009,0.393188,2.53033,11.6709,1.45116,97,0.196867,-6.6513,2.32284,-3.63127,-5.22211,0.419329,2.39441,12.0528,1.43347,97,0.204619,-6.62939,2.34268,-3.69207,-4.89755,0.366888,2.06467,8.82079,1.42367,97,0.0866945,0.15345,0.238977,0.28075,0.928701,0.134152,1.43774,3.88477,0.102626,0,0.318289,NBA,2,Omicron,3,Boosted,0,G_NBA,G_0
2910_1,-6.56359,2.80227,-3.63713,-4.68972,1.20772,2.00554,11.2559,1.4358,97,0.151158,-6.5444,2.69417,-3.68961,-4.85835,1.18587,2.38146,12.0216,1.42599,97,0.166301,-6.61301,2.697,-3.7022,-4.6549,1.18388,1.89741,9.77027,1.44146,97,0.0887121,0.174123,0.214585,0.298212,0.809407,0.175756,1.85649,4.30099,0.125107,0,0.180167,NBA,1,Omicron,2,Second dose,0,G_NBA,G_0
1234_2,-6.57876,2.58703,-3.85225,-4.6231,1.06124,2.5378,6.87296,1.43234,97,0.151938,-6.62785,2.67132,-3.80138,-4.48712,1.02423,2.26873,6.16299,1.44458,97,0.179827,-6.64535,2.61807,-3.72029,-4.30306,0.946673,2.36912,5.77012,1.43189,97,0.0811682,0.137584,0.247571,0.2694,0.818953,0.371636,1.07284,2.76386,0.101233,0,0.402526,NBA,2,Omicron,3,Boosted,0,G_NBA,G_0
530_1,-6.72165,2.59959,-3.8152,-2.20456,0.84192,2.80473,6.3913,1.4253,97,0.159354,-6.71077,2.68286,-3.70995,-2.22817,0.951969,2.88601,7.09453,1.42918,97,0.215341,-6.72239,2.59469,-3.86068,-2.22991,0.818591,2.54971,4.14747,1.41889,97,0.0773065,0.161379,0.368593,0.345873,0.670434,0.476162,1.80758,5.59519,0.105068,0,0.530311,NBA,1,Omicron,2,Second dose,0,G_NBA,G_0
531_1,-6.67788,2.01491,-3.57925,-4.88291,0.597653,1.99839,13.7323,1.39406,97,0.178237,-6.73353,2.06141,-3.63548,-4.77233,0.582866,2.23533,14.5245,1.39286,97,0.205213,-6.77561,2.11774,-3.67892,-4.64399,0.629968,1.98317,10.0483,1.38891,97,0.0853541,0.186593,0.210685,0.327611,0.849339,0.214556,1.56657,5.24156,0.0983342,0,0.320821,NBA,3,Omicron,3,Boosted,0,G_NBA,G_0
2810_1,-6.70227,2.44486,-3.66594,-3.03789,0.357674,2.27218,13.7964,1.41818,97,0.149294,-6.68413,2.32569,-3.52065,-3.18614,0.339757,2.02416,13.7826,1.42258,97,0.179935,-6.72146,2.29764,-3.67462,-3.42767,0.402885,1.97748,10.0323,1.41137,97,0.0837016,0.173438,0.202703,0.279718,0.526893,0.126587,1.23895,4.32642,0.101992,0,0.260565,NBA,2,Omicron,3,Boosted,0,G_NBA,G_0
625_1,-6.74741,2.16599,-3.53141,-5.25431,0.465358,2.3325,15.1913,1.39604,97,0.153682,-6.65477,2.08929,-3.57937,-5.39418,0.441254,2.82854,15.5329,1.39536,97,0.181319,-6.73664,2.09049,-3.66318,-5.29534,0.447037,2.19744,11.5831,1.40959,97,0.0699325,0.15523,0.236884,0.315623,0.92559,0.147693,2.08135,4.00754,0.112555,0,0.245524,NBA,2,Omicron,3,Boosted,0,G_NBA,G_0
621_1,-6.59409,2.6138,-3.61231,-4.86431,1.12385,2.29834,15.1036,1.45433,97,0.206199,-6.61884,2.64823,-3.6502,-4.75385,1.13271,2.72296,14.6424,1.45233,97,0.140248,-6.63851,2.59453,-3.68104,-4.77573,1.14212,1.92007,9.99049,1.42565,97,0.0909741,0.157963,0.211874,0.330739,0.67534,0.215588,2.09108,6.57636,0.118636,0,0.1471,NBA,2,Omicron,2,Second dose,0,G_NBA,G_0
289_1,-6.65715,2.70171,-3.72325,-2.61429,0.665285,2.12014,11.9571,1.42803,97,0.220968,-6.67577,2.67014,-3.68218,-2.73653,0.708172,2.65466,13.1919,1.39943,97,0.16852,-6.68433,2.5822,-3.67921,-2.84336,0.672844,2.0463,9.97672,1.41254,97,0.0834115,0.139484,0.211777,0.277225,0.461546,0.177278,2.04889,5.00833,0.107309,0,0.185805,NBA,1,Omicron,2,Second dose,0,G_NBA,G_0
2175_1,-6.65444,2.51351,-3.77477,-3.41964,0.646867,2.23049,6.57904,1.44042,97,0.287594,-6.6814,2.53153,-3.66889,-3.91082,0.923558,2.49073,8.32498,1.42148,97,0.124427,-6.70922,2.4541,-3.77715,-3.82697,0.770653,1.966,5.96735,1.42429,97,0.104868,0.16012,0.216006,0.300631,1.02458,0.471539,1.57112,4.39679,0.10803,0,0.152975,NBA,1,Omicron,3,Boosted,0,G_NBA,G_0
890_1,-6.6859,2.49888,-3.67423,-4.56591,1.0886,2.71824,9.67926,1.41304,97,0.165916,-6.64641,2.47361,-3.78595,-4.3802,0.999378,2.88846,9.41606,1.41825,97,0.17552,-6.70444,2.43445,-3.7308,-4.36958,0.961295,2.88853,7.98312,1.41158,97,0.0851544,0.183679,0.205744,0.344608,0.834048,0.2637,1.77654,3.21997,0.0942912,0,0.244891,NBA,2,Omicron,3,Boosted,0,G_NBA,G_0
423_1,-6.81959,2.19714,-3.78764,-6.36024,0.894275,2.22408,7.02561,1.41914,97,0.166035,-6.73279,2.14003,-3.72204,-6.33622,0.716155,2.13892,6.63415,1.4065,97,0.230443,-6.76222,2.11894,-3.77134,-6.16562,0.655635,2.01296,6.27139,1.40159,97,0.103565,0.127143,0.18702,0.300272,0.754728,0.29479,0.891571,1.3274,0.108063,0,0.368808,NBA,2,Omicron,3,Boosted,0,G_NBA,G_0
1662_1,-6.64705,2.63672,-3.55122,-3.04705,0.611162,2.20357,17.6861,1.40433,97,0.194693,-6.62228,2.58954,-3.61324,-3.20759,0.627963,2.1202,17.7655,1.46039,97,0.214794,-6.68154,2.51054,-3.58236,-3.42068,0.635877,1.91488,13.9789,1.42506,97,0.0926453,0.177727,0.300807,0.309516,0.754803,0.134399,1.4372,5.50246,0.111433,0,0.267277,NBA,1,Omicron,2,Second dose,0,G_NBA,G_0
1386_1,-6.72051,2.21404,-3.61378,-6.04352,0.691145,2.31181,15.474,1.39388,97,0.154749,-6.65726,2.14374,-3.60352,-5.80662,0.586157,2.40541,14.9798,1.40682,97,0.2261,-6.71308,2.17712,-3.70213,-5.86573,0.550028,1.94203,8.50459,1.40005,97,0.101241,0.159725,0.192781,0.323969,0.672952,0.189839,1.68732,8.47909,0.106598,0,0.264466,NBA,3,Delta,2,Second dose,0,G_NBA,G_0
589_2,-6.69942,2.36733,-3.84264,-3.88819,0.672829,3.82908,5.34334,1.44238,97,0.107398,-6.70353,2.38091,-3.71567,-3.74346,0.709383,3.09246,6.02244,1.39076,97,0.184601,-6.72399,2.32548,-3.8029,-3.85572,0.591903,3.55481,5.38275,1.40865,97,0.0848262,0.142707,0.207392,0.293727,0.612836,0.397805,1.76617,2.64981,0.0874898,0,0.300455,NBA,2,Omicron,3,Boosted,0,G_NBA,G_0
36_1,-6.58003,2.55887,-3.71287,-5.08164,0.886703,4.21583,7.95394,1.44392,97,0.172151,-6.60256,2.53359,-3.72753,-5.3262,0.94601,3.89039,7.70427,1.42541,97,0.108776,-6.63599,2.51508,-3.7412,-5.08619,0.912988,4.00493,7.83532,1.42621,97,0.083707,0.145752,0.205026,0.376861,0.858463,0.261855,3.05357,1.74114,0.117845,0,0.114447,NBA,1,Omicron,2,Second dose,0,G_NBA,G_0
2673_1,-6.70414,2.58336,-3.60468,-2.45598,0.275875,1.2963,13.6207,1.43035,97,0.145668,-6.61313,2.31766,-3.52753,-3.02963,0.363613,2.21545,15.719,1.42818,97,0.176244,-6.71067,2.33536,-3.59651,-3.00936,0.342453,1.82097,15.3738,1.41536,97,0.0832174,0.131688,0.223818,0.358951,0.492452,0.101808,1.49764,2.55997,0.115884,0,0.397501,NBA,1,Delta,2,Second dose,0,G_NBA,G_0
2649_2,-6.63866,2.55579,-3.54202,-3.6147,1.35238,2.30175,12.6861,1.40706,97,0.212242,-6.69331,2.63303,-3.65099,-3.22647,1.14029,2.50836,13.8158,1.44068,97,0.149298,-6.71738,2.54722,-3.63933,-3.31182,1.08002,2.04073,10.2329,1.41403,97,0.0831412,0.169212,0.251749,0.312146,0.704313,0.403877,1.47351,6.96734,0.111442,0,0.224291,NBA,2,Omicron,2,Second dose,0,G_NBA,G_0
623_1,-6.70552,2.18344,-3.76777,-5.78707,0.730071,1.70304,9.01295,1.42142,97,0.117841,-6.70875,2.21452,-3.77886,-5.64345,0.698576,2.21978,8.57977,1.39722,97,0.111068,-6.71949,2.22043,-3.69498,-5.37804,0.726021,2.29679,9.29748,1.40732,97,0.0821185,0.156254,0.174623,0.305389,0.768159,0.207317,1.15269,1.62572,0.108941,0,0.16091,NBA,1,Omicron,2,Second dose,0,G_NBA,G_0
268_1,-6.74593,2.1203,-3.52146,-5.70796,0.607443,2.23713,18.8312,1.39898,97,0.154227,-6.7083,2.10843,-3.59765,-5.69661,0.580297,2.57051,19.2832,1.37955,97,0.160948,-6.74023,2.13607,-3.60404,-5.36602,0.561008,2.20912,14.839,1.40013,97,0.0748553,0.159275,0.23811,0.307652,0.801874,0.116437,1.63008,6.56494,0.112644,0,0.448962,NBA,3,Omicron,3,Boosted,0,G_NBA,G_0
2537_1,-6.6652,2.62877,-3.66567,-4.85295,1.05864,2.35107,11.8918,1.42949,97,0.25592,-6.59902,2.52498,-3.60774,-5.23254,1.11183,2.49094,12.1466,1.43789,97,0.144165,-6.64893,2.53961,-3.70271,-4.97816,1.0952,2.10302,9.47712,1.42432,97,0.0851443,0.155392,0.196763,0.326248,0.805137,0.187,1.7469,4.29075,0.0984159,0,0.167857,NBA,1,Omicron,2,Second dose,0,G_NBA,G_0
2498_1,-6.6784,2.52702,-3.81531,-3.0313,1.12482,3.92924,6.27178,1.39442,97,0.16441,-6.66789,2.53991,-3.83762,-3.20876,1.33025,3.26846,6.45718,1.36057,97,0.163596,-6.7288,2.5426,-3.9297,-3.12718,1.13959,2.66214,3.00275,1.39545,97,0.0823046,0.155798,0.301692,0.356025,0.614389,0.727208,1.89728,5.443,0.0993499,0,0.176786,NBA,1,Omicron,2,Second dose,0,G_NBA,G_0
747_1,-6.62845,2.74811,-3.66584,-5.11763,1.50328,2.1166,11.811,1.44218,97,0.145479,-6.58889,2.7038,-3.79271,-5.40705,1.5452,2.45326,12.0181,1.4359,97,0.148844,-6.60902,2.66854,-3.71317,-5.31181,1.55973,2.19656,7.98756,1.45857,97,0.0650063,0.158406,0.210366,0.301574,0.782671,0.196027,1.39641,4.70094,0.120978,0,0.20341,NBA,2,Delta,3,Boosted,0,G_NBA,G_0
2219_1,-6.70688,2.3759,-3.59212,-5.30001,0.695658,2.10103,15.8369,1.37558,97,0.251586,-6.66859,2.32693,-3.66161,-5.52334,0.708628,2.20544,14.7632,1.38893,97,0.208428,-6.67779,2.33623,-3.67558,-5.44608,0.736054,1.98782,10.066,1.39284,97,0.0852977,0.156558,0.185339,0.316612,0.668876,0.158124,1.73717,6.48317,0.104721,0,0.627883,NBA,2,Omicron,3,Boosted,0,G_NBA,G_0
123_1,-6.56125,2.65703,-3.63608,-4.15759,0.509538,2.06709,14.9307,1.46209,97,0.246787,-6.54531,2.64249,-3.59947,-4.19061,0.508884,2.11611,13.9984,1.44817,97,0.130595,-6.57863,2.61142,-3.63285,-4.30228,0.51605,1.81707,11.7402,1.44431,97,0.0905616,0.146867,0.164704,0.272189,0.53757,0.128157,1.70865,3.81314,0.0983304,0,0.167927,NBA,2,Delta,2,Second dose,0,G_NBA,G_0
2325_1,-6.66157,2.11961,-3.59596,-5.35467,0.550458,2.17309,14.7241,1.42323,97,0.198952,-6.70549,2.16553,-3.67148,-5.10407,0.532765,2.11409,13.972,1.4147,97,0.14289,-6.73095,2.14466,-3.65571,-5.19277,0.589836,1.87735,10.9822,1.4149,97,0.0831742,0.154744,0.196507,0.340352,0.7454,0.182051,1.3512,4.59481,0.111151,0,0.181863,NBA,3,Omicron,2,Second dose,0,G_NBA,G_0
322_2,-6.78812,2.09666,-3.67601,-3.94788,0.635005,2.31402,9.30187,1.40649,97,0.337012,-6.81249,2.12421,-3.74768,-4.10812,0.744169,2.22634,8.9666,1.41686,97,0.181941,-6.77715,2.10815,-3.77892,-4.07427,0.591445,1.83643,7.00257,1.384,97,0.113007,0.143906,0.205086,0.291153,0.606908,0.324994,1.47384,3.717,0.11693,0,0.250735,NBA,1,Omicron,2,Second dose,0,G_NBA,G_0
539_2,-6.78831,1.89541,-3.58289,-6.27852,0.579171,2.04893,14.0101,1.40688,97,0.141769,-6.8053,1.91471,-3.66635,-6.1982,0.529898,1.8724,13.3129,1.40512,97,0.210621,-6.78528,1.87301,-3.68434,-6.0943,0.508167,1.59372,9.59387,1.41361,97,0.0856511,0.162922,0.187171,0.31658,0.705689,0.173885,1.42688,5.75797,0.105119,0,0.356708,NBA,2,Omicron,3,Boosted,0,G_NBA,G_0
1807_1,-6.65048,2.29083,-3.60387,-5.74433,1.08123,2.35814,13.8944,1.40211,97,0.187102,-6.6765,2.35441,-3.60641,-5.02996,0.945623,2.2115,15.12,1.39844,97,0.165774,-6.71885,2.3566,-3.67373,-5.02808,0.985633,2.33361,10.0666,1.40718,97,0.0735795,0.165815,0.226316,0.255271,0.824477,0.243484,1.62685,7.33016,0.111323,0,0.244007,NBA,2,Omicron,2,Second dose,0,G_NBA,G_0
3058_2,-6.65162,2.48988,-3.69783,-3.39357,0.536007,2.34365,10.9833,1.43233,97,0.137619,-6.6262,2.58736,-3.65529,-3.26984,0.532204,2.34934,12.8513,1.43464,97,0.155997,-6.67642,2.45051,-3.68746,-3.49167,0.509963,1.98899,9.99537,1.41995,97,0.0883905,0.194828,0.239608,0.329957,0.55611,0.250365,1.6521,6.97078,0.113135,0,0.23069,NBA,1,Omicron,3,Boosted,0,G_NBA,G_0
2626_1,-6.77967,2.20886,-3.60581,-6.34605,0.479849,1.90527,16.2435,1.39049,97,0.213689,-6.72442,2.15664,-3.64687,-6.31749,0.437287,1.98779,14.6711,1.40686,97,0.164073,-6.74282,2.14976,-3.65256,-6.21584,0.438335,1.67587,11.7844,1.41093,97,0.0962197,0.134956,0.161634,0.318601,0.667555,0.100354,1.61975,4.85772,0.0995483,0,0.247054,NBA,2,Omicron,3,Boosted,0,G_NBA,G_0
2378_1,-6.6729,2.17983,-3.65929,-6.15878,0.683876,2.10853,12.5623,1.39913,97,0.135968,-6.70346,2.2296,-3.62427,-5.91355,0.666078,2.38654,12.7976,1.38813,97,0.288781,-6.72228,2.22923,-3.69287,-5.83552,0.675212,1.95965,9.16659,1.39637,97,0.0981731,0.15034,0.173746,0.310509,0.603061,0.176214,1.87034,5.25519,0.11126,0,0.660288,NBA,2,Omicron,3,Boosted,0,G_NBA,G_0
403_1,-6.79538,1.94269,-3.65092,-4.68821,0.419639,2.79542,15.2041,1.38998,97,0.139943,-6.86114,1.98549,-3.63774,-4.70785,0.474463,2.54705,14.8458,1.39896,97,0.172746,-6.80171,1.94439,-3.68328,-4.67287,0.428018,2.02682,10.1465,1.398,97,0.0847993,0.153939,0.164678,0.342118,0.432127,0.207003,1.81685,6.75745,0.106132,0,0.310795,NBA,2,Omicron,3,Boosted,0,G_NBA,G_0
882_1,-6.62383,2.64123,-3.66595,-2.89078,0.728223,2.64909,12.7246,1.45932,97,0.258248,-6.63589,2.67304,-3.6535,-2.80114,0.725761,2.17454,11.3595,1.43807,97,0.1748,-6.67243,2.61609,-3.68948,-2.8376,0.674527,1.78739,10.1656,1.43531,97,0.0891199,0.148533,0.267293,0.263618,0.615732,0.296068,1.68589,5.81538,0.104557,0,0.244991,NBA,2,Delta,2,Second dose,0,G_NBA,G_0
1313_1,-6.833,1.92829,-3.56162,-5.63914,0.753785,1.98595,15.5239,1.4088,97,0.256216,-6.84961,1.91496,-3.6295,-5.71685,0.630403,2.62662,13.3653,1.42676,97,0.226024,-6.82819,1.88096,-3.66361,-5.26978,0.585361,2.25234,10.2677,1.40745,97,0.0845571,0.140554,0.133531,0.345953,0.952197,0.243403,1.79098,7.16042,0.104615,0,0.388089,NBA,2,Omicron,3,Boosted,0,G_NBA,G_0
1967_1,-6.62962,2.51081,-3.71873,-3.23682,0.735091,2.33482,9.17637,1.42469,97,0.187397,-6.64822,2.54117,-3.69987,-3.13644,0.741277,2.98796,10.0378,1.43339,97,0.163032,-6.69226,2.55438,-3.72053,-3.10056,0.693371,2.48728,7.92837,1.42933,97,0.0900468,0.164558,0.23335,0.327839,0.510702,0.237385,2.40889,5.0056,0.116743,0,0.233473,NBA,2,Omicron,3,Boosted,0,G_NBA,G_0
401_2,-6.66997,2.61562,-3.69165,-5.66158,2.64193,2.28403,12.108,1.42897,97,0.230773,-6.67539,2.59191,-3.69661,-5.7045,2.76044,2.59602,10.5636,1.42652,97,0.118188,-6.68664,2.58467,-3.68704,-5.26083,2.70098,1.99236,10.0886,1.41351,97,0.0843697,0.149425,0.180716,0.336877,0.933762,0.501612,2.01221,5.02406,0.10897,0,0.270125,NBA,1,Omicron,2,Second dose,0,G_NBA,G_0
2273_2,-6.79121,2.18106,-3.66439,-6.36493,2.19058,2.58947,12.403,1.38091,97,0.142503,-6.81079,2.19444,-3.65278,-6.05968,1.84995,2.10654,9.5701,1.35432,97,0.210673,-6.74998,2.13515,-3.7384,-5.73533,1.9868,1.53801,8.02402,1.37151,97,0.0947281,0.16724,0.190727,0.333785,0.879302,0.622922,1.86544,5.9794,0.096083,0,0.271145,NBA,1,Omicron,3,Boosted,0,G_NBA,G_0
2105_1,-6.8614,1.74759,-3.69665,-6.40425,0.474688,1.80893,15.8065,1.44341,97,0.16894,-6.81852,1.70312,-3.53105,-6.36113,0.442669,1.86631,14.4354,1.408,97,0.166952,-6.83039,1.70994,-3.64062,-6.10086,0.404095,1.67504,12.3043,1.41173,97,0.0948512,0.128493,0.138403,0.279939,0.709638,0.161255,0.984687,4.75245,0.111526,0,0.249469,NBA,1,Delta,2,Second dose,0,G_NBA,G_0
2736_1,-6.61428,2.56663,-3.66963,-4.83071,1.11267,2.59019,14.2541,1.45338,97,0.104029,-6.57632,2.52012,-3.65277,-4.95469,1.17248,2.40208,14.1431,1.44469,97,0.141154,-6.6578,2.55468,-3.67349,-4.7589,1.17081,2.02387,10.0696,1.42227,97,0.083493,0.151437,0.227894,0.299613,0.721732,0.18947,1.53205,4.9188,0.103372,0,0.172042,NBA,1,Delta,2,Second dose,0,G_NBA,G_0
1570_1,-6.68048,2.50685,-3.74502,-5.69949,0.883317,2.49414,7.59048,1.42811,97,0.121173,-6.63285,2.38254,-3.83195,-5.81041,0.777758,2.4617,6.80536,1.41045,97,0.303115,-6.69751,2.31098,-3.76148,-5.83898,0.742944,2.33477,6.4045,1.41216,97,0.0942031,0.177929,0.223627,0.327279,0.7567,0.279037,1.04918,2.04416,0.110236,0,0.721845,NBA,3,Delta,2,Second dose,0,G_NBA,G_0
1008_2,-6.71526,2.16172,-3.69726,-5.17349,0.527419,4.91703,7.44213,1.4092,97,0.166687,-6.70372,2.12168,-3.77038,-5.4557,0.587293,4.60126,7.41309,1.45773,97,0.306097,-6.72847,2.1171,-3.73408,-5.31197,0.578262,5.24596,7.7046,1.41376,97,0.0929561,0.152308,0.189104,0.316317,0.956342,0.251406,3.24924,0.667822,0.116613,0,1.07446,NBA,2,Omicron,3,Boosted,0,G_NBA,G_0
1119_1,-6.6914,2.16773,-3.61744,-6.12177,0.550435,2.13356,13.9507,1.40672,97,0.166851,-6.68479,2.18573,-3.75335,-5.85241,0.488474,2.01283,11.4925,1.38842,97,0.199353,-6.72367,2.20843,-3.74756,-5.74614,0.461564,1.71381,8.18831,1.38334,97,0.100738,0.17267,0.207719,0.322084,0.689669,0.153672,1.38657,4.20233,0.100197,0,0.352051,NBA,2,Omicron,3,Boosted,0,G_NBA,G_0
795_1,-6.69129,2.03923,-3.62365,-5.31839,0.649258,1.65735,15.3452,1.41429,97,0.168944,-6.70872,2.08019,-3.68463,-5.23499,0.672526,2.26682,14.7319,1.38462,97,0.200489,-6.77115,2.10398,-3.63668,-5.03325,0.656031,1.9879,12.234,1.40733,97,0.0954937,0.132781,0.189743,0.326479,0.942957,0.23661,1.47343,4.65183,0.102064,0,0.224215,NBA,1,Omicron,0,Unvaccinated,0,G_NBA,G_0
454_1,-6.5647,2.67147,-3.7146,-4.42669,0.817772,2.52053,10.6049,1.4443,97,0.11992,-6.57901,2.66625,-3.68185,-4.31545,0.756374,2.61986,10.2162,1.45399,97,0.15908,-6.60765,2.63704,-3.67316,-4.26382,0.742594,2.24815,10.3181,1.43842,97,0.0717534,0.160631,0.221441,0.320156,0.581535,0.225455,1.70092,2.72408,0.11762,0,0.252344,NBA,1,Omicron,3,Boosted,0,G_NBA,G_0
608_1,-6.7938,2.1195,-3.7463,-6.38936,0.52959,2.16965,9.5202,1.40231,97,0.183559,-6.71906,2.06042,-3.69564,-6.23539,0.386169,2.21909,8.128,1.41208,97,0.16784,-6.76538,2.07576,-3.73316,-6.24075,0.414692,2.1577,7.66878,1.41285,97,0.0849958,0.134116,0.166791,0.371787,0.690171,0.139343,1.0823,1.65245,0.0978741,0,0.222118,NBA,1,Omicron,3,Boosted,0,G_NBA,G_0
2504_1,-6.69326,2.40947,-3.5496,-4.13032,0.449903,2.27376,16.0513,1.41607,97,0.196462,-6.65467,2.37391,-3.56733,-4.178,0.458111,2.34467,14.1497,1.42775,97,0.183627,-6.67157,2.33922,-3.64814,-4.2808,0.476823,1.94013,10.9705,1.41391,97,0.0842579,0.178092,0.1886,0.353592,0.517277,0.150759,1.96621,5.18988,0.102765,0,0.337482,NBA,1,Omicron,3,Boosted,0,G_NBA,G_0
456_1,-6.7203,2.25799,-3.64476,-4.17229,0.428111,2.43727,15.0091,1.42803,97,0.583235,-6.70318,2.242,-3.58065,-4.20089,0.429725,2.31192,15.5023,1.41393,97,0.203372,-6.72235,2.22635,-3.67826,-4.29539,0.459848,2.03703,10.0947,1.41197,97,0.0850817,0.174065,0.264336,0.280071,0.619139,0.156522,1.6531,6.97148,0.111853,0,0.288816,NBA,2,Omicron,2,Second dose,0,G_NBA,G_0
545_1,-6.59931,2.56748,-3.70311,-4.27488,0.615535,3.1591,9.21455,1.42561,97,0.222394,-6.57438,2.53313,-3.73522,-4.59628,0.696498,3.22812,9.38841,1.4469,97,0.183494,-6.6316,2.52068,-3.6959,-4.2797,0.599765,2.86426,9.27724,1.4267,97,0.0946015,0.169443,0.20283,0.377172,0.851625,0.229894,2.0261,1.22303,0.130232,0,0.258294,NBA,2,Omicron,3,Boosted,0,G_NBA,G_0
904_1,-6.79504,1.97178,-3.6055,-6.51362,1.0412,2.16485,12.7746,1.40045,97,0.186182,-6.78333,1.9505,-3.64493,-6.4032,0.947143,2.20201,12.0117,1.42352,97,0.115827,-6.80259,1.95668,-3.72571,-6.29192,0.885261,1.78481,8.38975,1.43064,97,0.0819332,0.14994,0.166217,0.362954,0.749881,0.340351,1.61236,4.6746,0.113345,0,0.176092,NBA,2,Omicron,3,Boosted,0,G_NBA,G_0
2871_1,-6.62669,2.43543,-3.77183,-4.03436,0.404716,1.9013,7.08257,1.46186,97,0.149628,-6.66617,2.4387,-3.79807,-4.25096,0.491211,1.99385,7.29357,1.43505,97,0.219342,-6.64131,2.40671,-3.73418,-4.06127,0.399034,2.16559,7.62943,1.42489,97,0.0820949,0.151303,0.241118,0.296417,0.673216,0.179991,1.06054,1.23687,0.115147,0,0.413663,NBA,1,Omicron,2,Second dose,0,G_NBA,G_0
2371_1,-6.67684,2.236,-3.63539,-5.1091,0.45411,2.01154,13.8357,1.40298,97,0.193033,-6.62586,2.19469,-3.63328,-5.01396,0.393321,2.03308,13.7748,1.39147,97,0.252936,-6.67545,2.22598,-3.67117,-4.96167,0.425524,1.83653,9.89685,1.38599,97,0.095261,0.150752,0.187027,0.355109,0.650411,0.127103,1.33141,5.96429,0.10205,0,0.382403,NBA,1,Delta,-1,No record,0,G_NBA,G_0
2040_2,-6.80837,1.78343,-3.62206,-5.28934,0.476126,2.03885,13.1825,1.40931,97,0.196249,-6.86592,1.84867,-3.54009,-5.34243,0.501821,2.26419,12.2898,1.39523,97,0.181828,-6.84424,1.79874,-3.6999,-5.2214,0.404967,1.97576,9.15101,1.41584,97,0.0884802,0.155628,0.167456,0.348757,0.720603,0.240338,1.45618,3.7982,0.110209,0,0.398455,NBA,2,Omicron,3,Boosted,0,G_NBA,G_0
631_2,-6.76831,2.18648,-3.68386,-3.62718,0.400238,2.4465,13.9152,1.39943,97,0.148417,-6.7575,2.16505,-3.69621,-3.67692,0.409701,2.4337,12.4786,1.41388,97,0.209338,-6.77033,2.121,-3.67897,-3.65823,0.37069,1.98274,10.0533,1.40689,97,0.0853638,0.133359,0.281715,0.393339,0.712499,0.156279,1.88203,6.87512,0.104096,0,0.493418,NBA,2,Omicron,3,Boosted,0,G_NBA,G_0
2056_1,-6.64096,2.38394,-3.59186,-4.77808,0.818591,2.51357,13.4836,1.41982,97,0.247758,-6.65877,2.40593,-3.62748,-4.53567,0.760179,2.26227,11.6811,1.41714,97,0.220332,-6.68621,2.41473,-3.67897,-4.46282,0.774576,1.97338,10.0458,1.41541,97,0.085247,0.172722,0.185046,0.309097,0.784602,0.252641,1.51681,4.46266,0.117192,0,0.305298,NBA,2,Omicron,3,Boosted,0,G_NBA,G_0
2439_1,-6.92511,1.97577,-3.68736,-3.60664,0.5476,2.90337,9.67507,1.37655,97,0.209516,-6.84155,1.93733,-3.73952,-3.49737,0.414286,2.90459,8.82356,1.388,97,0.125608,-6.88635,1.8522,-3.69915,-3.70952,0.423539,2.64637,8.79723,1.39359,97,0.085631,0.163025,0.239665,0.280882,0.67019,0.199,2.23108,1.88216,0.101651,0,0.112131,NBA,1,Omicron,2,Second dose,0,G_NBA,G_0
305_1,-6.61031,2.48,-3.7179,-4.75409,0.648128,2.33397,8.95918,1.43177,97,0.149052,-6.6593,2.41784,-3.73857,-4.80732,0.653222,2.52373,9.79408,1.44308,97,0.115375,-6.67722,2.35729,-3.6958,-4.75113,0.623527,2.31884,9.43055,1.41445,97,0.0859613,0.138718,0.198247,0.36096,0.66736,0.239754,1.89854,4.3598,0.104209,0,0.181715,NBA,3,Omicron,3,Boosted,0,G_NBA,G_0
1368_1,-6.78098,2.06564,-3.65943,-4.84134,0.63071,2.32255,10.3506,1.41292,97,0.130577,-6.77306,2.06596,-3.68364,-4.64109,0.585211,1.96911,10.3262,1.42454,97,0.150767,-6.82306,1.90801,-3.72397,-4.94086,0.512588,1.733,7.92,1.41714,97,0.078397,0.175533,0.288763,0.292551,0.938085,0.296189,1.28486,3.2723,0.108881,0,0.170732,NBA,2,Omicron,3,Boosted,0,G_NBA,G_0
1886_1,-6.66884,2.43137,-3.6686,-6.02327,0.627478,2.02402,12.211,1.41592,97,0.178452,-6.63813,2.4185,-3.69107,-5.89252,0.539363,1.67402,10.6463,1.40833,97,0.195759,-6.68331,2.44043,-3.70547,-5.88344,0.572815,1.4706,8.72394,1.40708,97,0.0838503,0.174115,0.191468,0.335512,0.534567,0.153902,1.15734,4.98104,0.10755,0,0.249122,NBA,2,Omicron,3,Boosted,0,G_NBA,G_0
906_1,-6.63,2.58389,-3.74348,-3.02862,0.758154,2.06155,10.3601,1.44028,97,0.142644,-6.66393,2.68806,-3.70206,-2.94696,0.818402,1.88637,11.5847,1.45655,97,0.0943339,-6.6705,2.64047,-3.75062,-3.04643,0.814636,1.6079,8.77293,1.41797,97,0.0853248,0.149687,0.221021,0.34045,0.495737,0.230402,1.34767,5.45261,0.0952967,0,0.0777611,NBA,2,Omicron,3,Boosted,0,G_NBA,G_0
2920_2,-6.73165,2.0598,-3.65752,-6.35271,0.92905,2.73045,16.4114,1.38959,97,0.200838,-6.76862,2.09362,-3.60754,-5.92163,0.840231,2.20884,15.0231,1.40197,97,0.139243,-6.7638,2.09963,-3.64955,-5.57104,0.810389,1.81565,12.0046,1.39152,97,0.0824659,0.128196,0.155313,0.327386,0.77317,0.188666,1.76831,4.31831,0.0960499,0,0.17546,NBA,1,Omicron,2,Second dose,0,G_NBA,G_0
3020_1,-6.86839,1.79005,-3.65694,-6.72498,0.604215,2.03619,14.0187,1.43548,97,0.213054,-6.92818,1.85747,-3.63111,-6.47595,0.587761,2.06871,13.3349,1.41013,97,0.16158,-6.85629,1.77931,-3.66022,-6.38854,0.547374,1.77446,10.6585,1.40788,97,0.100251,0.154374,0.167026,0.291093,0.621481,0.164122,1.33746,3.84559,0.100151,0,0.225986,NBA,2,Omicron,3,Boosted,0,G_NBA,G_0
1705_1,-6.62602,2.67083,-3.64911,-5.5853,0.99386,1.88898,14.4078,1.43299,97,0.212878,-6.5766,2.65319,-3.65658,-5.59894,0.949043,2.28291,12.6762,1.43603,97,0.207519,-6.62712,2.61244,-3.66993,-5.63258,1.03276,1.6847,10.1113,1.42548,97,0.0749065,0.147744,0.207487,0.32597,0.829018,0.191996,1.66655,5.21829,0.103392,0,0.264669,NBA,2,Delta,2,Second dose,0,G_NBA,G_0
312_1,-6.80081,2.107,-3.61106,-6.33718,0.84213,2.43392,11.6965,1.38763,97,0.188305,-6.75302,2.07599,-3.66627,-6.42104,0.739866,2.08207,10.7286,1.38864,97,0.197141,-6.77546,2.08514,-3.71008,-6.23706,0.826633,2.0359,8.7732,1.40111,97,0.0841015,0.137361,0.157457,0.330648,0.702984,0.238311,1.68783,4.53178,0.100881,0,0.295756,NBA,3,Omicron,3,Boosted,0,G_NBA,G_0
2468_1,-6.6095,2.39929,-3.59683,-5.02232,0.618755,2.085,13.7495,1.44475,97,0.201957,-6.60247,2.4346,-3.66686,-4.8611,0.596958,2.42009,13.3849,1.43446,97,0.140415,-6.64764,2.42051,-3.68177,-4.91934,0.645212,2.04976,10.0903,1.42,97,0.0841634,0.174821,0.21691,0.280801,0.61683,0.161244,1.94149,5.00293,0.117603,0,0.201767,NBA,1,Omicron,3,Boosted,0,G_NBA,G_0
2406_1,-6.73017,2.66579,-3.75546,-1.56097,0.587786,2.79456,6.42894,1.3978,97,0.184826,-6.69859,2.65865,-3.84293,-1.55891,0.536212,3.51022,5.26678,1.42374,97,0.203405,-6.7289,2.48958,-3.85418,-1.82168,0.42658,2.83211,3.99852,1.4063,97,0.107158,0.154645,0.327268,0.358711,0.788139,0.284608,2.04371,3.11705,0.0967365,0,0.251926,NBA,2,Omicron,2,Second dose,0,G_NBA,G_0
2765_2,-6.73714,2.15263,-3.72221,-4.90865,0.936012,2.52999,10.7489,1.41524,97,0.167809,-6.72217,2.14569,-3.68449,-4.72798,0.883535,2.08526,9.806,1.3814,97,0.162526,-6.78354,2.2525,-3.68166,-4.69238,1.07114,2.33958,10.4926,1.39366,97,0.0757778,0.162102,0.199607,0.339519,0.952004,0.52169,1.197,4.33475,0.11279,0,0.193979,NBA,2,Omicron,2,Second dose,0,G_NBA,G_0
169_2,-6.79436,2.09269,-3.81399,-5.27908,0.816804,2.32511,6.84222,1.41842,97,0.180416,-6.70123,2.00176,-3.7813,-6.08274,1.1612,2.73831,7.82844,1.42394,97,0.134666,-6.78354,2.07009,-3.7217,-5.45747,1.03479,2.46292,6.67184,1.40172,97,0.0767262,0.17656,0.203806,0.345145,1.02539,0.524083,1.44511,3.18117,0.111884,0,0.137179,NBA,1,Omicron,0,Unvaccinated,0,G_NBA,G_0
1902_1,-6.66221,2.34321,-3.69149,-5.11482,0.840508,2.52189,13.5524,1.42501,97,0.134433,-6.67256,2.41599,-3.67262,-4.90155,0.819263,2.74126,14.4389,1.41693,97,0.166079,-6.68488,2.39527,-3.67819,-5.18567,0.972609,1.96337,10.0178,1.41223,97,0.0854564,0.173403,0.26384,0.290335,1.033,0.267695,1.97214,5.99706,0.10199,0,0.288245,NBA,2,Omicron,3,Boosted,0,G_NBA,G_0
1044_1,-6.66587,2.53769,-3.76525,-3.78631,1.04492,2.73004,8.08096,1.41521,97,0.127655,-6.68425,2.53157,-3.78512,-4.07149,1.2033,2.67049,9.31233,1.41621,97,0.156434,-6.69926,2.56051,-3.7749,-3.8519,1.12446,2.39019,6.96457,1.42706,97,0.0845863,0.181591,0.269786,0.362513,0.695806,0.392366,1.58349,4.73886,0.103356,0,0.189142,NBA,1,Omicron,2,Second dose,0,G_NBA,G_0
781_1,-6.64325,2.58248,-3.69781,-3.13676,0.815788,2.30006,12.6038,1.43938,97,0.182582,-6.64812,2.71811,-3.67034,-2.62652,0.69763,2.28619,11.8124,1.43749,97,0.190505,-6.68393,2.58308,-3.68056,-2.96705,0.725161,2.14162,9.9917,1.42305,97,0.0721008,0.145163,0.277005,0.326726,0.511087,0.178631,1.67135,3.58957,0.105694,0,0.310446,NBA,1,Omicron,3,Boosted,0,G_NBA,G_0
1401_1,-6.69561,2.5096,-3.52141,-3.192,0.566927,2.62375,18.8328,1.4228,97,0.22973,-6.65494,2.53809,-3.56332,-2.97213,0.506566,2.51436,18.7323,1.41916,97,0.207566,-6.69261,2.45166,-3.58009,-3.2273,0.533371,2.02939,14.9822,1.41526,97,0.0814248,0.153891,0.252996,0.270537,0.547781,0.15634,2.34262,5.28495,0.125497,0,0.394178,NBA,1,Delta,2,Second dose,0,G_NBA,G_0
2479_1,-6.681,2.34432,-3.76083,-3.21502,0.564739,2.41628,8.33623,1.42942,97,0.16349,-6.73408,2.42357,-3.74018,-3.26133,0.606986,2.77579,7.99569,1.42077,97,0.275982,-6.7469,2.31553,-3.73106,-3.34308,0.560901,2.38579,7.69902,1.40389,97,0.0986609,0.16367,0.29643,0.338048,0.681436,0.223964,2.18796,1.71281,0.12427,0,0.585623,NBA,2,Omicron,3,Boosted,0,G_NBA,G_0
3054_1,-6.67661,2.29189,-3.56743,-3.86808,0.524367,2.48934,13.7768,1.39819,97,0.197752,-6.68783,2.35108,-3.60186,-3.94236,0.603509,2.60296,13.2361,1.36426,97,0.186542,-6.72474,2.32057,-3.67874,-3.99815,0.620973,1.98339,10.0482,1.39397,97,0.0853499,0.139123,0.158759,0.33227,0.497281,0.209046,2.56051,5.48234,0.110353,0,0.367552,NBA,2,Omicron,2,Second dose,0,G_NBA,G_0
432_1,-6.66971,2.35831,-3.78906,-4.59616,0.990444,3.18048,8.65725,1.41844,97,0.166683,-6.75591,2.42194,-3.76674,-4.77898,1.13433,2.27474,7.74179,1.43186,97,0.203832,-6.72044,2.37189,-3.80248,-4.54696,1.02166,2.38684,6.29281,1.40498,97,0.0929501,0.149056,0.183839,0.329916,1.15187,0.465995,1.23829,4.2656,0.100139,0,0.411719,NBA,1,Omicron,2,Second dose,0,G_NBA,G_0
342_1,-6.6129,2.77457,-3.67155,-3.91268,1.52166,2.6497,13.4054,1.45659,97,0.109172,-6.61142,2.71387,-3.73877,-3.8726,1.29331,2.01176,9.84399,1.4466,97,0.397032,-6.65192,2.67511,-3.76146,-3.59674,1.15836,1.70144,6.98357,1.42908,97,0.0905644,0.167119,0.220109,0.34796,0.786641,0.494319,1.51448,5.33574,0.125877,0,1.14954,NBA,2,Omicron,3,Boosted,0,G_NBA,G_0
2257_1,-6.67959,2.33848,-3.55701,-5.05142,0.654209,2.28679,12.9776,1.42127,97,0.192339,-6.65641,2.33207,-3.63711,-5.13874,0.672522,2.88978,14.963,1.37788,97,0.139876,-6.67085,2.29939,-3.7032,-4.9151,0.625526,2.31055,9.58655,1.40574,97,0.0754247,0.165459,0.185306,0.322191,0.791046,0.166852,1.94843,4.73358,0.102889,0,0.18148,NBA,2,Omicron,3,Boosted,0,G_NBA,G_0
984_2,-6.61753,2.67598,-3.79471,-3.58851,0.975615,2.74313,8.01171,1.43702,97,0.108649,-6.66588,2.67474,-3.77393,-3.63553,0.963694,3.45581,8.30835,1.41481,97,0.137245,-6.6654,2.61963,-3.78724,-3.62732,0.897441,2.66339,6.84326,1.42863,97,0.0732685,0.146008,0.256476,0.356312,0.61697,0.326115,3.15754,3.26957,0.113781,0,0.156717,NBA,2,Omicron,2,Second dose,0,G_NBA,G_0
759_1,-6.79271,2.0599,-3.81102,-4.05053,0.55523,3.43675,5.74468,1.41523,97,0.177431,-6.74844,2.134,-3.89384,-3.9698,0.652624,3.69655,5.52519,1.40452,97,0.144533,-6.79999,2.0437,-3.79337,-3.94494,0.423394,3.32579,5.36875,1.40493,97,0.0999362,0.125438,0.243781,0.283389,1.26565,0.524715,2.0639,1.20748,0.0920737,0,0.192051,NBA,1,Omicron,3,Boosted,0,G_NBA,G_0
2494_1,-6.64278,2.53218,-3.80349,-4.09639,1.05508,2.30137,8.69443,1.42584,97,0.180346,-6.68431,2.61964,-3.73227,-3.92063,1.08761,2.43165,9.56549,1.40009,97,0.210045,-6.68635,2.52682,-3.68867,-3.89039,0.948885,1.87837,9.4888,1.41507,97,0.08604,0.150164,0.20422,0.266848,1.01479,0.543896,2.02231,4.19406,0.107341,0,0.386836,NBA,1,Delta,2,Second dose,0,G_NBA,G_0
2165_1,-6.62644,2.85796,-3.6013,-4.60822,1.28745,2.44688,14.9319,1.42715,97,0.178528,-6.58832,2.73354,-3.65565,-5.17255,1.40317,2.74533,12.39,1.44412,97,0.159218,-6.60413,2.705,-3.67069,-5.04519,1.40001,2.02749,10.2421,1.43086,97,0.0832799,0.148958,0.189496,0.344155,0.750804,0.200134,1.89409,4.13845,0.111565,0,0.245171,NBA,1,Omicron,2,Second dose,0,G_NBA,G_0
2476_1,-6.6568,2.07383,-3.59616,-5.05606,0.345864,2.58305,15.8944,1.40944,97,0.188015,-6.69269,2.11323,-3.5821,-4.99534,0.321621,2.43487,15.1483,1.42552,97,0.136205,-6.70645,2.08536,-3.65553,-5.02004,0.328019,2.06772,11.1316,1.414,97,0.0699431,0.133476,0.181103,0.312618,0.655043,0.107936,1.83831,6.00222,0.115356,0,0.16778,NBA,1,Omicron,3,Boosted,0,G_NBA,G_0
2610_1,-6.71165,2.29088,-3.67192,-4.13368,0.527831,2.23488,13.3113,1.37624,97,0.30029,-6.71389,2.27076,-3.62156,-4.26273,0.583305,2.51474,12.9945,1.41519,97,0.121787,-6.72038,2.26344,-3.68393,-4.17652,0.513232,2.11746,10.0451,1.3986,97,0.0845155,0.174966,0.238892,0.289817,0.7094,0.257238,1.56203,4.7838,0.11195,0,0.147517,NBA,2,Omicron,3,Boosted,0,G_NBA,G_0
230_1,-6.7291,2.24241,-3.68837,-4.92604,0.780123,2.10721,9.19036,1.39844,97,0.159294,-6.75643,2.20999,-3.75736,-5.28881,1.04778,2.47117,12.0195,1.40787,97,0.16081,-6.76859,2.17438,-3.71044,-5.06788,0.948466,2.11147,8.6876,1.42154,97,0.0885399,0.146538,0.182569,0.342629,1.26019,0.414822,1.56114,5.48297,0.100129,0,0.281971,NBA,3,Delta,2,Second dose,0,G_NBA,G_0
779_1,-6.69201,2.27916,-3.58874,-4.30417,0.265039,2.55264,16.5329,1.3805,97,0.165258,-6.66981,2.18192,-3.62478,-4.65101,0.306714,2.28967,17.2934,1.41298,97,0.132904,-6.65452,2.18949,-3.63805,-4.45611,0.265854,1.9319,12.6213,1.41087,97,0.0731862,0.179662,0.227084,0.376166,0.550294,0.0844106,1.49406,5.34583,0.106874,0,0.179182,NBA,3,Omicron,3,Boosted,0,G_NBA,G_0
1265_1,-6.70745,2.17696,-3.75533,-2.93041,0.322769,3.2576,9.06874,1.4002,97,0.144304,-6.78388,2.36043,-3.6748,-2.64531,0.337887,3.84549,9.21419,1.39574,97,0.199426,-6.7646,2.17992,-3.69861,-2.98431,0.323476,3.15804,8.97274,1.39748,97,0.0903013,0.217198,0.231479,0.266454,0.52177,0.142188,3.34975,0.872493,0.10852,0,0.354949,NBA,1,Omicron,3,Boosted,0,G_NBA,G_0
2667_1,-6.69196,2.15262,-3.77207,-5.46954,0.712225,1.87831,7.4671,1.40359,97,0.154336,-6.7437,2.25227,-3.64217,-5.35844,0.863231,2.15086,8.63732,1.39473,97,0.166872,-6.70744,2.19087,-3.76605,-4.94046,0.560241,1.80435,6.54205,1.38091,97,0.139166,0.157634,0.180845,0.31612,0.784936,0.367849,1.8984,4.44428,0.0992502,0,0.213993,NBA,2,Omicron,2,Second dose,0,G_NBA,G_0
2281_1,-6.62132,2.67398,-3.67289,-5.03138,1.6822,1.8975,11.7994,1.41557,97,0.31226,-6.62436,2.67206,-3.75213,-5.20458,1.59173,2.66553,10.5201,1.44967,97,0.208676,-6.65005,2.64233,-3.71189,-4.96493,1.69708,1.9146,8.60065,1.42196,97,0.0951127,0.155172,0.202092,0.330482,0.961824,0.350331,2.32413,4.97287,0.127921,0,0.403664,NBA,2,Omicron,3,Boosted,0,G_NBA,G_0
2082_1,-6.61311,2.31802,-3.61027,-4.94528,0.449816,1.90599,14.4524,1.42563,97,0.219269,-6.63388,2.38759,-3.53684,-4.82767,0.452118,1.96884,15.9571,1.41093,97,0.145287,-6.64855,2.35127,-3.64092,-4.75629,0.430054,1.67232,11.2951,1.4247,97,0.0699106,0.180517,0.254563,0.324116,0.774134,0.13438,1.31969,6.09859,0.11178,0,0.193628,NBA,1,Omicron,3,Boosted,0,G_NBA,G_0
1917_1,-6.76268,2.0941,-3.61149,-5.23425,0.496545,2.3846,15.9217,1.41169,97,0.181094,-6.75677,2.10389,-3.62734,-5.2153,0.489021,2.50805,14.6428,1.40879,97,0.14111,-6.76829,2.00527,-3.64871,-5.18962,0.472557,2.04836,11.8022,1.41325,97,0.0682884,0.135375,0.215175,0.355049,0.805979,0.17239,2.43464,3.31959,0.107156,0,0.17131,NBA,1,Omicron,3,Boosted,0,G_NBA,G_0
790_1,-6.7211,2.22777,-3.75095,-3.60636,0.527942,2.044,9.10752,1.40849,97,0.204897,-6.72979,2.21256,-3.78618,-3.75747,0.59701,1.84128,7.36581,1.39595,97,0.180354,-6.74966,2.23876,-3.77242,-3.69155,0.524666,1.62287,6.28626,1.39445,97,0.0861302,0.1429,0.181156,0.321334,0.581203,0.270769,1.16685,3.25833,0.094696,0,0.278558,NBA,1,Omicron,3,Boosted,0,G_NBA,G_0
2164_2,-6.73429,2.22065,-3.69139,-6.65396,2.23618,2.25239,10.1725,1.36411,97,0.247707,-6.75492,2.21368,-3.71151,-6.36491,1.96453,2.17028,8.51885,1.38674,97,0.126892,-6.78421,2.25434,-3.79312,-5.81238,2.03811,2.0007,6.62345,1.38874,97,0.0809712,0.148601,0.151187,0.340411,0.944874,0.708924,1.4448,4.79237,0.0955248,0,0.161409,NBA,1,Omicron,2,Second dose,0,G_NBA,G_0
269_1,-6.69727,2.04581,-3.64167,-5.70283,0.612031,2.21728,14.5007,1.40908,97,0.183739,-6.77714,2.14342,-3.55375,-5.70869,0.64753,2.70613,14.8671,1.40799,97,0.155345,-6.75506,2.0881,-3.65857,-5.76695,0.71459,1.9542,10.9878,1.41004,97,0.0826276,0.146637,0.160072,0.339394,0.765962,0.168052,1.64176,4.91636,0.10663,0,0.23205,NBA,3,Omicron,3,Boosted,0,G_NBA,G_0
2866_1,-6.91265,1.85664,-3.6113,-5.14766,0.593389,2.42302,14.1404,1.39803,97,0.177844,-6.82244,1.74152,-3.6183,-5.23882,0.453138,2.32769,12.0137,1.42438,97,0.146684,-6.86572,1.77185,-3.68742,-5.0986,0.487687,2.13205,9.70395,1.42129,97,0.0827775,0.140998,0.162403,0.347703,0.658872,0.201184,1.31659,5.84901,0.120632,0,0.213745,NBA,1,Omicron,3,Boosted,0,G_NBA,G_0
463_1,-6.69501,2.21166,-3.62092,-3.5272,0.321711,2.44925,13.4327,1.40633,97,0.149905,-6.74518,2.25038,-3.65759,-3.64335,0.377958,2.03419,14.0825,1.4115,97,0.207407,-6.7305,2.21544,-3.67595,-3.59546,0.339152,1.81589,10.0536,1.39632,97,0.087814,0.153062,0.23248,0.327986,0.525115,0.118929,1.2502,4.60296,0.105051,0,0.317376,NBA,2,Omicron,3,Boosted,0,G_NBA,G_0
97_1,-6.73318,2.22767,-3.735,-4.30794,0.695431,3.64169,7.48011,1.40635,97,0.153721,-6.69175,2.1472,-3.76287,-4.50841,0.699552,3.2452,7.25725,1.42383,97,0.135753,-6.76871,2.2176,-3.74219,-4.32333,0.649686,2.91282,7.23933,1.39855,97,0.0791414,0.136875,0.160215,0.361849,0.602143,0.283142,2.02216,1.03121,0.0972932,0,0.149622,NBA,1,Omicron,2,Second dose,0,G_NBA,G_0
2449_2,-6.78333,2.11509,-3.70118,-4.11703,1.05068,2.70025,8.87257,1.40303,97,0.129965,-6.77706,2.09735,-3.78047,-4.11625,0.979607,2.30805,6.31104,1.39394,97,0.19538,-6.85126,2.03609,-3.79562,-3.99609,0.75113,2.01178,5.51084,1.40215,97,0.0845428,0.165844,0.258636,0.320233,0.753352,0.861985,1.47043,3.10017,0.110371,0,0.370818,NBA,2,Omicron,2,Second dose,0,G_NBA,G_0
872_1,-6.62181,2.40816,-3.78854,-5.46108,0.874121,2.95248,6.36146,1.40747,97,0.24676,-6.64028,2.37966,-3.73064,-5.74807,1.00527,2.79426,6.28434,1.42919,97,0.176098,-6.66938,2.40514,-3.8003,-5.45665,0.941354,2.54819,5.47713,1.41579,97,0.0798054,0.149867,0.20831,0.341275,0.691337,0.357211,1.53383,3.47593,0.113173,0,0.278931,NBA,1,Omicron,2,Second dose,0,G_NBA,G_0
2383_2,-6.70138,2.33741,-3.82653,-4.79515,0.785099,3.13724,4.69561,1.43813,97,0.171583,-6.65903,2.34358,-3.84833,-5.25038,1.2969,2.74065,6.03486,1.39768,97,0.143558,-6.72438,2.38318,-3.85154,-4.96237,1.14868,2.56184,4.96273,1.41725,97,0.0785497,0.160595,0.192482,0.336411,0.906358,0.571204,1.89915,2.74235,0.0969314,0,0.152105,NBA,1,Omicron,2,Second dose,0,G_NBA,G_0
1597_1,-6.74536,2.36379,-3.67963,-3.85336,0.530881,1.76611,10.489,1.37253,97,0.143499,-6.73874,2.22453,-3.76295,-4.40786,0.618909,1.93116,10.5161,1.41026,97,0.122049,-6.73261,2.21534,-3.69883,-3.95772,0.422153,1.4934,9.01612,1.40825,97,0.0848427,0.166185,0.225118,0.321514,0.893309,0.291827,1.6511,3.35753,0.0998574,0,0.14061,NBA,2,Omicron,3,Boosted,0,G_NBA,G_0
1652_1,-6.75861,2.15441,-3.62388,-5.52178,0.61103,2.03092,14.2872,1.40599,97,0.291891,-6.69708,2.09122,-3.64991,-5.57507,0.569064,2.42302,12.8666,1.39161,97,0.177847,-6.74141,2.12134,-3.68099,-5.57734,0.656906,2.04121,10.0119,1.40213,97,0.0838842,0.163752,0.192646,0.312555,0.782214,0.207234,2.09995,3.83295,0.110887,0,0.304473,NBA,2,Omicron,3,Boosted,0,G_NBA,G_0
1613_1,-6.78565,2.01069,-3.78256,-4.6857,0.67951,2.29498,6.35053,1.37701,97,0.197814,-6.72526,1.99479,-3.69496,-5.26281,1.33812,2.40873,10.0634,1.39344,97,0.201022,-6.84084,2.08566,-3.76313,-4.80688,1.07857,2.64314,7.12472,1.39679,97,0.0746424,0.156368,0.186459,0.386023,0.817483,0.579991,1.50166,5.77781,0.103065,0,0.243142,NBA,2,Omicron,2,Second dose,0,G_NBA,G_0
1304_1,-6.72273,2.3486,-3.65113,-5.96416,0.924781,2.35847,13.187,1.41673,97,0.166636,-6.71327,2.32414,-3.61104,-6.04205,0.938614,2.07101,13.4625,1.4316,97,0.165686,-6.71985,2.30597,-3.6691,-5.99737,0.998478,2.20671,10.2033,1.4144,97,0.0760181,0.144297,0.170832,0.30281,0.667327,0.174414,1.46863,5.9519,0.117681,0,0.237519,NBA,3,Omicron,3,Boosted,0,G_NBA,G_0
2945_1,-6.61765,2.37021,-3.63952,-5.49538,0.8239,1.99542,10.7846,1.43375,97,0.197352,-6.6193,2.41969,-3.73345,-5.22687,0.815077,2.17621,9.29196,1.40754,97,0.201487,-6.66935,2.4262,-3.68657,-5.26701,0.928953,2.31373,9.85427,1.41781,97,0.0910355,0.139807,0.166831,0.303348,0.767679,0.249018,1.61179,3.25038,0.109852,0,0.263856,NBA,2,Omicron,2,Second dose,0,G_NBA,G_0
917_1,-6.74984,2.08799,-3.66834,-5.88975,0.734586,2.72367,12.189,1.41989,97,0.126965,-6.79171,2.15368,-3.65244,-5.9224,0.777176,2.21402,11.9167,1.43093,97,0.174442,-6.76576,2.09811,-3.67366,-6.13302,0.879651,2.02217,9.96341,1.41488,97,0.0858089,0.176114,0.18273,0.340816,0.714791,0.262206,1.53251,5.33984,0.097852,0,0.239751,NBA,1,Omicron,3,Boosted,0,G_NBA,G_0
920_2,-6.67474,2.24188,-3.81179,-5.61152,1.03444,2.51475,7.0644,1.38781,97,0.151609,-6.66644,2.26524,-3.79163,-6.07796,1.23841,2.169,8.23626,1.38056,97,0.18232,-6.73176,2.29815,-3.79023,-5.43676,1.10443,2.2053,6.83543,1.40266,97,0.0914158,0.130131,0.147195,0.301773,0.966914,0.406282,1.44088,4.00831,0.105041,0,0.242365,NBA,1,Omicron,2,Second dose,0,G_NBA,G_0
783_1,-6.68418,2.31155,-3.69404,-5.88535,0.507323,2.50491,11.0785,1.40392,97,0.125844,-6.64387,2.33441,-3.65099,-5.68888,0.453009,2.33849,12.2883,1.41179,97,0.181244,-6.72411,2.22042,-3.72723,-5.8929,0.465904,1.99059,8.88463,1.41633,97,0.0761858,0.145909,0.268537,0.333421,0.74145,0.121495,1.78936,4.93516,0.101628,0,0.202556,NBA,2,Omicron,3,Boosted,0,G_NBA,G_0
1964_1,-6.60408,2.50791,-3.56331,-3.9464,0.538223,2.56902,15.1045,1.43109,97,0.265946,-6.62313,2.54242,-3.55741,-4.15849,0.591506,2.4916,14.081,1.41717,97,0.113717,-6.65629,2.46475,-3.67598,-4.14878,0.577243,2.15311,10.1706,1.426,97,0.0822226,0.147313,0.244204,0.304142,1.05883,0.20912,1.69764,4.70662,0.107928,0,0.12727,NBA,1,Omicron,3,Boosted,0,G_NBA,G_0
2538_1,-6.67776,2.3914,-3.52483,-5.91908,0.858516,2.52902,14.64,1.42876,97,0.146826,-6.65956,2.37158,-3.64519,-5.71319,0.807215,2.26665,15.5658,1.42425,97,0.184039,-6.72096,2.25217,-3.64276,-5.9786,0.895073,2.30856,10.9518,1.40909,97,0.0929126,0.1477,0.220937,0.354091,0.819347,0.146962,1.53249,5.25479,0.103528,0,0.260955,NBA,1,Omicron,2,Second dose,0,G_NBA,G_0
745_1,-6.86491,1.82461,-3.61618,-3.97618,0.357436,2.07196,13.0456,1.39557,97,0.139235,-6.85586,1.83374,-3.6877,-4.11609,0.442697,2.23328,12.2606,1.40027,97,0.117917,-6.87518,1.81878,-3.67912,-4.07291,0.387841,1.98352,10.0438,1.39933,97,0.0854538,0.153487,0.188693,0.311209,0.621521,0.234367,1.7109,4.71721,0.118236,0,0.138915,NBA,1,Omicron,3,Boosted,0,G_NBA,G_0
221_1,-6.74308,2.18529,-3.6725,-3.63388,0.346432,2.15164,13.1919,1.41769,97,0.147166,-6.71561,2.13729,-3.63206,-3.80747,0.389932,2.56033,13.8627,1.40592,97,0.228163,-6.75204,2.15057,-3.6801,-3.70093,0.347996,2.0025,10.072,1.40974,97,0.0858455,0.163548,0.235722,0.344291,0.638583,0.154842,1.97658,5.5639,0.102112,0,0.334251,NBA,1,Omicron,3,Boosted,0,G_NBA,G_0
855_1,-6.81328,2.09331,-3.62202,-5.70041,0.670425,2.4893,12.2945,1.43561,97,0.14371,-6.74181,1.99466,-3.67419,-5.91,0.640163,2.1413,12.038,1.4377,97,0.14203,-6.79048,2.00702,-3.69657,-5.83515,0.69918,2.06909,9.30913,1.43899,97,0.0577079,0.141032,0.179552,0.26524,0.673385,0.246083,1.59683,4.99429,0.109598,0,0.200168,NBA,2,Omicron,3,Boosted,0,G_NBA,G_0
2200_2,-6.72872,2.02747,-3.68986,-5.53645,1.07411,1.88349,10.6364,1.40501,97,0.163594,-6.82174,2.13443,-3.67809,-5.41753,1.15032,2.31959,12.6205,1.40987,97,0.142344,-6.81198,2.11879,-3.67392,-5.21581,1.32037,2.00103,9.55536,1.39317,97,0.0776614,0.216515,0.24951,0.311332,1.11281,0.486877,1.46067,6.84818,0.0992015,0,0.216334,NBA,2,Omicron,3,Boosted,0,G_NBA,G_0
1723_1,-6.71981,2.55573,-3.73136,-4.25196,1.88989,2.65282,9.38849,1.41312,97,0.165078,-6.68731,2.53518,-3.6613,-4.40348,1.97854,2.29809,10.2135,1.40933,97,0.147073,-6.74714,2.51691,-3.68904,-4.31398,2.00747,1.94293,9.94836,1.40396,97,0.0867286,0.146171,0.244371,0.319335,0.912705,0.777596,1.5763,6.2828,0.106874,0,0.18624,NBA,1,Omicron,2,Second dose,0,G_NBA,G_0
1984_1,-6.5809,2.6239,-3.63873,-5.0973,0.641567,2.32044,13.2153,1.43851,97,0.179669,-6.55433,2.60848,-3.65711,-5.04341,0.594222,2.22858,10.4579,1.44022,97,0.177888,-6.59473,2.55521,-3.67876,-5.0307,0.62291,2.00375,10.06,1.43121,97,0.0840799,0.135444,0.243361,0.346012,0.91017,0.217385,1.28831,4.32502,0.111821,0,0.205623,NBA,3,Omicron,-1,No record,0,G_NBA,G_0
211_2,-6.73759,2.07465,-3.81871,-6.09595,1.12148,2.12649,8.80911,1.38362,97,0.129234,-6.78669,2.09902,-3.79849,-5.49886,0.870094,2.05349,7.21717,1.41535,97,0.182954,-6.78025,2.06887,-3.7721,-5.26742,0.674458,1.59495,5.99085,1.40597,97,0.0899729,0.134088,0.165476,0.272308,1.01078,0.452213,1.30706,2.26443,0.0979104,0,0.259101,NBA,1,Omicron,2,Second dose,0,G_NBA,G_0
1702_1,-6.72191,2.1629,-3.68118,-6.04916,0.681469,2.35496,10.5266,1.40621,97,0.144908,-6.68249,2.11636,-3.66009,-6.22235,0.80004,2.27746,11.6396,1.39609,97,0.175854,-6.73552,2.14717,-3.67633,-5.94145,0.698113,1.92162,10.1586,1.40378,97,0.088116,0.154599,0.19116,0.336505,0.821813,0.464026,1.50893,5.64907,0.104103,0,0.267428,NBA,1,Delta,2,Second dose,0,G_NBA,G_0
854_1,-6.61316,2.53623,-3.65244,-5.00947,0.693597,2.50174,15.3776,1.43846,97,0.16052,-6.59945,2.52022,-3.57405,-5.00448,0.673241,2.07287,15.4757,1.44214,97,0.172341,-6.63389,2.48749,-3.63547,-5.06503,0.730291,1.7323,12.9872,1.42361,97,0.0834865,0.156057,0.246398,0.297244,0.836639,0.14239,1.37721,4.36873,0.123297,0,0.184509,NBA,2,Omicron,3,Boosted,0,G_NBA,G_0
2894_1,-6.62224,2.45117,-3.69173,-4.98738,0.690539,2.58214,9.35262,1.46193,97,0.262131,-6.6025,2.47266,-3.68268,-4.77086,0.622813,2.7826,9.54951,1.43893,97,0.24924,-6.65532,2.45188,-3.70705,-4.87892,0.719851,2.71111,9.51943,1.42677,97,0.0878942,0.159652,0.210532,0.296604,0.741604,0.193168,1.61189,2.98256,0.0968318,0,0.367739,NBA,2,Omicron,2,Second dose,0,G_NBA,G_0
1788_1,-6.64481,2.35033,-3.61377,-4.27766,0.633378,1.85148,13.7315,1.38507,97,0.140111,-6.63599,2.36231,-3.59213,-4.3222,0.65128,1.85928,15.4413,1.38988,97,0.21371,-6.67873,2.39181,-3.6428,-4.20181,0.661913,1.6603,12.0211,1.38602,97,0.0849572,0.147755,0.213317,0.348053,0.688781,0.168559,1.43229,5.02489,0.0942218,0,0.241601,NBA,2,Delta,2,Second dose,0,G_NBA,G_0
2841_1,-6.62757,2.38843,-3.63567,-5.28749,0.673178,2.19008,14.5048,1.40641,97,0.226715,-6.62525,2.33269,-3.61318,-5.37403,0.644181,2.18996,12.0432,1.41476,97,0.155019,-6.66551,2.36359,-3.67871,-5.17342,0.679029,1.9253,10.0173,1.41415,97,0.0842369,0.142745,0.18287,0.273544,0.785681,0.161794,1.55839,3.10158,0.095591,0,0.256467,NBA,2,Omicron,3,Boosted,0,G_NBA,G_0
220_1,-6.84054,2.04699,-3.64663,-4.36553,0.458079,2.31883,11.3833,1.41333,97,0.142309,-6.85799,2.04524,-3.68427,-4.49784,0.518791,2.49965,13.4824,1.37924,97,0.169995,-6.81475,1.99105,-3.70064,-4.50162,0.473599,1.89473,9.10946,1.38744,97,0.0883096,0.1426,0.170398,0.306866,0.479854,0.217661,2.14939,5.98327,0.117788,0,0.240418,NBA,3,Omicron,3,Boosted,0,G_NBA,G_0
3025_1,-6.84804,1.82632,-3.66118,-6.88072,0.43581,1.93694,12.799,1.42073,97,0.117325,-6.85626,1.83358,-3.6146,-6.67348,0.419331,2.0784,13.7065,1.40934,97,0.170251,-6.85809,1.8339,-3.66733,-6.69022,0.432468,1.93735,10.7104,1.40829,97,0.0846489,0.130452,0.138004,0.319873,0.531632,0.128519,1.11575,4.78979,0.106396,0,0.228299,NBA,1,Omicron,3,Boosted,0,G_NBA,G_0
133_2,-6.6626,2.70328,-3.59489,-3.39956,1.03587,2.17704,14.258,1.44287,97,0.200735,-6.63625,2.67285,-3.63111,-3.67698,1.11954,2.04387,16.0813,1.40827,97,0.12644,-6.6774,2.61532,-3.64569,-3.68808,1.09654,1.76005,10.2664,1.42748,97,0.076042,0.148326,0.21708,0.314678,0.886432,0.267716,1.18554,5.94611,0.108014,0,0.169123,NBA,1,Omicron,2,Second dose,0,G_NBA,G_0
1144_1,-6.63954,2.4909,-3.63893,-4.55118,0.649747,2.45535,15.2602,1.44961,97,0.15365,-6.6213,2.57953,-3.69579,-4.28614,0.62519,2.40953,12.6783,1.42254,97,0.182271,-6.63987,2.48889,-3.67819,-4.48379,0.669918,1.89977,10.0055,1.42324,97,0.0841558,0.155974,0.252432,0.331311,0.805777,0.210759,1.82538,3.89976,0.114394,0,0.386774,NBA,2,Omicron,3,Boosted,0,G_NBA,G_0
1066_2,-6.76356,2.27155,-3.6453,-2.43881,0.31121,3.11876,13.1665,1.38585,97,0.0953854,-6.73409,2.23903,-3.66998,-2.55496,0.342426,1.96342,13.4773,1.38879,97,0.175166,-6.75772,2.24153,-3.68046,-2.4612,0.304239,1.97799,9.99793,1.39693,97,0.0875809,0.15821,0.237303,0.324073,0.57717,0.125393,1.37418,6.40971,0.0997661,0,0.259279,NBA,1,Omicron,3,Boosted,0,G_NBA,G_0
615_1,-6.65581,2.61273,-3.61125,-3.09808,0.804617,2.01842,13.5221,1.43863,97,0.231778,-6.67137,2.54488,-3.72169,-3.10383,0.781798,2.20623,13.3051,1.44522,97,0.197288,-6.70595,2.52836,-3.6679,-3.36815,0.878762,1.98513,10.0923,1.41839,97,0.0837529,0.172051,0.245154,0.337881,0.626634,0.203563,1.95711,5.2747,0.110777,0,0.220198,NBA,2,Delta,2,Second dose,0,G_NBA,G_0
2397_2,-6.79237,2.19119,-3.74202,-5.03248,1.09,2.17362,7.58928,1.39776,97,0.146729,-6.74017,2.07188,-3.76258,-5.26537,0.935749,2.28396,6.83396,1.41213,97,0.164214,-6.79816,2.11813,-3.77181,-4.82668,0.72713,1.89342,5.41597,1.40393,97,0.0994962,0.151162,0.170024,0.336428,0.981216,0.570642,1.44316,3.87687,0.106786,0,0.201232,NBA,1,Omicron,3,Boosted,0,G_NBA,G_0
2977_1,-6.71677,1.91863,-3.61389,-5.58353,0.623559,1.9576,12.4982,1.43278,97,0.144227,-6.78645,2.01707,-3.65968,-5.06096,0.512682,2.36486,11.7047,1.40335,97,0.198714,-6.78936,1.98112,-3.64145,-5.0148,0.490442,1.80272,11.9798,1.40784,97,0.0888435,0.146571,0.178253,0.369821,0.610382,0.164726,2.08815,1.70605,0.118165,0,0.332443,NBA,2,Omicron,3,Boosted,0,G_NBA,G_0
1735_1,-6.65999,2.68749,-3.7571,-3.16498,1.24208,2.48481,9.67697,1.41767,97,0.216889,-6.67825,2.61758,-3.69516,-3.52616,1.37265,2.81806,10.2254,1.43966,97,0.189404,-6.71729,2.57454,-3.70263,-3.51786,1.41936,1.82062,10.0526,1.41682,97,0.0836103,0.172245,0.248095,0.342584,0.92102,0.461031,1.9068,5.3024,0.108552,0,0.262907,NBA,1,Omicron,2,Second dose,0,G_NBA,G_0
147_1,-6.72493,2.28325,-3.78422,-5.85671,1.36674,2.35907,5.42555,1.39352,97,0.195963,-6.73297,2.32171,-3.87337,-5.98997,1.44871,3.19408,6.59992,1.37882,97,0.245439,-6.73091,2.22753,-3.78333,-5.62472,1.31705,3.00591,5.58865,1.37962,97,0.104381,0.140236,0.231757,0.312412,1.01107,0.672048,1.91882,3.46059,0.114195,0,0.351976,NBA,2,Omicron,3,Boosted,0,G_NBA,G_0
1986_1,-6.75765,2.24236,-3.72406,-3.39911,0.423651,2.71841,8.85539,1.43074,97,0.158291,-6.71945,2.27558,-3.71979,-3.40395,0.462847,2.63322,8.90387,1.41989,97,0.203757,-6.77083,2.18339,-3.68836,-3.75504,0.514143,2.65152,8.90162,1.39606,97,0.11061,0.145412,0.345152,0.286658,0.975053,0.213288,1.91494,1.71335,0.0953851,0,0.287455,NBA,1,Omicron,2,Second dose,0,G_NBA,G_0
1359_1,-6.69824,2.18951,-3.63971,-5.40988,0.966305,1.96843,14.6845,1.39865,97,0.154555,-6.70033,2.19577,-3.61871,-5.24094,0.93955,2.35206,16.0472,1.38489,97,0.144899,-6.76241,2.22967,-3.65598,-4.98866,0.91814,1.97564,11.0282,1.38116,97,0.0743156,0.160801,0.170745,0.424923,0.745139,0.214644,1.73833,6.21083,0.107847,0,0.160564,NBA,2,Omicron,3,Boosted,0,G_NBA,G_0
1865_2,-6.70093,2.49198,-3.71376,-2.6394,0.431511,3.655,6.14873,1.42598,97,0.121863,-6.76357,2.37679,-3.67773,-2.94795,0.452915,4.01128,6.21315,1.42975,97,0.14442,-6.74822,2.26948,-3.77855,-3.08834,0.409363,2.77013,6.051,1.41201,97,0.0755514,0.173166,0.24039,0.280439,0.607784,0.226516,2.46444,0.752101,0.0995172,0,0.170299,NBA,1,Omicron,3,Boosted,0,G_NBA,G_0
1064_1,-6.77241,2.17544,-3.57696,-6.62639,1.04169,2.44429,15.8887,1.38086,97,0.227024,-6.79238,2.18255,-3.55041,-6.58218,1.02679,2.11511,15.1087,1.39489,97,0.163226,-6.78605,2.16848,-3.65269,-6.30771,1.01997,1.68319,11.9669,1.40126,97,0.0836291,0.120377,0.124913,0.279028,0.711843,0.124711,1.58844,4.98734,0.101982,0,0.232359,NBA,2,Delta,2,Second dose,0,G_NBA,G_0
1064_2,-6.66853,2.44174,-3.71941,-4.87319,0.747448,2.79437,6.94617,1.44113,97,0.152293,-6.59537,2.43333,-3.72679,-4.91818,0.812133,3.11261,7.27683,1.43844,97,0.171281,-6.66023,2.42997,-3.74271,-4.71218,0.747126,2.8733,7.15052,1.41455,97,0.0852667,0.143434,0.190397,0.279467,0.80326,0.27655,1.4944,1.65054,0.130259,0,0.312715,NBA,2,Omicron,3,Boosted,0,G_NBA,G_0
1795_2,-6.86572,2.06067,-3.75844,-4.12315,0.488369,1.88423,10.3117,1.41152,97,0.184657,-6.77205,2.03647,-3.67534,-4.05919,0.430864,1.86938,10.3342,1.35493,97,0.130881,-6.80765,1.97267,-3.72613,-4.20705,0.402708,1.61609,8.14526,1.39967,97,0.0828985,0.152275,0.176088,0.327442,0.50621,0.200409,1.36332,4.07222,0.104076,0,0.159089,NBA,1,Omicron,3,Boosted,0,G_NBA,G_0
787_2,-6.77883,2.14726,-3.76045,-2.86225,0.622651,2.30546,9.55861,1.37986,97,0.197835,-6.84415,2.21613,-3.66826,-2.75284,0.539869,2.57789,8.93954,1.36346,97,0.151581,-6.8319,2.13164,-3.75198,-2.95488,0.526812,2.31817,7.37613,1.39099,97,0.0856941,0.180174,0.236656,0.307955,0.634762,0.260073,1.62564,4.49019,0.123502,0,0.198683,NBA,2,Omicron,3,Boosted,0,G_NBA,G_0
2319_1,-6.63876,2.38426,-3.733,-2.95688,0.437511,2.65949,7.6135,1.42826,97,0.157624,-6.66664,2.41603,-3.73716,-2.98152,0.482225,2.66811,7.67899,1.41896,97,0.191288,-6.7083,2.39987,-3.72613,-3.01979,0.474123,2.61902,7.72692,1.42177,97,0.0864274,0.155778,0.218409,0.295869,0.480134,0.189991,1.75721,1.36069,0.108686,0,0.231862,NBA,1,Omicron,0,Unvaccinated,0,G_NBA,G_0
3007_1,-6.66812,2.30089,-3.77996,-6.16598,0.860132,2.66457,7.70244,1.40013,97,0.295325,-6.66675,2.35165,-3.71983,-6.40969,0.976393,3.0824,9.04766,1.40153,97,0.15614,-6.73279,2.28419,-3.72027,-6.09855,0.940214,2.82555,8.39425,1.40715,97,0.0850958,0.161214,0.209815,0.324515,0.820934,0.243882,1.65663,2.69591,0.108526,0,0.186313,NBA,1,Omicron,3,Boosted,0,G_NBA,G_0
2590_1,-6.73349,2.21942,-3.69191,-6.43529,0.777338,2.21713,9.05976,1.42779,97,0.116179,-6.687,2.16841,-3.63928,-6.1679,0.665336,2.09491,8.49437,1.42209,97,0.173682,-6.73103,2.19815,-3.71213,-6.04331,0.704771,1.96399,8.5807,1.40904,97,0.0870615,0.139493,0.154462,0.36154,0.710818,0.203869,1.31252,1.98642,0.110556,0,0.332262,NBA,1,Delta,1,First dose,0,G_NBA,G_0
2832_1,-6.68826,2.42519,-3.55146,-4.02656,0.558858,2.00864,16.8714,1.35662,97,0.188165,-6.66282,2.38224,-3.54314,-4.14718,0.575181,2.1381,17.0435,1.36643,97,0.183815,-6.70031,2.32177,-3.60091,-4.27618,0.580726,1.69584,13.9797,1.39477,97,0.0806117,0.168583,0.229065,0.328968,0.553823,0.159946,1.60054,5.96977,0.120253,0,0.324008,NBA,2,Omicron,3,Boosted,0,G_NBA,G_0
1523_1,-6.68687,2.33591,-3.7714,-5.90292,0.75287,2.61747,8.49819,1.40566,97,0.16703,-6.63523,2.27789,-3.68192,-5.9917,0.781436,2.99917,9.02108,1.43636,97,0.170485,-6.68216,2.31741,-3.69445,-5.8203,0.825268,2.99829,9.49449,1.41309,97,0.0974483,0.128087,0.154394,0.360025,0.600991,0.167019,2.0094,1.30151,0.104976,0,0.231614,NBA,2,Omicron,3,Boosted,0,G_NBA,G_0
2955_1,-6.70999,2.5638,-3.69663,-2.6025,0.778364,2.43584,11.5455,1.44399,97,0.167552,-6.75725,2.59026,-3.77159,-2.61466,0.758413,2.51059,9.83877,1.43419,97,0.161931,-6.70943,2.54821,-3.72977,-2.53455,0.710286,1.93602,7.88837,1.42533,97,0.0726888,0.14808,0.266416,0.3575,0.64025,0.259182,2.29989,4.22687,0.104932,0,0.215688,NBA,1,Omicron,3,Boosted,0,G_NBA,G_0
2427_2,-6.73054,2.24004,-3.79404,-5.12626,0.810213,4.59351,6.31709,1.38263,97,0.162866,-6.69219,2.18933,-3.75166,-5.07885,0.705117,3.94471,6.30061,1.38815,97,0.195027,-6.7282,2.20783,-3.78288,-4.82948,0.610427,3.655,5.98055,1.38717,97,0.0869293,0.152868,0.170252,0.321317,0.776109,0.401995,1.68703,1.90595,0.0954948,0,0.338483,NBA,1,Omicron,2,Second dose,0,G_NBA,G_0
340_1,-6.69919,2.39344,-3.64917,-3.52169,0.402634,2.22903,13.2557,1.41961,97,0.184228,-6.68556,2.40333,-3.61091,-3.40864,0.364867,2.1173,15.1431,1.42156,97,0.219781,-6.70072,2.30478,-3.67748,-3.59564,0.378234,1.96446,10.0292,1.41651,97,0.0901855,0.183099,0.266965,0.346022,0.635839,0.123362,1.45924,5.64979,0.11227,0,0.358109,NBA,3,Omicron,3,Boosted,0,G_NBA,G_0
1558_1,-6.72834,2.47448,-3.65487,-4.42765,1.40815,2.28799,12.8323,1.40636,97,0.143036,-6.64936,2.38069,-3.69763,-5.14668,1.638,2.30519,12.5003,1.39986,97,0.168428,-6.7411,2.41212,-3.68632,-4.69231,1.55467,1.96192,10.1094,1.40374,97,0.0847485,0.153151,0.216445,0.325543,0.958157,0.263856,1.78404,4.6043,0.0974765,0,0.242966,NBA,1,Omicron,2,Second dose,0,G_NBA,G_0
751_2,-6.64639,2.67347,-3.79801,-3.6932,1.34771,3.59972,6.82755,1.46064,97,0.128396,-6.62989,2.65316,-3.77375,-3.4132,1.10266,3.28368,7.51447,1.43018,97,0.118602,-6.64976,2.60625,-3.83277,-3.42147,0.9866,2.75694,4.91167,1.44595,97,0.0727279,0.157817,0.228208,0.332616,0.633016,0.49799,2.40274,5.39057,0.116304,0,0.13077,NBA,1,Omicron,3,Boosted,0,G_NBA,G_0
1979_1,-6.75215,2.07466,-3.58764,-5.98018,1.09987,2.19708,13.9809,1.43934,97,0.18566,-6.72579,2.03433,-3.62026,-5.86801,1.04352,2.43521,14.0156,1.43612,97,0.180347,-6.77916,2.10148,-3.6354,-5.30873,0.969892,1.9921,11.9731,1.42519,97,0.104876,0.151656,0.188719,0.334501,0.686361,0.304579,1.76896,5.94852,0.105163,0,0.207167,NBA,2,Delta,3,Boosted,0,G_NBA,G_0
1979_2,-6.81305,1.98252,-3.75406,-4.74731,0.65846,2.49681,6.77144,1.4051,97,0.165679,-6.75559,1.89909,-3.71676,-5.1419,0.785006,2.14628,6.60258,1.41191,97,0.253436,-6.82059,1.94767,-3.75927,-4.74688,0.589737,2.42858,6.64563,1.40005,97,0.105491,0.155484,0.18698,0.364375,0.827463,0.617294,1.07219,2.53638,0.105896,0,0.332594,NBA,2,Omicron,3,Boosted,0,G_NBA,G_0
85_1,-6.64815,2.31046,-3.67983,-5.38835,0.57329,2.10637,11.5955,1.41914,97,0.145903,-6.65044,2.26666,-3.6408,-5.51188,0.60304,2.4938,11.7585,1.42139,97,0.177587,-6.70336,2.19888,-3.67817,-5.48919,0.57708,1.9743,10.0711,1.40941,97,0.0823937,0.163769,0.253489,0.369515,0.851764,0.19741,1.68116,5.47749,0.104869,0,0.216869,NBA,2,Omicron,3,Boosted,0,G_NBA,G_0
1243_1,-6.58671,2.61852,-3.63795,-5.3295,0.959171,2.09972,10.8572,1.45517,97,0.195248,-6.62201,2.67432,-3.68549,-5.67307,1.11726,2.36649,12.7983,1.43395,97,0.152896,-6.63423,2.60293,-3.6786,-5.57912,1.14342,1.85168,9.95981,1.41778,97,0.0904657,0.143636,0.197914,0.345049,0.628834,0.163358,1.43539,4.98823,0.104989,0,0.228509,NBA,2,Delta,2,Second dose,0,G_NBA,G_0
395_2,-6.78652,1.97455,-3.69638,-4.61655,0.749345,2.41524,7.93472,1.4135,97,0.246847,-6.81356,1.99509,-3.75866,-4.58915,0.684517,1.97517,7.34299,1.39081,97,0.165823,-6.82292,2.00159,-3.73055,-4.3229,0.576893,1.79649,7.16541,1.4,97,0.0827271,0.163057,0.198187,0.331596,0.865297,0.472548,1.05861,2.31416,0.102302,0,0.221038,NBA,1,Omicron,2,Second dose,0,G_NBA,G_0
1819_1,-6.78774,2.04951,-3.61943,-6.68333,0.543886,2.10405,12.0523,1.39486,97,0.211669,-6.78128,2.06229,-3.64139,-6.52448,0.541686,1.98473,10.5062,1.3983,97,0.107388,-6.78603,2.04145,-3.70528,-6.34976,0.452317,1.88042,8.49597,1.40662,97,0.0864667,0.115742,0.122928,0.312158,0.531892,0.163162,1.56468,4.43081,0.0877042,0,0.0937929,NBA,2,Omicron,3,Boosted,0,G_NBA,G_0
1918_1,-6.61721,2.47743,-3.67085,-3.3978,0.509387,2.40559,12.4011,1.41936,97,0.132739,-6.643,2.46956,-3.67535,-3.49435,0.54164,2.10669,12.1365,1.43536,97,0.207591,-6.67736,2.46388,-3.68019,-3.46275,0.529404,2.01199,10.1405,1.42215,97,0.0772255,0.170017,0.243151,0.306742,0.564139,0.205665,1.31518,6.51949,0.111028,0,0.388509,NBA,2,Omicron,3,Boosted,0,G_NBA,G_0
560_1,-6.73646,2.08937,-3.64956,-5.1803,0.804187,1.83701,11.346,1.3967,97,0.151781,-6.74261,2.16331,-3.63816,-4.87962,0.674654,1.93216,11.7534,1.4187,97,0.219672,-6.73751,2.22506,-3.67985,-4.43378,0.61377,1.53303,10.1585,1.39279,97,0.085662,0.183148,0.262372,0.331357,0.91402,0.32478,1.75658,6.36016,0.096457,0,0.346674,NBA,1,Omicron,2,Second dose,0,G_NBA,G_0
2879_2,-6.85395,1.83336,-3.86547,-6.60548,1.10486,6.61888,5.9062,1.39731,97,0.250336,-6.84661,1.78682,-3.8386,-6.62881,0.781075,6.1937,5.92127,1.38236,97,0.162757,-6.85643,1.76001,-3.79118,-5.85943,0.656721,4.77177,5.95382,1.39667,97,0.0892039,0.124315,0.132795,0.35545,0.904794,0.360741,2.23469,0.352529,0.100262,0,0.175061,NBA,1,Omicron,2,Second dose,0,G_NBA,G_0
627_1,-6.79014,1.92805,-3.70007,-6.35479,0.688945,2.26972,11.1245,1.41483,97,0.162392,-6.76205,1.91276,-3.58445,-6.38309,0.663701,2.53897,11.7052,1.39738,97,0.230507,-6.79613,1.94414,-3.6953,-6.35369,0.616092,2.06046,8.30869,1.4005,97,0.078126,0.160206,0.195138,0.299769,0.801087,0.240761,1.86521,5.45365,0.099851,0,0.410304,NBA,2,Delta,2,Second dose,0,G_NBA,G_0
3008_1,-6.66507,2.65928,-3.7579,-2.30454,0.659409,2.98498,7.0545,1.41549,97,0.191131,-6.64739,2.51923,-3.76961,-2.59548,0.700919,2.86105,7.43336,1.3973,97,0.128193,-6.7211,2.49531,-3.80725,-2.65756,0.598792,2.50059,5.23387,1.41642,97,0.0742047,0.153924,0.313684,0.326416,0.608871,0.346886,1.87758,4.91095,0.10437,0,0.155587,NBA,2,Omicron,3,Boosted,0,G_NBA,G_0
3013_1,-6.75563,2.07289,-3.65675,-6.44884,1.07165,1.79002,12.2821,1.40669,97,0.148655,-6.7924,2.10366,-3.71661,-6.25114,1.09458,2.09362,11.366,1.38755,97,0.211248,-6.77049,2.0869,-3.67059,-5.91307,1.05128,1.82741,10.3457,1.40211,97,0.084615,0.13747,0.153121,0.35064,0.743175,0.301598,1.62406,5.48866,0.0880761,0,0.33184,NBA,1,Omicron,3,Boosted,0,G_NBA,G_0
919_1,-6.67729,2.17093,-3.69767,-5.9868,0.566409,1.70521,9.97493,1.45331,97,0.163167,-6.6911,2.30363,-3.67539,-5.39614,0.509641,1.53982,9.95488,1.3922,97,0.17265,-6.71298,2.14666,-3.68751,-5.65273,0.509582,1.40988,9.58597,1.43346,97,0.0905061,0.178783,0.198727,0.321784,0.788841,0.146706,0.873845,2.00324,0.114332,0,0.235987,NBA,3,Omicron,3,Boosted,0,G_NBA,G_0
981_1,-6.67436,2.07028,-3.74516,-6.23507,0.378038,2.50486,9.60049,1.4042,97,0.142028,-6.78779,2.21214,-3.71511,-5.98788,0.410892,2.60383,9.30675,1.3961,97,0.239224,-6.69912,2.11447,-3.71589,-5.99656,0.378126,2.79863,8.5831,1.39258,97,0.0606115,0.147909,0.172991,0.318001,0.616942,0.131978,1.85699,2.72644,0.111548,0,0.400716,NBA,1,Omicron,3,Boosted,0,G_NBA,G_0
1047_1,-6.69503,2.32154,-3.61672,-5.32964,0.810041,2.23599,14.0269,1.41936,97,0.177915,-6.66971,2.26382,-3.6616,-5.52457,0.846126,2.40555,12.1356,1.44185,97,0.205146,-6.70399,2.30696,-3.67382,-5.31373,0.855656,1.93052,10.3732,1.40802,97,0.0941188,0.14663,0.157978,0.373052,0.770293,0.215441,2.02775,3.48904,0.129699,0,0.419892,NBA,1,Delta,2,Second dose,0,G_NBA,G_0
1512_2,-6.70969,2.27124,-3.58944,-3.39922,0.624337,2.56791,13.7924,1.41997,97,0.147528,-6.71988,2.36752,-3.62064,-3.17609,0.575412,2.5566,13.8627,1.40021,97,0.148198,-6.78538,2.27086,-3.68833,-3.46728,0.646028,2.05162,10.0014,1.40593,97,0.0846195,0.169021,0.252596,0.275912,0.614154,0.218572,1.90002,6.53145,0.107904,0,0.202444,NBA,2,Omicron,3,Boosted,0,G_NBA,G_0
1936_1,-6.85494,1.91969,-3.66152,-5.286,0.606554,1.99896,9.58949,1.38818,97,0.135492,-6.79826,1.85811,-3.71993,-5.34522,0.589411,1.56106,8.59315,1.40702,97,0.190755,-6.82618,1.86951,-3.73371,-5.05284,0.512906,1.35353,7.6625,1.40168,97,0.0838887,0.148175,0.172272,0.293208,0.802016,0.273783,0.86759,3.74497,0.110223,0,0.296036,NBA,3,Omicron,3,Boosted,0,G_NBA,G_0
1685_1,-6.75903,2.02906,-3.5749,-6.54389,0.583083,2.07691,13.7032,1.42241,97,0.188891,-6.8098,2.10356,-3.6043,-6.52488,0.605139,2.14678,13.6084,1.39777,97,0.208416,-6.79913,2.06468,-3.66541,-6.48039,0.625241,1.85424,10.5695,1.40154,97,0.0865047,0.160995,0.159548,0.322581,0.612592,0.157456,1.46979,5.58415,0.104774,0,0.280982,NBA,3,Omicron,3,Boosted,0,G_NBA,G_0
105_1,-6.66448,2.38961,-3.69169,-4.82064,1.14587,2.24907,10.6004,1.40024,97,0.151857,-6.69114,2.42695,-3.68457,-5.00841,1.24775,1.78067,11.5033,1.4149,97,0.194157,-6.71,2.42012,-3.71697,-4.63991,1.19962,1.6068,8.66008,1.40496,97,0.0825547,0.132823,0.177381,0.389896,1.04022,0.351624,0.958759,6.37968,0.0987502,0,0.271517,NBA,2,Omicron,3,Boosted,0,G_NBA,G_0
936_1,-6.73859,2.08697,-3.82426,-5.26588,0.938184,1.85256,9.87716,1.41486,97,0.216086,-6.80778,2.18914,-3.71236,-4.71267,0.692043,2.09023,8.3188,1.40502,97,0.141775,-6.78694,2.06927,-3.74147,-4.82908,0.63612,1.91046,7.59165,1.41858,97,0.0732107,0.183339,0.258226,0.325405,0.91401,0.308301,1.30344,4.21271,0.112764,0,0.190584,NBA,2,Omicron,3,Boosted,0,G_NBA,G_0
794_1,-6.72928,2.17127,-3.66868,-6.07387,0.630356,2.13859,12.7195,1.39554,97,0.215558,-6.726,2.13065,-3.63122,-6.17619,0.62125,1.92353,11.8233,1.41637,97,0.138534,-6.74485,2.13491,-3.69406,-5.98697,0.674224,2.01746,9.51646,1.4127,97,0.0841839,0.148237,0.180184,0.312899,0.76693,0.221377,1.59173,4.46894,0.101806,0,0.193018,NBA,2,Omicron,3,Boosted,0,G_NBA,G_0
155_1,-6.70997,2.46227,-3.77609,-3.69157,1.4726,3.95182,6.44839,1.3783,97,0.242392,-6.76659,2.46921,-3.85789,-4.17597,1.97256,3.43656,7.10738,1.37968,97,0.195322,-6.778,2.50043,-3.69399,-3.90833,2.16547,2.05396,10.0531,1.3843,97,0.0848945,0.169886,0.246323,0.356484,1.0436,1.17503,1.92826,5.76492,0.0990515,0,0.218576,NBA,1,Delta,0,Unvaccinated,0,G_NBA,G_0
2703_1,-6.64564,2.4629,-3.8072,-4.83392,0.90035,3.64723,6.36735,1.41112,97,0.166117,-6.61437,2.45024,-3.81269,-4.48852,0.675011,4.36922,5.95037,1.44674,97,0.129981,-6.68218,2.36063,-3.78182,-4.44366,0.61199,4.24006,5.97634,1.41456,97,0.0884807,0.170708,0.272598,0.321875,0.894307,0.28151,2.35921,0.838533,0.107705,0,0.14481,NBA,1,Omicron,2,Second dose,0,G_NBA,G_0
1028_1,-6.64704,2.53354,-3.83933,-3.8737,0.851121,3.48035,7.37928,1.43611,97,0.189455,-6.68761,2.63907,-3.77699,-3.57008,0.727341,3.66315,6.01252,1.41732,97,0.175662,-6.66689,2.50599,-3.78547,-3.82904,0.778131,3.83331,5.92164,1.41726,97,0.0988504,0.183237,0.224139,0.347725,0.615367,0.305909,2.18694,1.8523,0.0943911,0,0.213012,NBA,1,Omicron,2,Second dose,0,G_NBA,G_0
836_1,-6.70908,2.21302,-3.66889,-6.23938,0.722063,2.05762,12.9381,1.38609,97,0.27395,-6.75511,2.26119,-3.59515,-6.20785,0.762487,2.40801,13.1709,1.38591,97,0.156333,-6.74938,2.22273,-3.71369,-6.14275,0.722516,1.90993,8.45701,1.38867,97,0.0930108,0.152501,0.185299,0.298907,0.66029,0.183272,2.07271,7.19961,0.0958683,0,0.213109,NBA,1,Omicron,0,Unvaccinated,0,G_NBA,G_0
2213_2,-6.67905,2.23948,-3.66443,-5.24095,0.877726,2.29582,11.8266,1.40212,97,0.207548,-6.73697,2.31408,-3.64854,-4.95253,0.864038,2.12327,12.099,1.41107,97,0.114085,-6.72313,2.28663,-3.6735,-4.97841,0.860719,1.93655,10.0682,1.40611,97,0.0871825,0.165854,0.213602,0.343693,0.963913,0.44646,1.49557,6.28577,0.105759,0,0.118914,NBA,1,Omicron,3,Boosted,0,G_NBA,G_0
2461_1,-6.66264,2.29451,-3.70892,-6.28137,0.671836,2.16959,7.03887,1.4144,97,0.1805,-6.68745,2.29338,-3.76772,-5.88153,0.561959,2.03561,6.80677,1.42668,97,0.175632,-6.70073,2.27514,-3.75872,-5.90812,0.599477,2.07866,6.8902,1.41793,97,0.0845278,0.147793,0.172008,0.306522,0.578671,0.221542,0.970263,1.81801,0.093542,0,0.248976,NBA,1,Delta,2,Second dose,0,G_NBA,G_0
1985_1,-6.70841,2.16897,-3.68051,-5.51643,0.580974,2.33713,10.1514,1.42745,97,0.159182,-6.70525,2.15292,-3.63954,-5.61768,0.643129,2.25844,10.9088,1.41644,97,0.166795,-6.72574,2.1434,-3.68112,-5.40484,0.562026,1.91638,10.1067,1.41703,97,0.0833182,0.166426,0.178218,0.354101,0.792277,0.345643,1.63719,5.05974,0.104624,0,0.296728,NBA,1,Omicron,3,Boosted,0,G_NBA,G_0
2902_2,-6.65517,2.37317,-3.64933,-5.22031,0.862471,2.25843,13.8098,1.41576,97,0.153285,-6.61864,2.38953,-3.59528,-5.09842,0.869282,2.30641,15.0761,1.40866,97,0.162174,-6.67042,2.43484,-3.6793,-5.01738,0.922651,1.98378,10.0476,1.41865,97,0.0853562,0.15397,0.240142,0.356891,0.817241,0.204272,1.5856,6.6614,0.125735,0,0.236662,NBA,2,Omicron,3,Boosted,0,G_NBA,G_0
2327_3,-6.79175,2.13433,-3.84687,-4.49689,0.827266,3.69493,5.4878,1.41372,97,0.235088,-6.76193,2.09836,-3.81683,-4.62476,0.801988,3.11823,5.4554,1.4159,97,0.16079,-6.77333,2.15518,-3.78496,-4.17287,0.66262,2.71076,5.42577,1.39471,97,0.0751254,0.151296,0.242007,0.3117,0.766978,0.465642,2.12438,1.93886,0.110431,0,0.317866,NBA,1,Omicron,0,Unvaccinated,0,G_NBA,G_0
2648_2,-6.70917,2.24939,-3.6977,-5.6148,0.798409,2.29862,11.6652,1.41508,97,0.185262,-6.66207,2.2072,-3.65371,-5.66566,0.797791,2.45688,10.5599,1.4266,97,0.134733,-6.71646,2.24551,-3.68036,-5.33614,0.790771,1.99732,10.0252,1.40902,97,0.0850699,0.147337,0.210224,0.370269,0.825944,0.296047,1.83918,5.1818,0.115657,0,0.135219,NBA,2,Omicron,3,Boosted,0,G_NBA,G_0
1741_2,-6.77036,2.04779,-3.62712,-5.35589,0.856206,2.69684,8.97008,1.38895,97,0.251134,-6.82687,2.06296,-3.76156,-5.34521,0.83471,2.68901,7.97655,1.3933,97,0.172289,-6.80072,2.01623,-3.73006,-5.2158,0.737659,2.37194,7.73255,1.41123,97,0.087405,0.148609,0.194842,0.297998,0.804241,0.383689,1.64959,1.88125,0.120684,0,0.239415,NBA,2,Omicron,3,Boosted,0,G_NBA,G_0
2298_2,-6.67232,2.76502,-3.80937,-3.24772,1.41584,2.52306,7.00884,1.43792,97,0.117449,-6.66408,2.78804,-3.81626,-3.22358,1.41956,3.37559,7.12866,1.43625,97,0.15674,-6.6769,2.67688,-3.88592,-3.29946,1.23843,2.80434,3.95145,1.44425,97,0.067664,0.163101,0.224455,0.359159,0.592459,0.677944,2.14193,4.0291,0.128595,0,0.220717,NBA,1,Omicron,3,Boosted,0,G_NBA,G_0
2376_2,-6.72723,2.11314,-3.69761,-6.70223,2.37157,2.60725,9.64661,1.39858,97,0.180373,-6.76626,2.08864,-3.79931,-6.4139,1.34291,2.42635,6.12226,1.40778,97,0.108397,-6.75515,2.05284,-3.83015,-6.24351,1.12393,2.19275,3.96166,1.41052,97,0.0553777,0.126985,0.127767,0.332112,0.94982,0.823489,1.60025,4.65976,0.0997781,0,0.130155,NBA,2,Omicron,2,Second dose,0,G_NBA,G_0
2502_1,-6.65295,2.36299,-3.75541,-5.0824,0.750328,2.70157,8.95706,1.43127,97,0.148707,-6.63961,2.31417,-3.72549,-5.38855,0.775225,2.65108,8.86518,1.43035,97,0.124423,-6.67618,2.36599,-3.70432,-4.88296,0.708703,2.55871,8.81091,1.4149,97,0.0934267,0.14955,0.193514,0.310349,0.956904,0.230512,1.46029,1.3985,0.103609,0,0.13759,NBA,3,Omicron,-1,No record,0,G_NBA,G_0
727_1,-6.62758,2.4395,-3.60729,-3.95198,0.447106,2.1919,13.5614,1.4322,97,0.117835,-6.60856,2.4009,-3.57938,-4.16774,0.486676,2.38802,14.0591,1.41499,97,0.148738,-6.66204,2.40754,-3.6762,-4.18466,0.502354,2.08884,10.0948,1.42068,97,0.0833672,0.13014,0.187613,0.35549,0.506806,0.144225,1.64486,4.93913,0.0971157,0,0.176066,NBA,2,Omicron,3,Boosted,0,G_NBA,G_0
2507_1,-6.67873,2.21098,-3.72978,-5.37813,0.477056,2.59426,11.8839,1.41193,97,0.139288,-6.63427,2.18087,-3.60867,-5.53748,0.519697,2.7428,12.3146,1.41417,97,0.167968,-6.69077,2.19943,-3.67779,-5.33095,0.47532,2.0902,10.0264,1.40945,97,0.080972,0.14988,0.168171,0.341289,0.669469,0.183778,1.91752,5.92428,0.102552,0,0.24557,NBA,2,Omicron,3,Boosted,0,G_NBA,G_0
193_1,-6.71872,2.63905,-3.75607,-2.81965,1.00085,3.71695,8.20588,1.44428,97,0.174495,-6.69066,2.67045,-3.78153,-2.99448,1.10079,2.5711,8.15115,1.44662,97,0.121594,-6.71919,2.56002,-3.82621,-3.07194,1.00877,2.31874,5.00243,1.43292,97,0.0674545,0.178527,0.316776,0.357648,0.716904,0.438974,1.57635,5.56819,0.116095,0,0.15927,NBA,2,Omicron,3,Boosted,0,G_NBA,G_0
898_1,-6.71901,1.81901,-3.59178,-6.56588,0.896674,1.95729,13.1907,1.40552,97,0.104289,-6.83113,1.91805,-3.71764,-6.16055,0.812936,1.96804,11.4545,1.3962,97,0.245149,-6.803,1.92417,-3.66182,-6.0733,0.992744,2.15599,10.0182,1.37804,97,0.0987056,0.173678,0.196674,0.316817,0.730507,0.323624,1.7211,5.47129,0.10274,0,0.336435,NBA,2,Omicron,3,Boosted,0,G_NBA,G_0
1001_1,-6.67263,2.52807,-3.60249,-4.5843,1.16841,2.31988,13.3771,1.41244,97,0.126775,-6.66234,2.52673,-3.6059,-4.75112,1.24212,2.6137,12.7724,1.41248,97,0.146701,-6.69385,2.47553,-3.67307,-4.85684,1.33129,1.98241,10.0746,1.41321,97,0.0855569,0.148469,0.205848,0.320882,0.949659,0.298474,1.79062,5.58166,0.114721,0,0.192232,NBA,1,Omicron,3,Boosted,0,G_NBA,G_0
1052_1,-6.73192,2.38935,-3.73287,-3.37875,0.726706,2.06145,11.3629,1.40546,97,0.139617,-6.7863,2.41636,-3.70765,-3.80247,0.953523,2.18866,11.8676,1.40589,97,0.205394,-6.77634,2.31938,-3.69285,-3.86214,0.943766,2.35307,9.99596,1.4016,97,0.0860016,0.155258,0.232337,0.267768,0.775277,0.300886,1.52578,5.06511,0.111354,0,0.605834,NBA,2,Omicron,2,Second dose,0,G_NBA,G_0
2326_1,-6.66621,2.43927,-3.60277,-3.55192,0.715539,2.36819,14.6755,1.4352,97,0.181579,-6.66296,2.47609,-3.54153,-3.33868,0.662399,2.30784,16.3711,1.40225,97,0.179932,-6.71951,2.39794,-3.68009,-3.85763,0.805109,2.19112,10.0006,1.40713,97,0.0890204,0.142281,0.283112,0.368324,0.793737,0.215791,1.33501,6.42114,0.105579,0,0.31404,NBA,2,Omicron,3,Boosted,0,G_NBA,G_0
690_1,-6.58099,2.63994,-3.66073,-5.03571,1.10009,2.09134,12.5953,1.4425,97,0.166608,-6.56258,2.61156,-3.55954,-5.22283,1.17342,2.35728,16.3874,1.44721,97,0.141711,-6.62193,2.6405,-3.66608,-5.00225,1.17284,2.09231,9.66286,1.42874,97,0.0793171,0.143305,0.198645,0.336224,0.719657,0.178225,1.3748,7.91889,0.107021,0,0.169818,NBA,2,Delta,2,Second dose,0,G_NBA,G_0
1726_1,-6.62819,2.53935,-3.67507,-5.0833,0.573209,3.01919,10.7892,1.43037,97,0.147481,-6.61247,2.50355,-3.63668,-5.07733,0.56888,2.60266,10.3578,1.4544,97,0.231701,-6.61214,2.45137,-3.67945,-4.95585,0.51429,2.25023,10.1357,1.42524,97,0.089018,0.148594,0.186421,0.281371,0.708594,0.201909,1.32415,2.36379,0.0953178,0,0.354827,NBA,2,Omicron,3,Boosted,0,G_NBA,G_0
2809_2,-6.73682,2.31374,-3.8204,-2.7453,0.537677,2.34694,7.00021,1.40897,97,0.187826,-6.74082,2.45115,-3.77276,-2.77089,0.728637,2.92066,9.44084,1.39822,97,0.166072,-6.77162,2.35326,-3.74583,-2.88009,0.646319,2.29741,6.53763,1.38821,97,0.0825045,0.141344,0.275891,0.317833,0.525209,0.291449,2.47288,4.87782,0.0986449,0,0.181658,NBA,1,Omicron,2,Second dose,0,G_NBA,G_0
2313_1,-6.6171,2.84768,-3.71832,-4.83798,2.69805,2.13913,11.0977,1.45844,97,0.180516,-6.60212,2.80751,-3.63425,-4.79666,2.5523,2.56267,11.0827,1.4719,97,0.130743,-6.64606,2.80003,-3.68446,-4.42005,2.51823,2.17925,10.14,1.43314,97,0.0790711,0.159468,0.22588,0.309275,0.978827,0.439985,2.31356,5.03555,0.102925,0,0.208531,NBA,1,Omicron,3,Boosted,0,G_NBA,G_0
2245_1,-6.5741,2.54371,-3.65874,-4.80118,1.10987,2.34696,12.3609,1.43182,97,0.206605,-6.59246,2.59518,-3.57832,-4.90386,1.24084,2.34545,13.9459,1.43096,97,0.163243,-6.66445,2.58718,-3.67164,-4.77333,1.22125,1.99519,9.9763,1.42373,97,0.0747868,0.14183,0.219239,0.270145,0.858782,0.198329,1.44489,6.02005,0.106811,0,0.229994,NBA,2,Omicron,3,Boosted,0,G_NBA,G_0
748_2,-6.65497,2.7371,-3.69362,-3.56846,1.61916,2.82063,9.51523,1.44196,97,0.125038,-6.65175,2.76966,-3.76077,-3.85576,1.77538,3.0109,8.61671,1.44635,97,0.209605,-6.66766,2.75682,-3.68934,-3.56783,1.65345,2.01617,9.8945,1.42901,97,0.0858294,0.157495,0.240856,0.319391,1.14628,0.710451,2.933,4.84253,0.120646,0,0.264017,NBA,1,Omicron,3,Boosted,0,G_NBA,G_0
1392_1,-6.59319,2.68805,-3.63262,-4.49934,1.1187,2.08352,13.0123,1.42791,97,0.219441,-6.62197,2.73686,-3.6086,-4.28515,1.09743,2.26307,12.6983,1.44069,97,0.143702,-6.63235,2.65539,-3.6791,-4.19048,1.03391,1.85392,9.93221,1.43297,97,0.0803628,0.159898,0.228663,0.325517,0.928361,0.362702,1.81754,5.7026,0.102356,0,0.174031,NBA,2,Omicron,3,Boosted,0,G_NBA,G_0
402_1,-6.6616,2.39415,-3.67449,-4.56324,0.780609,2.75745,9.90581,1.42361,97,0.13706,-6.64883,2.34931,-3.69203,-4.86043,0.852454,2.13155,11.3123,1.41393,97,0.229671,-6.6997,2.38145,-3.724,-4.29511,0.773174,1.75138,8.78979,1.40738,97,0.0731848,0.180647,0.206901,0.334369,1.2216,0.340926,1.93737,5.50135,0.109627,0,0.34416,NBA,2,Delta,2,Second dose,0,G_NBA,G_0
2022_1,-6.86966,1.58085,-3.55089,-4.91805,0.415918,2.00281,13.2616,1.4517,97,0.192181,-6.95144,1.67919,-3.63513,-5.3273,0.58182,2.24099,10.3793,1.44329,97,0.16897,-6.92856,1.65263,-3.70477,-4.86771,0.486491,1.96033,9.18482,1.42251,97,0.0842673,0.140662,0.145427,0.320207,0.90491,0.294888,1.31977,5.32751,0.118379,0,0.24037,NBA,2,Omicron,3,Boosted,0,G_NBA,G_0
797_1,-6.68271,2.56197,-3.67754,-4.49444,0.859049,3.81098,6.58777,1.41792,97,0.192579,-6.61606,2.50134,-3.76758,-4.80849,0.905945,3.25902,7.15141,1.40729,97,0.179371,-6.67087,2.46859,-3.7756,-4.55807,0.819385,3.02387,6.25108,1.42738,97,0.0884353,0.162714,0.274948,0.2916,1.06524,0.385857,1.81327,4.66355,0.11417,0,0.237012,NBA,2,Omicron,2,Second dose,0,G_NBA,G_0
2267_2,-6.67803,2.58804,-3.59152,-3.93272,1.27649,2.23628,13.7945,1.4195,97,0.0972074,-6.71866,2.52741,-3.70287,-4.30809,1.3343,2.4176,13.1071,1.43979,97,0.196045,-6.72509,2.49065,-3.68049,-4.25373,1.33295,2.08537,9.51489,1.41197,97,0.0856743,0.181862,0.192811,0.352871,0.577443,0.234708,1.48337,5.57307,0.0988994,0,0.318584,NBA,1,Omicron,2,Second dose,0,G_NBA,G_0
3041_1,-6.80473,2.23422,-3.88962,-4.49563,1.10788,3.44618,5.49565,1.36324,97,0.18485,-6.74563,2.12869,-3.79173,-4.3213,0.751594,4.27615,4.60371,1.37312,97,0.180062,-6.78148,2.13025,-3.84997,-4.2159,0.611248,3.94373,4.22595,1.38866,97,0.0803795,0.134806,0.189594,0.319046,0.680113,0.495043,2.1068,1.90331,0.107049,0,0.342734,NBA,1,Omicron,2,Second dose,0,G_NBA,G_0
701_1,-6.66047,2.24979,-3.62221,-4.99978,0.534146,2.55705,13.6247,1.41188,97,0.217828,-6.66485,2.17174,-3.5779,-5.15765,0.565312,2.171,13.739,1.42237,97,0.202874,-6.73882,2.12307,-3.66663,-5.08695,0.538619,1.91703,10.9304,1.41465,97,0.0740791,0.143205,0.280125,0.309932,0.881978,0.189909,1.22556,5.44404,0.109536,0,0.362012,NBA,2,Omicron,3,Boosted,0,G_NBA,G_0
2190_1,-6.75325,2.17773,-3.69244,-5.01318,1.07401,2.32593,10.6624,1.3929,97,0.253369,-6.75359,2.16781,-3.70582,-5.12841,1.07,2.29387,10.4685,1.40328,97,0.143569,-6.78058,2.18844,-3.68172,-4.63944,0.889118,1.92894,9.97209,1.38572,97,0.0870028,0.153278,0.201973,0.332773,0.695799,0.561573,1.41035,5.99247,0.0944849,0,0.169299,NBA,2,Omicron,3,Boosted,0,G_NBA,G_0
2911_1,-6.68088,2.31872,-3.78902,-5.85625,1.55931,2.86629,8.81458,1.43239,97,0.169444,-6.65193,2.40097,-3.70158,-5.72198,1.62412,2.40605,8.94112,1.41117,97,0.130151,-6.68408,2.50568,-3.73801,-5.04767,1.52163,2.09124,7.7502,1.4104,97,0.0903389,0.169746,0.254444,0.356638,1.1405,0.677275,1.81019,5.03334,0.100402,0,0.13375,NBA,3,Omicron,3,Boosted,0,G_NBA,G_0
2724_1,-6.72653,2.27829,-3.55506,-5.31835,0.931747,2.22964,17.3251,1.39735,97,0.098644,-6.73092,2.27705,-3.57758,-5.39605,0.981521,1.87475,15.8125,1.41413,97,0.147908,-6.72968,2.24933,-3.66591,-5.18398,0.961339,1.79364,11.0374,1.38527,97,0.0795946,0.15862,0.18382,0.334503,0.725576,0.193402,1.16312,5.60513,0.0989705,0,0.214039,NBA,1,Omicron,2,Second dose,0,G_NBA,G_0
367_1,-6.64209,2.24544,-3.64109,-5.25813,0.712063,2.19628,13.5207,1.40593,97,0.228072,-6.63204,2.20302,-3.56189,-5.37984,0.766365,2.04441,14.8732,1.36369,97,0.184513,-6.70281,2.27963,-3.68438,-5.07042,0.740571,1.63961,10.1129,1.39381,97,0.0820781,0.169846,0.186262,0.361923,0.757817,0.179596,1.45952,5.24099,0.0881463,0,0.374231,NBA,3,Omicron,3,Boosted,0,G_NBA,G_0
2103_1,-6.57492,2.72706,-3.61512,-4.92115,0.574247,2.25328,15.8508,1.42563,97,0.178654,-6.55227,2.71711,-3.59609,-4.74842,0.556566,2.05681,15.5432,1.4439,97,0.176344,-6.53582,2.60818,-3.64885,-5.05466,0.591282,1.79601,11.899,1.43137,97,0.0784973,0.160312,0.229411,0.321285,0.710851,0.142523,1.30097,4.4467,0.100821,0,0.208945,NBA,1,Delta,2,Second dose,0,G_NBA,G_0
126_1,-6.57063,2.29025,-3.60133,-5.2982,0.306847,1.78516,15.8909,1.42233,97,0.117531,-6.60541,2.34888,-3.60949,-5.29644,0.327031,2.66647,16.4131,1.43372,97,0.189948,-6.63171,2.34519,-3.62944,-5.2116,0.31635,2.26487,12.9588,1.43644,97,0.073578,0.171128,0.192066,0.336075,0.514684,0.0712848,1.98738,4.44108,0.110031,0,0.404793,NBA,3,Omicron,3,Boosted,0,G_NBA,G_0
1021_1,-6.65598,2.3943,-3.74786,-5.01855,0.624391,4.07206,6.08791,1.44126,97,0.196134,-6.62876,2.36919,-3.82119,-4.96427,0.602348,3.96015,5.92479,1.45584,97,0.0970153,-6.6468,2.38156,-3.77812,-4.69203,0.513325,3.88633,6.00442,1.42079,97,0.0783446,0.166996,0.213079,0.307315,0.82428,0.286936,1.95056,0.544155,0.112342,0,0.1043,NBA,1,Omicron,0,Unvaccinated,0,G_NBA,G_0
1779_2,-6.68718,2.2508,-3.63122,-5.35225,0.857953,2.46918,11.3472,1.42835,97,0.132399,-6.65919,2.23778,-3.65422,-5.24604,0.827752,2.67931,12.555,1.40928,97,0.17681,-6.72791,2.23855,-3.67958,-5.08007,0.710679,2.10339,10.007,1.41931,97,0.0921774,0.147867,0.222505,0.335291,0.926681,0.46702,2.07796,7.13501,0.104397,0,0.229517,NBA,1,Omicron,3,Boosted,0,G_NBA,G_0
135_1,-6.73643,2.30838,-3.78042,-4.63581,1.01134,1.99663,8.4914,1.43506,97,0.24788,-6.70744,2.28143,-3.81603,-4.56467,0.85782,2.62242,7.09461,1.4309,97,0.143382,-6.72853,2.26565,-3.81742,-4.33012,0.581886,1.81723,5.03796,1.40847,97,0.0891856,0.166475,0.230249,0.308322,1.16936,0.593303,1.85466,3.251,0.109182,0,0.163,NBA,2,Omicron,3,Boosted,0,G_NBA,G_0
716_2,-6.71672,2.4281,-3.73278,-4.84605,1.48562,3.24841,6.7992,1.43424,97,0.190718,-6.73224,2.49852,-3.69608,-4.80724,1.5117,2.82794,7.69561,1.39098,97,0.16516,-6.71092,2.41313,-3.82188,-4.70028,1.28523,2.57456,4.49658,1.4151,97,0.0715712,0.159983,0.207075,0.337348,1.08168,0.80075,2.16852,6.32864,0.103716,0,0.265023,NBA,1,Omicron,2,Second dose,0,G_NBA,G_0
2512_1,-6.72372,2.17709,-3.62897,-6.161,0.59707,2.05847,14.9623,1.38547,97,0.184979,-6.73481,2.17723,-3.54925,-6.03199,0.597689,2.25849,15.9508,1.38739,97,0.24417,-6.75066,2.18997,-3.62446,-6.07077,0.679808,1.94047,12.7376,1.39446,97,0.0904078,0.169378,0.173222,0.307179,0.604791,0.153674,1.63011,7.44064,0.111123,0,0.469356,NBA,2,Delta,2,Second dose,0,G_NBA,G_0
2512_2,-6.58466,2.61812,-3.79978,-3.61073,0.690263,3.85661,5.7344,1.44942,97,0.164039,-6.5919,2.64003,-3.80749,-3.62452,0.674067,3.48245,5.18577,1.44938,97,0.16498,-6.64066,2.60737,-3.81073,-3.82239,0.741588,3.6848,5.48647,1.43363,97,0.0867176,0.153303,0.226621,0.326792,0.514565,0.256299,1.78879,0.735099,0.0982856,0,0.293546,NBA,2,Omicron,2,Second dose,0,G_NBA,G_0
270_1,-6.69076,2.41878,-3.7682,-4.82706,1.09631,2.81984,7.78444,1.43205,97,0.210549,-6.68132,2.364,-3.74056,-4.86274,1.04297,2.81599,7.70992,1.42578,97,0.220377,-6.71775,2.38307,-3.76085,-4.4608,0.910953,2.39689,6.9755,1.41083,97,0.0864715,0.182884,0.19333,0.352194,1.188,0.52408,1.56178,4.54677,0.0879933,0,0.361164,NBA,2,Omicron,3,Boosted,0,G_NBA,G_0
995_1,-6.70104,2.14355,-3.66859,-4.97291,0.400118,2.42024,13.1658,1.43065,97,0.204197,-6.67121,2.1143,-3.5742,-5.04983,0.407764,2.25786,12.7365,1.39578,97,0.220131,-6.67852,2.18682,-3.69748,-4.71554,0.330574,1.8637,8.98719,1.3956,97,0.0916373,0.152186,0.242523,0.368352,0.681015,0.155349,2.36871,5.08746,0.0925391,0,0.329431,NBA,2,Omicron,3,Boosted,0,G_NBA,G_0
28_1,-6.6165,2.63788,-3.56679,-4.09062,0.878828,2.43796,13.8076,1.46858,97,0.136922,-6.55459,2.53268,-3.62688,-4.15589,0.842037,1.91914,12.9748,1.43651,97,0.172629,-6.64483,2.60113,-3.65737,-4.02936,0.822581,1.67106,9.51274,1.43069,97,0.0892225,0.135947,0.223023,0.307577,0.716286,0.218274,1.1611,5.73577,0.103642,0,0.247247,NBA,2,Omicron,3,Boosted,0,G_NBA,G_0
1596_1,-6.58516,2.40897,-3.63865,-4.68182,0.373431,2.66078,16.6662,1.45287,97,0.187503,-6.5837,2.42383,-3.59638,-4.56312,0.346201,1.92199,15.5289,1.43565,97,0.168583,-6.61622,2.4163,-3.6403,-4.59987,0.359721,1.75971,11.5914,1.42875,97,0.0881289,0.167851,0.218636,0.333765,0.660421,0.114832,1.22204,5.38722,0.10791,0,0.275221,NBA,2,Omicron,3,Boosted,0,G_NBA,G_0
1924_1,-6.64071,2.64901,-3.64468,-3.54416,0.605398,1.53023,9.99016,1.43659,97,0.207434,-6.62088,2.58787,-3.72884,-3.84774,0.703727,1.97253,11.281,1.42373,97,0.184775,-6.63678,2.58285,-3.64667,-3.77229,0.672774,1.53719,10.0927,1.43386,97,0.0844914,0.169406,0.237894,0.269336,0.480116,0.179876,1.83473,3.56651,0.104703,0,0.315222,NBA,3,Omicron,3,Boosted,0,G_NBA,G_0
385_1,-6.65154,2.44027,-3.59544,-5.12023,0.497129,1.95311,13.1451,1.42088,97,0.117471,-6.64459,2.43296,-3.59151,-5.25004,0.467477,1.70107,12.2996,1.43248,97,0.187986,-6.62853,2.40721,-3.6223,-5.19343,0.499826,1.23733,12.1169,1.42269,97,0.0843487,0.14406,0.185514,0.312331,0.809899,0.157409,1.29478,2.54677,0.112099,0,0.276494,NBA,3,Omicron,2,Second dose,0,G_NBA,G_0
1296_2,-6.7155,2.6097,-3.72419,-2.42685,0.73142,2.33692,8.67918,1.45533,97,0.174414,-6.72029,2.59849,-3.75926,-2.48528,0.713728,2.77008,8.24966,1.40807,97,0.154376,-6.72347,2.53537,-3.77395,-2.51319,0.661925,2.36526,6.695,1.4254,97,0.076191,0.196269,0.264768,0.276735,0.558776,0.25257,1.96035,3.13014,0.106569,0,0.1989,NBA,2,Omicron,3,Boosted,0,G_NBA,G_0
98_1,-6.68441,2.33622,-3.64868,-5.8628,0.533747,1.93127,12.8757,1.40266,97,0.224974,-6.67423,2.31974,-3.75488,-5.93029,0.541964,1.93729,11.5172,1.37662,97,0.198348,-6.66661,2.30945,-3.68258,-5.69067,0.517564,1.60786,9.50287,1.39441,97,0.0897743,0.147081,0.170118,0.331453,0.662847,0.132564,1.36821,4.34787,0.103637,0,0.413548,NBA,2,Omicron,3,Boosted,0,G_NBA,G_0
2232_2,-6.72742,2.3382,-3.69741,-2.37976,0.241368,2.65137,9.21546,1.39143,97,0.231097,-6.73543,2.09431,-3.67759,-2.87204,0.227431,2.6537,9.12598,1.40028,97,0.187542,-6.75742,2.12775,-3.69737,-2.84899,0.233006,2.43389,8.979,1.39878,97,0.0895218,0.172838,0.209636,0.323135,0.415251,0.0729928,1.4718,0.829462,0.0948229,0,0.285067,NBA,1,Omicron,3,Boosted,0,G_NBA,G_0
3018_2,-6.65165,2.58628,-3.62844,-3.8621,0.611225,2.39264,14.2479,1.43238,97,0.165577,-6.62677,2.50048,-3.56863,-4.18319,0.646928,2.64264,14.4191,1.42181,97,0.147131,-6.66341,2.46379,-3.68199,-4.27285,0.688566,2.40722,10.0506,1.42293,97,0.0787532,0.158,0.236984,0.316969,0.841936,0.217841,1.80823,5.30121,0.0989706,0,0.185017,NBA,2,Omicron,3,Boosted,0,G_NBA,G_0
2382_1,-6.71527,2.19344,-3.71832,-4.86847,1.02178,2.61286,10.1862,1.41502,97,0.167912,-6.73812,2.26709,-3.63815,-4.45587,0.875207,2.17719,9.93233,1.39917,97,0.183609,-6.77749,2.3011,-3.73925,-4.44903,0.948222,2.31029,8.93521,1.37853,97,0.0882416,0.151361,0.186603,0.287638,0.741866,0.323996,1.61164,4.78989,0.108662,0,0.682727,NBA,2,Omicron,2,Second dose,0,G_NBA,G_0
837_1,-6.71698,2.19863,-3.60343,-5.91733,0.649847,2.31283,14.5597,1.37996,97,0.188746,-6.74806,2.19989,-3.54946,-5.7806,0.711839,2.41956,15.4084,1.39108,97,0.157282,-6.71402,2.19795,-3.6667,-5.74144,0.700903,1.94656,10.5671,1.39536,97,0.0784164,0.148878,0.177315,0.296554,0.65862,0.158446,2.01729,6.91592,0.118834,0,0.236551,NBA,3,Omicron,3,Boosted,0,G_NBA,G_0
2956_1,-6.66182,2.47639,-3.66093,-4.0403,0.65182,2.29458,13.9147,1.39494,97,0.187172,-6.65652,2.48833,-3.52839,-4.05767,0.690556,2.30872,15.6895,1.37054,97,0.177521,-6.66283,2.4594,-3.67117,-4.03707,0.65822,1.91465,10.1574,1.38979,97,0.0786477,0.152997,0.183689,0.308329,0.593348,0.195603,1.54853,6.36693,0.0925867,0,0.296768,NBA,2,Omicron,3,Boosted,0,G_NBA,G_0
2792_1,-6.71152,2.16886,-3.63893,-4.90981,0.538235,1.99678,14.5644,1.43935,97,0.188014,-6.70887,2.17481,-3.61643,-5.13715,0.623497,2.04758,14.2436,1.42341,97,0.241467,-6.73118,2.16804,-3.66461,-4.98285,0.598854,1.76045,10.9234,1.41549,97,0.0880123,0.164679,0.217695,0.308089,0.797535,0.181681,1.34426,4.29197,0.0995432,0,0.690962,NBA,3,Omicron,3,Boosted,0,G_NBA,G_0
213_1,-6.64747,2.42191,-3.6352,-4.62932,0.757937,2.26038,14.2147,1.43411,97,0.132859,-6.63618,2.47943,-3.5821,-4.43306,0.731623,2.55311,14.801,1.39584,97,0.145498,-6.68178,2.41506,-3.66295,-4.44569,0.707717,2.1724,11.0001,1.42014,97,0.0824154,0.203268,0.23552,0.31674,0.573932,0.187012,1.7018,4.55724,0.106978,0,0.195472,NBA,2,Omicron,3,Boosted,0,G_NBA,G_0
1438_1,-6.8465,2.01362,-3.7119,-4.41075,0.499719,1.96513,10.7033,1.3984,97,0.165342,-6.7443,1.9128,-3.70779,-4.84461,0.591082,2.41875,11.4887,1.40393,97,0.143447,-6.83876,1.89597,-3.68306,-4.6522,0.491823,2.06319,10.1708,1.42566,97,0.0758214,0.167103,0.236013,0.345361,1.12724,0.44692,1.79188,4.87718,0.0993468,0,0.23884,NBA,2,Omicron,3,Boosted,0,G_NBA,G_0
3026_1,-6.71746,2.34006,-3.75241,-5.34892,1.30495,3.16637,8.76335,1.40968,97,0.170137,-6.71896,2.34236,-3.78273,-5.42425,1.30761,3.15757,8.9076,1.41353,97,0.185404,-6.75028,2.30932,-3.75943,-5.09265,1.24296,2.86621,6.86656,1.40738,97,0.0859489,0.184116,0.189113,0.309183,1.14299,0.420272,2.14981,4.74326,0.087481,0,0.41887,NBA,1,Omicron,3,Boosted,0,G_NBA,G_0
47_1,-6.67583,2.43292,-3.71269,-4.88917,0.837237,2.0766,8.10034,1.41866,97,0.154921,-6.67296,2.37771,-3.76426,-4.94613,0.849877,2.18777,7.75269,1.40674,97,0.242747,-6.67232,2.38002,-3.7909,-4.72279,0.701387,1.74095,6.00327,1.41963,97,0.0808589,0.151549,0.191932,0.2865,0.91475,0.40753,0.971444,3.14003,0.100964,0,0.318589,NBA,1,Omicron,3,Boosted,0,G_NBA,G_0
909_1,-6.64124,2.36599,-3.75169,-5.25361,0.844377,2.75549,6.69999,1.4242,97,0.232666,-6.6797,2.39229,-3.75414,-4.97033,0.760427,2.56593,6.31573,1.43621,97,0.162169,-6.67033,2.37731,-3.76495,-4.85444,0.706464,2.28531,6.33065,1.4166,97,0.0841573,0.166645,0.229801,0.360729,0.803932,0.297029,1.64368,1.67102,0.10172,0,0.197699,NBA,2,Omicron,3,Boosted,0,G_NBA,G_0
564_1,-6.63069,2.59667,-3.7948,-4.79248,1.42272,1.75247,9.7097,1.4062,97,0.162623,-6.65575,2.62267,-3.71218,-4.53413,1.31332,2.52979,10.1511,1.4489,97,0.157353,-6.68448,2.59026,-3.73131,-4.10772,1.21868,2.28611,7.85761,1.42663,97,0.0651271,0.148679,0.25352,0.321235,1.29939,0.468718,1.84507,5.45222,0.119968,0,0.240954,NBA,2,Omicron,3,Boosted,0,G_NBA,G_0
330_2,-6.6941,2.44752,-3.63603,-2.77535,0.537937,2.15756,12.2211,1.40544,97,0.177556,-6.69713,2.48313,-3.61657,-3.04834,0.730086,2.29121,12.9585,1.43899,97,0.188772,-6.70943,2.52042,-3.68683,-2.95795,0.712767,1.96572,10.0639,1.41689,97,0.0814423,0.162438,0.312988,0.321971,0.636133,0.276489,1.64429,5.59747,0.0998154,0,0.228324,NBA,2,Omicron,3,Boosted,0,G_NBA,G_0
1747_1,-6.67933,2.2728,-3.66017,-5.1055,0.595181,2.23704,14.4819,1.40214,97,0.211559,-6.69252,2.2297,-3.67081,-5.31657,0.588238,2.17714,12.8738,1.41646,97,0.241722,-6.70911,2.22236,-3.69089,-5.21214,0.595048,1.97882,9.22022,1.4117,97,0.0751873,0.155791,0.183441,0.259729,0.877476,0.175864,1.36717,4.53426,0.109338,0,0.408306,NBA,2,Omicron,3,Boosted,0,G_NBA,G_0
190_1,-6.65553,2.4465,-3.6852,-5.2003,0.989097,2.28744,10.2593,1.41616,97,0.162268,-6.61891,2.43612,-3.65605,-5.48939,1.03014,2.48613,10.4589,1.40639,97,0.160613,-6.67914,2.41738,-3.69487,-5.14773,1.0034,2.2276,9.28145,1.41218,97,0.0837156,0.16,0.222387,0.314306,1.00186,0.22293,1.30909,3.35325,0.114281,0,0.236395,NBA,2,Omicron,3,Boosted,0,G_NBA,G_0
471_2,-6.76328,2.08289,-3.69963,-5.25051,1.24545,2.69919,7.22641,1.40507,97,0.200251,-6.78027,2.11783,-3.72804,-4.91612,1.04742,2.97045,7.09815,1.37355,97,0.164253,-6.81029,2.08908,-3.7689,-4.76169,0.925057,3.09526,6.55198,1.39106,97,0.0986842,0.139324,0.157278,0.298942,0.96965,0.505912,2.66053,2.54961,0.105705,0,0.216926,NBA,2,Omicron,2,Second dose,0,G_NBA,G_0
513_1,-6.65518,2.36879,-3.67838,-5.0198,0.702777,1.87209,10.7307,1.41434,97,0.156653,-6.64704,2.33851,-3.62309,-5.13948,0.742946,2.17138,11.2415,1.41719,97,0.144253,-6.67979,2.38764,-3.684,-4.9661,0.803789,2.15422,9.96805,1.42261,97,0.0802029,0.148915,0.220836,0.288407,0.996316,0.254127,1.50485,4.69312,0.104984,0,0.229872,NBA,1,Omicron,3,Boosted,0,G_NBA,G_0
2934_1,-6.65271,2.34026,-3.66417,-5.23988,0.47364,1.88545,10.7816,1.43492,97,0.296855,-6.61479,2.29825,-3.68179,-5.03425,0.404949,1.85186,10.7744,1.43892,97,0.1788,-6.64723,2.32929,-3.67258,-4.90353,0.405385,1.63387,10.42,1.41755,97,0.0942747,0.138213,0.158243,0.304512,0.715803,0.131995,0.856712,1.22627,0.111171,0,0.240789,NBA,3,Omicron,3,Boosted,0,G_NBA,G_0
912_2,-6.59406,2.8159,-3.74446,-5.02234,2.34444,2.12248,10.3249,1.45154,97,0.175575,-6.54171,2.72078,-3.67783,-5.25955,2.32193,2.68113,11.3736,1.44077,97,0.204582,-6.62803,2.77531,-3.69399,-4.80995,2.3435,2.00556,10.0067,1.43521,97,0.0816016,0.150552,0.210514,0.303938,0.952657,0.484421,1.88964,6.66736,0.112802,0,0.295553,NBA,1,Omicron,3,Boosted,0,G_NBA,G_0
3045_1,-6.78872,1.94522,-3.55056,-4.63608,0.648524,2.27479,14.0255,1.42766,97,0.171935,-6.81775,1.98565,-3.52897,-4.57499,0.616079,2.73554,13.7547,1.40205,97,0.166464,-6.83746,1.97918,-3.67979,-4.52195,0.621168,2.12589,10.0781,1.40078,97,0.0797281,0.14988,0.185718,0.338919,0.605946,0.220036,2.49162,5.26149,0.106809,0,0.262746,NBA,2,Omicron,3,Boosted,0,G_NBA,G_0
2526_1,-6.7357,2.2062,-3.71827,-3.72707,0.479254,1.74512,7.21412,1.40396,97,0.190465,-6.77041,2.25718,-3.72932,-3.68817,0.526677,2.0749,7.70243,1.43157,97,0.125727,-6.76097,2.18377,-3.74564,-3.68825,0.423005,1.7783,6.97505,1.3972,97,0.0951837,0.155199,0.198547,0.322938,0.407234,0.165857,1.37984,1.94086,0.111258,0,0.148674,NBA,2,Omicron,-1,No record,0,G_NBA,G_0
474_1,-6.80591,1.93699,-3.78477,-6.59018,1.17094,1.67413,8.57319,1.40354,97,0.275228,-6.80316,1.98026,-3.67578,-6.68788,1.43724,1.71947,12.0345,1.41121,97,0.175194,-6.83056,2.01708,-3.67517,-6.27539,1.53896,1.47308,10.0061,1.40201,97,0.123158,0.162731,0.189234,0.396744,0.993376,0.540838,1.16191,6.305,0.11742,0,0.213097,NBA,2,Delta,3,Boosted,0,G_NBA,G_0
2588_1,-6.60933,2.69126,-3.85984,-4.03853,0.63068,3.29546,8.30336,1.42298,97,0.15244,-6.59369,2.58961,-3.73624,-4.39555,0.708387,3.2582,8.67964,1.43194,97,0.186346,-6.61872,2.56789,-3.72099,-4.26532,0.666753,2.9897,8.4482,1.42861,97,0.0968133,0.162496,0.244846,0.280519,0.63756,0.241526,1.8725,1.77663,0.110435,0,0.227815,NBA,2,Omicron,3,Boosted,0,G_NBA,G_0
2705_2,-6.7052,2.2502,-3.65313,-2.88483,0.272445,2.34852,12.4332,1.4225,97,0.148481,-6.70156,2.42393,-3.63775,-2.52758,0.274816,2.51894,13.9014,1.44681,97,0.173646,-6.72284,2.25425,-3.67919,-2.84181,0.265766,1.96263,10.033,1.41211,97,0.0863624,0.17824,0.300562,0.267864,0.671115,0.103315,1.57699,5.22269,0.111019,0,0.189138,NBA,1,Omicron,3,Boosted,0,G_NBA,G_0
2729_1,-6.6233,2.79136,-3.74103,-5.22892,2.30942,2.92958,9.91042,1.45903,97,0.132005,-6.58647,2.80784,-3.76195,-4.98062,2.12854,2.7409,9.31231,1.45164,97,0.125922,-6.62093,2.78011,-3.69717,-4.86136,2.29051,2.00467,9.95129,1.43425,97,0.0802985,0.177127,0.260211,0.328383,1.09274,0.48809,2.05032,4.76285,0.117388,0,0.144183,NBA,1,Omicron,2,Second dose,0,G_NBA,G_0
2196_2,-6.65667,2.29359,-3.77674,-5.62314,1.73235,3.1281,7.79709,1.39233,97,0.128314,-6.65902,2.24732,-3.78255,-5.87043,1.86216,3.08035,6.4494,1.41454,97,0.122578,-6.75798,2.33267,-3.84159,-4.96857,1.45033,3.8499,4.60984,1.40254,97,0.110824,0.165289,0.200241,0.330754,1.11759,0.73226,1.89135,3.87805,0.115504,0,0.151461,NBA,1,Omicron,3,Boosted,0,G_NBA,G_0
609_2,-6.73193,2.44494,-3.66711,-3.65403,0.97863,2.3088,15.5095,1.42226,97,0.15936,-6.81331,2.49782,-3.63005,-3.68304,1.02129,2.73236,13.642,1.40181,97,0.175433,-6.77199,2.333,-3.66555,-3.90505,1.00394,2.08798,10.2558,1.3992,97,0.081725,0.146101,0.217719,0.296354,0.546143,0.189805,2.15568,3.54718,0.0943504,0,0.279175,NBA,1,Omicron,2,Second dose,0,G_NBA,G_0
68_2,-6.71673,2.30872,-3.58202,-2.28289,0.273626,2.32557,14.9586,1.39111,97,0.179413,-6.72633,2.3072,-3.58894,-2.45881,0.316421,2.34747,15.2605,1.39074,97,0.182628,-6.77107,2.20682,-3.67919,-2.72239,0.335123,2.02161,10.0468,1.39737,97,0.0842031,0.134895,0.25792,0.332731,0.581278,0.148932,1.63119,5.48931,0.110895,0,0.227676,NBA,1,Omicron,3,Boosted,0,G_NBA,G_0
2520_1,-6.64695,2.43408,-3.71901,-5.48891,0.842149,2.29209,13.4571,1.4262,97,0.166194,-6.68358,2.49529,-3.63475,-5.25098,0.838609,2.32361,12.3135,1.42447,97,0.148467,-6.66358,2.43429,-3.67112,-5.34483,0.888784,2.09221,10.2106,1.41839,97,0.0835923,0.13713,0.208401,0.307594,0.753777,0.202396,1.68133,4.65791,0.124479,0,0.197088,NBA,1,Omicron,3,Boosted,0,G_NBA,G_0
1580_1,-6.66469,2.14615,-3.67189,-5.80466,0.709981,2.27754,10.4963,1.39068,97,0.153793,-6.66189,2.16147,-3.74265,-5.61274,0.664905,2.87032,10.5037,1.3963,97,0.152197,-6.73186,2.18483,-3.66696,-5.52727,0.701904,2.53264,10.7014,1.40976,97,0.0715802,0.150567,0.184785,0.30676,0.769847,0.184449,1.94237,1.98252,0.0984157,0,0.198372,NBA,2,Omicron,3,Boosted,0,G_NBA,G_0
851_1,-6.74769,2.33281,-3.72479,-3.92598,0.730752,2.21311,11.9873,1.39531,97,0.185921,-6.72085,2.3056,-3.7644,-3.79908,0.673893,2.14799,11.1225,1.39715,97,0.228541,-6.76986,2.33681,-3.6927,-3.83873,0.720346,1.98006,9.57406,1.37969,97,0.0696313,0.13205,0.203918,0.354338,0.51533,0.224402,1.57803,4.4001,0.125999,0,0.378893,NBA,3,Omicron,3,Boosted,0,G_NBA,G_0
2310_1,-6.71468,2.53662,-3.5672,-2.87759,0.631958,1.97643,16.2349,1.39682,97,0.228522,-6.71871,2.3068,-3.49341,-3.34947,0.739022,2.31818,18.2187,1.42547,97,0.212408,-6.75298,2.3164,-3.51829,-3.17402,0.584934,1.71006,15.0089,1.39824,97,0.0844891,0.143729,0.247496,0.336164,1.00891,0.487028,1.51231,7.15823,0.113616,0,0.298556,NBA,3,Delta,2,Second dose,0,G_NBA,G_0
2310_2,-6.67341,2.55776,-3.68208,-3.4038,0.800777,2.46911,11.6634,1.4136,97,0.142054,-6.69487,2.53431,-3.66155,-3.53133,0.860855,2.48033,11.6883,1.44001,97,0.192039,-6.70671,2.4809,-3.68668,-3.48213,0.805831,2.03831,9.98675,1.42035,97,0.0814979,0.159968,0.214203,0.340491,0.540142,0.29574,1.87607,6.53897,0.110097,0,0.316549,NBA,3,Omicron,2,Second dose,0,G_NBA,G_0
50_1,-6.6403,2.35927,-3.72266,-5.8275,0.99266,2.17895,11.979,1.41946,97,0.178491,-6.69536,2.43647,-3.63375,-5.69858,1.05956,2.49332,12.2887,1.42201,97,0.143803,-6.67986,2.40166,-3.6777,-5.52618,1.01597,2.01046,10.0276,1.41223,97,0.0852851,0.193246,0.235321,0.352907,0.813166,0.287415,1.90729,6.13628,0.120613,0,0.210615,NBA,2,Omicron,3,Boosted,0,G_NBA,G_0
1730_1,-6.66338,2.30057,-3.68573,-4.9929,0.815301,3.08737,8.21262,1.40885,97,0.183563,-6.69763,2.35116,-3.82125,-4.93174,0.79027,2.85898,7.40706,1.4042,97,0.229874,-6.6551,2.33106,-3.72332,-4.58399,0.639828,2.67918,7.04662,1.38463,97,0.0814049,0.158529,0.208326,0.2989,1.05658,0.383617,2.02107,2.45448,0.0921147,0,0.365717,NBA,1,Omicron,0,Unvaccinated,0,G_NBA,G_0
2374_1,-6.6933,2.39252,-3.7997,-5.23793,0.921004,2.15971,7.73897,1.40979,97,0.182077,-6.66997,2.28291,-3.76892,-5.70228,1.09643,2.29357,7.37998,1.40908,97,0.175238,-6.69635,2.36708,-3.79007,-5.37405,0.973306,2.04707,5.66979,1.41597,97,0.0764447,0.192343,0.302918,0.335647,0.918819,0.506664,1.308,4.0615,0.104494,0,0.275726,NBA,2,Delta,2,Second dose,0,G_NBA,G_0
21_2,-6.65917,2.4188,-3.60486,-4.3504,0.607416,2.07647,10.2738,1.39811,97,0.176945,-6.61975,2.36288,-3.77495,-4.43522,0.577856,1.69348,9.62109,1.41385,97,0.171682,-6.67905,2.35812,-3.68721,-4.48402,0.574644,1.58042,9.47757,1.414,97,0.0867701,0.157902,0.24582,0.337373,0.618051,0.148117,0.720166,1.92374,0.105093,0,0.246355,NBA,1,Omicron,2,Second dose,0,G_NBA,G_0
1871_1,-6.71375,2.21583,-3.66124,-4.48156,0.800551,2.03198,12.5731,1.39862,97,0.116469,-6.71926,2.24239,-3.63937,-4.39273,0.784992,2.37472,12.2368,1.38111,97,0.19879,-6.75645,2.23991,-3.68164,-4.36886,0.740872,2.03727,10.0527,1.40214,97,0.0944031,0.170793,0.202495,0.282422,0.509486,0.222926,1.41472,3.62893,0.100069,0,0.286409,NBA,2,Delta,2,Second dose,0,G_NBA,G_0
1413_1,-6.75397,2.2062,-3.64592,-5.85646,0.898875,2.53502,13.0355,1.39928,97,0.135208,-6.69014,2.11294,-3.70079,-6.18869,0.874215,1.8102,12.5263,1.41755,97,0.175889,-6.74932,2.16483,-3.68107,-5.99633,1.03771,1.83886,10.0141,1.41086,97,0.0849464,0.153828,0.180546,0.306942,0.86139,0.219088,1.36542,5.41332,0.0965908,0,0.255617,NBA,2,Omicron,3,Boosted,0,G_NBA,G_0
1900_1,-6.6036,2.74402,-3.69487,-4.94332,1.2458,2.38327,11.0212,1.41883,97,0.159363,-6.60967,2.72572,-3.66472,-5.10753,1.33744,2.20559,10.9606,1.44199,97,0.157044,-6.61773,2.66377,-3.68042,-5.12203,1.38684,1.98313,10.041,1.42926,97,0.0853452,0.155046,0.220548,0.310368,0.749888,0.391531,1.59049,6.31218,0.101235,0,0.264177,NBA,2,Delta,2,Second dose,0,G_NBA,G_0
2981_1,-6.84403,1.97655,-3.70847,-6.74935,0.64159,1.88825,10.5,1.4141,97,0.136783,-6.8048,1.9362,-3.71951,-6.76184,0.600574,1.75199,9.2149,1.40513,97,0.140517,-6.84369,1.95175,-3.74842,-6.60354,0.492953,1.57231,7.00303,1.41016,97,0.0903438,0.136764,0.152552,0.369156,0.630186,0.254348,0.855753,3.73257,0.109985,0,0.203459,NBA,2,Omicron,3,Boosted,0,G_NBA,G_0
2822_1,-6.66009,2.34351,-3.74324,-5.78608,1.01554,1.93667,10.2595,1.39757,97,0.208464,-6.64399,2.34066,-3.71118,-5.45693,0.960432,2.28345,10.4761,1.44064,97,0.236574,-6.68628,2.39024,-3.68317,-5.37989,1.04527,2.55436,9.88634,1.41387,97,0.0859177,0.147816,0.212573,0.264663,0.80174,0.246492,2.17634,4.02513,0.11831,0,0.31853,NBA,2,Omicron,3,Boosted,0,G_NBA,G_0
2268_2,-6.73354,2.23126,-3.81258,-3.67118,0.660568,2.60136,6.34477,1.4233,97,0.122183,-6.77479,2.22227,-3.76561,-3.56159,0.552058,3.02453,6.18245,1.41738,97,0.147001,-6.76804,2.21046,-3.78346,-3.51048,0.492189,2.74938,5.99332,1.40393,97,0.0820523,0.152818,0.195797,0.308134,0.488985,0.206462,1.59871,1.09105,0.0876799,0,0.180296,NBA,1,Omicron,2,Second dose,0,G_NBA,G_0
1481_1,-6.72908,2.24669,-3.68267,-5.16089,1.0977,2.21709,10.3239,1.40169,97,0.145251,-6.73772,2.26311,-3.74249,-5.01834,1.0731,2.30374,10.8778,1.39265,97,0.206621,-6.76433,2.23391,-3.68133,-4.8165,0.978236,1.94392,10.0446,1.40487,97,0.0872447,0.142533,0.172057,0.330684,0.775328,0.443732,1.52256,4.87885,0.110092,0,0.363295,NBA,1,Omicron,2,Second dose,0,G_NBA,G_0
2488_1,-6.72727,2.11885,-3.64868,-5.81448,0.346151,2.28977,14.0464,1.41511,97,0.208384,-6.72793,2.0344,-3.61756,-6.21268,0.373203,1.95785,13.2327,1.42028,97,0.130542,-6.72866,2.01627,-3.66312,-6.06938,0.333577,1.64082,10.9127,1.42661,97,0.0773198,0.154026,0.174163,0.295112,0.647053,0.0995434,1.35202,3.40998,0.122052,0,0.193931,NBA,2,Delta,2,Second dose,0,G_NBA,G_0
2488_2,-6.67224,2.08897,-3.60447,-5.75748,0.413249,2.05194,12.8572,1.39803,97,0.16298,-6.71717,2.12436,-3.68678,-5.83041,0.479025,2.37755,13.7443,1.42287,97,0.172133,-6.71113,2.11205,-3.69076,-5.61439,0.459733,1.98085,9.93956,1.4007,97,0.0688337,0.122555,0.142272,0.313089,0.701423,0.154159,1.56941,5.00194,0.10381,0,0.228465,NBA,2,Omicron,3,Boosted,0,G_NBA,G_0
517_2,-6.7609,2.16534,-3.79945,-6.16932,0.869371,2.35621,7.10639,1.40806,97,0.123552,-6.71824,2.1378,-3.72411,-6.31746,0.846593,2.15013,6.75106,1.40621,97,0.174567,-6.7283,2.19482,-3.76435,-5.97048,0.724759,1.7901,6.07003,1.39906,97,0.097662,0.156533,0.209755,0.345069,0.809495,0.319271,1.16627,1.64678,0.104193,0,0.345863,NBA,2,Omicron,2,Second dose,0,G_NBA,G_0
1520_2,-6.68154,2.17714,-3.80152,-5.42427,0.760306,3.32963,5.84559,1.41177,97,0.188534,-6.72446,2.24107,-3.76844,-5.76396,0.968142,3.32399,6.16904,1.39229,97,0.114718,-6.72373,2.26995,-3.78475,-5.16543,0.831558,3.17392,5.91485,1.39822,97,0.0720061,0.146281,0.182955,0.337222,1.07842,0.511475,1.52955,1.69594,0.10009,0,0.126189,NBA,2,Omicron,2,Second dose,0,G_NBA,G_0
2125_1,-6.69008,2.41194,-3.79307,-3.53432,0.617509,2.40864,7.00141,1.42179,97,0.161263,-6.65532,2.47782,-3.7484,-3.16929,0.570553,2.70882,7.13642,1.42057,97,0.144459,-6.70003,2.41733,-3.76255,-3.24777,0.515031,2.40732,6.64455,1.41898,97,0.0859721,0.180577,0.245911,0.257454,0.769561,0.288498,1.49061,2.14439,0.106803,0,0.174408,NBA,3,Omicron,3,Boosted,0,G_NBA,G_0
1040_1,-6.66416,2.46349,-3.67144,-4.46672,0.727593,2.27377,12.4597,1.435,97,0.123912,-6.62954,2.40211,-3.67028,-4.43791,0.687675,2.1842,11.7242,1.44352,97,0.298007,-6.68437,2.3916,-3.69659,-4.47451,0.699071,1.97721,9.00012,1.41433,97,0.0820676,0.164641,0.260601,0.327628,0.750169,0.207964,1.66917,4.08122,0.101211,0,0.64907,NBA,3,Omicron,3,Boosted,0,G_NBA,G_0
520_1,-6.70464,2.22595,-3.79143,-4.08433,0.812298,3.11283,6.93364,1.41178,97,0.169646,-6.72456,2.36688,-3.81754,-3.66248,0.724639,3.3262,6.39521,1.41786,97,0.226616,-6.76247,2.2751,-3.81817,-3.79455,0.625659,2.93856,5.17312,1.40746,97,0.0901338,0.153793,0.240518,0.334599,0.785909,0.400166,2.13227,5.28666,0.111558,0,0.392507,NBA,2,Omicron,3,Boosted,0,G_NBA,G_0
662_1,-6.69711,2.28911,-3.64244,-5.67536,0.512389,2.15232,13.249,1.41118,97,0.192488,-6.64805,2.27434,-3.6271,-5.41364,0.440825,2.16278,13.9761,1.41688,97,0.182396,-6.69807,2.15631,-3.70495,-5.70092,0.474064,1.86074,9.14671,1.40949,97,0.0802098,0.169923,0.253985,0.353515,0.681356,0.121606,1.52,6.03028,0.105017,0,0.204348,NBA,1,Omicron,3,Boosted,0,G_NBA,G_0
167_1,-6.76134,2.25917,-3.58577,-4.64121,0.833298,2.81277,14.7057,1.41348,97,0.173074,-6.76114,2.27492,-3.53941,-4.31433,0.685213,2.31915,13.616,1.38614,97,0.117369,-6.75601,2.22784,-3.6925,-4.36003,0.704584,1.97709,10.0403,1.39899,97,0.0980292,0.127681,0.152781,0.360032,0.702135,0.260327,1.60071,4.7619,0.0909484,0,0.184625,NBA,2,Omicron,3,Boosted,0,G_NBA,G_0
813_1,-6.6986,2.33172,-3.70884,-2.86112,0.326285,3.12761,8.7309,1.43538,97,0.134387,-6.63087,2.26915,-3.72876,-2.90398,0.317094,2.78944,8.10776,1.41111,97,0.187004,-6.71061,2.318,-3.72355,-2.84419,0.301622,2.50348,7.99314,1.41599,97,0.0853318,0.180147,0.241511,0.288498,0.453543,0.12341,1.6101,0.725044,0.124672,0,0.362579,NBA,2,Omicron,3,Boosted,0,G_NBA,G_0
730_1,-6.73899,1.88056,-3.67193,-6.29734,1.00343,3.22924,14.0378,1.39735,97,0.198117,-6.81333,1.97832,-3.56004,-6.16176,1.06471,2.63131,15.6036,1.40223,97,0.198656,-6.82446,1.97353,-3.68214,-5.69781,1.02035,2.21072,10.0301,1.38864,97,0.08782,0.126191,0.141152,0.345877,0.815515,0.307903,1.7206,6.97434,0.098022,0,0.374779,NBA,2,Omicron,3,Boosted,0,G_NBA,G_0
101_1,-6.64711,2.49187,-3.75245,-4.69268,0.922021,2.32415,8.30359,1.4164,97,0.146359,-6.60661,2.45436,-3.77391,-4.83336,0.937431,2.61436,7.35226,1.43734,97,0.153272,-6.67114,2.45793,-3.72155,-4.53482,0.902344,2.42055,7.4614,1.43037,97,0.0957752,0.182215,0.241629,0.311872,0.717066,0.322058,1.97622,2.63982,0.125013,0,0.215944,NBA,2,Omicron,3,Boosted,0,G_NBA,G_0
2629_2,-6.83998,2.00559,-3.7945,-5.16583,0.879623,3.49652,5.88155,1.40032,97,0.304492,-6.78741,1.94461,-3.81377,-5.5561,0.795883,2.64338,5.34307,1.38378,97,0.160134,-6.80996,1.92482,-3.80658,-5.26974,0.690434,2.34799,5.24955,1.40277,97,0.0826402,0.121417,0.148012,0.324974,1.16671,0.395663,1.47815,1.07329,0.105281,0,0.234992,NBA,1,Omicron,2,Second dose,0,G_NBA,G_0
184_1,-6.71449,2.41678,-3.68289,-3.3549,0.428476,2.58307,9.34993,1.41299,97,0.132999,-6.71725,2.49127,-3.65675,-3.17117,0.411842,2.61183,9.22961,1.40345,97,0.146097,-6.72261,2.31932,-3.69612,-3.62229,0.465862,2.96377,9.68501,1.41161,97,0.0841592,0.162941,0.350132,0.343758,0.658918,0.147365,1.52652,0.882913,0.116877,0,0.1736,NBA,1,Omicron,2,Second dose,0,G_NBA,G_0
2684_1,-6.63999,2.56824,-3.85371,-4.59589,1.40287,3.82408,6.07501,1.42073,97,0.160096,-6.64112,2.5073,-3.76044,-4.82741,1.57548,3.28052,8.28007,1.40221,97,0.118989,-6.68568,2.50124,-3.90106,-4.46586,1.29631,2.75406,3.84293,1.42518,97,0.0594556,0.181788,0.234823,0.366098,1.23834,0.945989,2.13729,6.3436,0.100939,0,0.174637,NBA,2,Omicron,3,Boosted,0,G_NBA,G_0
1503_1,-6.72831,2.13069,-3.68868,-5.98131,0.778603,2.23951,10.4158,1.39094,97,0.183425,-6.73153,2.10422,-3.70992,-5.9972,0.734999,2.37559,10.4132,1.4016,97,0.152831,-6.72701,2.12946,-3.71545,-5.72012,0.637105,1.94351,7.72074,1.39015,97,0.0762298,0.148037,0.19033,0.375292,0.833855,0.284392,1.95737,5.55389,0.090625,0,0.219601,NBA,2,Omicron,3,Boosted,0,G_NBA,G_0
647_1,-6.7997,2.28188,-3.70532,-2.59678,0.36103,2.6086,7.47453,1.40312,97,0.142715,-6.71615,2.24047,-3.75941,-2.60496,0.345112,2.39608,7.43069,1.3741,97,0.225911,-6.78161,2.18359,-3.75187,-2.80497,0.348514,2.29358,7.0667,1.39471,97,0.107422,0.131767,0.296387,0.324559,0.609438,0.149628,1.20991,1.30764,0.099709,0,0.443932,NBA,1,Omicron,2,Second dose,0,G_NBA,G_0
2549_2,-6.74525,2.27586,-3.82382,-3.53812,0.611283,4.31552,4.83099,1.39795,97,0.140377,-6.76991,2.22451,-3.77856,-3.58238,0.490616,4.77793,4.65834,1.4041,97,0.111227,-6.76165,2.18418,-3.81429,-3.56223,0.440472,4.63204,4.84084,1.40536,97,0.0866503,0.13019,0.225493,0.338848,0.777453,0.265414,2.82273,0.556157,0.111425,0,0.128426,NBA,2,Omicron,2,Second dose,0,G_NBA,G_0
2986_1,-6.68704,2.24357,-3.60827,-4.99328,0.592703,2.00164,13.9634,1.38649,97,0.171482,-6.69589,2.22381,-3.62092,-5.21043,0.622023,2.24396,12.9537,1.39267,97,0.159143,-6.71537,2.2424,-3.70825,-4.9709,0.619814,2.11433,9.7275,1.39668,97,0.0761555,0.146069,0.169207,0.368971,0.850725,0.212382,1.74845,4.72032,0.103858,0,0.288171,NBA,2,Omicron,3,Boosted,0,G_NBA,G_0
2167_2,-6.72112,2.27924,-3.68831,-5.08356,0.658272,2.44395,10.242,1.42516,97,0.159957,-6.73869,2.30178,-3.67642,-5.23061,0.717039,2.30805,10.9593,1.40677,97,0.199556,-6.71158,2.27101,-3.68894,-5.0791,0.754621,2.1812,9.97119,1.40283,97,0.0867413,0.133783,0.166591,0.282057,0.800858,0.278758,1.43128,4.72891,0.102181,0,0.294273,NBA,2,Omicron,2,Second dose,0,G_NBA,G_0
1771_2,-6.70671,2.23961,-3.64096,-6.17114,1.17305,2.32173,15.1271,1.39824,97,0.128538,-6.72622,2.25796,-3.61802,-6.10129,1.14365,2.32342,13.5076,1.39879,97,0.203994,-6.73109,2.24469,-3.68361,-5.76678,1.13432,2.01021,9.93351,1.39694,97,0.0900718,0.178064,0.198237,0.353625,0.737723,0.205263,1.41866,6.19999,0.104103,0,0.316782,NBA,2,Omicron,3,Boosted,0,G_NBA,G_0
2700_1,-6.79767,1.98487,-3.6971,-5.96439,0.880239,3.0023,7.57579,1.43227,97,0.180947,-6.77283,1.90797,-3.7856,-5.9594,0.727843,2.42059,7.48866,1.43876,97,0.138855,-6.81545,1.90586,-3.74444,-5.57796,0.552548,2.59605,6.96192,1.41136,97,0.076315,0.182571,0.213645,0.318747,0.932225,0.478937,0.884769,3.74806,0.0940583,0,0.164776,NBA,2,Omicron,3,Boosted,0,G_NBA,G_0
2430_2,-6.73294,1.9817,-3.65082,-5.74572,0.978611,2.4086,15.5421,1.40782,97,0.164739,-6.82932,2.06356,-3.56498,-5.3722,0.88544,2.23366,15.3625,1.39591,97,0.129246,-6.80978,2.03007,-3.68977,-5.20093,0.853624,2.06854,10.1374,1.40916,97,0.0821968,0.1337,0.144567,0.323643,0.740302,0.242182,1.68924,7.09267,0.103901,0,0.186512,NBA,1,Omicron,2,Second dose,0,G_NBA,G_0
412_1,-6.6996,2.53072,-3.78273,-3.68364,0.936549,1.9008,6.87151,1.41545,97,0.155465,-6.71159,2.58199,-3.74456,-3.68266,0.925744,2.42516,6.7128,1.41536,97,0.149059,-6.71261,2.45764,-3.81787,-3.76983,0.829803,2.1008,5.25037,1.41437,97,0.0758994,0.151961,0.235466,0.317138,0.632549,0.425608,1.739,3.20951,0.110306,0,0.208432,NBA,1,Omicron,3,Boosted,0,G_NBA,G_0
447_1,-6.65947,2.2664,-3.63097,-4.99834,0.474144,2.64193,14.0682,1.42912,97,0.186003,-6.61931,2.24227,-3.6342,-5.08445,0.522414,2.21816,14.1439,1.40212,97,0.13041,-6.67951,2.27538,-3.67713,-4.84095,0.473798,1.90409,10.0451,1.41186,97,0.0858377,0.162002,0.220435,0.308807,0.855005,0.188967,1.50874,6.57892,0.101427,0,0.134183,NBA,2,Omicron,3,Boosted,0,G_NBA,G_0
868_1,-6.63496,2.56283,-3.73343,-4.67488,1.21375,2.35603,11.535,1.44822,97,0.245997,-6.60479,2.59543,-3.70804,-4.51931,1.16916,2.0036,11.0354,1.42382,97,0.179344,-6.65978,2.5806,-3.72299,-4.29826,1.10068,1.75376,8.54174,1.42162,97,0.0869126,0.175406,0.239727,0.299131,0.982225,0.372099,1.17987,5.33316,0.116469,0,0.21414,NBA,2,Omicron,2,Second dose,0,G_NBA,G_0
158_1,-6.58215,2.41656,-3.63525,-5.61287,0.535244,1.28279,11.3916,1.4531,97,0.208866,-6.5961,2.43137,-3.65087,-5.47151,0.511362,1.19978,11.8288,1.45065,97,0.184871,-6.6034,2.44638,-3.65539,-5.08164,0.411671,1.02882,9.35166,1.42526,97,0.0872263,0.154338,0.185674,0.307542,0.647008,0.157406,0.919735,5.26311,0.111421,0,0.225039,NBA,2,Omicron,3,Boosted,0,G_NBA,G_0
2088_1,-6.63899,2.45329,-3.67613,-5.58627,1.00953,1.91481,11.1726,1.40521,97,0.190795,-6.62151,2.41175,-3.64755,-5.63815,0.983626,2.4248,11.5804,1.41506,97,0.132705,-6.69133,2.39334,-3.72655,-5.4042,0.966923,2.16871,8.92964,1.41577,97,0.074957,0.171686,0.242541,0.324783,0.746205,0.180135,1.49671,4.10236,0.0916356,0,0.166421,NBA,3,Delta,3,Boosted,0,G_NBA,G_0
337_4,-6.67992,2.31027,-3.8733,-4.71348,0.583101,3.95947,6.15653,1.44812,97,0.214753,-6.68936,2.32747,-3.75019,-4.5624,0.540856,4.48574,6.24515,1.467,97,0.138899,-6.68087,2.33233,-3.76802,-4.48507,0.528081,4.6769,6.55267,1.43627,97,0.0826337,0.146433,0.147206,0.343198,0.646187,0.229748,2.58262,0.713846,0.105896,0,0.166528,NBA,1,Omicron,0,Unvaccinated,0,G_NBA,G_0
598_1,-6.62825,2.54953,-3.6145,-4.13149,0.706815,2.28276,13.4964,1.43533,97,0.171832,-6.61213,2.58332,-3.56983,-3.97267,0.67441,2.60528,13.5437,1.42647,97,0.162505,-6.64735,2.54097,-3.6747,-4.02265,0.694204,2.09836,10.2152,1.42809,97,0.0717783,0.163157,0.219299,0.311493,0.735585,0.206038,1.93868,4.631,0.108069,0,0.247965,NBA,2,Omicron,2,Second dose,0,G_NBA,G_0
1373_1,-6.62719,2.54242,-3.67964,-4.76309,0.570838,2.94435,12.283,1.41637,97,0.121196,-6.61049,2.50091,-3.64605,-4.92877,0.605966,2.42369,11.8626,1.44327,97,0.185247,-6.62574,2.4759,-3.65394,-4.81213,0.599015,1.95612,10.9812,1.42264,97,0.0895895,0.155579,0.208108,0.321942,0.589803,0.158457,2.26458,2.77251,0.099383,0,0.257556,NBA,2,Omicron,3,Boosted,0,G_NBA,G_0
1037_1,-6.6208,2.69049,-3.78459,-2.91918,0.669681,2.26881,6.92016,1.4331,97,0.160106,-6.64774,2.67452,-3.69082,-3.10773,0.737138,1.7587,7.22585,1.444,97,0.184768,-6.66026,2.60509,-3.75913,-3.2074,0.724909,1.54094,6.35744,1.42213,97,0.0904197,0.15495,0.215781,0.274914,0.570137,0.268752,1.16344,3.44039,0.107506,0,0.218005,NBA,1,Omicron,3,Boosted,0,G_NBA,G_0
2023_1,-6.89362,1.73996,-3.63742,-6.03509,0.513388,2.11065,14.4994,1.41329,97,0.206621,-6.78772,1.64139,-3.64037,-6.06816,0.572833,2.19172,15.4126,1.41588,97,0.184272,-6.85755,1.68227,-3.64878,-5.64566,0.473739,2.1174,11.7583,1.42374,97,0.0858609,0.11773,0.13424,0.323271,0.857639,0.306079,1.70499,5.69889,0.111834,0,0.29505,NBA,2,Delta,3,Boosted,0,G_NBA,G_0
760_1,-6.76251,2.68564,-3.60042,-2.98778,1.64328,2.80714,10.0852,1.40559,97,0.161509,-6.71638,2.66043,-3.86766,-3.00125,1.46212,2.2963,6.62868,1.3695,97,0.220623,-6.74245,2.60465,-3.82008,-2.85358,1.34341,2.08412,5.58468,1.38722,97,0.0948813,0.160504,0.243951,0.294872,0.650942,0.637371,1.24917,3.8542,0.113632,0,0.457435,NBA,1,Omicron,3,Boosted,0,G_NBA,G_0
2157_1,-6.66841,2.32688,-3.64695,-5.67112,0.472493,2.33266,14.231,1.42094,97,0.165016,-6.62603,2.27223,-3.65812,-5.66549,0.456188,2.25546,13.7677,1.39464,97,0.118713,-6.65253,2.31412,-3.67378,-5.50674,0.449471,1.99847,10.1968,1.41687,97,0.085347,0.127151,0.159452,0.300443,0.62477,0.126884,1.5899,4.06843,0.111992,0,0.154184,NBA,2,Omicron,3,Boosted,0,G_NBA,G_0
354_1,-6.72322,2.12564,-3.49829,-5.70032,0.354913,2.15942,20.1727,1.40026,97,0.190351,-6.6941,2.09245,-3.48348,-5.79121,0.350656,2.23994,17.8856,1.40883,97,0.176827,-6.71338,2.08177,-3.60572,-5.69754,0.35178,1.87056,14.5888,1.41373,97,0.082867,0.141401,0.177094,0.31541,0.676708,0.0961416,1.68209,3.92909,0.125028,0,0.229104,NBA,2,Delta,0,Unvaccinated,0,G_NBA,G_0
3006_1,-6.80782,2.07094,-3.75531,-4.51386,0.402269,2.30127,7.53456,1.40986,97,0.198889,-6.76021,1.93131,-3.74274,-5.15612,0.52514,2.11979,6.93926,1.41877,97,0.116532,-6.77036,2.03602,-3.74631,-4.36547,0.371025,2.36399,7.79024,1.38164,97,0.113884,0.166035,0.229653,0.301375,1.25093,0.41851,0.842412,1.11695,0.104048,0,0.142495,NBA,2,Omicron,3,Boosted,0,G_NBA,G_0
1960_1,-6.66491,2.48876,-3.61811,-5.29205,0.733523,1.8386,13.0106,1.42021,97,0.200586,-6.62321,2.42896,-3.59244,-5.49607,0.79964,2.8333,14.1673,1.42626,97,0.163238,-6.65257,2.44777,-3.68195,-5.19808,0.788059,2.15062,10.1657,1.42332,97,0.0788861,0.158505,0.195368,0.331193,0.746014,0.168595,2.89667,5.21076,0.106831,0,0.229869,NBA,1,Omicron,3,Boosted,0,G_NBA,G_0
2073_1,-6.63855,2.34823,-3.66318,-4.51348,0.552857,1.94732,12.8667,1.39632,97,0.168388,-6.65013,2.35788,-3.59384,-4.47112,0.53141,2.19588,13.6734,1.42973,97,0.183978,-6.66225,2.39934,-3.7005,-4.28393,0.511646,1.823,9.18865,1.3951,97,0.0883135,0.159764,0.205879,0.309665,0.591764,0.186402,1.65207,5.41843,0.114515,0,0.22259,NBA,1,Omicron,3,Boosted,0,G_NBA,G_0
1406_1,-6.57385,2.69734,-3.71977,-5.0874,1.35228,2.29603,9.47295,1.4245,97,0.207882,-6.56124,2.66754,-3.63658,-5.1851,1.40383,2.47195,11.1485,1.45406,97,0.181737,-6.6085,2.68898,-3.67603,-4.87905,1.33996,1.97496,10.0334,1.4329,97,0.0900914,0.160292,0.206965,0.280764,0.816887,0.451764,1.78288,4.81316,0.112014,0,0.204617,NBA,2,Delta,2,Second dose,0,G_NBA,G_0
2540_1,-6.81063,1.85838,-3.69544,-5.47934,0.442696,2.54457,13.2902,1.39999,97,0.20126,-6.81505,1.85685,-3.60733,-5.05596,0.394929,2.43425,13.9866,1.41162,97,0.161894,-6.8227,1.82481,-3.68054,-5.17196,0.404871,2.1434,9.743,1.41202,97,0.0813,0.153087,0.175659,0.258839,0.492053,0.161321,1.82847,4.7217,0.104976,0,0.274668,NBA,2,Omicron,3,Boosted,0,G_NBA,G_0
1691_1,-6.59925,2.51358,-3.66699,-5.17779,0.69672,2.24105,12.753,1.4394,97,0.162567,-6.57554,2.49511,-3.60788,-5.48955,0.763062,2.56645,14.6012,1.44501,97,0.142884,-6.62676,2.50638,-3.67528,-5.39576,0.802491,1.98578,9.99131,1.42371,97,0.0706445,0.139152,0.192491,0.349923,0.84239,0.155928,1.7249,4.89458,0.0974324,0,0.151081,NBA,1,Omicron,2,Second dose,0,G_NBA,G_0
992_2,-6.65403,2.85606,-3.75506,-3.17485,1.71181,2.47212,11.5407,1.44021,97,0.193204,-6.66969,2.78211,-3.72146,-3.42427,1.83701,2.27268,9.82929,1.46753,97,0.219433,-6.68411,2.75356,-3.69354,-3.44763,1.84909,1.9802,9.97563,1.42799,97,0.0852294,0.176839,0.215521,0.325259,0.60407,0.411195,1.55171,4.22093,0.0990488,0,0.288687,NBA,1,Omicron,2,Second dose,0,G_NBA,G_0
1405_1,-6.87427,1.73123,-3.67087,-6.67092,0.736381,1.70668,13.9162,1.4069,97,0.164729,-6.82957,1.71209,-3.55536,-6.88918,0.855048,1.78586,15.3851,1.40895,97,0.191764,-6.85943,1.74247,-3.63784,-6.34229,0.832246,1.92388,12.7775,1.37933,97,0.102435,0.19453,0.222601,0.307668,0.716046,0.27193,1.11264,6.26788,0.102901,0,0.376819,NBA,2,Omicron,3,Boosted,0,G_NBA,G_0
1093_1,-6.71679,2.30693,-3.66489,-4.49169,0.473215,3.08531,11.1945,1.38897,97,0.157594,-6.6504,2.1571,-3.67816,-5.05443,0.56796,2.55083,11.0356,1.41796,97,0.221273,-6.72111,2.21083,-3.65287,-4.77201,0.521209,3.17077,11.6077,1.40245,97,0.080372,0.167217,0.192348,0.291926,0.612726,0.139781,1.28482,1.0542,0.0950465,0,0.404217,NBA,2,Omicron,3,Boosted,0,G_NBA,G_0
596_1,-6.68652,2.23733,-3.61235,-4.8137,0.500483,2.24148,15.6391,1.39472,97,0.235508,-6.70368,2.24962,-3.60565,-4.75736,0.511087,2.21427,15.4266,1.41016,97,0.142839,-6.69352,2.23293,-3.63942,-4.51809,0.441553,1.82518,11.076,1.39783,97,0.070204,0.157729,0.176565,0.310327,1.01351,0.201779,1.46951,6.21208,0.0974101,0,0.192945,NBA,1,Delta,2,Second dose,0,G_NBA,G_0
2676_1,-6.61532,2.48381,-3.77494,-5.24791,0.868955,2.03588,6.98524,1.4325,97,0.210437,-6.64485,2.52921,-3.73405,-5.44987,0.973126,1.93025,7.56729,1.42531,97,0.137093,-6.64462,2.50148,-3.74079,-5.15742,0.950265,2.35432,7.53585,1.42122,97,0.0855248,0.153163,0.195045,0.292768,0.745524,0.303237,0.959283,3.20741,0.114628,0,0.160256,NBA,2,Omicron,3,Boosted,0,G_NBA,G_0
620_1,-6.56402,2.59239,-3.60904,-4.91336,0.703626,2.58117,13.4074,1.43238,97,0.241025,-6.54053,2.55733,-3.60688,-5.02383,0.734551,2.32844,14.4159,1.44898,97,0.14907,-6.60283,2.59838,-3.67491,-5.04308,0.795301,2.04642,10.3378,1.43221,97,0.0832113,0.175854,0.221631,0.342706,0.730207,0.169932,1.42399,6.15223,0.106379,0,0.209914,NBA,3,Omicron,3,Boosted,0,G_NBA,G_0
414_1,-6.90761,1.685,-3.7534,-4.5113,0.431148,4.62963,5.99357,1.43114,97,0.157885,-6.78457,2.27621,-3.70176,-2.38793,0.295788,3.519,6.72019,1.38015,97,0.214467,-6.75473,2.23599,-3.77258,-2.44069,0.278019,2.72317,6.43954,1.40252,97,0.09585,0.156478,0.291873,0.293908,0.653543,0.1355,2.13243,0.766896,0.110311,0,0.305654,NBA,2,Omicron,2,Second dose,0,G_NBA,G_0
2253_1,-6.70006,2.20003,-3.69862,-5.20697,0.691883,3.04271,9.55068,1.42877,97,0.192085,-6.66733,2.20402,-3.64973,-5.16046,0.652495,2.18936,9.1124,1.38002,97,0.2162,-6.71908,2.23055,-3.67504,-4.89896,0.644964,2.43403,9.54053,1.40393,97,0.0868085,0.142895,0.163516,0.283046,0.828256,0.245296,1.24153,1.91297,0.116022,0,0.269656,NBA,2,Omicron,3,Boosted,0,G_NBA,G_0
2862_2,-6.76533,2.37166,-3.63127,-2.66174,0.356586,2.95331,15.1076,1.38624,97,0.20899,-6.72848,2.24812,-3.53447,-2.85054,0.35944,2.67499,14.5771,1.3984,97,0.169724,-6.76559,2.20358,-3.6123,-3.03259,0.362579,2.20768,13.7171,1.39385,97,0.0856191,0.135949,0.246653,0.280528,0.585844,0.11328,1.85602,2.461,0.108841,0,0.208197,NBA,2,Omicron,3,Boosted,0,G_NBA,G_0
478_2,-6.82387,2.23464,-3.80567,-5.07186,1.69506,2.62774,7.36806,1.39157,97,0.189248,-6.69758,2.0176,-3.87756,-5.00809,0.915525,3.68501,4.27744,1.42987,97,0.13334,-6.76853,2.03822,-3.84647,-5.08047,0.681915,3.45184,3.36858,1.41476,97,0.0614506,0.147908,0.193481,0.307533,0.79306,0.690685,1.7235,2.83618,0.11328,0,0.202772,NBA,2,Omicron,3,Boosted,0,G_NBA,G_0
977_1,-6.62642,2.19717,-3.65346,-5.4149,0.631618,2.37631,12.0367,1.41292,97,0.157955,-6.69731,2.31763,-3.5959,-5.03907,0.585348,2.6994,11.8771,1.4353,97,0.145873,-6.69153,2.26529,-3.69713,-4.909,0.52501,2.14591,9.22125,1.41419,97,0.0784423,0.169968,0.232163,0.313245,0.892912,0.195265,1.91162,3.2599,0.100556,0,0.170753,NBA,2,Omicron,2,Second dose,0,G_NBA,G_0
408_1,-6.70348,2.29049,-3.52943,-5.2445,0.977416,2.01155,14.4653,1.39071,97,0.220719,-6.71677,2.31177,-3.58094,-5.27286,0.985661,2.1253,14.3862,1.39802,97,0.196464,-6.72471,2.30413,-3.67086,-5.03051,0.953354,1.82646,10.0572,1.39314,97,0.0854572,0.142913,0.19521,0.374769,0.879143,0.233922,1.4436,5.38934,0.104601,0,0.271813,NBA,2,Omicron,3,Boosted,0,G_NBA,G_0
719_1,-6.70247,2.55539,-3.65696,-2.71054,0.705199,2.16181,12.1083,1.43447,97,0.146927,-6.71395,2.53566,-3.68872,-2.72933,0.707989,2.27114,12.2078,1.40922,97,0.159767,-6.72914,2.49146,-3.67963,-2.84751,0.735638,2.09301,10.1397,1.41809,97,0.0835921,0.164687,0.267119,0.323085,0.541162,0.321004,1.42052,6.53842,0.11743,0,0.212154,NBA,1,Omicron,3,Boosted,0,G_NBA,G_0
2793_1,-6.65791,2.06857,-3.70496,-5.47337,0.34103,1.30034,10.9139,1.40161,97,0.200523,-6.71467,2.08588,-3.69185,-5.89141,0.432297,1.86853,11.5384,1.43688,97,0.291146,-6.68576,2.06799,-3.70421,-5.57629,0.312157,1.30062,8.94179,1.40464,97,0.077249,0.155473,0.184007,0.341974,0.750452,0.149384,1.50432,4.48121,0.129679,0,0.513698,NBA,2,Omicron,3,Boosted,0,G_NBA,G_0
34_1,-6.75321,2.23991,-3.59887,-4.38578,0.640617,2.36226,15.5818,1.39432,97,0.186565,-6.73,2.20139,-3.55459,-4.32537,0.588026,2.73257,16.4839,1.39623,97,0.212166,-6.75165,2.21084,-3.67819,-4.31518,0.595182,2.42661,11.0084,1.39307,97,0.0800629,0.13528,0.177498,0.313568,0.430779,0.154985,1.55678,5.71993,0.0983415,0,0.34825,NBA,2,Omicron,3,Boosted,0,G_NBA,G_0
131_1,-6.62888,2.50248,-3.69292,-3.62656,0.405253,4.52512,8.5933,1.42932,97,0.119257,-6.64888,2.54528,-3.73676,-3.54911,0.386999,3.79608,8.25724,1.40557,97,0.168026,-6.65557,2.43117,-3.71256,-3.82443,0.415172,3.64416,8.4598,1.42145,97,0.0893224,0.181293,0.205617,0.299701,0.443834,0.112326,1.94792,0.569746,0.105846,0,0.178576,NBA,1,Omicron,3,Boosted,0,G_NBA,G_0
2010_2,-6.71817,1.99359,-3.77815,-4.03382,0.305443,3.15589,10.1991,1.4216,97,0.190146,-6.78095,2.2026,-3.67579,-3.57319,0.289252,3.36672,10.7308,1.40666,97,0.163059,-6.74812,2.11733,-3.66379,-3.6709,0.254378,3.05686,9.98874,1.39359,97,0.0790536,0.178345,0.204264,0.305322,0.546394,0.120927,1.7907,1.74407,0.108687,0,0.280023,NBA,1,Omicron,3,Boosted,0,G_NBA,G_0
1870_1,-6.7054,2.2016,-3.65085,-5.74989,0.852365,2.09403,13.5104,1.40302,97,0.19023,-6.74383,2.25894,-3.54563,-5.32701,0.807222,2.02498,14.7632,1.40701,97,0.2007,-6.73732,2.20024,-3.65812,-5.61291,0.937342,1.9538,10.9962,1.40052,97,0.0938436,0.150881,0.185755,0.295716,0.856859,0.221843,1.25715,5.27188,0.10388,0,0.310575,NBA,2,Delta,0,Unvaccinated,0,G_NBA,G_0
253_2,-6.74267,1.88992,-3.79661,-5.37231,0.694624,4.19075,4.74298,1.42873,97,0.364832,-6.7748,1.955,-3.7922,-4.69638,0.642567,3.77835,4.98098,1.43569,97,0.210007,-6.81663,2.00737,-3.79393,-4.39853,0.519914,3.4863,5.18623,1.4075,97,0.0943832,0.143579,0.191821,0.317306,0.945739,0.47282,2.55085,0.814834,0.0989888,0,0.418712,NBA,1,Omicron,2,Second dose,0,G_NBA,G_0
198_2,-6.78281,2.07086,-3.90487,-4.26931,0.544012,2.19527,4.71067,1.3975,97,0.175652,-6.81957,2.24966,-3.79104,-4.1036,0.963901,2.49073,8.02721,1.38743,97,0.222661,-6.79621,2.24695,-3.74827,-3.75931,0.836399,1.96924,6.76742,1.40019,97,0.0903578,0.152816,0.241516,0.285092,0.787643,0.52123,2.36806,5.49367,0.104764,0,0.452161,NBA,1,Omicron,3,Boosted,0,G_NBA,G_0
1148_2,-6.79682,2.1689,-3.7584,-2.6758,0.362117,3.08066,11.8758,1.41203,97,0.240853,-6.70064,2.19468,-3.66989,-2.48815,0.335152,2.28294,12.0042,1.3935,97,0.141425,-6.76591,2.23247,-3.67976,-2.40519,0.307599,1.97306,10.0508,1.396,97,0.0852942,0.145046,0.274672,0.30836,0.607839,0.235268,1.68454,6.67183,0.110128,0,0.155256,NBA,1,Omicron,2,Second dose,0,G_NBA,G_0
2834_1,-6.67099,2.43774,-3.69126,-4.67783,0.736756,2.96523,8.68095,1.42681,97,0.239985,-6.63076,2.37244,-3.59934,-4.8571,0.762958,3.57272,8.75478,1.42561,97,0.137152,-6.68151,2.38376,-3.70915,-4.5548,0.686933,3.61112,8.78137,1.41697,97,0.0869931,0.128003,0.190975,0.351171,0.807777,0.271479,2.50025,1.13119,0.104914,0,0.166512,NBA,2,Omicron,3,Boosted,0,G_NBA,G_0
372_1,-6.62604,2.71762,-3.91845,-3.35993,1.10881,2.50745,6.36186,1.43469,97,0.160901,-6.62922,2.67383,-3.80736,-3.45323,1.03887,2.88993,5.38629,1.44109,97,0.21105,-6.66954,2.61388,-3.82491,-3.42914,0.94068,3.32581,4.87656,1.42487,97,0.0901858,0.154471,0.210923,0.342386,0.822241,0.526306,2.03992,2.28397,0.124668,0,0.378753,NBA,1,Omicron,3,Boosted,0,G_NBA,G_0
2289_1,-6.58278,2.72447,-3.60178,-3.77944,0.638893,2.63801,14.4283,1.4573,97,0.144527,-6.55264,2.65413,-3.57996,-4.02733,0.693127,2.25459,13.8548,1.43442,97,0.150432,-6.61068,2.61962,-3.65607,-4.02759,0.673843,2.0169,10.2566,1.44112,97,0.0788779,0.139951,0.231222,0.301115,0.578654,0.181102,1.31227,4.22233,0.118097,0,0.191604,NBA,1,Omicron,3,Boosted,0,G_NBA,G_0
559_1,-6.8966,1.79789,-3.61994,-6.90192,0.670376,2.30928,15.2003,1.41512,97,0.132205,-6.96908,1.87126,-3.52993,-6.79675,0.661056,2.3661,16.7612,1.40884,97,0.260684,-6.87028,1.76439,-3.64454,-6.73656,0.617482,2.10251,11.7575,1.40081,97,0.103735,0.11141,0.127381,0.306096,0.707883,0.22944,1.2993,6.28538,0.103274,0,0.519097,NBA,1,Omicron,3,Boosted,0,G_NBA,G_0
166_2,-6.76144,2.31274,-3.74742,-2.24943,0.48623,2.19761,11.5779,1.41062,97,0.246352,-6.79457,2.43839,-3.6978,-2.20827,0.619431,2.69767,11.5336,1.40149,97,0.113584,-6.76714,2.37724,-3.68109,-2.17438,0.538397,2.14584,10.1185,1.39713,97,0.0790716,0.167904,0.259755,0.381239,0.528149,0.267041,2.62947,4.75849,0.0971465,0,0.142054,NBA,1,Omicron,3,Boosted,0,G_NBA,G_0
1380_1,-6.78053,2.19723,-3.73502,-5.16217,1.33658,2.23042,6.9826,1.4106,97,0.259179,-6.69815,2.14178,-3.74291,-5.04982,1.07229,2.42449,5.96497,1.3676,97,0.224212,-6.79483,2.17733,-3.76712,-4.5612,0.915663,2.14917,5.2643,1.38981,97,0.104327,0.159675,0.204951,0.333025,0.817915,0.574764,1.93894,3.89361,0.0994932,0,0.329675,NBA,2,Omicron,2,Second dose,0,G_NBA,G_0
653_1,-6.83895,1.88782,-3.67758,-5.55744,0.665521,2.35134,13.2166,1.42964,97,0.193502,-6.82001,1.901,-3.60617,-5.30076,0.604281,2.32431,12.7308,1.43079,97,0.129555,-6.83585,1.85978,-3.68573,-5.27379,0.541062,2.08248,9.58685,1.42386,97,0.0666726,0.157807,0.191017,0.305857,0.935985,0.316913,1.31265,4.66843,0.10864,0,0.157764,NBA,3,Omicron,3,Boosted,0,G_NBA,G_0
2169_2,-6.60709,2.52823,-3.74223,-4.14712,0.583861,3.00593,8.51608,1.42923,97,0.142072,-6.59827,2.50355,-3.66482,-4.41659,0.691783,2.01988,8.11989,1.42604,97,0.146783,-6.64369,2.51325,-3.70979,-4.25431,0.682267,1.79076,8.30525,1.42446,97,0.0835735,0.137995,0.204139,0.335347,0.701411,0.23771,1.51304,1.72026,0.0904598,0,0.207046,NBA,1,Omicron,3,Boosted,0,G_NBA,G_0
1397_1,-6.65274,2.77029,-3.67748,-3.65186,1.25255,2.02753,10.1129,1.44804,97,0.177593,-6.62812,2.73676,-3.69218,-3.567,1.24156,2.64273,11.2448,1.42481,97,0.172959,-6.66109,2.6753,-3.78371,-3.73225,1.19249,2.08842,6.99856,1.42702,97,0.0805897,0.192588,0.273736,0.291742,0.568847,0.257953,2.18982,5.4492,0.107233,0,0.255116,NBA,1,Omicron,3,Boosted,0,G_NBA,G_0
1595_1,-6.79314,1.96833,-3.67403,-4.71473,0.367512,2.08829,11.7062,1.41301,97,0.204556,-6.81945,1.92534,-3.74066,-5.06583,0.476373,1.89323,10.844,1.40189,97,0.195901,-6.82608,1.84682,-3.64793,-4.97934,0.405904,1.65995,11.113,1.39947,97,0.0971519,0.134743,0.185821,0.347421,1.00699,0.302534,1.2707,3.85518,0.10525,0,0.344681,NBA,2,Omicron,3,Boosted,0,G_NBA,G_0
3039_1,-6.62729,2.38354,-3.63547,-5.68941,0.771675,2.32992,13.4016,1.4088,97,0.17114,-6.64839,2.48244,-3.60385,-5.61497,0.820843,2.13275,14.4927,1.42058,97,0.156867,-6.68652,2.33947,-3.64984,-5.66358,0.814538,1.76673,11.0001,1.41438,97,0.0756259,0.162962,0.210886,0.291621,0.642994,0.129148,1.7042,4.57871,0.0937698,0,0.225369,NBA,2,Omicron,3,Boosted,0,G_NBA,G_0
2600_1,-6.71552,2.45999,-3.69165,-6.07282,1.69432,3.26116,8.38136,1.41563,97,0.148793,-6.66208,2.45522,-3.88385,-5.84149,1.53231,2.39558,7.48213,1.4131,97,0.189212,-6.69914,2.382,-3.80006,-5.53773,1.39931,2.18992,4.80892,1.39376,97,0.0830101,0.159257,0.201922,0.332971,1.08853,0.639086,1.59079,5.00184,0.100823,0,0.264468,NBA,1,Delta,2,Second dose,0,G_NBA,G_0
657_1,-6.84465,1.81416,-3.69613,-5.79394,0.751758,1.97204,11.5273,1.41556,97,0.114689,-6.88333,1.82178,-3.58675,-5.57295,0.648428,2.01442,12.3625,1.43572,97,0.170614,-6.86452,1.79524,-3.74317,-5.55687,0.549989,1.68673,7.74317,1.42665,97,0.0675475,0.177413,0.166148,0.34837,0.953655,0.444369,1.32773,6.57757,0.110533,0,0.396241,NBA,2,Omicron,3,Boosted,0,G_NBA,G_0
2525_1,-6.7355,1.85317,-3.65704,-6.26126,0.734219,2.38508,7.63461,1.41009,97,0.140869,-6.78527,1.94736,-3.70716,-5.90742,0.748052,2.32502,7.78849,1.37728,97,0.178081,-6.78827,1.94278,-3.74009,-5.51807,0.529886,2.07357,6.97831,1.38842,97,0.087817,0.170366,0.20208,0.248634,0.851469,0.430777,1.13315,3.04687,0.105808,0,0.282414,NBA,1,Omicron,3,Boosted,0,G_NBA,G_0
307_1,-6.62364,2.43847,-3.68631,-6.01349,1.08923,2.22394,12.981,1.42166,97,0.212858,-6.6683,2.44603,-3.61441,-5.99645,1.11194,2.05457,14.0865,1.42065,97,0.136703,-6.67275,2.45058,-3.65694,-5.61326,1.09374,1.77922,10.8041,1.41787,97,0.0946922,0.135912,0.158273,0.292282,0.693748,0.210306,1.49805,6.57595,0.0855189,0,0.148361,NBA,2,Delta,2,Second dose,0,G_NBA,G_0
3034_1,-6.64491,2.32897,-3.60098,-5.27778,0.877947,2.21084,13.6574,1.43077,97,0.191553,-6.66603,2.34626,-3.70806,-5.42673,0.881443,1.91106,12.1732,1.40511,97,0.149413,-6.69528,2.37002,-3.69827,-5.01233,0.900564,2.01395,9.96222,1.42504,97,0.10039,0.162094,0.22584,0.330969,0.925819,0.212281,1.50818,4.93416,0.0848831,0,0.194009,NBA,1,Delta,2,Second dose,0,G_NBA,G_0
487_2,-6.70227,2.06785,-3.74437,-5.90418,0.59677,4.34392,8.08774,1.39881,97,0.180714,-6.6562,2.04439,-3.75254,-5.77152,0.52693,4.0481,7.76079,1.35023,97,0.25683,-6.72254,2.11833,-3.72584,-5.32705,0.489131,3.91949,7.98188,1.39245,97,0.0851092,0.156695,0.169765,0.338536,0.779089,0.21189,2.1993,0.770875,0.0904471,0,0.786746,NBA,1,Omicron,2,Second dose,0,G_NBA,G_0
2118_1,-6.6744,2.56739,-3.72368,-4.27112,1.1951,2.58738,10.2895,1.4056,97,0.162143,-6.66423,2.58371,-3.72592,-4.26973,1.198,2.86765,8.76622,1.42488,97,0.202041,-6.6972,2.521,-3.73769,-4.2979,1.15957,2.40484,7.50221,1.41251,97,0.0887579,0.177249,0.22483,0.319093,0.722783,0.322352,1.81099,2.95577,0.112646,0,0.274418,NBA,2,Omicron,3,Boosted,0,G_NBA,G_0
1391_1,-6.81107,2.05854,-3.6985,-6.86952,1.71414,1.88893,9.09885,1.40828,97,0.171839,-6.71528,1.96311,-3.68679,-6.63682,1.56322,2.20955,8.8293,1.37629,97,0.192507,-6.81963,2.02986,-3.8098,-6.50934,1.29134,1.77412,5.14495,1.38551,97,0.103902,0.199344,0.248156,0.330751,0.946547,0.893346,1.59698,5.5753,0.0790374,0,0.233976,NBA,1,Omicron,3,Boosted,0,G_NBA,G_0
492_2,-6.68621,2.61792,-3.78906,-3.65462,1.13765,2.57435,9.72986,1.40419,97,0.264634,-6.70658,2.5928,-3.72966,-3.49914,1.03316,1.93949,8.07103,1.42501,97,0.131111,-6.66429,2.56625,-3.80891,-3.44661,0.96379,1.95174,6.59635,1.41279,97,0.0803655,0.16457,0.286409,0.304923,0.62269,0.367171,1.35017,3.82392,0.111572,0,0.197918,NBA,1,Omicron,3,Boosted,0,G_NBA,G_0
1659_1,-6.73405,2.19272,-3.75941,-5.09418,1.13215,4.50361,5.53644,1.41935,97,0.162803,-6.77191,2.22568,-3.88167,-5.63881,1.47255,3.53827,4.87129,1.41392,97,0.182441,-6.7736,2.17928,-3.82419,-5.24226,1.25033,3.97579,4.48956,1.39011,97,0.0798178,0.131931,0.152819,0.266938,1.33151,0.892194,1.8915,2.17593,0.103765,0,0.523961,NBA,2,Omicron,2,Second dose,0,G_NBA,G_0
1463_1,-6.71005,2.20921,-3.71042,-3.63703,0.472432,3.20393,8.65378,1.40671,97,0.174343,-6.74223,2.28469,-3.67611,-3.5736,0.496175,3.10675,8.79506,1.4054,97,0.14719,-6.73395,2.26944,-3.72286,-3.38874,0.403126,2.65072,8.468,1.40031,97,0.0937567,0.174798,0.246458,0.378357,0.70512,0.255119,2.86138,1.8384,0.0920175,0,0.177358,NBA,2,Omicron,3,Boosted,0,G_NBA,G_0
533_1,-6.71607,2.09501,-3.66886,-4.06413,0.443289,2.36137,8.22602,1.40884,97,0.137905,-6.69885,2.01358,-3.76588,-4.39149,0.487525,2.52444,8.12778,1.41404,97,0.15902,-6.73374,2.20968,-3.70954,-3.70342,0.376006,2.34687,8.51621,1.39604,97,0.0918362,0.164029,0.218887,0.343714,0.735023,0.286116,1.14018,1.1789,0.10855,0,0.223939,NBA,2,Omicron,3,Boosted,0,G_NBA,G_0
570_1,-6.60561,2.44613,-3.67377,-5.17524,0.761399,2.28302,12.3655,1.42312,97,0.189743,-6.63289,2.47606,-3.65462,-5.07099,0.782178,2.31612,10.83,1.44109,97,0.130491,-6.64642,2.45548,-3.67822,-4.99952,0.749439,2.03892,9.97841,1.42088,97,0.0844636,0.151097,0.217354,0.29226,0.702376,0.34799,1.70031,5.17282,0.126283,0,0.134713,NBA,2,Omicron,3,Boosted,0,G_NBA,G_0
2896_1,-6.74441,2.27763,-3.59158,-4.34322,0.509109,2.20543,15.758,1.40162,97,0.125799,-6.71035,2.28307,-3.69302,-4.33959,0.53676,2.95459,15.0656,1.3949,97,0.142746,-6.73228,2.28331,-3.6525,-4.30187,0.511693,2.2813,10.8031,1.39532,97,0.0716167,0.126454,0.17588,0.317767,0.540144,0.144927,1.90841,5.27206,0.103852,0,0.15463,NBA,2,Omicron,3,Boosted,0,G_NBA,G_0
1933_1,-6.72363,2.18686,-3.60972,-5.64374,0.666888,2.46178,14.0505,1.40058,97,0.212499,-6.7042,2.16932,-3.6776,-5.7741,0.674597,1.98335,13.3378,1.40127,97,0.191658,-6.73134,2.1591,-3.69684,-5.62834,0.696252,1.85961,9.32987,1.40369,97,0.0845131,0.138658,0.179948,0.320086,0.857972,0.208679,1.2831,4.88617,0.1169,0,0.273702,NBA,2,Omicron,2,Second dose,0,G_NBA,G_0
2174_1,-6.67249,2.63149,-3.73592,-3.77329,0.625667,1.67157,11.3467,1.43535,97,0.210994,-6.64412,2.48435,-3.69428,-4.09431,0.635956,1.94011,11.2273,1.39699,97,0.130154,-6.68047,2.45288,-3.66967,-4.25432,0.759431,1.90788,11.0068,1.4118,97,0.0853457,0.157214,0.20969,0.317601,0.518893,0.22991,1.70504,5.28754,0.0982582,0,0.186572,NBA,2,Delta,3,Boosted,0,G_NBA,G_0
526_1,-6.8214,1.94383,-3.72045,-6.60944,0.651735,2.50678,13.7277,1.39247,97,0.172043,-6.85209,1.96938,-3.68213,-6.62475,0.656993,2.17273,13.3085,1.41289,97,0.218788,-6.8205,1.93859,-3.67856,-6.39605,0.615363,2.0149,10.1022,1.38918,97,0.082237,0.103995,0.108144,0.340158,0.70874,0.187959,1.67338,4.15096,0.115388,0,0.435621,NBA,2,Delta,3,Boosted,0,G_NBA,G_0
2935_1,-6.89322,1.96035,-3.68473,-4.13248,0.797418,2.36163,11.0277,1.39808,97,0.234616,-6.85822,1.9316,-3.66881,-3.92997,0.498666,2.70565,11.1321,1.40098,97,0.193894,-6.87586,1.87003,-3.68493,-3.93168,0.452364,2.11011,10.02,1.39375,97,0.0861083,0.173818,0.261332,0.270594,0.711198,0.296189,2.19748,5.2985,0.0870683,0,0.239406,NBA,1,Omicron,2,Second dose,0,G_NBA,G_0
1707_2,-6.73648,2.0845,-3.53112,-5.77098,0.842182,2.38293,15.6529,1.41268,97,0.316251,-6.78557,2.14149,-3.53466,-5.93253,0.871517,2.66819,15.1744,1.43485,97,0.224633,-6.77413,2.11427,-3.66643,-5.70135,0.881648,1.99476,11.0058,1.41854,97,0.0877646,0.122681,0.140011,0.274508,0.774025,0.226368,1.99463,4.84403,0.1057,0,0.274442,NBA,1,Omicron,3,Boosted,0,G_NBA,G_0
873_1,-6.60516,2.70467,-3.83557,-4.46302,1.22097,2.74039,6.99946,1.44722,97,0.110396,-6.55454,2.59396,-3.71487,-4.91001,1.4459,3.04685,8.84274,1.4321,97,0.114523,-6.6308,2.62003,-3.79843,-4.69949,1.41203,2.51679,5.96577,1.4466,97,0.0669268,0.152187,0.218007,0.322458,0.957917,0.394544,2.21591,4.14547,0.097045,0,0.180131,NBA,1,Omicron,3,Boosted,0,G_NBA,G_0
461_1,-6.6546,2.3004,-3.63043,-5.13084,0.83341,2.51911,13.8033,1.42657,97,0.186455,-6.67438,2.38925,-3.61836,-4.84577,0.790638,1.98632,13.2199,1.41529,97,0.18867,-6.69629,2.36768,-3.6821,-4.80378,0.819465,2.10442,10.151,1.41633,97,0.0754192,0.160143,0.225398,0.380963,0.895578,0.247633,1.35829,4.43719,0.0833786,0,0.274638,NBA,2,Omicron,3,Boosted,0,G_NBA,G_0
1022_1,-6.67557,2.51182,-3.74152,-3.206,0.70849,3.34923,6.92872,1.43535,97,0.170558,-6.69136,2.55188,-3.8395,-3.00812,0.616372,3.24098,6.75661,1.42293,97,0.156927,-6.69292,2.42798,-3.78291,-3.20005,0.582686,3.14906,5.78777,1.41695,97,0.0801434,0.160518,0.256465,0.30159,0.554747,0.26781,1.83572,4.37634,0.104996,0,0.183252,NBA,1,Omicron,2,Second dose,0,G_NBA,G_0
2802_2,-6.68142,2.37168,-3.67246,-5.77278,0.791838,1.7643,8.58533,1.40948,97,0.205637,-6.58684,2.30145,-3.65096,-6.1437,0.913746,2.11792,8.32385,1.39825,97,0.154393,-6.67224,2.39592,-3.71361,-5.54239,0.899786,2.23613,8.62938,1.41571,97,0.0841525,0.142602,0.18218,0.325118,0.770782,0.218349,1.70543,2.62422,0.103901,0,0.246787,NBA,2,Omicron,2,Second dose,0,G_NBA,G_0
2201_1,-6.70051,1.85627,-3.51923,-6.02324,0.614404,2.20077,15.8576,1.40189,97,0.171245,-6.69591,1.85303,-3.5065,-5.96549,0.585932,2.29483,15.2881,1.40398,97,0.182178,-6.79197,1.93554,-3.66344,-5.52788,0.568323,1.85839,10.91,1.38374,97,0.0935484,0.169565,0.183159,0.327305,0.989565,0.1847,2.03185,6.42924,0.117068,0,0.200402,NBA,1,Omicron,2,Second dose,0,G_NBA,G_0
2895_1,-6.69488,1.9798,-3.5864,-6.12692,0.709308,2.06016,13.3888,1.41396,97,0.112951,-6.74174,2.0256,-3.72445,-6.05566,0.733784,2.13443,12.6656,1.39236,97,0.202781,-6.74934,2.042,-3.70962,-5.81493,0.750088,1.9561,9.60127,1.41067,97,0.0984539,0.170098,0.202198,0.299333,0.84838,0.214804,1.94909,4.24763,0.0858628,0,0.484012,NBA,2,Omicron,3,Boosted,0,G_NBA,G_0
8_1,-6.64997,2.40323,-3.6264,-4.65364,0.727879,2.10474,14.0186,1.41951,97,0.17445,-6.66259,2.37053,-3.54489,-4.82746,0.777427,2.54276,14.6519,1.42735,97,0.182952,-6.68532,2.39358,-3.67701,-4.5621,0.73213,2.0035,10.0747,1.41579,97,0.0842299,0.150607,0.210553,0.33382,0.919651,0.22415,1.7516,5.42614,0.11629,0,0.342713,NBA,1,Omicron,3,Boosted,0,G_NBA,G_0
2006_2,-6.77987,1.79811,-3.79242,-5.94369,0.704612,3.09166,7.09507,1.42513,97,0.157572,-6.7405,1.76749,-3.76112,-5.98254,0.676619,3.30923,7.22889,1.4042,97,0.198132,-6.84384,1.82449,-3.74075,-5.53182,0.618607,3.44102,7.56009,1.40179,97,0.093924,0.157859,0.184078,0.336095,0.967871,0.323692,1.67467,0.871536,0.110059,0,0.275228,NBA,1,Omicron,2,Second dose,0,G_NBA,G_0
1345_1,-6.65878,2.66889,-3.81773,-4.18043,2.12291,3.57734,7.86051,1.4152,97,0.209538,-6.63972,2.63164,-3.78217,-4.57394,2.28276,3.62251,7.71497,1.41579,97,0.164102,-6.71295,2.64773,-3.69843,-4.53131,2.9271,1.95123,9.94433,1.41145,97,0.0849795,0.17554,0.319552,0.385369,1.21806,1.09161,2.65886,6.57576,0.100466,0,0.298225,NBA,1,Omicron,2,Second dose,0,G_NBA,G_0
331_1,-6.74502,1.92817,-3.70214,-6.68455,0.770271,2.61712,11.7634,1.37606,97,0.238659,-6.78067,1.96662,-3.64275,-6.67788,0.803979,2.25045,12.5408,1.37156,97,0.158594,-6.78929,1.94058,-3.68428,-6.55291,0.806211,1.8647,9.40598,1.41609,97,0.0845957,0.137108,0.141645,0.331522,0.643601,0.222638,1.66734,4.94751,0.0864734,0,0.160941,NBA,2,Omicron,2,Second dose,0,G_NBA,G_0
931_1,-6.55108,2.53599,-3.58868,-4.61449,0.558794,2.5069,13.5215,1.4359,97,0.191619,-6.5631,2.53688,-3.62281,-4.56191,0.524671,2.16151,13.3953,1.42344,97,0.242239,-6.61525,2.4997,-3.67988,-4.6404,0.555679,1.97121,9.86773,1.42843,97,0.0857836,0.153016,0.221271,0.344565,0.582763,0.158436,1.1689,4.35473,0.104838,0,0.387244,NBA,1,Omicron,3,Boosted,0,G_NBA,G_0
1838_1,-6.85355,1.80764,-3.63928,-7.02516,0.817284,2.096,11.8407,1.39729,97,0.145159,-6.97623,1.93106,-3.70615,-6.2954,0.753528,2.7748,11.93,1.39829,97,0.166274,-6.85643,1.8164,-3.63871,-6.68837,0.881175,3.10231,12.7642,1.42017,97,0.0896039,0.192345,0.201769,0.303722,0.750675,0.304842,2.10215,1.53341,0.105749,0,0.166282,NBA,1,Omicron,3,Boosted,0,G_NBA,G_0
455_1,-6.67315,2.3273,-3.6834,-6.0213,1.05326,2.48671,11.1795,1.4147,97,0.116114,-6.68167,2.3695,-3.68683,-5.9354,0.999243,2.37493,11.208,1.4252,97,0.204346,-6.71664,2.28844,-3.68489,-5.57941,0.945398,1.99614,10.1137,1.41173,97,0.0889439,0.171007,0.238514,0.372765,0.849718,0.315637,1.79329,6.48963,0.104258,0,0.469368,NBA,1,Omicron,3,Boosted,0,G_NBA,G_0
1408_1,-6.741,2.16526,-3.63141,-5.32247,0.601047,2.06873,11.6808,1.4081,97,0.170059,-6.76897,2.19471,-3.58493,-5.42186,0.667441,2.00843,12.0985,1.39112,97,0.145518,-6.73862,2.11124,-3.71722,-5.27381,0.546902,1.74444,8.28941,1.40712,97,0.0898059,0.174721,0.203727,0.315849,0.819859,0.203953,1.25055,4.01532,0.0978761,0,0.179061,NBA,3,Omicron,3,Boosted,0,G_NBA,G_0
3047_1,-6.66393,2.40766,-3.58162,-5.68862,0.542357,2.03947,14.3072,1.41026,97,0.176572,-6.64025,2.32126,-3.66781,-5.83692,0.523039,1.99456,12.994,1.43306,97,0.15769,-6.65534,2.373,-3.68631,-5.66026,0.517887,1.86886,9.69744,1.41803,97,0.0814738,0.157252,0.190528,0.331121,0.69701,0.115104,1.13448,5.36608,0.105645,0,0.290925,NBA,2,Omicron,3,Boosted,0,G_NBA,G_0
92_1,-6.84335,1.58399,-3.72745,-7.08033,0.772066,2.25217,11.2863,1.43164,97,0.245913,-6.91923,1.63664,-3.71551,-6.62974,0.648741,1.88596,10.6321,1.42972,97,0.214978,-6.89051,1.57093,-3.6693,-6.50733,0.583755,1.56177,10.4923,1.41848,97,0.103867,0.152417,0.168249,0.422062,0.79495,0.340725,1.39966,4.90144,0.106301,0,0.292705,NBA,1,Omicron,3,Boosted,0,G_NBA,G_0
3059_1,-6.71711,2.34021,-3.60986,-5.66774,0.933752,2.33479,14.8894,1.4151,97,0.169425,-6.71674,2.31855,-3.59585,-5.72456,0.919883,2.1655,13.0988,1.42094,97,0.175452,-6.71537,2.26181,-3.68115,-5.45178,0.885528,1.7678,10.447,1.42496,97,0.0751526,0.155394,0.196422,0.314574,0.787777,0.223516,1.84418,5.41341,0.109838,0,0.387767,NBA,2,Omicron,3,Boosted,0,G_NBA,G_0
1823_1,-6.72512,2.28984,-3.6103,-4.31442,0.596178,2.40287,15.7776,1.40823,97,0.161947,-6.69051,2.25929,-3.51309,-4.28945,0.56637,2.47476,15.1859,1.40511,97,0.179339,-6.7277,2.2538,-3.66444,-4.44746,0.618117,1.9678,11.0053,1.40506,97,0.076423,0.14017,0.197072,0.368418,0.528325,0.171896,1.50244,4.46527,0.105591,0,0.259864,NBA,1,Omicron,3,Boosted,0,G_NBA,G_0
2128_1,-6.70763,2.43487,-3.8843,-4.25962,1.07333,3.73984,6.31645,1.41836,97,0.267583,-6.72567,2.49736,-3.74401,-4.55419,1.49645,3.59267,6.6766,1.40956,97,0.224219,-6.73017,2.44239,-3.82575,-4.46279,1.25804,3.25923,4.65685,1.39767,97,0.0966024,0.142508,0.190215,0.280547,0.883691,0.739314,2.0332,3.72852,0.124755,0,0.352978,NBA,1,Omicron,2,Second dose,0,G_NBA,G_0
2545_1,-6.58898,2.69948,-3.67523,-5.32906,1.06986,1.96313,9.99663,1.41972,97,0.20547,-6.57242,2.63946,-3.69069,-5.57014,1.04474,1.86897,9.35661,1.45285,97,0.180373,-6.62418,2.64223,-3.70541,-5.35142,1.03028,1.60092,7.96696,1.43415,97,0.0798235,0.14454,0.208494,0.279441,0.802594,0.182305,1.43259,3.03613,0.0889954,0,0.357473,NBA,1,Omicron,2,Second dose,0,G_NBA,G_0
2046_1,-6.75236,2.23982,-3.55729,-3.41693,0.447437,2.21632,14.0303,1.39154,97,0.178384,-6.73866,2.26816,-3.6357,-3.26207,0.409247,2.53929,14.0013,1.38087,97,0.148113,-6.75491,2.23185,-3.67557,-3.32509,0.40839,1.97545,10.0328,1.39665,97,0.0868746,0.122957,0.213217,0.319951,0.487942,0.154533,2.17429,5.16038,0.101186,0,0.172081,NBA,2,Omicron,2,Second dose,0,G_NBA,G_0
315_1,-6.59075,2.6997,-3.70704,-5.28209,0.913049,2.30145,10.3325,1.43,97,0.285158,-6.51287,2.64098,-3.77493,-5.20185,0.806573,2.13455,7.81778,1.45475,97,0.19681,-6.58466,2.63299,-3.71834,-5.17364,0.837102,2.53225,7.76891,1.43205,97,0.0796209,0.148107,0.198303,0.370879,0.630893,0.205934,1.41571,2.19888,0.104422,0,0.322145,NBA,2,Omicron,3,Boosted,0,G_NBA,G_0
534_1,-6.69818,2.14543,-3.66055,-6.13348,0.690132,2.22277,11.1857,1.40668,97,0.182929,-6.68425,2.1274,-3.70224,-6.15782,0.697663,2.14279,10.6675,1.39395,97,0.20255,-6.72423,2.14653,-3.7007,-5.91402,0.655606,1.80125,8.26426,1.4087,97,0.084413,0.148845,0.188426,0.332793,0.880133,0.247736,1.64312,4.19318,0.114668,0,0.265006,NBA,2,Omicron,3,Boosted,0,G_NBA,G_0
1789_1,-6.72259,2.146,-3.66152,-5.9137,1.57628,2.36799,11.9844,1.37754,97,0.169011,-6.73821,2.13847,-3.68157,-5.70391,1.35624,1.98385,9.29687,1.38271,97,0.202827,-6.79725,2.18376,-3.70363,-4.89946,1.23059,1.71789,8.60819,1.37279,97,0.0956766,0.12231,0.128129,0.326982,1.11852,0.549916,1.30739,4.04284,0.108974,0,0.35451,NBA,1,Omicron,3,Boosted,0,G_NBA,G_0
2947_2,-6.67604,2.65344,-3.75872,-2.8515,0.84706,3.5079,7.52442,1.43387,97,0.170866,-6.65074,2.6324,-3.8064,-2.93821,0.868927,3.08944,6.98753,1.44313,97,0.256724,-6.70086,2.54663,-3.8112,-2.95407,0.746794,2.63131,4.87257,1.42806,97,0.0787072,0.176852,0.344206,0.317572,0.839988,0.491251,2.38805,4.94294,0.121701,0,0.519094,NBA,1,Omicron,2,Second dose,0,G_NBA,G_0
2017_1,-6.64112,2.43701,-3.63136,-5.346,0.657735,2.54337,12.2364,1.42402,97,0.184319,-6.66384,2.45901,-3.59327,-5.24919,0.618976,2.37276,11.8248,1.4288,97,0.17463,-6.63933,2.39414,-3.6753,-5.32897,0.60621,1.95621,10.0959,1.4243,97,0.0908569,0.16841,0.207895,0.33793,0.663966,0.22913,1.59235,5.18057,0.113221,0,0.205613,NBA,1,Omicron,3,Boosted,0,G_NBA,G_0
2995_2,-6.58116,2.59053,-3.5498,-3.29056,0.395173,1.98715,14.9436,1.43489,97,0.182992,-6.64004,2.58432,-3.57637,-3.36527,0.387512,2.76381,13.2556,1.44941,97,0.177623,-6.62468,2.51381,-3.69992,-3.48429,0.389379,2.23804,9.60623,1.43621,97,0.0708341,0.155137,0.196186,0.322123,0.506212,0.140991,2.01546,4.62768,0.123433,0,0.297268,NBA,1,Omicron,3,Boosted,0,G_NBA,G_0
1864_1,-6.72595,2.05348,-3.63242,-5.70018,0.753132,2.19526,12.7584,1.41399,97,0.175905,-6.72431,2.08581,-3.61319,-5.36984,0.684109,2.13377,13.56,1.37557,97,0.166202,-6.78344,2.07992,-3.70141,-5.30742,0.704135,2.26572,9.75271,1.4361,97,0.079899,0.183583,0.180849,0.345626,0.821371,0.283,1.39882,5.27233,0.0985336,0,0.2404,NBA,3,Omicron,3,Boosted,0,G_NBA,G_0
109_1,-6.66618,2.25798,-3.72652,-5.44037,0.663574,3.31781,8.02458,1.4083,97,0.245,-6.66941,2.21523,-3.6888,-5.46563,0.635263,3.31865,7.81654,1.41653,97,0.121845,-6.69358,2.26066,-3.74112,-5.18237,0.596615,3.01629,7.81535,1.41688,97,0.0765375,0.138097,0.1656,0.304546,0.945492,0.235609,2.02736,1.05909,0.109133,0,0.312919,NBA,1,Delta,2,Second dose,0,G_NBA,G_0
3038_2,-6.7566,2.17946,-3.79003,-5.1268,1.32191,3.44197,6.23856,1.39213,97,0.246408,-6.77349,2.11184,-3.79788,-4.85669,0.821051,3.58951,5.14353,1.42108,97,0.178392,-6.77384,2.14891,-3.81891,-4.41135,0.605237,3.4064,4.51472,1.39213,97,0.0807116,0.137801,0.203923,0.376739,0.938468,0.675267,1.48812,3.82489,0.118476,0,0.352045,NBA,1,Omicron,3,Boosted,0,G_NBA,G_0
2337_1,-6.73191,2.09989,-3.6075,-6.01083,0.40351,1.6913,15.9527,1.37768,97,0.168435,-6.73749,2.1087,-3.63057,-6.23461,0.434948,2.23465,15.5421,1.38899,97,0.15697,-6.73698,2.09614,-3.63849,-6.0849,0.438295,2.09171,12.1157,1.39118,97,0.07142,0.147933,0.153521,0.291374,0.649301,0.109211,1.18253,4.21292,0.0831536,0,0.173874,NBA,2,Omicron,3,Boosted,0,G_NBA,G_0
1719_1,-6.79378,2.32415,-3.62012,-2.76058,0.375536,2.42494,14.2094,1.42718,97,0.17859,-6.68406,2.31663,-3.54019,-2.85786,0.435398,2.42239,15.2971,1.39888,97,0.17632,-6.78194,2.17999,-3.67963,-3.11016,0.406625,1.93011,10.0373,1.40318,97,0.0849623,0.1587,0.272757,0.33062,0.532036,0.174545,1.80142,7.16119,0.10006,0,0.292714,NBA,1,Omicron,2,Second dose,0,G_NBA,G_0
911_1,-6.76126,1.81539,-3.72569,-6.48187,0.660879,3.91764,9.32897,1.4134,97,0.18721,-6.80811,1.87028,-3.65814,-6.01621,0.513387,5.12803,9.33727,1.40805,97,0.188987,-6.791,1.85682,-3.6905,-5.72045,0.42775,4.64923,9.43762,1.40177,97,0.0863493,0.165906,0.177372,0.310688,0.685361,0.248167,2.6203,0.497309,0.114957,0,0.300465,NBA,2,Omicron,3,Boosted,0,G_NBA,G_0
1911_1,-6.64981,2.61397,-3.75023,-3.35158,0.702421,2.44385,11.3723,1.4272,97,0.150495,-6.64765,2.59816,-3.70828,-3.28449,0.658829,2.5088,10.8598,1.42152,97,0.162187,-6.67269,2.54416,-3.68005,-3.45923,0.698243,1.98313,10.0481,1.42415,97,0.0853445,0.157494,0.248031,0.324994,0.52404,0.242,2.05057,4.5845,0.108156,0,0.202985,NBA,1,Omicron,2,Second dose,0,G_NBA,G_0
1176_1,-6.60818,2.56657,-3.53995,-3.7666,0.393125,2.48217,13.7863,1.40932,97,0.135745,-6.61484,2.53708,-3.61748,-3.94047,0.428138,2.46083,16.867,1.42903,97,0.147737,-6.61609,2.46942,-3.67095,-3.95405,0.398996,2.09034,9.65071,1.43171,97,0.0647236,0.160443,0.185857,0.25562,0.640309,0.139302,1.68065,8.05844,0.0954896,0,0.197971,NBA,2,Omicron,3,Boosted,0,G_NBA,G_0
2229_2,-6.61539,2.56486,-3.73778,-3.97262,0.772493,2.81602,9.1785,1.41896,97,0.127499,-6.62679,2.4978,-3.73083,-4.31296,0.883918,2.67177,9.7255,1.42451,97,0.196652,-6.67475,2.50825,-3.70752,-4.27457,0.883751,2.67849,8.94909,1.42014,97,0.0933501,0.156443,0.221619,0.307005,0.639519,0.225563,1.89748,4.00935,0.0963561,0,0.311847,NBA,1,Omicron,2,Second dose,0,G_NBA,G_0
106_1,-6.61696,2.51436,-3.77339,-4.17508,0.496409,2.70315,6.66904,1.45565,97,0.14497,-6.59407,2.52146,-3.8068,-4.35571,0.598031,2.36447,6.74079,1.42679,97,0.170304,-6.63598,2.47399,-3.76042,-4.19127,0.471344,2.34279,6.65654,1.42287,97,0.109387,0.148985,0.201691,0.355309,0.772034,0.277199,1.26823,1.04359,0.11249,0,0.277188,NBA,2,Omicron,3,Boosted,0,G_NBA,G_0
2798_1,-6.62109,2.44857,-3.64429,-5.52453,1.82883,2.12274,12.7936,1.40386,97,0.218641,-6.61636,2.43756,-3.81237,-5.0594,1.37007,2.07123,8.63724,1.43978,97,0.205291,-6.69172,2.50536,-3.69918,-4.96416,1.70832,1.29754,8.51611,1.41717,97,0.0664679,0.149096,0.210312,0.333752,1.0238,0.504853,1.97969,4.92001,0.115582,0,0.32941,NBA,2,Omicron,3,Boosted,0,G_NBA,G_0
2058_1,-6.64735,2.63409,-3.65034,-2.59831,1.00357,2.269,14.0101,1.4242,97,0.256263,-6.7185,2.65489,-3.60207,-2.6669,1.02478,2.33214,13.1015,1.44255,97,0.192395,-6.69683,2.68201,-3.66067,-2.52867,1.00186,1.98924,10.1191,1.43152,97,0.0855382,0.147772,0.221264,0.305218,0.503962,0.216077,1.78807,5.78628,0.0920886,0,0.350625,NBA,2,Omicron,2,Second dose,0,G_NBA,G_0
498_1,-6.71066,2.26908,-3.69493,-4.6027,0.774703,2.4406,7.94301,1.42114,97,0.257466,-6.71921,2.30281,-3.71458,-4.26316,0.645165,2.58433,7.39721,1.37956,97,0.160741,-6.72777,2.25401,-3.74984,-4.27632,0.586001,2.15029,7.15287,1.40088,97,0.0927353,0.147426,0.162089,0.299525,0.452112,0.201042,1.71089,0.996339,0.123903,0,0.230351,NBA,2,Omicron,3,Boosted,0,G_NBA,G_0
1806_1,-6.95467,1.63843,-3.822,-6.45236,0.868923,2.05823,5.67645,1.42345,97,0.103011,-6.92964,1.63488,-3.78965,-7.15825,1.54231,2.37125,10.7402,1.45526,97,0.209128,-6.93805,1.62309,-3.6831,-7.39194,1.44178,2.05227,9.9409,1.42214,97,0.117113,0.161534,0.186236,0.389017,1.10134,0.531473,1.455,4.26987,0.12302,0,0.215507,NBA,1,Omicron,3,Boosted,0,G_NBA,G_0
12_1,-6.63814,2.55747,-3.6106,-3.57173,0.392496,2.35465,12.5269,1.44837,97,0.0981112,-6.59861,2.53422,-3.65087,-3.65332,0.427669,2.38044,14.578,1.44026,97,0.19913,-6.64142,2.46711,-3.67859,-3.73399,0.410872,2.06835,10.1186,1.4302,97,0.0792361,0.189323,0.272855,0.326321,0.586119,0.130172,1.5262,5.0151,0.112979,0,0.317201,NBA,1,Omicron,3,Boosted,0,G_NBA,G_0
1416_1,-6.65084,2.61144,-3.63352,-4.31078,1.37452,2.4293,14.0141,1.43672,97,0.19439,-6.6197,2.64685,-3.64995,-4.30757,1.36131,2.3771,12.6631,1.43522,97,0.141733,-6.67729,2.58856,-3.72319,-4.33054,1.35825,1.96689,7.99064,1.42397,97,0.0730222,0.150607,0.222058,0.320771,0.82404,0.262156,1.87075,5.40171,0.108515,0,0.178243,NBA,2,Omicron,3,Boosted,0,G_NBA,G_0
586_1,-6.57155,2.65452,-3.57624,-5.0692,0.962947,2.8368,14.9904,1.47934,97,0.209593,-6.51485,2.63135,-3.58296,-4.92894,0.888386,2.01401,14.285,1.42796,97,0.158875,-6.59914,2.65267,-3.67967,-4.73927,0.905892,1.81001,10.062,1.43357,97,0.0953291,0.145387,0.221542,0.318585,0.769752,0.20282,1.19907,5.75926,0.113491,0,0.204639,NBA,1,Delta,2,Second dose,0,G_NBA,G_0
568_1,-6.71674,2.22872,-3.64227,-4.75764,0.770861,2.47115,13.3046,1.39851,97,0.140867,-6.71469,2.23915,-3.66579,-4.73038,0.758712,2.15581,11.0121,1.39639,97,0.12585,-6.74982,2.23794,-3.68009,-4.6685,0.804131,1.98336,10.0425,1.39983,97,0.0853482,0.124346,0.163443,0.367775,0.856378,0.326099,1.67587,5.12065,0.10991,0,0.161971,NBA,2,Omicron,3,Boosted,0,G_NBA,G_0
171_1,-6.56231,2.43371,-3.62394,-5.17367,0.48982,2.27239,15.4183,1.42046,97,0.180439,-6.55886,2.44439,-3.7021,-5.34488,0.502619,2.41314,15.0108,1.43028,97,0.16215,-6.60637,2.4683,-3.6392,-5.10217,0.506137,1.9891,11.7602,1.4275,97,0.084552,0.15249,0.227008,0.353187,0.732853,0.0973035,1.91942,4.56446,0.109842,0,0.274201,NBA,2,Omicron,3,Boosted,0,G_NBA,G_0
444_1,-6.66473,2.48234,-3.72645,-5.29225,1.08947,2.19198,12.8145,1.41107,97,0.148366,-6.67161,2.51358,-3.656,-5.32124,1.08143,2.36327,12.2576,1.4219,97,0.169435,-6.66487,2.44112,-3.68723,-5.15153,1.05899,2.0317,9.91687,1.40797,97,0.0881158,0.150988,0.199315,0.27899,0.783318,0.211131,1.70771,5.9652,0.125891,0,0.241307,NBA,2,Delta,2,Second dose,0,G_NBA,G_0
96_1,-6.77552,1.97724,-3.68616,-6.4404,0.943009,1.91513,10.1231,1.40394,97,0.188477,-6.82012,2.01598,-3.79673,-6.32184,0.926939,1.81739,8.90909,1.45385,97,0.134329,-6.80357,1.97927,-3.77567,-6.38828,0.814886,1.27169,6.00408,1.41571,97,0.0981973,0.148328,0.159235,0.329882,0.893487,0.372981,1.40144,4.38366,0.100217,0,0.161346,NBA,1,Delta,2,Second dose,0,G_NBA,G_0
2530_1,-6.64227,2.32208,-3.73502,-5.65522,0.839434,2.00757,12.0674,1.42973,97,0.163165,-6.66003,2.38583,-3.58669,-5.28531,0.782727,1.93679,14.997,1.40113,97,0.22172,-6.67435,2.38394,-3.68214,-5.2339,0.842328,1.98236,10.0325,1.41751,97,0.085381,0.161931,0.206682,0.315291,0.836649,0.206788,1.30351,6.49746,0.107108,0,0.41706,NBA,2,Omicron,3,Boosted,0,G_NBA,G_0
343_1,-6.70785,2.27051,-3.7771,-5.62146,0.741981,3.45468,7.76371,1.41448,97,0.112687,-6.69199,2.27606,-3.7736,-5.87838,0.848416,3.29668,7.79815,1.40478,97,0.174402,-6.68869,2.32164,-3.72747,-5.44993,0.804883,3.15154,7.9844,1.41203,97,0.0869924,0.157773,0.182741,0.34747,0.790198,0.295815,2.00744,1.8516,0.096457,0,0.231098,NBA,1,Omicron,2,Second dose,0,G_NBA,G_0
2345_1,-6.64236,2.24913,-3.64517,-4.94336,0.47548,2.08327,13.7383,1.38399,97,0.317835,-6.68034,2.24435,-3.65375,-4.86623,0.451552,2.67795,13.1877,1.39947,97,0.154293,-6.67115,2.26104,-3.68545,-4.70338,0.419985,2.04103,9.50569,1.41161,97,0.0840769,0.197224,0.23038,0.348688,0.641802,0.154444,2.57057,5.10475,0.1075,0,0.200838,NBA,1,Omicron,3,Boosted,0,G_NBA,G_0
2187_1,-6.52143,2.66398,-3.66261,-5.22077,0.583069,2.18358,12.7836,1.46347,97,0.208056,-6.51234,2.63008,-3.73584,-5.19498,0.571088,2.34569,11.6168,1.46043,97,0.137458,-6.55189,2.62515,-3.68646,-5.14026,0.561947,2.03201,9.71516,1.44398,97,0.0742573,0.143956,0.167576,0.328697,0.560067,0.128405,1.69155,3.96907,0.116059,0,0.200801,NBA,2,Omicron,3,Boosted,0,G_NBA,G_0
1947_1,-6.71278,2.29221,-3.76292,-5.67275,1.21282,2.83399,8.7724,1.39682,97,0.225692,-6.6742,2.19512,-3.85933,-6.05349,1.04659,2.39884,5.46757,1.41013,97,0.210429,-6.71054,2.26284,-3.83441,-5.745,0.940337,2.26491,4.75703,1.41056,97,0.0943531,0.140657,0.196243,0.343506,0.832488,0.459565,1.18884,3.012,0.108845,0,0.312166,NBA,2,Delta,1,First dose,0,G_NBA,G_0
1947_2,-6.63307,2.22576,-3.86878,-6.35168,0.928522,5.88437,4.33408,1.40315,97,0.141672,-6.66606,2.23606,-3.7687,-6.26697,1.07038,5.77158,4.95565,1.42092,97,0.26609,-6.7243,2.27821,-3.84615,-5.96717,0.918705,5.11131,4.32801,1.41944,97,0.0821815,0.178009,0.182163,0.351804,0.922267,0.592585,3.78596,2.86899,0.115375,0,0.721331,NBA,2,Omicron,1,First dose,0,G_NBA,G_0
2731_1,-6.59088,2.72166,-3.74,-4.57973,1.61221,2.47893,9.01383,1.44947,97,0.196676,-6.60328,2.75035,-3.75749,-4.89702,1.66652,2.14334,9.30546,1.43398,97,0.1839,-6.62949,2.73786,-3.7039,-4.53807,1.77633,1.81784,9.59662,1.42164,97,0.112993,0.17651,0.240189,0.366102,1.24482,0.421059,1.43853,6.32599,0.111285,0,0.274462,NBA,2,Omicron,2,Second dose,0,G_NBA,G_0
2401_1,-6.69889,2.35191,-3.65437,-6.02229,1.04104,2.84823,8.77325,1.42542,97,0.144682,-6.69814,2.39932,-3.6626,-5.5518,0.889574,3.02208,8.15693,1.4112,97,0.183679,-6.66224,2.38783,-3.73613,-5.26307,0.912974,3.61917,8.81513,1.41014,97,0.105844,0.167819,0.197212,0.32734,0.874451,0.263875,2.28078,2.19305,0.12104,0,0.341303,NBA,1,Omicron,3,Boosted,0,G_NBA,G_0
1954_1,-6.59331,2.79731,-3.72588,-5.03528,1.60485,2.15702,9.73267,1.44364,97,0.145686,-6.56575,2.72802,-3.70686,-5.30069,1.76089,2.24604,10.9547,1.41892,97,0.156955,-6.61495,2.72957,-3.68891,-5.38637,1.95712,1.88052,9.98467,1.43219,97,0.0852162,0.133802,0.190323,0.362179,0.883673,0.430904,1.55624,5.28575,0.0999055,0,0.196929,NBA,2,Delta,2,Second dose,0,G_NBA,G_0
162_1,-6.63303,2.43756,-3.87467,-4.82117,1.1305,2.40045,6.82931,1.42259,97,0.181765,-6.67439,2.55109,-3.83968,-4.69963,1.26978,2.30928,7.17113,1.44367,97,0.176877,-6.69954,2.47781,-3.78781,-4.56864,1.16435,2.03326,5.32585,1.41725,97,0.0852131,0.182299,0.259942,0.30013,1.05279,0.515795,1.35586,3.53451,0.110012,0,0.224343,NBA,1,Omicron,3,Boosted,0,G_NBA,G_0
2664_1,-6.66864,2.40593,-3.76628,-4.33126,0.699119,2.40916,10.7077,1.42169,97,0.135268,-6.63684,2.45796,-3.70472,-4.12099,0.672455,2.08591,10.5781,1.41344,97,0.193894,-6.68549,2.43733,-3.68315,-4.2634,0.764993,1.98301,10.0289,1.41688,97,0.08539,0.139445,0.222651,0.335572,0.765916,0.259546,1.4426,4.83255,0.102213,0,0.33325,NBA,1,Omicron,3,Boosted,0,G_NBA,G_0
2400_1,-6.61422,2.26391,-3.67747,-4.69096,0.351044,2.33459,13.8115,1.42337,97,0.195497,-6.654,2.30819,-3.55962,-4.49354,0.325574,2.31084,14.3318,1.44627,97,0.204703,-6.65003,2.29134,-3.66474,-4.42353,0.290211,1.867,10.3795,1.42328,97,0.0693245,0.156032,0.197431,0.348487,0.595549,0.121133,1.62878,3.96109,0.0989992,0,0.45182,NBA,2,Omicron,3,Boosted,0,G_NBA,G_0
1287_1,-6.62077,2.46584,-3.71264,-5.7085,0.632101,2.41413,11.4181,1.41993,97,0.182544,-6.60278,2.41088,-3.66651,-5.58849,0.671776,2.41733,12.8981,1.4296,97,0.156462,-6.6419,2.45091,-3.7081,-5.49912,0.647376,1.85298,8.66952,1.41927,97,0.0834057,0.143897,0.171684,0.327711,0.661549,0.159746,1.83732,4.68955,0.119506,0,0.175613,NBA,1,Omicron,2,Second dose,0,G_NBA,G_0
152_1,-6.69559,2.37665,-3.75529,-5.9905,0.71024,1.76202,6.79871,1.40246,97,0.189008,-6.6456,2.32656,-3.77718,-6.06635,0.700811,1.87169,6.92344,1.40307,97,0.140912,-6.69021,2.37176,-3.76713,-5.88166,0.659013,1.81322,6.66383,1.41032,97,0.0863872,0.178137,0.199908,0.294685,0.653255,0.218704,0.661953,1.19733,0.122143,0,0.18934,NBA,1,Omicron,2,Second dose,0,G_NBA,G_0
2080_1,-6.86036,1.69472,-3.72887,-7.09336,0.846746,1.9421,10.35,1.44574,97,0.18799,-6.8648,1.69197,-3.70421,-7.19618,0.861678,2.37898,10.5725,1.46861,97,0.150772,-6.8866,1.69634,-3.68363,-6.85639,0.68883,1.81326,9.9538,1.4258,97,0.0786023,0.137166,0.165794,0.329648,0.695057,0.479572,1.0435,1.43317,0.137888,0,0.324766,NBA,3,Omicron,3,Boosted,0,G_NBA,G_0
2833_1,-6.62953,2.57683,-3.64486,-2.92487,0.596082,2.44388,11.7383,1.43349,97,0.156556,-6.68134,2.57538,-3.57837,-3.11877,0.650375,2.40234,12.7612,1.44103,97,0.228874,-6.69564,2.48974,-3.67904,-3.14203,0.606245,1.98335,10.0471,1.41969,97,0.085351,0.183098,0.335992,0.324797,0.723545,0.255522,1.44479,5.33615,0.108954,0,0.352782,NBA,1,Delta,2,Second dose,0,G_NBA,G_0
1897_1,-6.69485,2.07278,-3.68062,-5.68281,0.527468,4.30353,8.98731,1.40606,97,0.177295,-6.75618,2.13617,-3.77914,-5.90093,0.680558,3.36733,9.07422,1.4223,97,0.150899,-6.75307,2.09534,-3.6964,-5.70203,0.660987,3.53417,9.38216,1.40429,97,0.0910241,0.138947,0.157608,0.336957,0.795573,0.198086,1.74742,0.949201,0.120095,0,0.198974,NBA,1,Delta,2,Second dose,0,G_NBA,G_0
284_1,-6.72478,2.19383,-3.71976,-6.17883,0.619643,1.95833,12.4802,1.41525,97,0.158132,-6.74523,2.21984,-3.70757,-6.3091,0.636295,2.03963,11.5459,1.40684,97,0.114596,-6.77838,2.22894,-3.69991,-6.24564,0.673393,1.82536,8.85054,1.39756,97,0.0774844,0.192985,0.182698,0.339654,0.631674,0.212457,1.47416,5.07912,0.1159,0,0.104401,NBA,2,Omicron,3,Boosted,0,G_NBA,G_0
255_1,-6.66524,2.03201,-3.59215,-6.15383,0.484166,2.08868,14.5379,1.41248,97,0.189417,-6.70427,2.08243,-3.62371,-5.90251,0.452994,2.17122,13.9934,1.42434,97,0.184931,-6.74314,2.06458,-3.6547,-6.02582,0.508371,1.84477,11.084,1.42605,97,0.0821424,0.159594,0.18998,0.350188,0.678457,0.114401,1.4294,5.09817,0.109285,0,0.259565,NBA,3,Omicron,3,Boosted,0,G_NBA,G_0
1981_1,-6.79565,1.99015,-3.70356,-6.55253,0.977163,4.56274,7.59628,1.43645,97,0.22063,-6.75786,1.96257,-3.69416,-6.1451,0.727907,5.65164,7.64045,1.40685,97,0.130461,-6.77378,1.98189,-3.73445,-5.889,0.655514,5.4278,7.6553,1.41107,97,0.0869391,0.142856,0.205684,0.335757,0.821043,0.310122,2.63664,0.411425,0.115215,0,0.168389,NBA,2,Omicron,3,Boosted,0,G_NBA,G_0
2144_1,-6.75765,1.79598,-3.73206,-5.65737,0.668015,1.73916,10.5858,1.418,97,0.204084,-6.77001,1.82076,-3.67069,-5.51565,0.688506,2.06451,11.0641,1.4434,97,0.109134,-6.85596,1.90178,-3.67709,-5.35139,0.873925,2.06333,10.17,1.42554,97,0.0850866,0.129598,0.156793,0.271496,0.886756,0.385187,1.98067,5.35031,0.0992707,0,0.168457,NBA,1,Omicron,3,Boosted,0,G_NBA,G_0
2892_1,-6.93431,1.96001,-3.81077,-4.80619,0.67163,6.24534,4.65987,1.40151,97,0.225716,-6.83885,1.91649,-3.83382,-4.46496,0.544691,5.5524,4.76918,1.41334,97,0.117715,-6.85106,1.79529,-3.82599,-5.01944,0.484733,5.90196,4.7168,1.40696,97,0.0949051,0.130822,0.160445,0.299271,0.637202,0.299325,2.3125,0.401837,0.129306,0,0.116581,NBA,2,Omicron,3,Boosted,0,G_NBA,G_0
1971_1,-6.88662,1.78828,-3.57958,-6.96643,0.593192,2.41752,15.3515,1.3917,97,0.149333,-6.8638,1.76591,-3.64901,-7.01907,0.589106,2.1504,15.8936,1.39924,97,0.121463,-6.88962,1.78013,-3.65903,-6.85211,0.542108,1.95455,11.3265,1.40956,97,0.0767629,0.117858,0.1319,0.323778,0.676937,0.219454,1.07262,5.77607,0.108148,0,0.129973,NBA,1,Omicron,2,Second dose,0,G_NBA,G_0
2079_1,-6.7911,2.12837,-3.61768,-5.02876,0.783644,2.34596,13.1474,1.4177,97,0.16699,-6.77864,2.11679,-3.60329,-5.29487,0.821572,2.08166,13.0711,1.40313,97,0.157792,-6.78028,2.10326,-3.67364,-5.07989,0.842385,2.12282,10.1434,1.39431,97,0.0773722,0.152014,0.174128,0.355455,0.835622,0.326666,2.16224,5.80538,0.104863,0,0.208042,NBA,1,Omicron,3,Boosted,0,G_NBA,G_0
2532_1,-6.99926,1.87626,-3.72447,-6.27352,1.06483,4.57577,7.27618,1.41583,97,0.218895,-6.9998,1.82559,-3.76527,-6.29109,0.789549,4.4449,7.01302,1.43852,97,0.147795,-6.906,1.71459,-3.75072,-6.19801,0.705119,3.3012,6.93393,1.44957,97,0.0847941,0.113764,0.13421,0.263476,0.537681,0.319291,1.66984,0.460289,0.102722,0,0.175672,NBA,1,Omicron,2,Second dose,0,G_NBA,G_0
2523_1,-6.7394,1.96463,-3.67696,-6.78806,0.92082,2.15486,10.9335,1.39902,97,0.217889,-6.78518,2.00597,-3.69981,-6.64867,0.772308,1.64758,10.0486,1.40586,97,0.16896,-6.81764,2.04144,-3.71353,-6.40294,0.743713,1.4173,7.35308,1.39563,97,0.0708461,0.110422,0.136388,0.288496,0.742153,0.286691,1.11042,8.00111,0.120547,0,0.269223,NBA,2,Delta,2,Second dose,0,G_NBA,G_0
2811_1,-6.63811,2.41649,-3.65633,-5.52091,0.423159,1.3874,11.7052,1.3776,97,0.180182,-6.64309,2.33794,-3.58279,-6.04334,0.482443,1.86252,14.8039,1.41999,97,0.156515,-6.63593,2.37616,-3.67968,-5.58243,0.411141,1.56021,10.4256,1.40108,97,0.0926775,0.151252,0.192864,0.339011,0.66381,0.115578,1.078,7.21784,0.118842,0,0.191649,NBA,1,Omicron,3,Boosted,0,G_NBA,G_0
1002_2,-6.85825,2.03381,-3.7664,-4.15524,0.493209,2.2965,5.78878,1.40282,97,0.294334,-6.80804,1.96199,-3.70994,-4.62711,0.847921,2.3161,7.0437,1.40544,97,0.261056,-6.85214,1.97558,-3.78176,-4.5342,0.72535,2.07403,5.96376,1.40031,97,0.0875052,0.14835,0.195058,0.383593,0.523837,0.469698,1.30509,3.54662,0.120148,0,0.533639,NBA,1,Omicron,3,Boosted,0,G_NBA,G_0
495_1,-6.61397,2.44874,-3.63519,-5.29444,0.702138,2.34254,13.9892,1.40629,97,0.213408,-6.6171,2.45113,-3.65745,-5.05674,0.674178,2.20936,12.8611,1.39828,97,0.164304,-6.63629,2.47717,-3.68343,-5.14181,0.767798,1.93525,10.0433,1.38917,97,0.0857777,0.169536,0.222828,0.306235,0.65343,0.164054,2.10483,4.78228,0.0997798,0,0.218341,NBA,2,Omicron,3,Boosted,0,G_NBA,G_0
2772_1,-6.60293,2.55541,-3.62986,-5.78464,0.747151,2.68231,13.3429,1.43961,97,0.215275,-6.62335,2.67819,-3.68517,-5.49772,0.713406,2.19252,11.3058,1.43995,97,0.127011,-6.60847,2.56785,-3.70043,-5.39359,0.653513,2.08496,8.27521,1.42474,97,0.0886959,0.14236,0.22528,0.328534,0.727788,0.149287,1.4433,4.92045,0.123935,0,0.137726,NBA,2,Delta,2,Second dose,0,G_NBA,G_0
1301_1,-6.65249,2.3506,-3.7732,-4.78491,1.19861,2.60836,8.56989,1.39587,97,0.123874,-6.75439,2.44234,-3.76728,-4.29272,0.966748,2.87727,7.87897,1.38811,97,0.134965,-6.72359,2.36883,-3.76488,-4.13623,0.838921,2.3886,6.42188,1.39907,97,0.0855809,0.142314,0.193869,0.342883,0.983607,0.482169,2.08471,4.24287,0.0988501,0,0.248259,NBA,2,Omicron,3,Boosted,0,G_NBA,G_0
710_1,-6.81438,1.85955,-3.65554,-5.64969,0.453928,3.22508,12.1078,1.39004,97,0.182798,-6.74811,1.79448,-3.68966,-6.03234,0.52682,4.08932,12.3166,1.40622,97,0.193192,-6.81303,1.8561,-3.65794,-5.57254,0.458582,3.36289,12.273,1.40248,97,0.0945659,0.112066,0.119392,0.38222,0.805048,0.167332,2.73623,0.794004,0.110596,0,0.252243,NBA,2,Omicron,3,Boosted,0,G_NBA,G_0
2957_1,-6.56091,2.67818,-3.71356,-5.36303,0.918246,1.84919,11.4023,1.44251,97,0.116169,-6.59749,2.71863,-3.66376,-5.42123,1.01559,2.67729,13.8984,1.41827,97,0.118921,-6.59685,2.64908,-3.69981,-5.29068,1.00211,2.14182,9.3697,1.43221,97,0.0792915,0.134351,0.240483,0.329169,0.748491,0.160377,2.1081,5.97431,0.102297,0,0.148077,NBA,3,Omicron,3,Boosted,0,G_NBA,G_0
980_1,-6.64803,2.18217,-3.62327,-5.64431,0.609048,2.32906,12.8069,1.4324,97,0.177171,-6.67133,2.21602,-3.6939,-5.54181,0.560327,1.97615,12.5004,1.42331,97,0.131327,-6.6944,2.22592,-3.67332,-5.1968,0.527059,1.65801,10.3139,1.40559,97,0.0846587,0.165741,0.22079,0.409162,0.943591,0.179147,1.37619,4.83666,0.116834,0,0.157786,NBA,2,Omicron,3,Boosted,0,G_NBA,G_0
2272_1,-6.73294,2.19328,-3.63769,-5.00655,0.495158,2.40356,13.0178,1.40219,97,0.18268,-6.74042,2.13823,-3.65374,-5.13194,0.522178,2.13578,12.8606,1.41293,97,0.177643,-6.71841,2.14086,-3.71795,-4.87585,0.434966,1.84925,9.0032,1.39295,97,0.0818769,0.156739,0.208496,0.286773,0.844372,0.247704,1.402,4.58279,0.107986,0,0.228444,NBA,2,Omicron,3,Boosted,0,G_NBA,G_0
1842_1,-6.70233,2.3716,-3.63533,-5.85519,1.38427,2.45025,10.8514,1.41052,97,0.154866,-6.66823,2.3672,-3.7687,-5.1713,0.980268,2.65286,6.22698,1.42099,97,0.224907,-6.71323,2.35509,-3.75909,-4.85485,0.919873,2.20384,6.52546,1.40855,97,0.100393,0.167457,0.210765,0.340661,0.797617,0.32611,1.95871,1.46164,0.121621,0,0.31504,NBA,1,Omicron,3,Boosted,0,G_NBA,G_0
2453_1,-6.60323,2.42767,-3.60488,-4.32262,0.533465,2.37545,15.2134,1.42182,97,0.150158,-6.63899,2.46772,-3.67932,-4.32707,0.55356,2.35934,13.9061,1.43014,97,0.152357,-6.65522,2.42496,-3.70244,-4.35499,0.535578,2.06434,9.71718,1.42155,97,0.0738178,0.164338,0.267613,0.316627,0.65535,0.162546,1.57359,4.70712,0.103657,0,0.194794,NBA,2,Omicron,3,Boosted,0,G_NBA,G_0
2904_1,-6.81405,1.99219,-3.70715,-6.55322,0.557382,1.95108,12.0042,1.41318,97,0.155684,-6.80227,1.98428,-3.62991,-6.54989,0.55087,2.20134,13.2033,1.38685,97,0.183721,-6.79873,1.97384,-3.66826,-6.33186,0.493759,1.78675,8.98766,1.39587,97,0.0868658,0.138232,0.164928,0.344814,0.651472,0.176758,1.52448,6.02294,0.108793,0,0.331188,NBA,2,Omicron,3,Boosted,0,G_NBA,G_0
2236_2,-6.70661,2.30925,-3.78496,-5.42914,1.0178,2.48839,6.29574,1.4122,97,0.208227,-6.70773,2.33309,-3.76581,-5.23009,1.17491,2.63578,7.65284,1.3763,97,0.166144,-6.70351,2.30931,-3.80594,-5.08869,1.06888,2.22839,5.68027,1.39517,97,0.0858518,0.138845,0.163054,0.273557,0.967541,0.484739,2.4735,4.63466,0.107681,0,0.20274,NBA,2,Omicron,3,Boosted,0,G_NBA,G_0
157_1,-6.73796,2.22114,-3.69893,-4.92475,0.652551,2.28453,9.82026,1.40761,97,0.148786,-6.74269,2.21464,-3.64076,-4.56544,0.571411,2.41249,9.8976,1.40556,97,0.215245,-6.73532,2.20898,-3.68675,-4.43946,0.54378,2.05938,9.63514,1.39381,97,0.0910522,0.133884,0.18569,0.377657,0.626971,0.193295,1.54803,1.71733,0.105859,0,0.34258,NBA,2,Omicron,3,Boosted,0,G_NBA,G_0
1013_1,-6.63053,2.70938,-3.7486,-3.68147,0.826659,2.5712,7.6997,1.44303,97,0.16952,-6.63017,2.65397,-3.75621,-3.93567,0.927404,2.1753,7.535,1.4507,97,0.235009,-6.6459,2.58313,-3.75535,-3.98712,0.877403,1.93022,6.89027,1.42364,97,0.0964254,0.166305,0.209871,0.347798,0.581029,0.302105,1.31722,2.712,0.113018,0,0.356124,NBA,2,Omicron,3,Boosted,0,G_NBA,G_0
2907_1,-6.6058,2.65781,-3.6033,-5.03542,0.681788,2.46891,13.5896,1.43006,97,0.206443,-6.57846,2.58423,-3.68953,-5.15731,0.663616,2.11431,13.0683,1.44679,97,0.254785,-6.59919,2.57461,-3.67805,-5.08249,0.711483,1.92503,10.0448,1.43024,97,0.0838964,0.131351,0.210606,0.339693,0.650531,0.177693,1.14184,4.95532,0.104594,0,0.491582,NBA,2,Omicron,3,Boosted,0,G_NBA,G_0
248_1,-6.77758,2.04779,-3.83964,-4.93234,0.920861,2.52138,5.84254,1.42617,97,0.189934,-6.82243,2.04732,-3.82819,-4.75051,0.803229,2.96451,6.48223,1.37475,97,0.187043,-6.85108,1.905,-3.78986,-4.86896,0.665689,2.47918,5.80878,1.39009,97,0.0939445,0.166288,0.30067,0.325293,1.03295,0.517628,2.27367,2.4775,0.106041,0,0.219495,NBA,2,Omicron,3,Boosted,0,G_NBA,G_0
2359_1,-6.75743,2.23689,-3.86432,-3.87238,0.714925,3.88433,5.18363,1.40101,97,0.176022,-6.74919,2.22871,-3.85156,-4.39024,1.22199,3.00105,5.8538,1.40633,97,0.196039,-6.78431,2.24892,-3.84929,-4.11645,0.933603,3.21439,4.2953,1.39482,97,0.0756528,0.169375,0.210936,0.325373,1.01016,0.877721,1.60781,3.33996,0.105632,0,0.342861,NBA,2,Omicron,3,Boosted,0,G_NBA,G_0
2311_1,-6.71661,2.22759,-3.61008,-4.55675,0.558244,2.17041,14.5067,1.40854,97,0.169572,-6.66158,2.19336,-3.5983,-4.68731,0.599492,2.11436,14.2508,1.38662,97,0.142457,-6.73996,2.23912,-3.69088,-4.50686,0.587631,1.67692,10.2284,1.4104,97,0.0786705,0.19167,0.214979,0.324397,0.620813,0.193888,1.7546,5.8986,0.0946374,0,0.220131,NBA,2,Omicron,3,Boosted,0,G_NBA,G_0
3010_1,-6.73335,2.06078,-3.77689,-6.11374,0.84358,1.94203,6.9364,1.40819,97,0.168962,-6.75545,2.09638,-3.65622,-6.23298,1.11518,2.36633,8.58114,1.37964,97,0.145161,-6.76552,2.09901,-3.7661,-5.91683,0.994394,1.92029,7.2598,1.41241,97,0.0797468,0.11606,0.134496,0.319749,0.952147,0.542361,1.54577,4.09685,0.0992976,0,0.175485,NBA,1,Omicron,2,Second dose,0,G_NBA,G_0
2415_1,-6.78232,2.18179,-3.72096,-5.84114,0.859389,1.96417,12.7555,1.38839,97,0.275607,-6.7601,2.16248,-3.5734,-5.9353,0.906884,2.83045,14.9859,1.40726,97,0.192874,-6.75573,2.13618,-3.68769,-5.69397,0.881052,2.11917,10.0417,1.3847,97,0.085221,0.150543,0.170092,0.361614,0.738661,0.192375,1.69376,6.86997,0.127891,0,0.236528,NBA,1,Delta,2,Second dose,0,G_NBA,G_0
1948_1,-6.69192,2.16842,-3.64657,-6.30163,0.646863,2.42196,13.3388,1.34882,97,0.153192,-6.73675,2.20213,-3.62106,-6.19322,0.636937,2.24631,13.3372,1.38471,97,0.163261,-6.73549,2.18081,-3.68887,-6.07389,0.645327,1.98322,9.38838,1.37321,97,0.0828148,0.128839,0.141364,0.31153,0.564968,0.156811,1.6136,4.99966,0.103448,0,0.224154,NBA,2,Omicron,3,Boosted,0,G_NBA,G_0
1694_1,-6.68967,2.12598,-3.74821,-5.23448,0.555383,2.44801,7.79326,1.42951,97,0.193486,-6.70263,2.09928,-3.74136,-5.29903,0.539696,2.90074,7.94847,1.41465,97,0.153946,-6.69231,2.25437,-3.72324,-4.69141,0.470003,2.69804,8.18711,1.40896,97,0.0897863,0.1748,0.271602,0.324057,0.839576,0.246943,1.38496,1.04895,0.0961738,0,0.212932,NBA,2,Omicron,3,Boosted,0,G_NBA,G_0
1791_1,-6.68501,2.50523,-3.64166,-5.90376,0.539627,1.98104,14.3077,1.41066,97,0.150219,-6.69754,2.46386,-3.62127,-5.94248,0.545838,2.248,14.4633,1.42027,97,0.185487,-6.67333,2.45136,-3.66788,-5.82116,0.525127,1.88663,10.9457,1.41004,97,0.0944855,0.16084,0.182637,0.305221,0.588682,0.109771,1.6905,5.69266,0.110169,0,0.258191,NBA,1,Omicron,2,Second dose,0,G_NBA,G_0
1067_2,-6.63106,2.65096,-3.77697,-4.146,1.67373,4.33928,7.27719,1.43829,97,0.173973,-6.6482,2.65068,-3.82568,-4.47135,1.97539,2.80122,7.54724,1.41259,97,0.200286,-6.69742,2.6275,-3.69759,-4.45892,2.26729,2.07063,10.047,1.4171,97,0.0845768,0.174453,0.23537,0.309912,1.0416,0.87956,1.73524,5.07776,0.0914412,0,0.482548,NBA,1,Omicron,2,Second dose,0,G_NBA,G_0
2982_1,-6.54545,2.61879,-3.6429,-4.3512,0.695754,2.45465,12.5941,1.43129,97,0.158345,-6.63397,2.65767,-3.5977,-4.56188,0.766041,2.16948,12.9939,1.44877,97,0.159076,-6.61086,2.5878,-3.68139,-4.42791,0.743733,2.04442,9.88905,1.43633,97,0.0869235,0.139825,0.183935,0.362483,0.876026,0.24868,1.52336,5.20828,0.118474,0,0.185114,NBA,3,Omicron,3,Boosted,0,G_NBA,G_0
2184_1,-6.7092,2.43913,-3.7205,-5.36035,1.64533,3.16726,7.97437,1.40025,97,0.221531,-6.65689,2.34422,-3.76831,-5.93431,1.85637,3.29226,7.4437,1.41286,97,0.134292,-6.70552,2.40315,-3.8401,-5.42644,1.6902,2.97207,4.38527,1.43544,97,0.0695003,0.129281,0.166285,0.373422,1.06772,0.88004,1.90088,5.99074,0.100433,0,0.162702,NBA,1,Omicron,3,Boosted,0,G_NBA,G_0
1875_1,-6.74355,2.18176,-3.63656,-3.05315,0.306444,2.43138,10.4274,1.40499,97,0.131055,-6.85366,1.88989,-3.66479,-4.4567,0.694047,2.49436,11.9918,1.43116,97,0.218469,-6.88075,1.8668,-3.68694,-4.44337,0.681848,2.16042,10.9484,1.42057,97,0.076348,0.155589,0.231061,0.310618,0.578747,0.291346,1.95494,4.60236,0.113919,0,0.463085,NBA,2,Omicron,3,Boosted,0,G_NBA,G_0
149_1,-6.67082,2.45028,-3.82039,-5.92144,0.90632,3.30852,6.83463,1.40086,97,0.179017,-6.63542,2.48625,-3.76863,-5.67002,0.837195,3.24135,6.78603,1.41584,97,0.178119,-6.67396,2.36307,-3.75895,-5.6432,0.787528,2.78545,6.72547,1.41194,97,0.0788799,0.172107,0.259906,0.328007,0.64826,0.249654,1.93698,0.829123,0.102676,0,0.282152,NBA,3,Omicron,3,Boosted,0,G_NBA,G_0
2888_1,-6.67696,2.46966,-3.60171,-3.68896,0.602831,2.04878,13.6365,1.42111,97,0.189709,-6.68608,2.43671,-3.66331,-3.90082,0.698231,2.07545,13.6847,1.39917,97,0.148876,-6.69864,2.42241,-3.68447,-3.92584,0.696261,1.96693,10.0666,1.41468,97,0.08603,0.176525,0.272371,0.358447,0.750242,0.231346,1.23268,6.13577,0.105502,0,0.236395,NBA,1,Omicron,3,Boosted,0,G_NBA,G_0
864_1,-6.59285,2.58577,-3.62517,-4.63177,1.11743,2.27481,10.6079,1.43832,97,0.121715,-6.63198,2.70564,-3.72258,-4.2529,1.13455,2.35529,11.3523,1.41364,97,0.156606,-6.64863,2.59883,-3.71592,-4.33217,1.11063,2.0625,8.86729,1.4183,97,0.0788555,0.125803,0.24591,0.299969,0.796059,0.242917,1.59681,4.98475,0.102237,0,0.23697,NBA,2,Omicron,3,Boosted,0,G_NBA,G_0
55_1,-6.69912,1.97526,-3.58245,-6.00969,0.66144,2.51102,13.9521,1.41916,97,0.197351,-6.75647,2.02048,-3.68758,-6.26034,0.753238,2.08163,14.5829,1.41433,97,0.184321,-6.75308,1.99726,-3.64767,-5.88983,0.71182,1.88522,10.6448,1.41135,97,0.0779077,0.149828,0.176834,0.343866,0.73154,0.242045,1.69517,7.81753,0.108368,0,0.390041,NBA,2,Omicron,3,Boosted,0,G_NBA,G_0
2384_2,-6.75447,1.99812,-3.70072,-6.51221,0.951894,1.97999,10.7824,1.39784,97,0.151948,-6.78743,2.02843,-3.64196,-6.65416,1.09128,1.8431,13.4108,1.42621,97,0.111618,-6.80648,2.03907,-3.6731,-6.02334,1.05375,1.67834,9.79438,1.42304,97,0.0854596,0.14921,0.172287,0.331796,0.946123,0.285132,1.39032,6.06613,0.0953095,0,0.136024,NBA,2,Omicron,3,Boosted,0,G_NBA,G_0
341_1,-6.613,2.78621,-3.67039,-4.87932,1.16907,2.20154,11.4481,1.43571,97,0.141752,-6.58452,2.7142,-3.70117,-5.16753,1.23072,2.23614,11.5113,1.43255,97,0.189067,-6.60568,2.67567,-3.71203,-4.96994,1.22802,1.82797,8.94107,1.43836,97,0.0852217,0.155464,0.202566,0.306971,0.886669,0.223419,1.51651,4.40871,0.11373,0,0.372905,NBA,1,Delta,0,Unvaccinated,0,G_NBA,G_0
1744_1,-6.90909,2.11299,-3.55246,-5.42648,1.24936,2.54137,16.563,1.38719,97,0.167192,-6.84389,2.02668,-3.71067,-5.58358,0.995112,1.41932,11.2823,1.37814,97,0.160422,-6.83153,1.99613,-3.63118,-4.88479,0.927742,1.17832,11.9426,1.4056,97,0.103934,0.133757,0.14924,0.268314,0.874468,0.365067,1.10749,6.59877,0.123745,0,0.219984,NBA,1,Delta,0,Unvaccinated,0,G_NBA,G_0
1744_2,-6.75085,2.45281,-3.84888,-4.06025,1.52822,3.12477,5.87032,1.40589,97,0.158733,-6.65492,2.39292,-3.7691,-4.68414,2.21516,2.8915,8.38217,1.38581,97,0.181815,-6.78189,2.5273,-3.69155,-4.13309,2.21464,1.88929,9.86529,1.38174,97,0.0919905,0.152712,0.201885,0.323823,1.08412,1.04343,1.75474,5.81877,0.105717,0,0.274011,NBA,1,Omicron,2,Second dose,0,G_NBA,G_0
1939_1,-6.6085,2.60683,-3.73924,-5.59678,1.45438,2.51352,8.20334,1.42597,97,0.180389,-6.6416,2.7358,-3.67093,-5.59982,1.80971,2.36715,10.981,1.43505,97,0.172939,-6.64993,2.66629,-3.68593,-5.74849,2.01666,1.96369,10.0413,1.42105,97,0.0853757,0.17158,0.204826,0.328935,0.786087,0.35252,1.50006,7.87693,0.0978082,0,0.226592,NBA,1,Omicron,2,Second dose,0,G_NBA,G_0
1884_2,-6.71431,1.92791,-3.86479,-7.11004,1.4996,2.11395,5.38365,1.38893,97,0.23625,-6.81341,1.97524,-3.93295,-6.50937,1.06538,2.30741,4.52637,1.39542,97,0.171817,-6.8135,1.96672,-3.83879,-6.19172,0.95228,2.20482,4.37876,1.3969,97,0.0822553,0.118578,0.116533,0.362417,0.85957,0.49947,0.896188,1.12404,0.0921217,0,0.283912,NBA,1,Omicron,2,Second dose,0,G_NBA,G_0
2074_1,-6.71435,2.31578,-3.67831,-4.55277,0.785231,2.1462,12.5885,1.39127,97,0.152149,-6.70586,2.27691,-3.64206,-4.68812,0.823406,2.20844,12.1726,1.39369,97,0.198953,-6.73618,2.29,-3.67641,-4.48087,0.775449,1.97164,10.1739,1.39597,97,0.0939223,0.157862,0.159948,0.332037,0.666608,0.275526,1.35421,5.75046,0.109813,0,0.33543,NBA,2,Omicron,3,Boosted,0,G_NBA,G_0
844_1,-6.69098,2.41825,-3.63022,-5.93995,0.808843,2.09315,13.7863,1.41836,97,0.148713,-6.73214,2.32362,-3.60748,-6.187,0.828027,1.87699,13.3814,1.42276,97,0.136087,-6.77097,2.20533,-3.66412,-6.28168,0.926968,2.05034,10.8026,1.40623,97,0.0895312,0.161267,0.271191,0.31328,0.582985,0.201334,1.2132,6.28029,0.103634,0,0.158288,NBA,3,Omicron,3,Boosted,0,G_NBA,G_0
2614_1,-6.72077,1.96055,-3.70791,-6.28583,0.724941,2.28098,12.075,1.41051,97,0.131709,-6.79616,2.05802,-3.63936,-6.0953,0.768357,2.42542,14.1059,1.41872,97,0.212997,-6.78005,2.03009,-3.67923,-6.0841,0.823692,1.98315,10.0465,1.40824,97,0.0853391,0.178936,0.187205,0.359589,0.772913,0.221954,1.47118,4.89676,0.104853,0,0.283036,NBA,2,Omicron,3,Boosted,0,G_NBA,G_0
2290_1,-6.61187,2.52669,-3.63508,-5.23112,1.30184,2.67126,12.5686,1.44285,97,0.148796,-6.62065,2.47181,-3.63709,-5.33075,1.24582,2.36158,12.3198,1.42577,97,0.14974,-6.67682,2.47038,-3.69494,-4.92974,1.19714,2.01176,8.99407,1.4163,97,0.0627523,0.139784,0.231461,0.350062,0.922277,0.311214,1.42179,6.25227,0.10582,0,0.410744,NBA,2,Omicron,3,Boosted,0,G_NBA,G_0
3016_2,-6.67152,2.22945,-3.65373,-5.85328,0.800099,2.04163,13.8648,1.40298,97,0.137811,-6.68299,2.27501,-3.67425,-5.5051,0.745176,1.98116,13.5386,1.3911,97,0.209387,-6.7214,2.22846,-3.69053,-5.5812,0.835034,1.93207,9.54425,1.39535,97,0.0934361,0.144256,0.208574,0.376859,0.821611,0.225451,1.30095,6.61869,0.121445,0,0.316053,NBA,1,Omicron,3,Boosted,0,G_NBA,G_0
1205_1,-6.78797,2.03679,-3.70099,-5.39949,0.538427,2.75271,13.7831,1.41775,97,0.16136,-6.76915,1.99046,-3.61699,-5.70138,0.549022,2.46513,13.6854,1.44094,97,0.145712,-6.78138,1.99337,-3.68254,-5.53858,0.572855,2.01666,9.70059,1.41706,97,0.0804367,0.165551,0.179551,0.266667,0.848934,0.222235,2.08133,5.46871,0.112796,0,0.188312,NBA,1,Omicron,3,Boosted,0,G_NBA,G_0
2991_1,-6.62799,2.69836,-3.53486,-3.75706,0.761191,2.38885,17.2686,1.43797,97,0.220601,-6.65815,2.58139,-3.53708,-3.89509,0.702338,2.22106,16.5434,1.46033,97,0.21375,-6.65633,2.60213,-3.58946,-3.75746,0.69985,1.93318,12.9807,1.42634,97,0.0704353,0.145711,0.209236,0.372691,0.754267,0.180875,1.55562,4.72036,0.108955,0,0.369897,NBA,1,Delta,2,Second dose,0,G_NBA,G_0
2991_2,-6.67176,2.44388,-3.68953,-3.89879,0.40163,3.27882,7.88413,1.42136,97,0.184936,-6.69205,2.49792,-3.75164,-3.7604,0.418402,3.22675,8.00655,1.42532,97,0.238825,-6.67259,2.3634,-3.71616,-3.96453,0.412348,3.43789,8.31761,1.41987,97,0.0890786,0.157858,0.239819,0.359168,0.588269,0.143889,1.58464,0.799789,0.109411,0,0.453949,NBA,1,Omicron,3,Boosted,0,G_NBA,G_0
1305_1,-6.65547,2.20136,-3.57311,-5.27708,0.611883,2.49522,17.0723,1.41797,97,0.158512,-6.69365,2.23861,-3.60406,-5.06509,0.559011,2.17137,14.9811,1.42489,97,0.207593,-6.70871,2.23648,-3.65901,-4.9884,0.546006,1.78285,10.4837,1.41029,97,0.0786755,0.156949,0.163073,0.289134,0.682561,0.181769,1.78211,5.98411,0.0968046,0,0.361926,NBA,2,Omicron,3,Boosted,0,G_NBA,G_0
656_1,-6.61974,2.53129,-3.5916,-5.08377,0.565112,2.39354,15.3436,1.44301,97,0.182323,-6.57544,2.49438,-3.569,-5.20052,0.542988,2.66538,15.1083,1.42414,97,0.158916,-6.61266,2.48785,-3.65678,-4.97783,0.535408,2.19337,10.9763,1.42783,97,0.0821441,0.177203,0.224839,0.304674,0.801566,0.138264,2.34524,5.97074,0.0991715,0,0.218926,NBA,2,Omicron,3,Boosted,0,G_NBA,G_0
2856_2,-6.72496,2.27018,-3.7494,-3.18726,0.635862,2.31706,9.14222,1.37944,97,0.181321,-6.75663,2.36706,-3.70379,-2.91697,0.60128,2.88729,9.24726,1.37207,97,0.190151,-6.74973,2.38916,-3.74395,-2.86475,0.587825,2.43638,7.98912,1.38348,97,0.0917657,0.183678,0.232704,0.345209,0.572285,0.274256,2.18993,4.01936,0.103977,0,0.220774,NBA,2,Omicron,2,Second dose,0,G_NBA,G_0
2768_1,-6.58989,2.65063,-3.73641,-5.04585,1.46894,2.38359,9.37391,1.43203,97,0.195953,-6.61298,2.62873,-3.75436,-4.9078,1.36442,2.26916,9.19341,1.45764,97,0.159041,-6.63961,2.62868,-3.75543,-4.64661,1.34485,1.97569,6.97656,1.42798,97,0.0862242,0.150843,0.208057,0.296977,0.8473,0.382605,1.45002,4.74508,0.101733,0,0.187218,NBA,1,Omicron,2,Second dose,0,G_NBA,G_0
1878_1,-6.79843,2.31512,-3.6486,-6.02392,0.443801,0.682229,9.00815,1.38486,97,0.194038,-6.72355,2.23152,-3.66035,-6.19257,0.512697,1.25468,13.8404,1.40359,97,0.157077,-6.71922,2.20651,-3.67968,-6.0166,0.34066,0.958007,8.2221,1.39274,97,0.0898168,0.152802,0.169195,0.282341,0.610392,0.186113,1.02779,8.96742,0.101512,0,0.197573,NBA,3,Omicron,3,Boosted,0,G_NBA,G_0
614_1,-6.64383,2.61375,-3.5814,-3.73182,1.02557,2.31741,14.0703,1.42049,97,0.187518,-6.65964,2.69599,-3.65204,-3.52176,1.02307,2.24393,13.6887,1.43549,97,0.116979,-6.69278,2.54938,-3.67975,-3.68642,0.985969,1.97607,10.0718,1.42213,97,0.0822176,0.151943,0.274134,0.320159,0.630229,0.262732,1.31228,5.79244,0.119911,0,0.132761,NBA,1,Omicron,2,Second dose,0,G_NBA,G_0
176_1,-6.76404,2.14905,-3.6682,-4.86977,0.654011,2.1451,11.5546,1.40714,97,0.178802,-6.73818,2.1091,-3.6691,-4.89184,0.647084,2.42756,11.304,1.41179,97,0.155259,-6.77397,2.09484,-3.68196,-4.84477,0.656731,2.02534,10.0847,1.41528,97,0.076786,0.157468,0.236938,0.320263,0.716469,0.292583,1.78253,5.12727,0.120413,0,0.157754,NBA,1,Omicron,3,Boosted,0,G_NBA,G_0
1749_1,-6.63868,2.56984,-3.68261,-3.34278,0.654251,2.21912,8.65408,1.43011,97,0.155433,-6.67825,2.5671,-3.6963,-3.20745,0.589874,3.10562,9.43702,1.40735,97,0.185615,-6.68009,2.49602,-3.70844,-3.39169,0.61455,2.79047,8.85537,1.42312,97,0.090801,0.164244,0.215681,0.275089,0.475628,0.197374,1.75121,2.91502,0.108179,0,0.296687,NBA,2,Omicron,3,Boosted,0,G_NBA,G_0
452_1,-6.70479,2.62951,-3.80106,-2.39873,0.68391,2.61344,8.06203,1.43142,97,0.162708,-6.6922,2.54105,-3.70995,-2.56171,0.706134,2.89682,8.44459,1.4422,97,0.23192,-6.7075,2.53898,-3.77251,-2.45784,0.624143,2.51182,5.96101,1.42251,97,0.082851,0.149363,0.243732,0.291563,0.53031,0.33777,1.9732,5.11374,0.118091,0,0.571555,NBA,1,Delta,2,Second dose,0,G_NBA,G_0
2827_1,-6.67536,2.31809,-3.73726,-3.66869,0.517664,2.02263,7.15788,1.38377,97,0.180965,-6.76312,2.40391,-3.72934,-3.42246,0.477116,1.72016,6.78185,1.39563,97,0.177629,-6.7123,2.32714,-3.76566,-3.4887,0.420851,1.56815,6.22278,1.38534,97,0.0866257,0.141893,0.243418,0.291639,0.592231,0.205201,0.774104,2.51633,0.114163,0,0.221671,NBA,2,Omicron,3,Boosted,0,G_NBA,G_0
2585_1,-6.75446,2.08085,-3.6588,-6.32033,0.564455,2.31675,12.9119,1.41444,97,0.249821,-6.71969,2.03585,-3.67606,-6.38022,0.575902,2.16768,14.1044,1.39898,97,0.211016,-6.77074,2.06699,-3.70263,-6.22178,0.542895,1.85519,8.51342,1.41213,97,0.0915374,0.136269,0.146732,0.342225,0.691324,0.164868,1.36857,7.29477,0.108887,0,0.27402,NBA,2,Omicron,3,Boosted,0,G_NBA,G_0
218_1,-6.64098,2.58733,-3.64657,-3.50292,0.792619,2.3755,11.307,1.43572,97,0.168267,-6.63729,2.57131,-3.72326,-3.52446,0.798737,2.54057,11.5563,1.42234,97,0.180057,-6.68672,2.51221,-3.6712,-3.53742,0.712856,2.07369,10.105,1.42054,97,0.085827,0.145188,0.246044,0.321736,0.540905,0.372587,1.68563,5.44058,0.109279,0,0.272488,NBA,3,Omicron,3,Boosted,0,G_NBA,G_0
550_1,-6.77416,1.9759,-3.77414,-6.31315,1.16813,2.08725,7.04643,1.43795,97,0.199014,-6.80298,2.02968,-3.75714,-6.14532,1.33735,2.73461,7.81435,1.45126,97,0.227543,-6.81431,1.97604,-3.76164,-6.09009,1.1102,2.43904,6.63158,1.43795,97,0.0946839,0.155887,0.145413,0.297889,0.992808,0.739149,1.89215,2.77405,0.112547,0,0.32252,NBA,1,Omicron,2,Second dose,0,G_NBA,G_0
82_1,-6.82381,2.0673,-3.6905,-3.78283,0.701477,2.49975,6.59247,1.38662,97,0.169182,-6.88848,2.1847,-3.72101,-3.51136,0.677063,2.65371,7.08334,1.37655,97,0.159655,-6.83313,2.05348,-3.8062,-3.78118,0.574058,2.53715,5.8027,1.38598,97,0.100995,0.127975,0.163315,0.348954,0.529134,0.413777,1.68091,3.02521,0.107859,0,0.334189,NBA,1,Omicron,3,Boosted,0,G_NBA,G_0
37_1,-6.68861,2.49603,-3.79261,-5.41279,1.58764,2.97576,7.77546,1.41372,97,0.188674,-6.66243,2.50956,-3.74714,-5.67839,1.70734,2.04172,8.91539,1.4078,97,0.128299,-6.68178,2.47752,-3.79553,-5.59836,1.76242,2.13724,5.88092,1.42174,97,0.0808812,0.158715,0.21676,0.308651,0.985294,0.514188,1.0533,4.54999,0.107664,0,0.172923,NBA,1,Omicron,3,Boosted,0,G_NBA,G_0
802_1,-6.59432,2.61759,-3.76759,-4.88362,0.769541,2.26819,8.25419,1.44161,97,0.278655,-6.61856,2.64739,-3.61591,-4.82048,0.824073,2.43175,8.70532,1.42441,97,0.139331,-6.61472,2.57741,-3.72013,-4.71732,0.776467,2.25601,8.481,1.4278,97,0.0908135,0.182201,0.221742,0.333346,0.781462,0.241643,1.0708,1.61168,0.120971,0,0.199009,NBA,2,Omicron,3,Boosted,0,G_NBA,G_0
2028_1,-6.74218,2.15392,-3.37971,-4.52396,0.428675,2.23596,24.2991,1.38157,97,0.134427,-6.72918,2.11755,-3.47201,-4.62765,0.427639,1.90107,23.7088,1.38334,97,0.165155,-6.74223,2.11083,-3.5107,-4.75997,0.46319,1.54809,18.9912,1.39337,97,0.0837398,0.169271,0.209285,0.322125,0.499134,0.0968812,1.88485,5.36556,0.103824,0,0.243772,NBA,2,Delta,2,Second dose,0,G_NBA,G_0
1458_1,-6.7278,2.17355,-3.58711,-4.89316,0.672898,2.05542,14.0826,1.39577,97,0.188288,-6.77158,2.21461,-3.58996,-4.98132,0.750137,2.1408,14.016,1.38553,97,0.163234,-6.76669,2.18,-3.6999,-4.81229,0.696495,1.76784,9.59388,1.40307,97,0.0824426,0.156018,0.188094,0.288642,0.812192,0.255234,1.66012,6.46545,0.108184,0,0.251554,NBA,2,Omicron,3,Boosted,0,G_NBA,G_0
2248_1,-6.67426,2.47375,-3.59166,-4.17122,0.666704,1.9648,14.1065,1.44138,97,0.151636,-6.66234,2.55871,-3.52224,-4.16173,0.714231,2.3557,15.2985,1.42959,97,0.217449,-6.67924,2.39672,-3.68775,-4.30722,0.695215,1.96025,10.39,1.41016,97,0.0832535,0.157776,0.249438,0.333361,0.862681,0.220011,1.77177,6.16628,0.106493,0,0.333635,NBA,2,Omicron,3,Boosted,0,G_NBA,G_0
843_1,-6.61652,2.40814,-3.60792,-4.72477,0.55903,2.08676,15.4769,1.44601,97,0.149937,-6.59742,2.47786,-3.61136,-4.37262,0.496509,2.05743,14.3883,1.41638,97,0.137094,-6.63883,2.4258,-3.66096,-4.3911,0.489261,1.72553,10.6454,1.42098,97,0.0825263,0.153847,0.220959,0.308667,0.633342,0.163523,1.52744,5.2561,0.115253,0,0.173788,NBA,2,Omicron,3,Boosted,0,G_NBA,G_0
1583_1,-6.60592,2.44556,-3.57973,-5.19072,0.941388,2.2001,16.9812,1.45204,97,0.248357,-6.63268,2.49993,-3.61803,-5.22825,0.969992,2.52071,15.7716,1.41531,97,0.131676,-6.65968,2.46291,-3.65502,-5.01327,0.951707,2.0143,11.0038,1.41795,97,0.0841541,0.182801,0.233364,0.310892,0.812858,0.164831,2.07393,6.032,0.101955,0,0.181893,NBA,1,Omicron,3,Boosted,0,G_NBA,G_0
2207_2,-6.66332,2.44705,-3.78199,-3.5377,0.650006,3.55503,7.01146,1.42575,97,0.177032,-6.61121,2.51463,-3.68298,-3.25293,0.609174,2.64737,7.23545,1.42501,97,0.163479,-6.70328,2.40386,-3.76784,-3.51829,0.594087,2.7502,6.49257,1.41075,97,0.0996542,0.179491,0.23628,0.332312,0.620153,0.266329,1.43736,5.20252,0.129312,0,0.298983,NBA,2,Omicron,2,Second dose,0,G_NBA,G_0
1950_1,-6.67446,2.2425,-3.58028,-5.89813,0.497479,2.17974,17.1028,1.39198,97,0.136762,-6.68625,2.2397,-3.59261,-6.02398,0.487534,1.88564,15.6336,1.3873,97,0.159318,-6.71609,2.21799,-3.6399,-6.02108,0.524842,1.52548,12.3581,1.40843,97,0.0806778,0.130424,0.161417,0.331037,0.709536,0.10653,1.33871,6.26454,0.110739,0,0.195657,NBA,3,Omicron,3,Boosted,0,G_NBA,G_0
2975_2,-6.78368,1.93215,-3.70649,-6.64857,0.732102,3.82358,8.53336,1.40127,97,0.187037,-6.83251,1.95958,-3.71028,-6.33723,0.653626,3.19422,7.9368,1.37794,97,0.141519,-6.79067,1.91959,-3.74395,-6.22556,0.557043,2.32432,7.40355,1.40249,97,0.0812862,0.121298,0.128117,0.398915,0.694721,0.266944,1.96486,1.18763,0.0969174,0,0.21852,NBA,2,Omicron,3,Boosted,0,G_NBA,G_0
1661_1,-6.69705,2.34097,-3.61359,-4.05048,0.482912,2.0927,14.9947,1.4339,97,0.200087,-6.64927,2.2632,-3.71806,-4.10525,0.441163,1.71531,12.0387,1.44103,97,0.197508,-6.69014,2.33219,-3.68232,-3.92051,0.435063,1.6078,9.73196,1.41151,97,0.0931201,0.131572,0.247264,0.296283,0.801887,0.195454,1.26514,5.14755,0.0999746,0,0.378464,NBA,2,Omicron,3,Boosted,0,G_NBA,G_0
2693_1,-6.78291,1.82148,-3.69056,-6.45772,0.77714,2.28034,10.7887,1.4056,97,0.136911,-6.80368,1.83996,-3.7249,-6.36766,0.761428,2.16985,11.0778,1.40906,97,0.219579,-6.82856,1.84338,-3.72201,-6.28775,0.704855,1.97314,7.98212,1.40722,97,0.0859148,0.177634,0.191068,0.375431,0.909382,0.321531,1.40673,3.98682,0.110035,0,0.417919,NBA,3,Omicron,3,Boosted,0,G_NBA,G_0
2886_1,-6.61713,2.52928,-3.75558,-3.2987,0.549277,3.27311,7.87314,1.409,97,0.167454,-6.6574,2.57425,-3.79318,-3.23051,0.530391,2.30678,7.00075,1.42762,97,0.170552,-6.67438,2.43538,-3.73228,-3.56358,0.52692,2.89073,7.48327,1.42544,97,0.0865919,0.173262,0.282591,0.306358,0.541863,0.20485,1.22297,1.14769,0.107775,0,0.407019,NBA,2,Omicron,3,Boosted,0,G_NBA,G_0
84_1,-6.74781,2.1512,-3.65118,-4.98441,0.65972,2.23847,14.4969,1.40397,97,0.178771,-6.7099,2.11019,-3.60364,-5.27399,0.75137,2.12815,14.3419,1.42925,97,0.189717,-6.76629,2.14182,-3.64566,-5.00775,0.722943,1.85196,10.1306,1.40486,97,0.0891729,0.152998,0.17846,0.338367,0.67149,0.219531,1.77406,5.52223,0.0982992,0,0.43636,NBA,2,Omicron,3,Boosted,0,G_NBA,G_0
763_1,-6.75778,2.31257,-3.70279,-4.19347,0.664907,2.96479,9.26696,1.39879,97,0.14053,-6.73097,2.22308,-3.78658,-4.33765,0.604121,2.58029,8.31004,1.426,97,0.147261,-6.74859,2.20448,-3.73719,-4.26336,0.550006,2.28304,7.78313,1.408,97,0.0804553,0.144696,0.230064,0.309468,0.457873,0.247229,1.53109,2.57193,0.0939922,0,0.194207,NBA,2,Omicron,3,Boosted,0,G_NBA,G_0
583_1,-6.76335,2.13085,-3.62731,-6.29005,0.813202,2.18841,13.021,1.4078,97,0.178559,-6.77855,2.13119,-3.59763,-6.20922,0.786296,2.23228,12.3381,1.39908,97,0.181435,-6.76989,2.11359,-3.70031,-5.98875,0.780788,1.90629,9.29624,1.39824,97,0.0856429,0.146691,0.158248,0.317862,0.688884,0.193827,1.62748,4.37436,0.103074,0,0.224642,NBA,3,Omicron,3,Boosted,0,G_NBA,G_0
13_1,-6.63461,2.77131,-3.77673,-5.49405,2.23008,2.91677,8.15831,1.42897,97,0.181172,-6.65861,2.79942,-3.73825,-5.31336,2.1582,3.36862,7.80794,1.41493,97,0.14083,-6.63812,2.70141,-3.87623,-5.49066,2.36591,2.6583,4.00385,1.42149,97,0.0764731,0.162379,0.23007,0.334029,0.81827,0.753538,2.44658,6.87683,0.110967,0,0.18123,NBA,2,Omicron,3,Boosted,0,G_NBA,G_0
646_1,-6.73476,1.93971,-3.66268,-5.47045,0.537071,2.9659,14.2856,1.41224,97,0.185828,-6.78497,1.95395,-3.63344,-5.57553,0.581549,2.36196,14.1779,1.43438,97,0.167166,-6.80446,1.88377,-3.66502,-5.77283,0.705211,1.8554,11.8159,1.45117,97,0.0557203,0.148702,0.189865,0.38576,0.95522,0.236833,2.55886,4.39712,0.100292,0,0.223636,NBA,1,Omicron,2,Second dose,0,G_NBA,G_0
2801_1,-6.78425,2.07847,-3.70861,-6.44597,0.965533,2.68443,13.7668,1.38906,97,0.14427,-6.7683,2.06413,-3.6882,-6.24661,0.905339,2.18071,12.291,1.37979,97,0.185046,-6.78523,2.06149,-3.6935,-5.8925,0.875262,1.72502,9.53178,1.3971,97,0.0830466,0.143724,0.165701,0.335679,0.825662,0.239396,1.98802,5.47264,0.102549,0,0.478439,NBA,3,Omicron,3,Boosted,0,G_NBA,G_0
256_1,-6.68647,2.31988,-3.66328,-4.41836,1.04271,2.41148,11.5122,1.39749,97,0.150444,-6.74863,2.39582,-3.65007,-4.42835,1.18762,1.77788,12.104,1.43544,97,0.157717,-6.74689,2.37166,-3.6751,-4.5183,1.25509,2.00406,10.1464,1.40365,97,0.0870476,0.155677,0.201204,0.383903,0.678401,0.405396,1.16855,5.76157,0.102692,0,0.2237,NBA,1,Omicron,3,Boosted,0,G_NBA,G_0
2599_1,-6.61183,2.5512,-3.61023,-4.09375,0.386324,2.4001,13.7344,1.45251,97,0.144435,-6.52746,2.47713,-3.52298,-4.25783,0.437077,2.08389,14.4012,1.44237,97,0.141935,-6.60303,2.49847,-3.68398,-4.17225,0.393183,1.74313,9.94457,1.43372,97,0.0807132,0.145504,0.243868,0.346873,0.579855,0.130021,1.6658,5.00257,0.0979861,0,0.151911,NBA,2,Omicron,3,Boosted,0,G_NBA,G_0
1215_2,-6.71667,2.32677,-3.85041,-4.92084,1.07222,2.18057,5.56736,1.3966,97,0.17773,-6.70093,2.29134,-3.79591,-6.01468,1.79393,1.7035,8.08988,1.40159,97,0.186875,-6.74661,2.34725,-3.76781,-5.45016,1.90301,1.42217,6.65715,1.40459,97,0.120001,0.134615,0.169129,0.426327,0.993745,0.619837,1.28266,5.12998,0.118193,0,0.26157,NBA,1,Omicron,2,Second dose,0,G_NBA,G_0
1736_2,-6.66858,2.43165,-3.68944,-5.34755,1.14435,2.0907,11.649,1.43939,97,0.196752,-6.68138,2.42884,-3.66607,-5.22911,1.14491,1.97804,11.8198,1.39783,97,0.158032,-6.6873,2.4453,-3.67078,-4.85768,1.09481,1.73589,9.73639,1.41028,97,0.0969011,0.157646,0.228552,0.29803,0.824935,0.322528,1.37007,5.45455,0.102133,0,0.190977,NBA,1,Omicron,3,Boosted,0,G_NBA,G_0
2027_1,-6.75366,2.3809,-3.7395,-5.69189,1.01405,3.25716,9.64422,1.36772,97,0.139934,-6.67649,2.26101,-3.71801,-6.04694,1.04244,2.86612,9.87327,1.39463,97,0.218992,-6.72661,2.30881,-3.72421,-5.47087,0.993946,2.66641,8.79144,1.38865,97,0.10159,0.0993276,0.134853,0.324337,0.844854,0.289057,2.00353,4.2791,0.0804653,0,0.44442,NBA,1,Omicron,2,Second dose,0,G_NBA,G_0
187_1,-6.67756,1.99097,-3.47796,-5.91886,0.48238,2.60449,21.1648,1.38831,97,0.205586,-6.72476,2.01985,-3.51819,-5.88886,0.503934,2.03026,21.6315,1.41677,97,0.167348,-6.76928,2.06731,-3.49337,-5.68174,0.504698,1.9458,19.7063,1.4013,97,0.105394,0.120672,0.14107,0.269771,0.739935,0.0809445,1.5757,3.77422,0.0903363,0,0.366696,NBA,2,Delta,2,Second dose,0,G_NBA,G_0
187_2,-6.77751,1.89692,-3.69042,-5.94413,0.858713,1.99179,9.71153,1.40468,97,0.108609,-6.82201,1.94552,-3.73627,-5.81339,0.866813,1.8779,9.86187,1.38374,97,0.210848,-6.84091,1.92795,-3.74218,-5.44872,0.753058,1.57428,7.38105,1.39883,97,0.0822442,0.189567,0.20255,0.336555,0.922041,0.433755,1.48405,5.66414,0.102736,0,0.43096,NBA,2,Omicron,3,Boosted,0,G_NBA,G_0
1494_1,-6.72173,2.38936,-3.83549,-4.7428,1.56695,2.81197,7.19224,1.39876,97,0.114596,-6.68859,2.33381,-3.74982,-5.15207,1.92678,2.26488,8.84655,1.41664,97,0.184062,-6.76491,2.41032,-3.69142,-4.7226,2.03078,1.85581,10.0161,1.39962,97,0.0933268,0.152699,0.191551,0.39391,1.20451,0.8272,1.27488,5.66548,0.1153,0,0.23841,NBA,1,Omicron,3,Boosted,0,G_NBA,G_0
3063_2,-6.80265,1.9274,-3.75333,-6.50096,0.836667,1.99563,10.1301,1.43221,97,0.180677,-6.83636,2.00044,-3.61132,-6.78899,1.2241,1.8878,12.0075,1.40868,97,0.204735,-6.89007,2.06686,-3.62342,-6.60162,1.33215,1.49633,9.95216,1.42222,97,0.0792378,0.152835,0.189543,0.304874,0.778804,0.373054,1.39309,5.30157,0.109614,0,0.309181,NBA,1,Omicron,2,Second dose,0,G_NBA,G_0
1820_2,-6.82632,1.67965,-3.87003,-4.44741,0.44129,3.85771,5.80306,1.41849,97,0.152451,-6.83432,1.95234,-3.6554,-3.41399,0.415429,3.25492,6.55409,1.40405,97,0.226792,-6.89702,1.69917,-3.76786,-4.2366,0.34848,3.05645,6.12607,1.42038,97,0.10065,0.151561,0.263876,0.374367,0.884064,0.243196,1.8296,0.848438,0.117488,0,0.645442,NBA,1,Omicron,2,Second dose,0,G_NBA,G_0
153_1,-6.67494,2.12188,-3.65442,-6.09599,0.429787,3.618,11.4352,1.38545,97,0.187582,-6.68765,2.1693,-3.6181,-6.0607,0.450192,3.90795,11.5015,1.36552,97,0.174033,-6.69761,2.15728,-3.63388,-5.89752,0.451835,3.56475,11.7398,1.38588,97,0.0812038,0.133049,0.144075,0.311585,0.552205,0.0881344,2.1984,0.741212,0.09217,0,0.299983,NBA,2,Omicron,3,Boosted,0,G_NBA,G_0
464_1,-6.58655,2.36425,-3.61517,-4.93456,0.567699,2.30172,18.091,1.43562,97,0.245966,-6.63822,2.45911,-3.57708,-4.79875,0.5877,2.46852,18.5308,1.45773,97,0.15982,-6.64233,2.42762,-3.57405,-4.6946,0.581626,1.93928,16.999,1.41983,97,0.0787425,0.157697,0.202492,0.315827,1.03961,0.15272,1.82907,4.93005,0.112012,0,0.21066,NBA,1,Delta,2,Second dose,0,G_NBA,G_0
2482_1,-6.58173,2.74643,-3.819,-5.20299,1.24547,2.26097,6.73045,1.43495,97,0.15582,-6.60415,2.76072,-3.68378,-5.72241,1.49427,2.28575,10.3038,1.44738,97,0.433376,-6.61303,2.7196,-3.74655,-5.4772,1.50498,1.84115,6.78576,1.43479,97,0.0871937,0.154485,0.177519,0.338608,0.719223,0.298437,1.84522,6.48799,0.112623,0,1.81054,NBA,1,Delta,2,Second dose,0,G_NBA,G_0
1840_1,-6.76287,2.0559,-3.74906,-3.66149,0.341939,2.02695,6.76447,1.40874,97,0.177746,-6.73756,2.03583,-3.77273,-3.67512,0.397952,1.84373,7.28236,1.41524,97,0.258791,-6.79458,2.08118,-3.76093,-3.63849,0.382885,2.02654,6.94966,1.39808,97,0.0797861,0.143062,0.171326,0.358573,0.517591,0.195225,0.601496,2.79451,0.104857,0,0.422203,NBA,2,Omicron,3,Boosted,0,G_NBA,G_0
257_1,-6.73169,2.0831,-3.59527,-5.69783,0.607041,2.06685,11.1646,1.41617,97,0.264132,-6.71576,2.07248,-3.64836,-5.74334,0.587497,2.06734,10.4195,1.43677,97,0.266621,-6.69499,2.17264,-3.72157,-5.28605,0.463331,1.81322,7.97838,1.40362,97,0.0989304,0.165131,0.24994,0.368265,1.07959,0.275399,1.19872,4.05569,0.115077,0,0.651621,NBA,1,Omicron,3,Boosted,0,G_NBA,G_0
2269_1,-6.66533,2.14957,-3.6356,-5.00845,0.451814,2.47428,14.9581,1.42055,97,0.180003,-6.7175,2.10281,-3.70162,-5.331,0.516237,2.19629,13.7596,1.41873,97,0.145768,-6.68972,2.2495,-3.66729,-4.75817,0.45323,1.77131,10.3815,1.4105,97,0.090103,0.158162,0.33017,0.312393,0.975953,0.194722,2.20763,5.21873,0.106993,0,0.23408,NBA,2,Omicron,3,Boosted,0,G_NBA,G_0
43_1,-6.74019,2.1533,-3.60852,-4.34766,0.389892,2.35977,14.9472,1.42251,97,0.149539,-6.69581,2.21257,-3.64798,-4.10077,0.333202,2.17182,13.0479,1.41274,97,0.188069,-6.72039,2.19073,-3.64556,-4.13448,0.3721,1.55652,11.9795,1.40785,97,0.080722,0.139011,0.245498,0.313888,0.865171,0.148127,2.96273,4.5941,0.0948902,0,0.298693,NBA,2,Omicron,3,Boosted,0,G_NBA,G_0
504_1,-6.60756,2.53909,-3.5925,-4.97085,0.60956,2.53223,14.8127,1.43346,97,0.157727,-6.59696,2.50087,-3.60805,-5.00208,0.616848,2.37299,14.7337,1.43101,97,0.169359,-6.61832,2.48059,-3.66075,-4.9752,0.604682,1.97592,10.6279,1.42448,97,0.0856267,0.146717,0.18657,0.326433,0.718834,0.143672,1.85841,4.32403,0.0970532,0,0.158085,NBA,3,Omicron,3,Boosted,0,G_NBA,G_0
814_1,-6.63123,2.54956,-3.60461,-4.22097,0.730079,2.1485,13.3127,1.44506,97,0.175098,-6.63994,2.57874,-3.65525,-3.9286,0.66934,2.16744,12.5458,1.43004,97,0.166636,-6.66052,2.49876,-3.6792,-4.26209,0.758814,2.02865,10.0753,1.42229,97,0.083998,0.172977,0.234694,0.35844,0.725194,0.189963,1.5851,4.52737,0.11304,0,0.243745,NBA,2,Omicron,3,Boosted,0,G_NBA,G_0
982_1,-6.55219,2.77561,-3.64226,-4.72686,1.12057,2.64335,10.9622,1.47279,97,0.177483,-6.59901,2.88547,-3.57745,-4.31354,1.11579,2.7782,9.8689,1.43681,97,0.126452,-6.59982,2.71318,-3.65128,-4.58248,1.09584,2.41835,8.97969,1.43495,97,0.0689888,0.171284,0.228924,0.277004,0.702307,0.212469,1.60136,2.42582,0.108815,0,0.188352,NBA,2,Delta,2,Second dose,0,G_NBA,G_0
2491_1,-6.7189,2.26358,-3.63143,-5.77169,0.750372,1.8281,11.4982,1.40591,97,0.143901,-6.69378,2.19549,-3.66327,-5.6622,0.710551,2.47616,13.6002,1.43692,97,0.212781,-6.71326,2.2708,-3.67328,-5.70109,0.821878,2.13462,9.66783,1.40809,97,0.105664,0.150087,0.191667,0.364186,0.839817,0.243377,1.81304,6.1052,0.108915,0,0.289893,NBA,2,Omicron,3,Boosted,0,G_NBA,G_0
3064_1,-6.74557,2.26196,-3.63979,-4.596,0.683543,2.16551,11.5104,1.41152,97,0.15074,-6.71507,2.24885,-3.68316,-4.53844,0.679698,2.30991,11.7336,1.40426,97,0.264075,-6.7447,2.23613,-3.68126,-4.4412,0.615916,1.98648,9.81521,1.40389,97,0.0978075,0.143803,0.188895,0.3159,0.876263,0.331206,1.46194,5.46509,0.108361,0,0.637911,NBA,1,Omicron,3,Boosted,0,G_NBA,G_0
576_1,-6.78426,1.92398,-3.69366,-5.72469,0.74849,2.36104,11.6442,1.425,97,0.165769,-6.78593,1.96523,-3.67879,-5.62495,0.751193,2.1593,10.8898,1.40578,97,0.20792,-6.82151,1.86767,-3.67923,-5.6896,0.604016,1.94474,10.0462,1.43658,97,0.0824459,0.145379,0.196851,0.281435,1.1115,0.55556,1.38276,4.82615,0.110873,0,0.362666,NBA,1,Omicron,3,Boosted,0,G_NBA,G_0
472_2,-6.72169,2.76756,-3.70319,-2.03474,0.786004,2.38936,12.8084,1.40029,97,0.147556,-6.742,2.56521,-3.66031,-2.21608,0.70588,2.03855,14.3165,1.4228,97,0.0950933,-6.71919,2.60794,-3.66804,-2.28127,0.801442,2.01401,10.1205,1.42363,97,0.0830312,0.166219,0.352378,0.362431,0.616005,0.22933,1.48474,7.14632,0.112051,0,0.0896636,NBA,1,Omicron,3,Boosted,0,G_NBA,G_0
819_1,-6.63299,2.40002,-3.67698,-4.30157,0.609937,2.68689,12.9186,1.4251,97,0.170928,-6.65641,2.42998,-3.65389,-4.134,0.536616,2.38597,12.4654,1.44258,97,0.131874,-6.68531,2.402,-3.66177,-4.19543,0.570675,2.24071,10.8633,1.42124,97,0.0808185,0.159314,0.229521,0.328214,0.712716,0.19605,1.70782,3.62639,0.113977,0,0.247566,NBA,3,Delta,2,Second dose,0,G_NBA,G_0
902_1,-6.82328,2.14771,-3.81858,-6.60526,0.97484,2.651,10.4305,1.382,97,0.246721,-6.75238,2.08575,-3.6263,-6.50872,0.791846,2.35413,12.443,1.38589,97,0.184776,-6.78698,2.09226,-3.67942,-6.35108,0.698425,1.94801,10.035,1.38779,97,0.0866004,0.129877,0.147608,0.334145,0.656631,0.358337,1.96417,6.56473,0.107001,0,0.291305,NBA,2,Omicron,3,Boosted,0,G_NBA,G_0
2987_1,-6.76372,2.01449,-3.75039,-4.89652,0.712728,3.57429,7.41585,1.39147,97,0.114994,-6.8199,2.10508,-3.74095,-5.16645,0.839189,3.3404,7.81061,1.39255,97,0.150277,-6.80328,2.04902,-3.74898,-4.82956,0.648949,3.43784,7.35381,1.38124,97,0.0945654,0.131316,0.174701,0.271423,0.989389,0.452153,2.06106,2.79931,0.0976293,0,0.149488,NBA,1,Omicron,3,Boosted,0,G_NBA,G_0
57_1,-6.65001,2.2571,-3.70139,-5.85235,0.673773,2.69833,7.61968,1.39769,97,0.220282,-6.62213,2.22846,-3.82096,-5.83078,0.595797,2.65335,6.63985,1.40193,97,0.219383,-6.68963,2.26818,-3.81081,-5.64825,0.534561,2.46268,5.44232,1.41074,97,0.112521,0.170139,0.182167,0.373365,0.687312,0.280439,1.3872,4.0009,0.106626,0,0.292808,NBA,2,Omicron,2,Second dose,0,G_NBA,G_0
1724_1,-6.67585,2.33368,-3.78637,-4.11366,0.813444,2.53215,6.38833,1.42706,97,0.205812,-6.6856,2.52614,-3.7015,-4.0344,1.06031,2.58094,8.55141,1.40008,97,0.151611,-6.69831,2.49739,-3.79924,-3.90018,0.926475,2.3736,6.06564,1.41891,97,0.0564368,0.169679,0.298751,0.28009,0.800755,0.485579,1.29033,4.76813,0.106851,0,0.368314,NBA,2,Delta,3,Boosted,0,G_NBA,G_0
120_1,-6.68913,2.21946,-3.64068,-4.30953,0.455284,2.97184,11.4865,1.42557,97,0.243878,-6.69187,2.28943,-3.58938,-4.57952,0.570199,3.70341,11.8698,1.41289,97,0.136808,-6.71058,2.26037,-3.64314,-4.36044,0.502187,3.34184,11.8702,1.40871,97,0.0929661,0.160039,0.247245,0.233637,0.90771,0.168985,2.30924,0.738681,0.102728,0,0.171487,NBA,1,Omicron,3,Boosted,0,G_NBA,G_0
903_1,-6.66992,2.62694,-3.84129,-4.6599,1.87576,2.81413,9.53028,1.40825,97,0.154174,-6.60356,2.52816,-3.80935,-5.22798,2.16872,2.60499,8.59979,1.41825,97,0.167234,-6.70466,2.57314,-3.69394,-4.76007,2.22234,1.98289,9.99269,1.41269,97,0.0852182,0.169998,0.239847,0.386443,1.26384,0.834425,2.04172,4.72622,0.105321,0,0.25296,NBA,2,Omicron,3,Boosted,0,G_NBA,G_0
1738_1,-6.76653,2.00702,-3.50807,-5.41842,0.443211,2.5007,18.1303,1.42481,97,0.229985,-6.77693,2.0464,-3.58055,-5.10402,0.368855,1.96187,17.4318,1.40872,97,0.112404,-6.7563,2.00202,-3.6203,-5.15135,0.382676,1.82151,12.9813,1.40821,97,0.0927493,0.188266,0.216337,0.287209,0.702048,0.112841,1.29557,5.98253,0.109686,0,0.12496,NBA,3,Omicron,3,Boosted,0,G_NBA,G_0
373_1,-6.75673,2.1351,-3.59521,-5.90653,0.587252,1.86527,14.6854,1.39685,97,0.134085,-6.71203,2.07766,-3.51914,-6.08729,0.596688,1.63309,13.847,1.38151,97,0.18042,-6.71533,2.1104,-3.65319,-5.94681,0.582817,1.32663,10.9948,1.39321,97,0.0885785,0.132559,0.208062,0.317717,0.827186,0.16316,1.09605,5.15779,0.117974,0,0.219063,NBA,3,Omicron,3,Boosted,0,G_NBA,G_0
2826_1,-6.62652,2.56156,-3.74323,-4.22361,0.870052,3.86176,6.05774,1.44166,97,0.159874,-6.61047,2.5859,-3.8062,-4.55398,1.11693,2.32544,7.15782,1.43235,97,0.235281,-6.63906,2.49882,-3.75594,-4.43171,0.997219,2.68295,5.41389,1.42006,97,0.111475,0.170558,0.221277,0.310499,0.918707,0.470221,1.74433,5.10619,0.122976,0,0.357869,NBA,2,Delta,2,Second dose,0,G_NBA,G_0
1614_1,-6.65401,2.17408,-3.64524,-5.5986,0.596601,2.48741,13.9908,1.40855,97,0.187309,-6.70439,2.24014,-3.74143,-5.4191,0.588197,2.19892,12.5416,1.42007,97,0.159988,-6.70199,2.21453,-3.70141,-5.50518,0.589852,1.82041,8.93836,1.40043,97,0.0713651,0.148374,0.18567,0.319337,0.753703,0.169388,1.69097,4.24686,0.116683,0,0.21326,NBA,2,Omicron,3,Boosted,0,G_NBA,G_0
2433_1,-6.72794,1.95812,-3.75851,-6.33947,1.02394,2.29991,8.55055,1.41238,97,0.192789,-6.76006,1.99367,-3.79889,-5.96922,0.801105,2.30805,7.91678,1.39866,97,0.335569,-6.78382,1.98947,-3.77422,-5.64554,0.708597,1.9888,7.37135,1.41604,97,0.100916,0.15584,0.167575,0.351523,1.06373,0.397578,1.35968,3.11363,0.0978797,0,0.998036,NBA,1,Omicron,3,Boosted,0,G_NBA,G_0
1828_1,-6.78038,1.84624,-3.53303,-6.91772,0.990677,2.26323,14.6693,1.44579,97,0.165582,-6.77871,1.83573,-3.60321,-6.55715,0.8411,1.84554,11.712,1.40317,97,0.143908,-6.78891,1.82979,-3.70553,-6.37166,0.77109,1.59928,8.77571,1.42632,97,0.0696685,0.161206,0.165067,0.354748,0.919879,0.316024,1.13953,4.67426,0.103848,0,0.169141,NBA,1,Omicron,3,Boosted,0,G_NBA,G_0
1766_1,-6.60076,2.69278,-3.75402,-4.31101,0.87669,4.44993,7.04145,1.44505,97,0.172495,-6.56015,2.64991,-3.83818,-4.27008,0.822331,4.93185,6.85941,1.42258,97,0.155519,-6.63185,2.58203,-3.75736,-4.21187,0.775986,4.31887,6.95887,1.42674,97,0.0851083,0.173458,0.209325,0.288019,0.80978,0.27337,3.78529,0.551241,0.0932184,0,0.230783,NBA,2,Omicron,3,Boosted,0,G_NBA,G_0
154_1,-6.72888,2.07857,-3.56402,-5.63775,0.473652,2.11469,18.7542,1.42847,97,0.381694,-6.67138,2.23699,-3.63218,-5.15407,0.419615,1.79657,18.4524,1.40274,97,0.147565,-6.67734,2.1909,-3.59148,-5.22438,0.399992,1.52667,15.1607,1.40713,97,0.0738803,0.159159,0.333783,0.321838,1.13325,0.148242,1.19111,4.89471,0.103116,0,0.192492,NBA,3,Delta,2,Second dose,0,G_NBA,G_0
2335_1,-6.65606,2.50516,-3.72045,-2.60956,0.349047,2.10782,14.1003,1.43596,97,0.288741,-6.62244,2.43601,-3.69891,-2.64911,0.333928,2.30967,13.7434,1.44026,97,0.141961,-6.68805,2.4189,-3.67953,-2.77994,0.351562,1.97681,10.0145,1.41971,97,0.0861024,0.169085,0.253929,0.288598,0.546808,0.124613,2.93722,6.0068,0.109763,0,0.183698,NBA,2,Omicron,3,Boosted,0,G_NBA,G_0
1536_1,-6.65055,2.02077,-3.61648,-6.22021,0.597615,2.17183,13.2876,1.42295,97,0.182436,-6.73452,2.13854,-3.62785,-5.94628,0.638605,2.66273,14.6217,1.41644,97,0.13081,-6.74023,2.10877,-3.67707,-5.85183,0.64887,1.98404,10.0711,1.42113,97,0.0852997,0.140371,0.157045,0.345533,0.69824,0.164268,2.01236,4.91736,0.0940407,0,0.160535,NBA,2,Omicron,3,Boosted,0,G_NBA,G_0
2873_1,-6.66542,2.65927,-3.56533,-4.63488,0.715224,2.40006,17.5104,1.41493,97,0.191384,-6.59439,2.56926,-3.59909,-4.93144,0.72646,2.11672,15.9598,1.40103,97,0.253339,-6.63256,2.50274,-3.64952,-5.07982,0.767116,1.81281,11.9954,1.43042,97,0.0708551,0.179582,0.217074,0.27251,0.813472,0.188149,1.58236,6.45686,0.0982614,0,0.74981,NBA,2,Omicron,2,Second dose,0,G_NBA,G_0
2024_1,-6.57079,2.74844,-3.62548,-4.6255,0.708949,3.68446,9.45648,1.43243,97,0.232115,-6.54186,2.63404,-3.68084,-5.00102,0.774617,3.25182,9.47099,1.43195,97,0.14109,-6.58577,2.63736,-3.68192,-4.92114,0.799039,3.31618,9.86527,1.42976,97,0.0892628,0.151659,0.197646,0.277942,0.580148,0.146562,2.41181,0.918814,0.0896168,0,0.302413,NBA,1,Omicron,3,Boosted,0,G_NBA,G_0
2546_1,-6.61004,2.7062,-3.67077,-4.36776,0.987539,2.55408,12.3913,1.43156,97,0.245991,-6.55079,2.66505,-3.65334,-4.33998,0.953305,2.27656,12.2943,1.43203,97,0.150297,-6.62936,2.64222,-3.6822,-4.22463,0.911969,1.88933,10.111,1.43718,97,0.0756848,0.156271,0.217273,0.276261,0.854011,0.251899,1.78679,5.67813,0.116882,0,0.211377,NBA,1,Omicron,3,Boosted,0,G_NBA,G_0
752_1,-6.68874,2.27757,-3.64071,-5.87002,0.82529,2.2698,11.8858,1.40137,97,0.161984,-6.68965,2.25012,-3.71564,-6.14102,0.822586,2.38609,12.0087,1.42702,97,0.151614,-6.71789,2.24213,-3.67965,-5.92209,0.714574,2.01866,10.0688,1.411,97,0.0851915,0.12562,0.168262,0.319568,0.83613,0.425896,1.46322,6.42189,0.122211,0,0.183271,NBA,3,Delta,2,Second dose,0,G_NBA,G_0
262_1,-6.54337,2.79809,-3.57434,-3.94639,0.6828,2.43443,15.2793,1.43703,97,0.202053,-6.56168,2.7322,-3.64847,-4.05668,0.665957,2.56411,14.6457,1.44506,97,0.161052,-6.59489,2.63804,-3.64095,-4.27368,0.689093,2.20265,10.896,1.44374,97,0.0709046,0.149478,0.231727,0.313798,0.698945,0.158636,2.17587,4.64498,0.106208,0,0.234703,NBA,2,Omicron,3,Boosted,0,G_NBA,G_0
2199_1,-6.59458,2.61036,-3.69081,-4.47103,0.688424,2.69942,14.2742,1.43767,97,0.172964,-6.59458,2.5738,-3.6463,-4.349,0.623986,1.60856,13.2924,1.43401,97,0.194081,-6.62625,2.54977,-3.67118,-4.69154,0.773707,1.45881,10.0049,1.42185,97,0.0790974,0.145688,0.234942,0.325174,0.907994,0.179957,1.04925,6.45321,0.106129,0,0.455263,NBA,2,Omicron,2,Second dose,0,G_NBA,G_0
1087_1,-6.58823,2.7033,-3.69047,-5.51782,0.726053,2.61474,11.9762,1.43079,97,0.175894,-6.59432,2.71011,-3.65796,-5.45962,0.702505,2.21762,12.6385,1.4412,97,0.229342,-6.5925,2.6318,-3.71493,-5.40298,0.640657,1.76864,8.14137,1.43816,97,0.105058,0.170179,0.217362,0.307279,0.706138,0.159933,1.64931,5.5468,0.117464,0,0.362494,NBA,2,Omicron,3,Boosted,0,G_NBA,G_0
2921_1,-6.6598,2.45979,-3.59941,-5.64376,1.02845,2.43117,12.7727,1.43697,97,0.154106,-6.64661,2.4674,-3.64879,-5.75877,1.06538,2.5119,12.7199,1.41394,97,0.140065,-6.66032,2.46073,-3.68375,-5.42274,1.02829,2.01665,10.0601,1.41886,97,0.0866036,0.132217,0.192455,0.34412,0.760003,0.284294,2.14439,5.50261,0.12053,0,0.20876,NBA,1,Omicron,3,Boosted,0,G_NBA,G_0
58_1,-6.64442,2.4174,-3.75838,-5.47442,0.779361,2.73509,6.92449,1.42528,97,0.180813,-6.67939,2.35912,-3.68291,-5.23722,0.622376,4.22996,7.11111,1.4545,97,0.162325,-6.64599,2.37368,-3.76436,-5.00914,0.58739,3.94645,7.07203,1.42195,97,0.0701949,0.149125,0.175737,0.318157,0.687709,0.234225,1.72737,0.7961,0.117735,0,0.223914,NBA,1,Omicron,3,Boosted,0,G_NBA,G_0
2848_1,-6.72956,2.18338,-3.63612,-5.6988,0.540475,2.04959,15.0095,1.41426,97,0.206176,-6.73087,2.17652,-3.6063,-5.9363,0.56044,2.12147,16.1542,1.40343,97,0.25342,-6.71912,2.18811,-3.6483,-5.56829,0.537212,1.79082,12.3669,1.41275,97,0.0754691,0.157034,0.195981,0.334937,0.875177,0.140405,1.38234,6.43257,0.120786,0,0.707301,NBA,1,Delta,2,Second dose,0,G_NBA,G_0
242_1,-6.74933,2.34045,-3.72232,-4.39871,1.19569,1.79256,9.49177,1.40018,97,0.15592,-6.7556,2.36446,-3.70809,-4.51012,1.27845,2.14071,10.9986,1.41208,97,0.197587,-6.76428,2.36148,-3.71871,-4.29956,1.25089,2.03508,8.01626,1.39994,97,0.0966044,0.166028,0.206153,0.382545,0.726599,0.33702,1.92154,6.31778,0.102287,0,0.304324,NBA,2,Delta,2,Second dose,0,G_NBA,G_0
2603_1,-6.63012,2.37068,-3.67652,-4.12074,0.759552,2.21319,13.2716,1.42204,97,0.17824,-6.6882,2.44553,-3.61101,-4.27928,0.839324,2.44655,14.3753,1.43055,97,0.181985,-6.72047,2.37859,-3.66703,-4.49061,0.926414,1.89665,10.94,1.4113,97,0.0997097,0.165056,0.250417,0.331091,1.0864,0.27521,1.79311,5.4591,0.108921,0,0.294877,NBA,1,Delta,2,Second dose,0,G_NBA,G_0
638_2,-6.74232,2.26343,-3.56553,-3.95959,0.513185,2.67698,14.4501,1.40437,97,0.12171,-6.72619,2.25966,-3.64531,-3.76169,0.414381,2.14607,12.8979,1.40639,97,0.197104,-6.72329,2.25674,-3.6779,-3.77273,0.420771,1.98319,10.0525,1.39742,97,0.0853525,0.135246,0.177561,0.286877,0.485439,0.14174,1.7319,6.10704,0.100086,0,0.40043,NBA,1,Omicron,2,Second dose,0,G_NBA,G_0
2063_1,-6.74854,2.72045,-3.72499,-1.98236,0.92629,2.68493,8.22693,1.42035,97,0.184318,-6.74918,2.65151,-3.79299,-1.99002,0.869372,2.64376,7.9368,1.4072,97,0.161069,-6.73808,2.5777,-3.85542,-2.09923,0.743592,2.60697,4.10451,1.40354,97,0.0999015,0.168155,0.348871,0.287082,0.734818,0.404481,1.58593,5.49448,0.106933,0,0.265092,NBA,1,Delta,-1,No record,0,G_NBA,G_0
2669_1,-6.60784,2.15421,-3.61141,-4.99013,0.499039,1.98215,15.5194,1.41518,97,0.205083,-6.69381,2.24068,-3.6393,-4.84421,0.495023,2.33479,14.3295,1.42319,97,0.182537,-6.69349,2.25201,-3.66761,-4.71043,0.473803,1.99118,10.533,1.41428,97,0.0845381,0.125246,0.168501,0.332794,0.548182,0.144576,1.59773,5.02153,0.118822,0,0.228001,NBA,1,Omicron,3,Boosted,0,G_NBA,G_0
2014_1,-6.5779,2.67462,-3.66317,-4.95344,1.08111,2.23985,11.8696,1.43933,97,0.188163,-6.57599,2.67072,-3.69138,-5.02101,0.977502,1.82716,10.5283,1.43311,97,0.189604,-6.60747,2.63191,-3.71906,-4.66663,0.934106,1.55749,8.69605,1.43492,97,0.0945589,0.138373,0.185632,0.353196,0.918906,0.25219,1.24326,5.01973,0.1072,0,0.232917,NBA,2,Delta,2,Second dose,0,G_NBA,G_0
1899_2,-6.82974,1.80441,-3.69283,-6.789,0.741525,3.91952,7.92057,1.45566,97,0.125412,-6.78087,1.78009,-3.73557,-6.26085,0.57301,3.14053,7.49143,1.42629,97,0.164091,-6.8498,1.79346,-3.71752,-6.42981,0.662741,4.60389,8.27651,1.43382,97,0.0909599,0.20229,0.243351,0.283006,1.03162,0.238711,1.58184,1.10096,0.107431,0,0.239572,NBA,2,Omicron,3,Boosted,0,G_NBA,G_0
924_2,-6.69761,2.41618,-3.77093,-5.30534,1.35472,1.88771,6.93072,1.42137,97,0.169976,-6.71164,2.32824,-3.81929,-5.50977,1.29677,2.12008,5.76391,1.41433,97,0.118858,-6.71206,2.40076,-3.84016,-4.93752,1.10978,1.91085,4.48306,1.41758,97,0.0830078,0.131379,0.164882,0.29199,0.894617,0.682349,1.4927,3.49677,0.112517,0,0.144978,NBA,1,Omicron,2,Second dose,0,G_NBA,G_0
994_1,-6.68013,2.67722,-3.72471,-3.97033,1.77824,2.4034,10.6946,1.43174,97,0.196589,-6.62623,2.64211,-3.73717,-4.21331,1.81732,2.72728,10.5506,1.43309,97,0.217089,-6.67601,2.70139,-3.68417,-4.00987,1.82061,2.06585,10.1584,1.42575,97,0.0794972,0.151016,0.274202,0.335166,0.895999,0.56682,2.05665,4.78745,0.105662,0,0.518724,NBA,1,Delta,2,Second dose,0,G_NBA,G_0
491_1,-6.72602,2.03167,-3.68696,-6.17149,0.611159,2.12169,10.8913,1.40024,97,0.163335,-6.75839,2.08009,-3.62539,-5.98356,0.651717,2.23423,12.7184,1.42709,97,0.160421,-6.75493,2.04812,-3.68045,-5.83661,0.602578,1.92917,10.0047,1.40342,97,0.0861004,0.154446,0.176538,0.346427,0.773738,0.281681,1.50343,5.65143,0.110019,0,0.235687,NBA,2,Delta,-1,No record,0,G_NBA,G_0
2438_1,-6.84732,1.70104,-3.70439,-6.89432,0.892222,2.16307,8.12582,1.41237,97,0.298293,-6.91616,1.77488,-3.78629,-6.60282,0.864529,2.12003,8.64161,1.41731,97,0.166209,-6.87873,1.72085,-3.69524,-6.09525,0.698906,1.918,8.93518,1.39925,97,0.0880766,0.151357,0.186076,0.327129,0.798655,0.450087,0.917357,1.32689,0.095493,0,0.214393,NBA,1,Omicron,3,Boosted,0,G_NBA,G_0
1165_1,-6.79989,1.90685,-3.66974,-6.1505,0.63972,2.3062,15.6064,1.42116,97,0.224725,-6.81957,1.90551,-3.61694,-6.26531,0.633399,2.20032,12.3033,1.4295,97,0.161504,-6.82289,1.83042,-3.69833,-6.24462,0.583229,1.87217,9.57959,1.43313,97,0.0892444,0.127074,0.17034,0.315133,1.01641,0.326874,1.89958,4.83852,0.101314,0,0.232097,NBA,2,Omicron,3,Boosted,0,G_NBA,G_0
358_1,-6.64003,2.32297,-3.58139,-4.24108,0.436647,1.98221,14.189,1.43493,97,0.212039,-6.65965,2.39148,-3.62547,-4.04862,0.421922,2.40433,15.0024,1.41837,97,0.188569,-6.67857,2.33876,-3.66478,-4.14808,0.433938,2.10235,10.9711,1.41714,97,0.079102,0.150828,0.257637,0.302854,0.667968,0.158312,1.59749,5.41784,0.110009,0,0.302015,NBA,3,Omicron,3,Boosted,0,G_NBA,G_0
1439_2,-6.63234,2.40823,-3.64251,-5.5691,0.86944,2.32625,12.0386,1.4297,97,0.166117,-6.62837,2.42793,-3.69279,-5.4205,0.798119,1.97488,10.7547,1.4269,97,0.185708,-6.688,2.35508,-3.68331,-5.46321,0.921004,1.92612,10.0245,1.41216,97,0.0852259,0.168661,0.262244,0.316735,0.881881,0.265676,1.3235,4.97466,0.103081,0,0.323362,NBA,2,Omicron,3,Boosted,0,G_NBA,G_0
351_1,-6.70311,2.44289,-3.59466,-4.14319,0.471383,2.19111,12.5008,1.42345,97,0.169721,-6.61426,2.35612,-3.61984,-4.3771,0.514879,2.25413,12.6971,1.42028,97,0.18827,-6.67722,2.35738,-3.67907,-4.38156,0.53385,1.99476,10.0451,1.41656,97,0.0856309,0.146314,0.193953,0.315783,0.652128,0.205551,1.41473,5.15888,0.118692,0,0.276914,NBA,3,Omicron,3,Boosted,0,G_NBA,G_0
1658_1,-6.67118,2.4223,-3.67801,-3.6367,0.600742,2.10033,10.8239,1.40687,97,0.179202,-6.70863,2.46223,-3.68146,-3.54905,0.566974,2.80994,11.8506,1.41386,97,0.119829,-6.70767,2.42356,-3.67522,-3.58046,0.572635,2.46111,10.2682,1.4241,97,0.0695068,0.15649,0.350938,0.309805,0.562866,0.198129,1.73974,4.85486,0.0920133,0,0.189185,NBA,3,Omicron,3,Boosted,0,G_NBA,G_0
83_1,-6.66735,2.36591,-3.69924,-5.50058,0.69215,2.73906,10.9588,1.42842,97,0.151569,-6.65006,2.3488,-3.64379,-5.6643,0.782998,2.32292,11.4765,1.40594,97,0.168421,-6.70881,2.2756,-3.6802,-5.68282,0.868142,2.06222,10.0971,1.40819,97,0.0837899,0.168099,0.21579,0.326297,0.753397,0.196447,1.68614,5.64575,0.10491,0,0.241759,NBA,2,Omicron,2,Second dose,0,G_NBA,G_0
2097_1,-6.58732,2.68144,-3.63622,-4.18053,0.649992,2.49902,13.8285,1.42904,97,0.135832,-6.58572,2.62778,-3.57549,-4.38938,0.691711,2.42003,14.0088,1.43932,97,0.151245,-6.60469,2.59723,-3.67095,-4.42958,0.706725,2.16771,10.2055,1.43193,97,0.0834567,0.139637,0.221138,0.330564,0.654522,0.169124,1.80262,4.0415,0.105977,0,0.187312,NBA,3,Omicron,3,Boosted,0,G_NBA,G_0
2580_1,-6.59836,2.51929,-3.73175,-3.77067,0.621141,3.04337,8.20324,1.4442,97,0.214084,-6.5938,2.45077,-3.70398,-4.48439,0.806487,2.33563,8.81662,1.41058,97,0.150516,-6.66951,2.4837,-3.73224,-4.09148,0.718595,2.30627,7.76393,1.41994,97,0.0847351,0.14566,0.212228,0.364018,1.15289,0.363965,1.13741,3.64479,0.0974957,0,0.205388,NBA,1,Omicron,3,Boosted,0,G_NBA,G_0
2256_1,-6.56735,2.74692,-3.72047,-5.10603,1.70826,3.18475,12.1907,1.44504,97,0.135386,-6.55664,2.74105,-3.6799,-4.8701,1.57866,2.15406,10.474,1.43314,97,0.203746,-6.61534,2.73685,-3.68513,-4.9364,1.77197,1.91581,9.99402,1.43211,97,0.0840115,0.162705,0.186494,0.29428,0.876783,0.409194,1.47427,5.25411,0.104572,0,0.409891,NBA,2,Omicron,2,Second dose,0,G_NBA,G_0
362_1,-6.63705,2.53719,-3.75554,-5.19816,0.583115,2.08241,9.56288,1.41527,97,0.146348,-6.62824,2.46428,-3.66809,-5.48076,0.627515,2.78362,10.472,1.42668,97,0.124221,-6.63642,2.44865,-3.73207,-5.45137,0.574769,2.32822,7.89139,1.4354,97,0.0581479,0.176124,0.23223,0.352738,0.765117,0.218369,1.98094,5.11724,0.101782,0,0.173326,NBA,2,Omicron,2,Second dose,0,G_NBA,G_0
2031_2,-6.69775,2.38628,-3.79461,-6.15201,1.291,1.83325,7.1854,1.41963,97,0.156759,-6.68917,2.34692,-3.78306,-6.09005,1.32473,2.41132,8.17209,1.39996,97,0.169666,-6.73271,2.27103,-3.76446,-5.96405,1.24391,2.10475,6.17293,1.40964,97,0.0844589,0.156686,0.207211,0.355294,0.754425,0.462582,1.2193,5.41583,0.105833,0,0.1912,NBA,2,Omicron,2,Second dose,0,G_NBA,G_0
2054_2,-6.7218,2.38467,-3.73466,-3.79264,0.752281,2.0449,11.3372,1.41668,97,0.14238,-6.7011,2.45009,-3.71586,-3.51908,0.664649,2.25813,11.1826,1.43006,97,0.142195,-6.70471,2.46904,-3.67775,-3.54747,0.718438,2.13277,10.1786,1.41853,97,0.0803745,0.170399,0.300727,0.349118,0.795885,0.336356,1.81786,5.30943,0.104224,0,0.199057,NBA,2,Omicron,3,Boosted,0,G_NBA,G_0
366_1,-6.60959,2.64347,-3.71891,-4.6216,0.5425,1.7093,15.2459,1.41286,97,0.190304,-6.60749,2.62079,-3.62721,-4.68012,0.57114,2.28082,17.7554,1.40947,97,0.234148,-6.60455,2.52665,-3.61345,-5.05801,0.646195,1.81307,13.9738,1.42922,97,0.0878356,0.150572,0.184884,0.354633,0.724538,0.146353,2.02896,6.25006,0.0967728,0,0.482299,NBA,2,Omicron,3,Boosted,0,G_NBA,G_0
2414_2,-6.62068,2.59069,-3.73108,-4.607,1.45028,2.43094,10.3443,1.43645,97,0.215726,-6.63566,2.57726,-3.74164,-4.66533,1.45431,2.43198,11.4343,1.41715,97,0.209638,-6.69101,2.54911,-3.68133,-4.4527,1.40289,1.92701,9.99045,1.41577,97,0.0880635,0.184357,0.209663,0.280413,0.957395,0.564572,1.53655,5.42413,0.107549,0,0.560647,NBA,2,Omicron,2,Second dose,0,G_NBA,G_0
870_1,-6.66647,2.40133,-3.66686,-4.94921,0.927823,2.61001,10.6879,1.40869,97,0.157712,-6.66799,2.41031,-3.76063,-5.2299,1.051,2.24719,11.9755,1.4064,97,0.139288,-6.69348,2.42517,-3.68933,-4.78905,0.988268,2.04229,10.0782,1.41776,97,0.0852078,0.177056,0.316088,0.358317,1.03557,0.343522,1.50364,5.37573,0.106996,0,0.168816,NBA,2,Delta,2,Second dose,0,G_NBA,G_0
1968_1,-6.6468,2.25963,-3.59517,-5.1894,0.662337,2.25988,12.993,1.40952,97,0.188518,-6.66937,2.29096,-3.60618,-5.29452,0.730069,2.35402,14.797,1.41147,97,0.186358,-6.69403,2.3363,-3.66688,-4.95999,0.701727,1.83733,10.5676,1.41557,97,0.0830427,0.164141,0.272633,0.359835,1.01313,0.231615,1.97144,5.99178,0.118822,0,0.440296,NBA,3,Omicron,3,Boosted,0,G_NBA,G_0
2284_1,-6.79634,1.92575,-3.60465,-6.17679,0.451091,2.35412,15.6599,1.41138,97,0.148873,-6.72536,1.85791,-3.55846,-6.50092,0.5134,2.23419,16.9227,1.41281,97,0.159296,-6.78594,1.92286,-3.63902,-6.22938,0.496638,1.88759,13.4207,1.40473,97,0.0739296,0.132776,0.186374,0.342389,0.757255,0.140559,1.43184,5.87532,0.10977,0,0.214293,NBA,2,Omicron,3,Boosted,0,G_NBA,G_0
301_1,-6.55588,2.58098,-3.76789,-4.8937,0.734135,2.22277,8.8694,1.43697,97,0.229653,-6.62978,2.65685,-3.77721,-4.71301,0.706424,2.16307,7.76844,1.44757,97,0.143342,-6.61414,2.55508,-3.72047,-4.77185,0.700459,2.27496,7.93897,1.42848,97,0.0847768,0.176967,0.19053,0.339671,0.727037,0.207296,0.996476,1.30641,0.108112,0,0.172065,NBA,2,Omicron,2,Second dose,0,G_NBA,G_0
2516_1,-6.62067,2.29845,-3.75708,-3.64775,0.44245,3.12293,7.96981,1.42898,97,0.228284,-6.68821,2.4142,-3.71784,-3.6052,0.473352,3.4106,8.1333,1.40962,97,0.230852,-6.68828,2.38928,-3.72239,-3.56516,0.431516,2.79993,7.88146,1.4121,97,0.0973536,0.158378,0.217198,0.316017,0.605791,0.213617,2.16273,0.972197,0.0986862,0,0.280855,NBA,2,Omicron,3,Boosted,0,G_NBA,G_0
396_1,-6.66207,2.42226,-3.68656,-5.326,1.38387,2.52885,10.986,1.42555,97,0.202267,-6.69759,2.48733,-3.70425,-5.51088,1.51404,2.50638,11.5403,1.40762,97,0.160642,-6.6966,2.46535,-3.68148,-5.08128,1.41687,2.00187,9.99946,1.41055,97,0.0827827,0.174976,0.242867,0.371118,1.07221,0.614182,1.69324,6.0204,0.136142,0,0.273475,NBA,3,Omicron,3,Boosted,0,G_NBA,G_0
945_1,-6.66822,2.28654,-3.65271,-5.34297,0.575798,2.19689,14.0107,1.3893,97,0.208365,-6.66189,2.26442,-3.67871,-5.60243,0.60664,2.24712,12.8587,1.43028,97,0.19562,-6.68719,2.25458,-3.69234,-5.33226,0.575854,1.83908,9.22615,1.41318,97,0.0929915,0.158153,0.284857,0.355094,0.958153,0.167625,1.72614,4.71186,0.110189,0,0.276526,NBA,2,Omicron,3,Boosted,0,G_NBA,G_0
357_1,-6.64804,2.47971,-3.67453,-4.83982,0.898594,2.10746,10.8356,1.43815,97,0.173296,-6.62907,2.53065,-3.74119,-4.81164,0.90192,2.481,10.5949,1.43312,97,0.140849,-6.6769,2.42961,-3.6772,-4.69738,0.85307,2.0937,10.3401,1.41763,97,0.081223,0.168396,0.293312,0.320567,0.835243,0.295187,1.85413,5.50491,0.104814,0,0.21671,NBA,2,Omicron,3,Boosted,0,G_NBA,G_0
260_1,-6.63841,2.39131,-3.66266,-3.82478,0.538489,2.02906,13.6963,1.40413,97,0.173589,-6.64184,2.38974,-3.62775,-3.8947,0.549738,2.27586,14.2444,1.41667,97,0.155642,-6.69761,2.37695,-3.67157,-3.85353,0.5491,1.96406,10.108,1.41382,97,0.0836761,0.160431,0.251144,0.332258,0.773687,0.208697,1.51077,5.77454,0.0970035,0,0.151235,NBA,3,Omicron,3,Boosted,0,G_NBA,G_0
75_1,-6.62395,2.59237,-3.68068,-4.38505,1.07029,2.27827,11.4872,1.44934,97,0.159384,-6.62737,2.60099,-3.68496,-4.30985,1.05042,2.46591,12.3587,1.42888,97,0.15285,-6.66699,2.58445,-3.68119,-4.06698,0.992625,1.98656,10.0605,1.42622,97,0.0821202,0.152497,0.214963,0.34663,1.01215,0.348327,1.96447,6.53561,0.0943227,0,0.155685,NBA,2,Omicron,3,Boosted,0,G_NBA,G_0
1514_1,-6.60933,2.49466,-3.64006,-5.11408,0.926305,2.1244,10.7876,1.43605,97,0.155423,-6.61322,2.49904,-3.68245,-5.25375,0.986284,2.22991,11.8547,1.39735,97,0.137055,-6.66782,2.44812,-3.68419,-4.98576,0.939959,1.95249,10.053,1.41798,97,0.0880094,0.143256,0.232134,0.347572,0.911617,0.294133,1.42548,5.7849,0.107456,0,0.157395,NBA,3,Omicron,3,Boosted,0,G_NBA,G_0
117_1,-6.66099,2.60097,-3.76089,-3.43258,0.639083,2.63929,8.36917,1.42476,97,0.209555,-6.65913,2.63102,-3.7353,-3.41458,0.63598,2.4652,8.28768,1.4586,97,0.212774,-6.68079,2.47034,-3.72625,-3.66704,0.625112,2.33836,7.92462,1.4165,97,0.0948366,0.125354,0.193809,0.278922,0.531303,0.201817,1.33163,1.6753,0.110229,0,0.305978,NBA,2,Delta,2,Second dose,0,G_NBA,G_0
436_1,-6.54629,2.61038,-3.66185,-5.12971,0.591411,2.29413,15.453,1.47229,97,0.177677,-6.5778,2.68137,-3.63707,-5.12149,0.634477,1.98929,15.1384,1.44306,97,0.230001,-6.56728,2.5849,-3.66282,-5.13854,0.627572,1.55578,12.6992,1.43361,97,0.09019,0.184501,0.249435,0.360453,0.67763,0.109253,1.61261,4.39981,0.109769,0,0.357098,NBA,2,Omicron,3,Boosted,0,G_NBA,G_0
1904_1,-6.68745,2.35013,-3.71299,-4.17604,0.453415,2.0395,12.5218,1.42687,97,0.207708,-6.66138,2.33361,-3.58424,-4.07373,0.415366,2.36854,14.1809,1.44279,97,0.203694,-6.68713,2.32235,-3.67439,-4.23008,0.464053,2.05839,10.0965,1.417,97,0.0825635,0.160934,0.217661,0.322297,0.608719,0.158674,1.65055,5.19143,0.10474,0,0.339401,NBA,3,Omicron,3,Boosted,0,G_NBA,G_0
2916_1,-6.66092,2.5072,-3.73725,-4.23691,0.700324,2.12771,11.4936,1.42977,97,0.139828,-6.65294,2.47442,-3.57114,-4.20847,0.689881,1.82747,12.1028,1.42002,97,0.198914,-6.67919,2.4008,-3.6726,-4.30413,0.703936,1.66496,9.74461,1.41634,97,0.085749,0.158434,0.235072,0.325451,0.564614,0.239894,1.32777,4.10827,0.101001,0,0.334461,NBA,2,Omicron,3,Boosted,0,G_NBA,G_0
344_1,-6.57949,2.71847,-3.74859,-4.72042,1.365,2.68481,10.0762,1.43615,97,0.139456,-6.63742,2.7732,-3.75029,-4.8419,1.45536,2.27341,11.3601,1.43491,97,0.162785,-6.62414,2.68226,-3.67723,-4.7746,1.45095,1.91825,9.9991,1.42783,97,0.085455,0.132785,0.213429,0.370002,0.950835,0.401419,1.54247,5.24841,0.106324,0,0.239672,NBA,2,Omicron,3,Boosted,0,G_NBA,G_0
988_1,-6.65975,2.39144,-3.6227,-3.86595,0.510166,2.38445,13.9729,1.41807,97,0.190468,-6.70611,2.37859,-3.62252,-4.11729,0.588859,2.30969,14.2397,1.42521,97,0.187735,-6.69981,2.34902,-3.67674,-4.00628,0.54562,1.95206,10.1766,1.41459,97,0.0804385,0.141979,0.327697,0.311819,0.527343,0.163292,1.50527,4.32094,0.118913,0,0.273897,NBA,1,Omicron,2,Second dose,0,G_NBA,G_0
2119_1,-6.64856,2.25246,-3.64771,-5.4088,0.551579,2.08536,13.227,1.42288,97,0.158716,-6.66776,2.28148,-3.59556,-5.53243,0.592548,1.99851,13.6225,1.4345,97,0.170215,-6.67717,2.2984,-3.65368,-5.51633,0.598556,1.78955,10.7306,1.40978,97,0.0848171,0.145727,0.195464,0.299471,0.776114,0.172666,1.68019,4.89714,0.0912483,0,0.224687,NBA,2,Omicron,3,Boosted,0,G_NBA,G_0
150_1,-6.67209,2.38936,-3.62069,-5.7668,1.15141,2.46995,11.6511,1.42172,97,0.162938,-6.69451,2.41146,-3.69471,-5.78443,1.18073,2.58872,11.2548,1.40454,97,0.138004,-6.70398,2.36852,-3.68289,-5.77654,1.27374,1.96768,10.0491,1.40904,97,0.0846456,0.134967,0.226106,0.317609,0.856448,0.324392,1.61072,5.33212,0.106463,0,0.15373,NBA,1,Omicron,3,Boosted,0,G_NBA,G_0
1919_1,-6.60641,2.69173,-3.87311,-3.81024,0.792698,3.41845,6.94855,1.42486,97,0.133756,-6.56653,2.61792,-3.75811,-4.1932,0.946131,3.12902,6.94377,1.44925,97,0.185202,-6.64086,2.59849,-3.76125,-4.10742,0.90128,2.83397,6.6512,1.42537,97,0.0894351,0.158616,0.2381,0.340585,0.656052,0.268317,1.64594,2.12273,0.0954997,0,0.251082,NBA,2,Omicron,3,Boosted,0,G_NBA,G_0
523_1,-6.6113,2.65443,-3.73966,-2.98141,0.552838,1.92515,8.58887,1.43652,97,0.212618,-6.66042,2.57717,-3.73179,-3.5287,0.769941,1.82318,10.574,1.45372,97,0.160581,-6.67284,2.58885,-3.69738,-3.46518,0.710964,1.58995,8.11949,1.42047,97,0.0934086,0.146474,0.20078,0.349519,0.559708,0.213841,1.11119,5.47114,0.10264,0,0.219289,NBA,2,Omicron,3,Boosted,0,G_NBA,G_0
2317_1,-6.73586,2.25003,-3.86849,-4.372,0.71911,2.73788,5.22359,1.42045,97,0.165671,-6.73732,2.26388,-3.75048,-4.91824,1.10186,2.75967,7.04397,1.39565,97,0.177818,-6.74397,2.28062,-3.79643,-4.67794,0.920669,2.55416,5.30041,1.41185,97,0.0770199,0.161249,0.228095,0.310818,0.990742,0.645572,1.51077,4.42391,0.0971158,0,0.281504,NBA,1,Omicron,3,Boosted,0,G_NBA,G_0
2145_1,-6.77679,2.0225,-3.74508,-6.02888,1.1311,1.89522,8.68671,1.39716,97,0.188726,-6.78912,2.05547,-3.73275,-5.70123,1.02833,2.31907,9.98938,1.35503,97,0.388653,-6.81766,2.04115,-3.7108,-5.35133,0.950024,1.95839,8.59789,1.39904,97,0.090099,0.154614,0.182287,0.34808,0.937779,0.405822,1.32944,4.16345,0.0993268,0,0.717718,NBA,2,Omicron,3,Boosted,0,G_NBA,G_0
2441_1,-6.69047,2.31456,-3.52578,-4.85504,0.60635,2.00465,15.5435,1.43078,97,0.247655,-6.69447,2.29965,-3.63172,-5.08566,0.633968,2.24094,15.0347,1.42592,97,0.144282,-6.74493,2.14831,-3.65084,-5.22146,0.672085,2.29041,11.0942,1.40665,97,0.0783288,0.141065,0.247113,0.29928,0.88808,0.176808,1.37936,5.06217,0.114007,0,0.184568,NBA,2,Omicron,3,Boosted,0,G_NBA,G_0
2322_1,-6.69157,2.31272,-3.64051,-5.61763,0.94498,1.94145,11.8197,1.43421,97,0.229263,-6.66643,2.32963,-3.77518,-5.48954,0.881628,2.10045,10.4257,1.39967,97,0.210754,-6.69043,2.3372,-3.76062,-5.27836,0.811415,1.58706,6.70001,1.41727,97,0.0806178,0.18597,0.202032,0.328599,0.839944,0.322431,2.27313,6.02713,0.0983615,0,0.538945,NBA,1,Omicron,2,Second dose,0,G_NBA,G_0
103_2,-6.70576,2.56127,-3.79645,-3.46175,0.786895,2.91427,6.29458,1.42318,97,0.166579,-6.68858,2.53963,-3.82233,-3.63788,0.936119,2.72762,6.53551,1.42814,97,0.137102,-6.69942,2.50066,-3.82361,-3.63175,0.80417,2.41424,4.6795,1.41356,97,0.0715558,0.159644,0.258538,0.321085,0.638789,0.485178,2.01977,4.08996,0.107182,0,0.261691,NBA,1,Omicron,3,Boosted,0,G_NBA,G_0
2081_1,-6.64887,2.36608,-3.60205,-5.75955,0.510489,2.42383,15.8896,1.44672,97,0.167856,-6.60718,2.35103,-3.60546,-5.57194,0.492138,2.14448,13.1826,1.43413,97,0.126938,-6.62335,2.35378,-3.6891,-5.47136,0.483218,1.75333,8.97431,1.41952,97,0.066781,0.167821,0.189429,0.285575,0.729285,0.142965,2.00589,4.29531,0.104175,0,0.17324,NBA,1,Omicron,3,Boosted,0,G_NBA,G_0
1923_1,-6.76789,2.04262,-3.47287,-6.49696,0.522351,2.25335,20.3681,1.41648,97,0.162625,-6.71965,2.01045,-3.5594,-6.47919,0.501206,2.184,19.8155,1.42291,97,0.114441,-6.79539,2.05849,-3.57744,-6.41567,0.543604,1.96369,16.9228,1.40971,97,0.086126,0.138188,0.144247,0.315713,0.6056,0.0794357,1.58721,5.41213,0.0902321,0,0.157528,NBA,2,Omicron,3,Boosted,0,G_NBA,G_0
974_1,-6.61986,2.26869,-3.809,-5.20695,0.71029,2.52521,8.72326,1.44949,97,0.139854,-6.63447,2.41678,-3.71881,-4.27528,0.526835,3.817,8.23105,1.42009,97,0.178471,-6.68203,2.36143,-3.72009,-4.6304,0.648491,3.35565,8.44725,1.41378,97,0.0907355,0.145581,0.227195,0.321471,0.583948,0.162621,2.42584,0.807021,0.10317,0,0.222888,NBA,1,Omicron,3,Boosted,0,G_NBA,G_0
281_1,-6.82393,1.47287,-3.68873,-6.86598,0.809387,2.36753,8.00959,1.42666,97,0.174602,-7.08052,1.74272,-3.74498,-6.15557,0.836444,3.03484,9.39424,1.4214,97,0.193857,-6.92171,1.55786,-3.70813,-6.20495,0.696386,2.92155,7.97983,1.43284,97,0.100373,0.163203,0.211102,0.338139,1.03026,0.491441,1.67669,3.11275,0.112904,0,0.254749,NBA,2,Omicron,3,Boosted,0,G_NBA,G_0
1531_1,-6.74987,1.93253,-3.58143,-5.3678,0.382881,2.26977,16.39,1.43873,97,0.172843,-6.74794,1.96677,-3.59605,-5.03488,0.347466,2.5694,14.8471,1.42099,97,0.154216,-6.76269,1.91579,-3.65475,-5.09707,0.320817,1.87309,10.9671,1.41734,97,0.0690042,0.138879,0.168876,0.374066,0.671539,0.147647,2.35515,4.11297,0.0968799,0,0.304255,NBA,3,Omicron,3,Boosted,0,G_NBA,G_0
2531_1,-6.61743,2.55962,-3.60901,-4.19396,0.863597,2.75473,11.931,1.4412,97,0.152241,-6.64437,2.65221,-3.621,-3.77666,0.752529,2.17161,11.9202,1.43254,97,0.152982,-6.65267,2.5047,-3.68418,-4.01824,0.743979,1.976,8.96009,1.44905,97,0.075425,0.130499,0.2103,0.309146,0.560377,0.197354,1.27844,4.74764,0.128618,0,0.197517,NBA,2,Delta,2,Second dose,0,G_NBA,G_0
419_1,-6.81689,1.97608,-3.81936,-6.51459,0.703203,1.57585,7.94682,1.39876,97,0.137508,-6.74349,1.91306,-3.7121,-6.7562,0.839778,2.23767,10.1772,1.39536,97,0.258914,-6.85357,2.02221,-3.69708,-6.58233,0.967174,2.2458,8.87325,1.39546,97,0.115752,0.139792,0.152016,0.315699,0.667784,0.316763,2.1335,4.55946,0.10008,0,0.591406,NBA,1,Delta,2,Second dose,0,G_NBA,G_0
2487_1,-6.76039,2.05417,-3.71412,-5.60696,0.821586,3.06794,7.48678,1.41315,97,0.366242,-6.79911,2.079,-3.70263,-5.37993,0.992301,2.65095,9.14581,1.41155,97,0.14717,-6.80848,2.06782,-3.75076,-5.27644,0.897346,2.31123,7.49808,1.41144,97,0.0667972,0.146989,0.184658,0.375856,1.10107,0.429747,1.87106,3.9383,0.100239,0,0.222457,NBA,1,Delta,2,Second dose,0,G_NBA,G_0
1879_1,-6.58459,2.6353,-3.71818,-4.95376,1.15764,3.11545,9.16919,1.44718,97,0.212358,-6.56795,2.60788,-3.78738,-4.70545,1.0995,2.95725,9.00079,1.43261,97,0.258744,-6.6486,2.59482,-3.77925,-4.51885,1.00581,2.56864,5.89546,1.42771,97,0.105487,0.179263,0.2245,0.361792,0.878216,0.431386,1.89211,6.52576,0.112644,0,0.30528,NBA,1,Omicron,-1,No record,0,G_NBA,G_0
1353_1,-6.73482,2.36392,-3.66129,-2.77968,0.435172,1.88689,13.3869,1.40958,97,0.142693,-6.76578,2.33454,-3.64422,-3.06466,0.510792,2.10904,12.8157,1.40848,97,0.201652,-6.77104,2.25991,-3.62801,-3.26363,0.580646,1.52631,12.8972,1.40387,97,0.0807748,0.162429,0.25279,0.37118,0.636307,0.208085,2.21992,5.32173,0.123012,0,0.284603,NBA,2,Delta,-1,No record,0,G_NBA,G_0
1209_1,-6.58792,2.56704,-3.51702,-5.06593,0.488245,2.12357,17.5183,1.44284,97,0.198238,-6.57703,2.53079,-3.5796,-5.15123,0.482861,1.95473,15.8027,1.41736,97,0.150949,-6.60661,2.50403,-3.61086,-5.16858,0.532599,1.60425,12.8955,1.42834,97,0.0731977,0.162695,0.222565,0.308531,0.720159,0.128528,1.56137,5.47131,0.100968,0,0.290938,NBA,3,Omicron,3,Boosted,0,G_NBA,G_0
493_1,-6.71405,2.06375,-3.66523,-4.91222,0.468464,2.50123,11.7536,1.41003,97,0.248164,-6.71319,2.09428,-3.61129,-4.89489,0.507586,2.03434,12.8553,1.41262,97,0.232048,-6.74331,2.08586,-3.67183,-4.74189,0.430156,1.694,10.0671,1.41782,97,0.0900464,0.141856,0.178649,0.318945,0.690717,0.183663,1.3403,5.35224,0.103589,0,0.285351,NBA,1,Omicron,3,Boosted,0,G_NBA,G_0
2101_1,-6.67004,2.5616,-3.65191,-2.88971,0.599708,2.66507,11.6137,1.42027,97,0.16421,-6.70182,2.55713,-3.56224,-2.90398,0.608029,2.11178,12.9939,1.4191,97,0.144235,-6.69669,2.47549,-3.68914,-3.05017,0.621244,1.88821,10.0285,1.42082,97,0.0803817,0.153962,0.247406,0.325961,0.494574,0.235616,1.2365,5.34212,0.10679,0,0.154206,NBA,1,Omicron,2,Second dose,0,G_NBA,G_0
3057_1,-6.72626,2.21063,-3.7744,-5.55598,0.963817,2.56998,8.16618,1.39328,97,0.16674,-6.74697,2.28485,-3.81131,-4.88263,0.699922,2.55173,7.08672,1.40656,97,0.267589,-6.74392,2.12544,-3.76595,-5.51471,0.628174,2.12388,6.29561,1.4274,97,0.106442,0.171048,0.201041,0.273452,0.884554,0.25405,1.67899,1.45229,0.112662,0,0.430839,NBA,2,Omicron,3,Boosted,0,G_NBA,G_0
3021_1,-6.8256,1.77745,-3.70067,-6.54469,0.744487,2.2669,11.7682,1.4245,97,0.149328,-6.78897,1.75206,-3.63937,-6.59569,0.724297,1.97767,14.3124,1.40652,97,0.170226,-6.84987,1.78592,-3.6807,-6.13976,0.702043,1.95259,10.0241,1.43726,97,0.0868034,0.142399,0.153892,0.372855,1.0847,0.37491,1.42703,7.82969,0.10317,0,0.244925,NBA,3,Delta,-1,No record,0,G_NBA,G_0
1577_1,-6.64919,2.31044,-3.71487,-5.6582,0.791872,2.27018,13.6262,1.41122,97,0.156436,-6.69244,2.37502,-3.59337,-5.68012,0.840791,2.29787,14.9979,1.37181,97,0.164021,-6.68571,2.34522,-3.68207,-5.48505,0.840934,1.89636,10.102,1.38877,97,0.0919231,0.143383,0.165483,0.276642,0.730434,0.151487,1.69867,6.48563,0.0967591,0,0.207866,NBA,2,Omicron,-1,No record,0,G_NBA,G_0
2672_1,-6.69027,2.06948,-3.60251,-5.69141,0.475538,2.00263,15.4055,1.39804,97,0.134813,-6.69199,2.07536,-3.53583,-5.8251,0.481843,2.3153,16.0902,1.38568,97,0.210448,-6.73107,2.09012,-3.63979,-5.60489,0.490445,1.8908,11.4798,1.4071,97,0.0738828,0.176371,0.194377,0.309651,0.855579,0.143277,1.58965,5.73078,0.103629,0,0.352417,NBA,2,Omicron,3,Boosted,0,G_NBA,G_0
89_2,-6.68292,2.18679,-3.80027,-5.83277,0.535225,3.7667,7.13683,1.39257,97,0.200397,-6.71192,2.21211,-3.70461,-5.94644,0.538235,3.92195,7.00725,1.40453,97,0.178483,-6.69554,2.19467,-3.75647,-5.69194,0.509886,3.2137,7.00519,1.39865,97,0.077602,0.138479,0.203763,0.316479,0.818522,0.18535,2.1165,0.943289,0.0917409,0,0.320444,NBA,2,Omicron,-1,No record,0,G_NBA,G_0
1751_1,-6.68725,2.14637,-3.6835,-6.27846,0.666011,2.71112,12.9211,1.41745,97,0.127672,-6.74031,2.20633,-3.66303,-6.15305,0.732221,2.89357,11.9381,1.4317,97,0.181759,-6.72819,2.18524,-3.68077,-6.00935,0.665001,2.1417,10.2098,1.39494,97,0.075348,0.129937,0.152841,0.287054,0.604458,0.246949,1.92691,4.94315,0.113269,0,0.23752,NBA,2,Delta,-1,No record,0,G_NBA,G_0
1509_2,-6.60571,2.61292,-3.7209,-4.92959,0.934389,2.60503,10.6591,1.43362,97,0.174119,-6.59172,2.60104,-3.71694,-4.95528,0.952341,2.48009,11.2055,1.44755,97,0.248734,-6.62381,2.59222,-3.68048,-4.70276,0.90229,2.10415,10.1977,1.43029,97,0.0898923,0.145932,0.195465,0.290881,0.839566,0.304341,1.88879,6.56677,0.110547,0,0.385546,NBA,2,Omicron,-1,No record,0,G_NBA,G_0
2094_1,-6.69287,2.49263,-3.76609,-4.18865,0.945107,2.12097,8.90965,1.40821,97,0.267258,-6.65116,2.54421,-3.7762,-4.03497,0.888471,2.34063,8.56992,1.41708,97,0.178313,-6.70217,2.45793,-3.75042,-3.8413,0.798936,1.9622,6.95767,1.41673,97,0.0839628,0.180658,0.290919,0.352169,1.30808,0.391384,1.96251,4.67707,0.0903714,0,0.235792,NBA,2,Omicron,-1,No record,0,G_NBA,G_0
774_2,-6.63883,2.45019,-3.71933,-4.49233,0.745649,2.4609,11.0669,1.43478,97,0.184689,-6.64619,2.48341,-3.69857,-4.33203,0.700834,2.6651,11.3592,1.44673,97,0.188967,-6.67109,2.43579,-3.68091,-4.28051,0.65543,2.008,10.0679,1.42031,97,0.0774409,0.172899,0.246644,0.312065,0.91115,0.359906,1.93282,5.21835,0.0983673,0,0.268491,NBA,1,Omicron,-1,No record,0,G_NBA,G_0
2057_1,-6.72062,2.40595,-3.67166,-5.79888,1.29941,2.60727,13.4983,1.41861,97,0.270673,-6.642,2.29366,-3.64189,-6.05434,1.34195,2.37401,11.2811,1.42089,97,0.170512,-6.71831,2.34679,-3.67943,-5.89176,1.47661,1.98316,10.0461,1.41598,97,0.0853568,0.14425,0.183194,0.300567,0.98577,0.334273,1.72225,4.57449,0.102417,0,0.26111,NBA,1,Delta,-1,No record,0,G_NBA,G_0
1355_2,-6.69507,2.03251,-3.75245,-4.88829,0.436464,2.0573,12.8769,1.39869,97,0.171552,-6.71424,2.08112,-3.6042,-4.83931,0.443977,2.29061,12.9608,1.39265,97,0.155866,-6.75298,2.05337,-3.67432,-4.84881,0.379595,1.80494,8.56711,1.40371,97,0.0664306,0.180047,0.206758,0.353881,0.663931,0.166281,2.04946,4.87173,0.0990007,0,0.28139,NBA,1,Omicron,3,Boosted,0,G_NBA,G_0
1143_1,-6.69084,2.43797,-3.90742,-3.53824,0.983924,3.69891,5.11134,1.4395,97,0.132663,-6.70897,2.60352,-3.78102,-2.99552,0.917933,3.46968,5.32339,1.40825,97,0.204777,-6.70177,2.53577,-3.89806,-3.08258,0.784284,3.23391,3.67026,1.42275,97,0.0827941,0.15734,0.280409,0.332551,0.624669,0.523315,2.23969,3.46463,0.0958296,0,0.306014,NBA,1,Omicron,2,Second dose,0,G_NBA,G_0
2087_1,-6.64386,2.54087,-3.82576,-5.2057,1.34097,2.879,6.57688,1.44878,97,0.129865,-6.62645,2.49718,-3.75561,-5.62561,1.60933,2.70827,8.22,1.4479,97,0.225362,-6.67759,2.54184,-3.8223,-5.13615,1.49129,2.4635,5.12198,1.41304,97,0.0891389,0.156475,0.18185,0.318527,0.957338,0.450609,1.92737,5.33692,0.117514,0,0.227651,NBA,2,Omicron,3,Boosted,0,G_NBA,G_0
2328_1,-6.74341,2.29306,-3.55551,-4.71032,0.660569,3.36474,13.6823,1.38225,97,0.15955,-6.7173,2.26234,-3.65148,-4.80655,0.64902,2.31223,12.4225,1.38273,97,0.160401,-6.73469,2.24529,-3.7021,-4.64126,0.607224,2.02031,9.21467,1.38762,97,0.0750879,0.167543,0.172566,0.302287,0.637464,0.199897,1.4753,4.1043,0.116245,0,0.238321,NBA,1,Omicron,3,Boosted,0,G_NBA,G_0
104_1,-6.59084,2.63969,-3.72267,-4.38986,0.978927,2.56075,11.7417,1.43623,97,0.192591,-6.61361,2.66227,-3.64233,-4.3185,0.985405,2.3472,11.9945,1.44179,97,0.17762,-6.63275,2.63259,-3.68263,-4.09193,0.925695,2.03368,10.0241,1.43174,97,0.0828305,0.16394,0.232634,0.295465,0.973936,0.32883,1.52859,5.16759,0.116276,0,0.222995,NBA,1,Omicron,3,Boosted,0,G_NBA,G_0
67_1,-6.67957,2.24412,-3.74045,-6.13841,0.789005,2.09754,11.8902,1.39443,97,0.174954,-6.73059,2.32857,-3.63639,-5.96171,0.842471,2.02716,13.7913,1.40482,97,0.192228,-6.78915,2.1472,-3.67905,-6.38204,0.991218,1.98336,10.0667,1.40341,97,0.0856507,0.161106,0.270629,0.315838,0.790073,0.219461,1.20529,6.22709,0.105932,0,0.237068,NBA,1,Omicron,2,Second dose,0,G_NBA,G_0
273_1,-6.64009,2.47281,-3.64827,-4.09182,0.690125,2.44934,11.8768,1.43926,97,0.179159,-6.64425,2.50832,-3.73814,-3.98069,0.702454,2.43197,10.9407,1.42649,97,0.263505,-6.67592,2.44511,-3.67656,-4.0467,0.643176,1.95971,10.0756,1.41914,97,0.0868172,0.163734,0.217832,0.390468,0.66553,0.353309,1.52794,5.55315,0.101649,0,0.545628,NBA,2,Omicron,3,Boosted,0,G_NBA,G_0
1300_1,-6.64937,2.31231,-3.65205,-3.59472,0.321563,2.87658,13.0949,1.42593,97,0.150754,-6.70474,2.33798,-3.66248,-3.56089,0.310168,2.70499,12.5068,1.44345,97,0.139564,-6.69061,2.27945,-3.67525,-3.64836,0.312337,1.9786,10.0585,1.41479,97,0.0853182,0.155586,0.256523,0.319183,0.59614,0.117557,1.82676,5.0689,0.113225,0,0.180865,NBA,2,Omicron,3,Boosted,0,G_NBA,G_0
2830_1,-6.65263,2.67744,-3.67272,-3.60513,1.10267,2.79038,11.1557,1.43928,97,0.158187,-6.60502,2.64314,-3.66581,-3.81071,1.43522,2.78905,11.7522,1.45504,97,0.170319,-6.66649,2.67253,-3.67569,-3.6073,1.1915,2.031,9.98535,1.42848,97,0.0826382,0.170241,0.277691,0.287419,0.714999,0.916542,2.06906,5.92255,0.10872,0,0.230273,NBA,1,Omicron,3,Boosted,0,G_NBA,G_0
2771_1,-6.7235,2.37719,-3.77309,-3.58617,0.577678,3.17908,6.37661,1.42318,97,0.154294,-6.71491,2.3394,-3.71541,-3.68959,0.675667,2.8265,7.11552,1.44315,97,0.187005,-6.70009,2.42258,-3.74603,-3.37446,0.580809,2.94986,6.78979,1.40326,97,0.100998,0.169866,0.272017,0.343877,0.939174,0.402999,1.74023,2.27503,0.117638,0,0.329936,NBA,2,Omicron,2,Second dose,0,G_NBA,G_0
3061_1,-6.57787,2.73649,-3.69343,-4.46338,1.05799,2.37818,11.5732,1.43229,97,0.234949,-6.59701,2.68836,-3.61498,-4.20661,0.944333,2.13136,11.6324,1.44759,97,0.192512,-6.61763,2.6531,-3.68137,-4.35722,1.01776,2.25224,10.0139,1.43137,97,0.0810138,0.155879,0.239139,0.321041,0.645046,0.278725,1.62868,4.8368,0.117607,0,0.302311,NBA,2,Omicron,3,Boosted,0,G_NBA,G_0
2739_2,-6.60977,2.85434,-3.69003,-4.74096,2.27266,3.08187,11.1219,1.44023,97,0.114978,-6.55444,2.74851,-3.6508,-5.41486,2.42942,2.88592,11.2098,1.44816,97,0.154641,-6.61682,2.79315,-3.68359,-4.80836,2.34479,2.0761,10.2192,1.43638,97,0.0780945,0.152271,0.175527,0.282843,1.11129,0.365873,2.09744,5.65351,0.121286,0,0.211805,NBA,2,Omicron,-1,No record,0,G_NBA,G_0
2880_2,-6.73094,2.27935,-3.64757,-5.33442,0.848743,2.20509,11.1923,1.3964,97,0.185688,-6.68305,2.20289,-3.61532,-5.45312,0.834395,2.56627,10.8703,1.44128,97,0.150715,-6.71731,2.25679,-3.68024,-4.93279,0.759277,2.00835,9.89636,1.40409,97,0.0867761,0.14101,0.216026,0.350553,1.12904,0.371754,1.54019,6.00579,0.110766,0,0.175275,NBA,1,Omicron,3,Boosted,0,G_NBA,G_0
1017_1,-6.62761,2.7963,-3.71338,-4.93749,1.92631,2.88288,11.4838,1.45847,97,0.152144,-6.57553,2.75061,-3.70849,-5.01333,1.85194,2.07054,10.9474,1.4273,97,0.114586,-6.63153,2.71957,-3.68013,-4.8592,1.92066,1.98526,10.065,1.42666,97,0.084936,0.173202,0.203589,0.319808,0.80949,0.305731,1.57076,5.75882,0.0994374,0,0.117497,NBA,2,Omicron,-1,No record,0,G_NBA,G_0
2412_1,-6.76118,1.99109,-3.75103,-6.73853,1.35009,3.07515,6.99833,1.4167,97,0.175004,-6.83695,2.05914,-3.80832,-6.23629,1.09928,3.81154,6.32319,1.43935,97,0.152528,-6.79377,1.97173,-3.79006,-6.08755,0.847531,3.49955,5.82306,1.42617,97,0.0811783,0.170731,0.202,0.342742,0.988602,0.89954,1.93811,1.86925,0.0998171,0,0.179176,NBA,1,Omicron,2,Second dose,0,G_NBA,G_0
2658_1,-6.76719,2.20203,-3.62629,-6.29805,0.772493,2.33468,13.902,1.41529,97,0.168043,-6.76148,2.2039,-3.69013,-6.3131,0.742951,2.1451,12.4219,1.40639,97,0.195393,-6.7552,2.19925,-3.68393,-6.20615,0.824949,1.76327,9.92351,1.40248,97,0.0853506,0.123918,0.136115,0.35915,0.777753,0.278127,1.55241,5.24346,0.0905312,0,0.315008,NBA,2,Omicron,3,Boosted,0,G_NBA,G_0
212_1,-6.70545,2.28661,-3.8036,-4.95591,0.791647,2.14353,6.95439,1.43299,97,0.182514,-6.7029,2.25609,-3.72554,-5.28466,0.920881,2.16626,7.67245,1.44201,97,0.15777,-6.74097,2.21926,-3.76459,-5.0702,0.810494,1.89973,6.50577,1.42007,97,0.071504,0.143304,0.198009,0.337346,0.895738,0.420251,1.42407,3.65018,0.11506,0,0.302961,NBA,2,Omicron,2,Second dose,0,G_NBA,G_0
2646_1,-6.69992,2.37901,-3.72227,-5.57469,1.32278,2.22811,10.6282,1.39552,97,0.195436,-6.68274,2.35951,-3.69282,-5.63475,1.36736,2.21397,10.472,1.38643,97,0.170241,-6.71576,2.38215,-3.691,-5.38622,1.37609,1.87209,9.93384,1.40341,97,0.0877148,0.125175,0.164596,0.294305,0.654411,0.289894,1.39471,4.45478,0.111262,0,0.217974,NBA,2,Omicron,-1,No record,0,G_NBA,G_0
2484_1,-6.62902,2.52568,-3.69027,-4.74361,0.773133,2.5654,10.556,1.42181,97,0.16793,-6.62121,2.45797,-3.71268,-4.80944,0.720905,3.02815,10.9406,1.44918,97,0.159728,-6.64789,2.46753,-3.66713,-4.62188,0.663839,2.02021,10.0819,1.42987,97,0.0891928,0.146969,0.194621,0.370448,0.659839,0.286292,2.33778,6.53527,0.0979195,0,0.224507,NBA,1,Delta,-1,No record,0,G_NBA,G_0
1432_1,-6.75746,2.19134,-3.66797,-6.01862,1.0538,1.95448,14.4259,1.3964,97,0.198226,-6.70478,2.11908,-3.75294,-5.90007,0.964092,1.96084,12.655,1.39762,97,0.211179,-6.7733,2.18445,-3.72923,-5.43723,0.959296,2.11887,9.71529,1.41945,97,0.0790371,0.183106,0.205927,0.360573,0.990807,0.253416,1.41347,6.25873,0.0986411,0,0.251503,NBA,2,Delta,-1,No record,0,G_NBA,G_0
2821_1,-6.72916,2.11556,-3.66224,-6.3957,0.957764,2.47664,11.5672,1.38066,97,0.1391,-6.71751,2.10949,-3.73392,-5.92693,0.781978,2.33778,12.0136,1.38081,97,0.211784,-6.75106,2.11226,-3.67772,-5.76601,0.731171,2.00222,9.97844,1.39154,97,0.0929198,0.148705,0.158261,0.355461,0.70188,0.332658,1.74469,5.64384,0.108561,0,0.339842,NBA,2,Delta,2,Second dose,0,G_NBA,G_0
2842_1,-6.70231,2.19497,-3.6836,-5.8572,1.08443,2.69855,10.197,1.39155,97,0.191201,-6.70006,2.18873,-3.6405,-5.83584,1.12712,2.05468,12.3454,1.41841,97,0.196945,-6.74912,2.21874,-3.67707,-5.4017,1.06553,1.80123,10.0935,1.40261,97,0.0844675,0.162139,0.190437,0.366646,0.808932,0.358521,1.52168,6.05201,0.118211,0,0.425991,NBA,1,Omicron,-1,No record,0,G_NBA,G_0
277_1,-6.67123,2.1557,-3.67381,-5.56067,0.708166,2.21643,14.9803,1.38692,97,0.179351,-6.75196,2.2301,-3.61201,-5.60855,0.792588,2.3266,13.4814,1.40186,97,0.152391,-6.73446,2.16052,-3.69521,-5.48704,0.771905,1.98687,9.82922,1.40895,97,0.0764685,0.136679,0.169876,0.364249,0.76801,0.204038,1.56157,5.20502,0.0933239,0,0.182973,NBA,1,Omicron,-1,No record,0,G_NBA,G_0
587_1,-6.68028,2.21414,-3.69333,-6.32624,1.26759,2.14071,10.6071,1.43763,97,0.147739,-6.73362,2.28727,-3.79337,-6.02255,1.22618,2.24806,9.89955,1.40732,97,0.164132,-6.73625,2.29398,-3.69648,-6.06326,1.35652,2.19592,8.98565,1.40279,97,0.0889683,0.16626,0.199677,0.347858,0.674191,0.324547,1.65118,4.95213,0.0904539,0,0.265602,NBA,1,Omicron,2,Second dose,0,G_NBA,G_0
3050_1,-6.61655,2.59642,-3.59885,-4.79681,0.763073,2.18657,14.6122,1.44544,97,0.161776,-6.64509,2.48969,-3.63316,-5.04959,0.755398,2.03526,15.3457,1.42118,97,0.214579,-6.6426,2.46406,-3.61763,-5.31826,0.871126,1.64179,12.9932,1.42778,97,0.0700448,0.153934,0.19206,0.35295,0.777508,0.150948,1.77854,5.11947,0.114935,0,0.43908,NBA,2,Omicron,3,Boosted,0,G_NBA,G_0
1000_1,-6.62316,2.59885,-3.69915,-5.73618,1.50689,2.24679,10.1383,1.4396,97,0.155633,-6.64091,2.6441,-3.70573,-5.49825,1.43258,2.03219,10.5837,1.40332,97,0.22279,-6.63985,2.62226,-3.73887,-5.57639,1.68022,1.44865,8,1.40557,97,0.0607299,0.161691,0.19652,0.294073,0.770504,0.413651,1.38853,6.14358,0.102763,0,0.613551,NBA,1,Omicron,-1,No record,0,G_NBA,G_0
1038_1,-6.6229,2.46325,-3.66418,-5.25662,0.940817,2.10447,13.5588,1.40968,97,0.169813,-6.6733,2.4844,-3.63414,-5.3324,0.960108,2.41206,14.0369,1.41745,97,0.200272,-6.65623,2.43967,-3.67071,-5.09213,0.939832,2.21166,10.9059,1.42112,97,0.0873261,0.14953,0.175607,0.291451,0.782864,0.175555,1.40834,5.38147,0.107671,0,0.263064,NBA,2,Delta,2,Second dose,0,G_NBA,G_0
94_1,-6.61559,2.54719,-3.62526,-4.14408,0.604611,2.0445,12.5919,1.38703,97,0.17344,-6.6187,2.57819,-3.66577,-3.98876,0.59243,2.31062,12.7705,1.37928,97,0.181299,-6.63127,2.55072,-3.66756,-4.13704,0.623885,2.42255,12.878,1.38834,97,0.0888645,0.149576,0.210107,0.250726,0.373416,0.139146,1.37059,1.15232,0.0914468,0,0.242668,NBA,2,Omicron,-1,No record,0,G_NBA,G_0
1367_1,-6.59459,2.67129,-3.64817,-3.51477,0.863141,2.32012,12.6176,1.44254,97,0.169627,-6.61915,2.69638,-3.59104,-3.43277,0.831601,2.39062,12.781,1.44184,97,0.196702,-6.64589,2.65027,-3.67129,-3.53573,0.841787,2.17815,10.0754,1.43254,97,0.0823821,0.12649,0.197502,0.316795,0.515,0.255841,1.65002,6.71513,0.105979,0,0.365638,NBA,2,Omicron,-1,No record,0,G_NBA,G_0
1786_1,-6.60861,2.63253,-3.67695,-4.41354,0.753601,2.56179,9.61009,1.43704,97,0.147459,-6.62494,2.59058,-3.686,-4.49271,0.77371,2.73359,10.057,1.45217,97,0.150034,-6.62156,2.55885,-3.68826,-4.36012,0.723204,2.28019,9.42291,1.43876,97,0.076173,0.147507,0.185083,0.274891,0.735921,0.244865,2.08128,3.20345,0.131969,0,0.197711,NBA,2,Omicron,-1,No record,0,G_NBA,G_0
2276_2,-6.78571,2.08769,-3.76934,-6.26681,0.865057,3.42498,7.2489,1.44428,97,0.224801,-6.78152,2.09829,-3.70165,-6.31253,0.839256,3.59561,7.36654,1.41633,97,0.138085,-6.78754,2.06152,-3.74999,-6.17626,0.775879,2.88196,7.19948,1.43719,97,0.0841476,0.121454,0.144568,0.338091,0.64723,0.317575,2.88467,1.2072,0.0904291,0,0.156206,NBA,2,Omicron,-1,No record,0,G_NBA,G_0
1575_1,-6.64469,2.29822,-3.66231,-5.99122,0.732249,2.24849,13.0881,1.43152,97,0.178412,-6.6512,2.3445,-3.62592,-5.80967,0.772697,1.8969,13.8338,1.40961,97,0.169019,-6.68813,2.37376,-3.66475,-5.78385,0.873142,1.94217,10.9817,1.41256,97,0.0861879,0.143185,0.181342,0.319581,0.76729,0.179807,1.29782,5.57862,0.106752,0,0.202918,NBA,3,Omicron,3,Boosted,0,G_NBA,G_0
2287_1,-6.77452,1.86261,-3.81925,-5.17163,0.478468,1.7751,8.44373,1.4327,97,0.15459,-6.80817,2.00945,-3.68605,-4.27843,0.42624,1.84732,11.6127,1.3987,97,0.207687,-6.80536,1.9954,-3.68345,-4.17601,0.366177,1.53023,8.87471,1.39316,97,0.0904663,0.16137,0.229998,0.331377,0.738027,0.20648,1.36119,4.3424,0.115994,0,0.289112,NBA,1,Omicron,3,Boosted,0,G_NBA,G_0
2410_1,-6.75233,2.03005,-3.64699,-5.99135,0.865326,2.77437,10.5607,1.41548,97,0.150666,-6.73671,2.02995,-3.69545,-5.8412,0.796074,2.60957,10.1298,1.41412,97,0.222686,-6.77511,2.06077,-3.6791,-5.50782,0.761364,2.64006,9.96137,1.42305,97,0.0940482,0.190837,0.228069,0.304163,0.975014,0.267237,1.57842,2.17223,0.100183,0,0.405991,NBA,2,Omicron,3,Boosted,0,G_NBA,G_0
604_1,-6.54635,2.49733,-3.58857,-4.85712,0.469505,2.07779,14.1564,1.37831,97,0.162662,-6.54563,2.47887,-3.74613,-5.0385,0.522183,2.25098,12.0059,1.38074,97,0.180448,-6.60412,2.50375,-3.67619,-4.94971,0.525917,1.94507,10.0124,1.38924,97,0.0848991,0.145854,0.192925,0.32003,0.617938,0.162481,1.59449,3.77139,0.0805882,0,0.293231,NBA,1,Omicron,-1,No record,0,G_NBA,G_0
2499_1,-6.61126,2.76158,-3.82485,-5.78964,1.81985,2.63147,7.35293,1.42107,97,0.211303,-6.5805,2.75496,-3.8114,-5.57309,1.68399,2.88464,5.90905,1.41301,97,0.185676,-6.61199,2.68389,-3.85787,-5.52692,1.61076,2.9113,4.15939,1.42402,97,0.0813592,0.152585,0.210657,0.318795,0.780118,0.517874,1.35416,3.68095,0.0858108,0,0.33058,NBA,1,Omicron,-1,No record,0,G_NBA,G_0
469_1,-6.71037,2.08162,-3.64279,-6.06582,0.698926,2.02919,12.1941,1.42714,97,0.202972,-6.71904,2.10749,-3.6725,-6.07117,0.741526,2.1581,12.3622,1.40189,97,0.177184,-6.74922,2.11684,-3.69363,-5.89926,0.704739,1.93948,9.26852,1.41602,97,0.0846024,0.160414,0.189334,0.317169,0.685136,0.240171,1.31739,4.81613,0.109531,0,0.368478,NBA,1,Omicron,-1,No record,0,G_NBA,G_0
1131_1,-6.698,2.22724,-3.67228,-6.29158,0.69767,2.17505,12.752,1.41552,97,0.197411,-6.68108,2.20295,-3.75305,-6.21669,0.628479,2.23726,11.3731,1.38895,97,0.128274,-6.68196,2.20614,-3.70937,-5.91857,0.577559,1.85074,8.10115,1.39094,97,0.0723792,0.146864,0.158913,0.385203,0.744149,0.194877,1.77534,6.06931,0.105837,0,0.138309,NBA,1,Omicron,3,Boosted,0,G_NBA,G_0
2334_1,-6.82655,1.82359,-3.77864,-5.51162,0.774583,2.14247,9.91297,1.38822,97,0.139568,-6.8799,1.8758,-3.68126,-5.39985,0.783633,2.17907,10.2721,1.44846,97,0.147602,-6.86812,1.82689,-3.72414,-5.13952,0.653611,1.82523,8.32332,1.43154,97,0.0711969,0.113106,0.163672,0.327964,0.708625,0.44765,1.65379,5.25051,0.121427,0,0.198109,NBA,3,Omicron,3,Boosted,0,G_NBA,G_0
2361_1,-6.68967,2.26042,-3.67609,-4.57779,0.626231,2.62687,11.4775,1.42044,97,0.197668,-6.67372,2.22345,-3.72121,-4.73705,0.658494,2.66626,10.8738,1.41188,97,0.170145,-6.72014,2.26378,-3.67392,-4.52724,0.600654,2.02831,10.3014,1.40931,97,0.084056,0.168863,0.219926,0.336898,0.889624,0.268432,1.83914,4.56723,0.0953308,0,0.265245,NBA,2,Omicron,-1,No record,0,G_NBA,G_0
2330_1,-6.68148,2.46063,-3.67474,-4.12254,0.568563,2.85135,6.99169,1.3801,97,0.122582,-6.68237,2.37591,-3.75709,-4.29149,0.58433,3.33449,7.16151,1.39776,97,0.173599,-6.67251,2.36415,-3.75049,-4.16849,0.475281,2.62663,7.0792,1.39681,97,0.0877407,0.158966,0.228538,0.341282,0.616757,0.267781,1.91051,1.17681,0.107424,0,0.354573,NBA,1,Omicron,2,Second dose,0,G_NBA,G_0
770_1,-6.68763,2.32281,-3.6949,-5.05464,0.687413,3.67016,9.67652,1.41764,97,0.13599,-6.68147,2.44034,-3.75514,-4.9373,0.719755,3.23733,9.39093,1.40625,97,0.223907,-6.69673,2.34212,-3.71029,-5.01691,0.737353,3.73967,9.94554,1.40799,97,0.092635,0.167268,0.336353,0.289104,0.88726,0.236326,3.01883,1.70297,0.105345,0,0.444534,NBA,2,Omicron,3,Boosted,0,G_NBA,G_0
2121_1,-6.65922,2.47715,-3.67323,-3.37977,0.566242,2.24787,12.2034,1.42172,97,0.214786,-6.67611,2.48824,-3.66774,-3.44588,0.645579,2.77842,11.2848,1.42409,97,0.235864,-6.70411,2.41579,-3.68208,-3.55642,0.588811,1.97857,10.031,1.41583,97,0.0843343,0.158466,0.256168,0.35276,0.605698,0.294026,2.32488,5.01803,0.105709,0,0.452934,NBA,2,Omicron,-1,No record,0,G_NBA,G_0
3042_1,-6.51796,2.62551,-3.73003,-5.45994,0.648376,1.68175,8.86264,1.46675,97,0.16875,-6.61471,2.74409,-3.78499,-5.52073,0.813149,1.93574,11.0713,1.42531,97,0.0976341,-6.60617,2.69326,-3.71585,-5.47913,0.757325,1.38477,8.10176,1.43235,97,0.0403422,0.149871,0.204858,0.349728,0.66238,0.186168,1.69398,4.04961,0.0972681,0,0.157727,NBA,2,Omicron,-1,No record,0,G_NBA,G_0
223_1,-6.75117,2.27691,-3.66826,-3.83437,0.645326,1.96139,12.2261,1.40097,97,0.13983,-6.75934,2.28034,-3.58269,-4.01721,0.740646,2.15515,12.3533,1.41452,97,0.188969,-6.76112,2.25685,-3.67363,-3.84854,0.67447,1.87955,10.2466,1.40635,97,0.0819501,0.152405,0.216016,0.340724,0.704615,0.287827,1.20049,4.78222,0.103269,0,0.289673,NBA,2,Omicron,-1,No record,0,G_NBA,G_0
1888_1,-6.68538,2.44981,-3.75579,-4.48516,1.10882,2.78166,7.49083,1.4101,97,0.158169,-6.69043,2.44155,-3.73149,-4.71564,1.15247,2.04367,7.45371,1.42671,97,0.167515,-6.71258,2.41991,-3.79877,-4.34152,1.02175,1.85355,5.72269,1.4314,97,0.0796846,0.165604,0.19861,0.395642,1.11329,0.514228,1.09225,4.22957,0.12638,0,0.267516,NBA,3,Omicron,3,Boosted,0,G_NBA,G_0
2300_1,-6.63898,2.30315,-3.59743,-5.28323,0.646586,1.90356,11.0024,1.40118,97,0.0948491,-6.66623,2.31282,-3.64671,-5.02116,0.622973,2.50339,11.2264,1.42681,97,0.165637,-6.68322,2.34231,-3.65891,-4.97418,0.683438,2.07652,11.5954,1.41414,97,0.0849954,0.145241,0.187972,0.316908,0.785406,0.186582,1.74397,2.41373,0.108247,0,0.262231,NBA,3,Delta,2,Second dose,0,G_NBA,G_0
1991_1,-6.55138,2.49954,-3.7514,-5.05947,0.846096,2.38329,8.63078,1.46419,97,0.179826,-6.58572,2.62347,-3.70611,-4.8995,0.966609,2.67902,9.11072,1.46724,97,0.156933,-6.61713,2.59018,-3.7192,-4.83148,0.904755,2.15789,7.77332,1.434,97,0.0919591,0.171377,0.233169,0.378217,0.826449,0.30641,1.95195,3.75532,0.118166,0,0.147227,NBA,3,Omicron,3,Boosted,0,G_NBA,G_0
958_1,-6.93157,1.77032,-3.55538,-6.30751,0.776044,2.46205,17.3748,1.41181,97,0.157391,-6.84924,1.66512,-3.67333,-6.97776,0.736723,1.62138,12.2996,1.42795,97,0.165498,-6.87772,1.64728,-3.68473,-6.80554,0.662821,1.34957,10.3354,1.43085,97,0.0812932,0.130144,0.115039,0.342581,0.996226,0.310126,1.03452,7.22769,0.0930314,0,0.334078,NBA,3,Omicron,3,Boosted,0,G_NBA,G_0
1849_1,-6.60332,2.78749,-3.6184,-3.95027,0.881298,2.24047,13.4854,1.45335,97,0.217372,-6.5956,2.73306,-3.64021,-4.18046,0.916293,2.33011,13.08,1.44314,97,0.130671,-6.60638,2.64938,-3.68213,-4.11729,0.873819,1.95218,10.199,1.44115,97,0.0837674,0.163225,0.209651,0.366233,0.658474,0.246005,1.67622,5.00266,0.120877,0,0.168338,NBA,1,Omicron,-1,No record,0,G_NBA,G_0
2971_1,-6.73023,2.28094,-3.59368,-6.059,0.923672,2.21068,12.95,1.43237,97,0.241143,-6.72702,2.2683,-3.67215,-5.88716,0.773723,1.98283,10.5984,1.4327,97,0.195032,-6.7358,2.24105,-3.68003,-6.03453,0.961678,1.98269,10.0468,1.41666,97,0.0853555,0.145352,0.202316,0.273854,0.770124,0.23695,1.09855,5.50324,0.115242,0,0.354455,NBA,1,Omicron,-1,No record,0,G_NBA,G_0
921_1,-6.68977,2.01917,-3.69961,-6.06903,0.661621,2.18867,14.1233,1.3655,97,0.262061,-6.70394,2.01881,-3.65218,-6.01339,0.633751,2.50686,13.4219,1.40155,97,0.143878,-6.76174,2.08582,-3.6767,-5.92904,0.711073,2.36944,10.5047,1.38662,97,0.0724079,0.144926,0.163006,0.347726,0.816039,0.193641,1.78421,4.36265,0.110155,0,0.150737,NBA,1,Delta,2,Second dose,0,G_NBA,G_0
2571_1,-6.60995,2.66727,-3.65808,-3.83948,1.30244,2.24478,11.1249,1.4266,97,0.175808,-6.64156,2.73622,-3.54361,-4.00994,1.56174,1.92726,12.4293,1.44742,97,0.144944,-6.66938,2.66683,-3.68845,-4.07415,1.54499,1.73079,10.0328,1.42303,97,0.0932744,0.146327,0.260024,0.314314,0.651539,0.364753,1.08636,4.8409,0.110507,0,0.158232,NBA,1,Omicron,3,Boosted,0,G_NBA,G_0
942_2,-6.77877,2.3404,-3.73058,-4.17347,1.42757,2.55004,11.2482,1.37132,97,0.144993,-6.75347,2.27722,-3.73995,-4.37737,1.23201,2.91696,7.35285,1.38395,97,0.198173,-6.79028,2.28749,-3.78385,-3.97925,1.0249,2.52772,5.89149,1.3972,97,0.0826713,0.137459,0.188856,0.318797,0.944718,0.745563,1.98495,4.43288,0.0879824,0,0.242721,NBA,2,Omicron,-1,No record,0,G_NBA,G_0
308_1,-6.70903,2.25292,-3.78977,-6.17687,1.17989,2.87322,6.43798,1.39391,97,0.225515,-6.66898,2.23858,-3.75067,-6.54052,1.56208,2.25969,7.11724,1.36905,97,0.170136,-6.71606,2.28802,-3.80125,-6.02345,1.44164,2.25949,5.89178,1.37456,97,0.0781468,0.139642,0.147197,0.318991,0.887832,0.649084,1.32137,4.51663,0.09921,0,0.177504,NBA,1,Delta,2,Second dose,0,G_NBA,G_0
445_1,-6.74793,1.90259,-3.56007,-4.9684,0.363859,2.05589,16.3032,1.39926,97,0.228106,-6.74844,1.92183,-3.55941,-4.93796,0.352885,2.45936,15.8173,1.40527,97,0.156057,-6.78364,1.94651,-3.64153,-4.89678,0.368688,2.0465,11.984,1.39162,97,0.0810624,0.15214,0.158881,0.301358,0.413748,0.116657,1.98747,4.9338,0.103547,0,0.192457,NBA,1,Omicron,3,Boosted,0,G_NBA,G_0
1042_1,-6.62865,2.3811,-3.56157,-4.41811,0.516429,2.5041,15.3748,1.39939,97,0.263473,-6.66055,2.34364,-3.62368,-4.43282,0.496184,1.99004,13.9118,1.44277,97,0.20068,-6.68819,2.29576,-3.65287,-4.50993,0.491008,1.72728,10.9958,1.41153,97,0.0838063,0.181425,0.277213,0.375639,0.64194,0.155724,1.22441,4.57039,0.105055,0,0.217837,NBA,3,Omicron,3,Boosted,0,G_NBA,G_0
2154_2,-6.68786,2.07642,-3.62374,-5.36861,0.79003,1.86243,14.5299,1.42329,97,0.184127,-6.7621,2.1826,-3.65441,-4.84265,0.704023,2.19831,14.4683,1.4005,97,0.249353,-6.77523,1.98293,-3.63127,-5.58162,0.97742,1.68048,11.5687,1.43627,97,0.055588,0.185011,0.237925,0.323031,0.996631,0.315626,1.7409,5.44156,0.10404,0,0.691171,NBA,1,Omicron,-1,No record,0,G_NBA,G_0
224_1,-6.80048,2.19109,-3.60061,-3.45287,0.364252,1.73513,12.732,1.41243,97,0.138758,-6.84236,2.10068,-3.64014,-3.71039,0.434188,1.91011,12.6579,1.42737,97,0.216252,-6.81631,2.00518,-3.67702,-3.83856,0.400717,1.97859,10.0957,1.41263,97,0.0878042,0.16046,0.219034,0.309567,0.822169,0.231671,1.17492,3.80981,0.103643,0,0.333217,NBA,2,Omicron,3,Boosted,0,G_NBA,G_0
923_2,-6.76973,2.12774,-3.67735,-5.62954,1.6438,2.64039,9.99493,1.38452,97,0.239544,-6.79665,2.14026,-3.71737,-5.1042,1.28105,2.45965,9.84446,1.40188,97,0.13233,-6.80797,2.12569,-3.76813,-4.79923,1.09255,2.94455,6.65421,1.39012,97,0.0713407,0.131572,0.154749,0.318134,0.840237,0.651198,1.29569,8.36167,0.109387,0,0.175,NBA,1,Omicron,-1,No record,0,G_NBA,G_0
2365_1,-6.57624,2.65329,-3.80704,-4.80624,1.46334,2.95549,8.6156,1.46159,97,0.195485,-6.61883,2.76283,-3.77093,-4.26116,1.30683,3.15559,8.8136,1.41983,97,0.17726,-6.63493,2.69298,-3.78902,-4.22884,1.26417,2.64895,5.94009,1.43641,97,0.0769674,0.187643,0.247131,0.297052,0.855123,0.394708,2.04434,4.92092,0.0979257,0,0.367338,NBA,2,Delta,2,Second dose,0,G_NBA,G_0
2425_1,-6.70035,2.473,-3.61056,-3.13297,0.607384,2.28161,13.44,1.42164,97,0.16549,-6.69216,2.47219,-3.58661,-3.09826,0.57994,2.37404,13.829,1.40733,97,0.256741,-6.70674,2.45989,-3.68109,-3.22359,0.633645,2.00306,10.1137,1.4165,97,0.0841567,0.193478,0.286239,0.319081,0.595536,0.22242,1.72868,5.45105,0.107966,0,0.552113,NBA,2,Omicron,3,Boosted,0,G_NBA,G_0
551_1,-6.71101,2.25073,-3.70423,-4.21333,0.677251,2.25864,11.9581,1.41668,97,0.125628,-6.71278,2.25843,-3.68818,-4.24182,0.704454,2.42422,12.2639,1.39844,97,0.130532,-6.7449,2.21282,-3.68453,-4.20639,0.591121,2.05084,10.193,1.40901,97,0.0794147,0.148719,0.182312,0.330727,0.611126,0.413752,1.67112,6.22995,0.10484,0,0.156079,NBA,3,Omicron,-1,No record,0,G_NBA,G_0
702_1,-6.65154,2.2586,-3.61208,-5.16617,0.510013,2.17439,14.4163,1.41218,97,0.172929,-6.67573,2.32197,-3.66188,-5.3119,0.565747,2.20698,12.4255,1.43078,97,0.213473,-6.71639,2.16849,-3.67793,-5.55419,0.598931,1.9844,10.0542,1.4082,97,0.085247,0.153188,0.289899,0.297047,0.988857,0.187589,1.26021,4.60691,0.116122,0,0.392728,NBA,3,Omicron,-1,No record,0,G_NBA,G_0
226_1,-6.68984,2.29978,-3.59141,-3.02648,0.286847,2.72077,15.6067,1.40802,97,0.145259,-6.74263,2.31237,-3.66469,-3.14704,0.317357,2.41594,14.3502,1.4074,97,0.266534,-6.71943,2.2539,-3.67601,-3.20396,0.308836,2.01065,10.123,1.39969,97,0.0848791,0.140487,0.176848,0.324764,0.335171,0.105078,1.78926,4.61861,0.110454,0,0.715598,NBA,2,Omicron,3,Boosted,0,G_NBA,G_0
3023_1,-6.74408,2.2805,-3.65853,-4.39109,1.1517,2.45228,12.5216,1.39245,97,0.214582,-6.76644,2.28771,-3.67162,-4.11812,0.941337,2.38684,11.1953,1.39403,97,0.136526,-6.77189,2.26627,-3.68439,-4.00261,0.838899,1.88231,9.96101,1.38959,97,0.0828358,0.157698,0.188617,0.365277,0.631195,0.450648,2.04872,7.09357,0.100201,0,0.161303,NBA,3,Delta,2,Second dose,0,G_NBA,G_0
2514_1,-6.7343,2.1452,-3.57513,-5.64667,0.53256,1.97787,13.0495,1.40151,97,0.165654,-6.68941,2.09531,-3.62339,-5.66982,0.522942,2.59456,13.9048,1.40809,97,0.164926,-6.72672,2.12181,-3.69125,-5.5088,0.514512,2.24571,9.50242,1.41182,97,0.0763229,0.138159,0.169273,0.338806,0.706956,0.175293,1.74315,4.57915,0.121156,0,0.257641,NBA,3,Omicron,3,Boosted,0,G_NBA,G_0
975_1,-6.56693,2.54171,-3.70981,-4.98369,0.909548,1.67225,9.01867,1.43218,97,0.198297,-6.56471,2.58753,-3.65289,-4.96869,0.899795,2.10273,10.0166,1.4334,97,0.161305,-6.62946,2.58144,-3.71657,-4.52983,0.859882,1.93897,8.87822,1.4351,97,0.0960639,0.169774,0.2458,0.316775,0.999847,0.242236,1.21675,4.56037,0.121208,0,0.224269,NBA,2,Omicron,3,Boosted,0,G_NBA,G_0
2216_1,-6.72103,2.48359,-3.8715,-3.55387,1.06773,3.06882,6.64364,1.40993,97,0.114032,-6.76231,2.55002,-3.75637,-3.41755,1.17166,3.5626,6.4829,1.44275,97,0.208729,-6.7577,2.39907,-3.87017,-3.73224,1.0119,3.37558,3.64809,1.41081,97,0.0829617,0.145355,0.234143,0.304632,0.585269,0.559182,2.53554,5.26007,0.108538,0,0.382557,NBA,1,Omicron,2,Second dose,0,G_NBA,G_0
2727_1,-6.65548,2.35993,-3.53652,-4.8561,0.503874,2.3166,13.5419,1.43182,97,0.168137,-6.62908,2.29119,-3.61275,-4.90011,0.48928,2.35867,14.1441,1.43206,97,0.171416,-6.66502,2.33221,-3.68294,-4.718,0.490686,2.01787,9.75263,1.42153,97,0.0724822,0.173049,0.180878,0.360455,0.747804,0.180561,1.8283,5.01012,0.106792,0,0.233062,NBA,unknown,Omicron,2,Second dose,0,G_NBA,G_0
986_1,-6.62709,2.45571,-3.69303,-4.90593,0.809756,2.72665,8.77872,1.45303,97,0.194651,-6.61472,2.49105,-3.72549,-4.66415,0.720173,2.83544,7.9283,1.41932,97,0.218589,-6.65017,2.4698,-3.7276,-4.81807,0.823186,2.98192,8.58125,1.42414,97,0.089644,0.147374,0.223979,0.30199,0.952707,0.249186,2.36891,1.42582,0.119664,0,0.367814,NBA,2,Omicron,-1,No record,0,G_NBA,G_0
2605_1,-6.61108,2.54527,-3.66913,-4.01955,0.659922,2.37151,13.7633,1.41595,97,0.170415,-6.62315,2.55008,-3.64219,-4.12331,0.687558,2.39005,13.4014,1.42719,97,0.142482,-6.65916,2.50205,-3.67808,-4.13902,0.709494,2.04215,10.1158,1.42287,97,0.0879559,0.163476,0.246961,0.372618,0.867251,0.231613,1.80682,5.02352,0.0970029,0,0.190152,NBA,1,Omicron,2,Second dose,0,G_NBA,G_0
785_1,-6.63193,2.62988,-3.49811,-3.04659,0.874314,2.81927,13.9475,1.41652,97,0.19171,-6.67059,2.62289,-3.64441,-3.09635,0.832981,2.41154,14.0934,1.45189,97,0.139464,-6.69977,2.52014,-3.66058,-3.23346,0.801178,2.06762,9.98635,1.42076,97,0.0834138,0.156762,0.27402,0.297679,0.70789,0.195335,2.0347,4.89497,0.10443,0,0.214273,NBA,2,Delta,2,Second dose,0,G_NBA,G_0
1913_1,-6.77638,2.20708,-3.57059,-6.03862,0.629789,2.22372,14.5978,1.37773,97,0.153238,-6.7264,2.15572,-3.60599,-6.18388,0.60982,2.05316,13.2524,1.3776,97,0.174983,-6.74277,2.152,-3.66947,-6.09008,0.647236,1.9526,10.463,1.39258,97,0.0867286,0.126116,0.153497,0.322068,0.619333,0.138778,1.52833,4.02609,0.0948242,0,0.295472,NBA,2,Omicron,3,Boosted,0,G_NBA,G_0
384_1,-6.76649,2.08013,-3.85404,-5.47895,0.589004,4.79667,5.71821,1.40693,97,0.142398,-6.75832,2.04382,-3.80669,-6.07122,0.866532,5.09558,6.11754,1.43402,97,0.11185,-6.78192,1.98765,-3.79153,-6.04883,0.681505,4.96977,5.69045,1.42443,97,0.0856613,0.144646,0.175454,0.287671,0.911271,0.65374,2.73433,2.29688,0.0944037,0,0.174899,NBA,1,Omicron,3,Boosted,0,G_NBA,G_0
283_1,-6.75143,2.36154,-3.81518,-4.69987,0.862889,3.23968,6.84743,1.3908,97,0.172235,-6.67635,2.26884,-3.8057,-4.88474,0.871126,3.47571,6.51952,1.41808,97,0.267289,-6.72402,2.29491,-3.78013,-4.53391,0.750251,3.17126,5.98379,1.39223,97,0.0883877,0.173151,0.232298,0.288208,0.778243,0.433256,1.87318,2.02733,0.112792,0,0.591281,NBA,1,Omicron,2,Second dose,0,G_NBA,G_0
1676_1,-6.57601,2.68787,-3.69609,-5.00453,0.8032,2.1727,12.4394,1.43735,97,0.247758,-6.54175,2.66637,-3.7187,-5.1219,0.83013,2.33767,11.9288,1.46163,97,0.252144,-6.58349,2.63295,-3.6839,-4.91771,0.785311,1.88294,9.94641,1.43508,97,0.0823335,0.163983,0.224621,0.345073,0.769905,0.264585,1.81114,5.38035,0.10608,0,0.476216,NBA,3,Omicron,3,Boosted,0,G_NBA,G_0
2868_1,-6.72059,2.12516,-3.65469,-5.5112,0.689033,2.2816,11.9743,1.41099,97,0.141838,-6.70493,2.08425,-3.67817,-6.00308,0.793397,2.10744,12.5747,1.4091,97,0.17804,-6.74816,2.09645,-3.70598,-5.57512,0.748716,1.85064,8.94677,1.40721,97,0.0903698,0.161001,0.201809,0.333183,1.03347,0.247277,1.29407,5.54572,0.126528,0,0.240422,NBA,2,Delta,2,Second dose,0,G_NBA,G_0
718_1,-6.67173,2.05571,-3.593,-5.16222,0.36741,2.17821,14.823,1.41066,97,0.108365,-6.65334,2.01094,-3.57125,-5.16425,0.34694,2.69049,13.4342,1.42554,97,0.202985,-6.69621,2.17471,-3.67309,-4.67615,0.314593,2.23321,10.3177,1.40122,97,0.0803452,0.177047,0.20856,0.359522,0.693567,0.130736,1.79765,4.54924,0.107522,0,0.359219,NBA,1,Omicron,2,Second dose,0,G_NBA,G_0
2293_1,-6.67936,2.62504,-3.73505,-3.16691,0.791513,2.70783,7.44541,1.4193,97,0.104633,-6.67249,2.59307,-3.73078,-3.43387,0.96907,2.56019,7.29687,1.41782,97,0.211695,-6.69089,2.53361,-3.81006,-3.47889,0.86807,2.29614,5.2403,1.42533,97,0.0924459,0.159383,0.220442,0.29986,0.629574,0.432978,1.38148,3.99061,0.10759,0,0.303401,NBA,1,Omicron,2,Second dose,0,G_NBA,G_0
2944_1,-6.65345,2.46297,-3.67286,-4.30065,0.600852,1.98913,11.6672,1.42957,97,0.157326,-6.66985,2.49981,-3.66802,-4.32817,0.585998,2.19375,11.3559,1.40952,97,0.156231,-6.67313,2.41418,-3.67998,-4.51205,0.689869,1.85363,10.015,1.4165,97,0.0867355,0.15292,0.216263,0.352056,0.773297,0.250876,1.78595,5.98431,0.121157,0,0.264806,NBA,2,Omicron,3,Boosted,0,G_NBA,G_0
2417_1,-6.85191,1.88615,-3.78252,-6.29668,1.28592,2.16919,7.18745,1.36549,97,0.199912,-6.85641,1.82023,-3.79312,-6.13566,0.932531,2.32068,5.92221,1.41211,97,0.147594,-6.86138,1.82818,-3.7674,-5.75316,0.848706,2.17442,6.67964,1.41118,97,0.0829637,0.16994,0.19092,0.308463,0.8018,0.42359,1.04771,1.14828,0.120732,0,0.170034,NBA,1,Omicron,2,Second dose,0,G_NBA,G_0
2262_1,-6.72591,2.31277,-3.68166,-4.21387,0.889378,2.82667,7.84133,1.36229,97,0.205821,-6.71768,2.23816,-3.71649,-4.63161,1.03208,2.67042,8.38769,1.40039,97,0.144972,-6.75229,2.30661,-3.75268,-4.30761,0.9346,2.23955,7.17878,1.38949,97,0.0865002,0.133936,0.172329,0.376154,0.892219,0.427163,2.20105,3.23475,0.100499,0,0.210789,NBA,1,Omicron,2,Second dose,0,G_NBA,G_0
2746_1,-6.6521,2.11403,-3.65141,-5.90735,0.496142,2.1994,12.9432,1.41641,97,0.109004,-6.67945,2.12492,-3.63254,-6.13685,0.510789,2.18317,13.2369,1.41132,97,0.198536,-6.72363,2.14624,-3.69851,-5.94888,0.493206,1.77622,8.96234,1.41981,97,0.0822831,0.176348,0.1924,0.356537,0.762854,0.131201,1.56048,7.33238,0.0961969,0,0.382675,NBA,2,Omicron,3,Boosted,0,G_NBA,G_0
251_1,-6.77539,2.07115,-3.66014,-4.27754,0.637744,1.56792,9.14626,1.39646,97,0.26214,-6.79694,2.09664,-3.83121,-4.47626,0.795509,2.11845,9.60125,1.38499,97,0.199634,-6.82052,2.07862,-3.7326,-4.3132,0.699537,1.52844,7.79809,1.40265,97,0.0798817,0.187101,0.222369,0.324521,0.606419,0.425228,2.24143,7.20723,0.12837,0,0.55453,NBA,1,Omicron,2,Second dose,0,G_NBA,G_0
2631_1,-6.71236,2.47742,-3.72993,-3.54948,0.674342,3.07133,5.52931,1.41565,97,0.0991032,-6.72678,2.48554,-3.76763,-4.21468,1.14359,3.20318,8.06031,1.42272,97,0.170488,-6.7321,2.36436,-3.78096,-4.08805,0.968157,2.77378,5.75508,1.42193,97,0.083761,0.168071,0.272473,0.357794,1.29736,0.627741,2.25632,5.07438,0.108513,0,0.216632,NBA,1,Omicron,2,Second dose,0,G_NBA,G_0
228_1,-6.7048,2.11916,-3.66239,-5.90052,0.88843,2.07512,12.8672,1.39347,97,0.0951065,-6.73427,2.16241,-3.59026,-5.78949,0.880043,2.19649,12.8616,1.40424,97,0.170789,-6.75555,2.174,-3.68758,-5.53997,0.88804,2.13331,10.0659,1.39927,97,0.0777669,0.187981,0.211194,0.324791,0.899179,0.238171,1.49155,5.02521,0.111523,0,0.192962,NBA,1,Omicron,2,Second dose,0,G_NBA,G_0
3030_1,-6.64278,2.24822,-3.78448,-5.48983,0.619184,4.68524,6.11025,1.39336,97,0.164218,-6.63899,2.25247,-3.86302,-5.24563,0.489965,4.96184,6.11461,1.41968,97,0.289998,-6.66123,2.29429,-3.78619,-5.01088,0.460783,4.31476,5.99342,1.40268,97,0.0940374,0.166035,0.193198,0.284395,0.682203,0.191726,2.34218,0.367969,0.0949544,0,0.520126,NBA,1,Omicron,2,Second dose,0,G_NBA,G_0
2513_1,-6.62042,2.67525,-3.69245,-4.87193,1.16682,2.48943,10.5226,1.43685,97,0.164952,-6.61298,2.6865,-3.68317,-4.95233,1.24748,2.10416,10.3915,1.43017,97,0.185576,-6.6321,2.60805,-3.68272,-4.84667,1.17854,1.97672,10.0587,1.42622,97,0.0866074,0.150034,0.231148,0.340356,0.871968,0.405964,1.18106,5.65096,0.10731,0,0.240193,NBA,1,Omicron,3,Boosted,0,G_NBA,G_0
2719_1,-6.55057,2.70062,-3.7586,-5.36677,1.1139,2.10701,10.2779,1.45706,97,0.186386,-6.52874,2.74197,-3.59568,-4.98593,1.03557,2.14873,13.2911,1.46905,97,0.254174,-6.58902,2.69668,-3.6838,-4.71927,0.997336,1.78527,9.91221,1.43896,97,0.0902372,0.162775,0.231047,0.302013,0.814324,0.25681,1.62694,6.88595,0.108909,0,0.426204,NBA,2,Omicron,3,Boosted,0,G_NBA,G_0
2732_1,-6.66191,2.50246,-3.81151,-5.73898,1.07791,3.2579,6.49477,1.41178,97,0.177416,-6.6036,2.4753,-3.7566,-5.53676,1.03512,3.0018,7.2542,1.40792,97,0.13128,-6.65845,2.4755,-3.79437,-5.23887,0.972906,2.90768,6.2364,1.43195,97,0.0994487,0.170268,0.234199,0.319144,0.85368,0.347777,1.66,3.6619,0.101965,0,0.130522,NBA,1,Omicron,2,Second dose,0,G_NBA,G_0
2186_1,-6.75665,2.12108,-3.58079,-5.52967,1.12465,2.47689,16.2598,1.4257,97,0.160147,-6.74662,2.20044,-3.68359,-4.33095,0.649422,1.39123,10.1005,1.39404,97,0.188916,-6.70093,2.24425,-3.7355,-3.77743,0.354318,1.14164,7.08718,1.41125,97,0.0857598,0.133981,0.201803,0.316801,0.968056,0.361975,0.729042,4.82094,0.103664,0,0.292098,NBA,1,Omicron,2,Second dose,0,G_NBA,G_0
178_1,-6.72251,2.31352,-3.67501,-3.98229,0.487326,2.37808,13.8665,1.39361,97,0.164207,-6.73513,2.23795,-3.604,-4.25987,0.555957,2.06077,14.5549,1.42042,97,0.224906,-6.72265,2.28363,-3.67442,-4.07908,0.523768,1.88401,10.0825,1.39568,97,0.0839105,0.163273,0.213634,0.359994,0.795608,0.240678,1.22416,5.05589,0.106908,0,0.614453,NBA,1,Omicron,3,Boosted,0,G_NBA,G_0
2120_1,-6.79829,2.03611,-3.69042,-5.97034,0.753032,1.84916,12.3562,1.39409,97,0.166602,-6.82451,2.06728,-3.57889,-6.231,0.875557,2.51175,14.0481,1.4016,97,0.155095,-6.79275,2.00828,-3.66975,-6.34357,0.970627,1.90054,10.9601,1.40568,97,0.0671534,0.14652,0.171716,0.304281,0.805182,0.208598,2.07048,4.80568,0.100538,0,0.212494,NBA,1,Omicron,3,Boosted,0,G_NBA,G_0
2763_1,-6.7047,2.43009,-3.70564,-5.91134,0.837146,1.82705,11.3344,1.39879,97,0.169637,-6.66044,2.33893,-3.62688,-5.97372,0.819829,2.2482,11.5966,1.42307,97,0.150696,-6.72205,2.27952,-3.73913,-5.93705,0.796392,1.85523,8.51699,1.42473,97,0.0598032,0.142218,0.204469,0.310893,0.709674,0.226902,1.77339,5.33415,0.0999708,0,0.274645,NBA,1,Omicron,3,Boosted,0,G_NBA,G_0
2083_1,-6.65481,2.01242,-3.75959,-6.26573,0.528897,3.67302,7.55089,1.41577,97,0.219771,-6.77221,2.15427,-3.72916,-6.0587,0.612094,3.4336,7.63859,1.39821,97,0.15881,-6.74604,2.11996,-3.73206,-6.03165,0.569609,3.14203,7.53321,1.40029,97,0.0909268,0.134034,0.165851,0.330432,0.764056,0.207207,1.65589,0.783453,0.105813,0,0.172684,NBA,1,Delta,2,Second dose,0,G_NBA,G_0
232_1,-6.77682,2.22688,-3.89193,-3.89006,0.961256,3.68653,4.7614,1.38909,97,0.217182,-6.74732,2.20324,-3.79534,-3.87247,1.09785,4.85098,6.10912,1.39847,97,0.153611,-6.81094,2.22408,-3.88678,-3.95216,0.83117,3.93311,3.08142,1.39538,97,0.0884631,0.13003,0.19236,0.341765,0.580663,0.796851,6.23315,5.50435,0.0956296,0,0.499702,NBA,1,Omicron,3,Boosted,0,G_NBA,G_0
2807_1,-6.65891,2.31436,-3.76384,-5.07796,1.0267,2.59223,7.06354,1.41757,97,0.107609,-6.68385,2.38413,-3.78725,-4.77263,1.09714,2.38001,7.46072,1.42039,97,0.129563,-6.75512,2.43798,-3.76608,-4.49659,0.99032,2.61577,6.56891,1.40078,97,0.0949104,0.147081,0.222305,0.330254,0.859708,0.458997,2.14989,3.82794,0.0897135,0,0.199082,NBA,1,Omicron,2,Second dose,0,G_NBA,G_0
516_1,-6.77929,2.2668,-3.73786,-4.2799,0.705206,2.56409,7.04058,1.3878,97,0.124377,-6.72803,2.22409,-3.73514,-4.41319,0.732352,3.25514,6.84141,1.39122,97,0.16844,-6.74796,2.19478,-3.79092,-4.28994,0.600873,2.834,6.1805,1.39569,97,0.08342,0.156928,0.210463,0.315889,0.978029,0.476328,1.86424,2.80479,0.106463,0,0.177957,NBA,1,Omicron,2,Second dose,0,G_NBA,G_0
2653_1,-6.60402,2.4966,-3.59397,-5.30548,0.872265,2.3533,15.9879,1.4106,97,0.133591,-6.6415,2.62801,-3.58435,-4.72141,0.772781,2.2914,15.7268,1.34039,97,0.186118,-6.6319,2.53277,-3.66075,-4.9193,0.80037,2.18796,11.0117,1.38768,97,0.100953,0.181042,0.203211,0.341734,0.561985,0.176486,1.54087,5.84069,0.11422,0,0.378763,NBA,1,Omicron,2,Second dose,0,G_NBA,G_0
2208_1,-6.64887,2.52641,-3.60882,-5.98526,0.865298,2.27761,13.9116,1.41164,97,0.173895,-6.64327,2.51496,-3.64188,-5.94019,0.844466,2.11728,12.2698,1.41688,97,0.168965,-6.66758,2.52779,-3.68113,-5.79214,0.886088,1.833,9.9646,1.41447,97,0.0852677,0.165524,0.217145,0.363031,0.656337,0.181444,1.62295,5.345,0.0996966,0,0.234574,NBA,1,Omicron,2,Second dose,0,G_NBA,G_0
1290_1,-6.78462,1.94637,-3.74567,-6.50676,0.924429,4.17843,6.68907,1.39261,97,0.166943,-6.79249,1.9359,-3.80561,-6.47164,0.793676,4.67004,6.33327,1.40526,97,0.184203,-6.81486,1.93446,-3.79377,-6.11366,0.707372,3.29179,6.13369,1.4127,97,0.0711494,0.129871,0.14662,0.329643,0.773373,0.313891,2.80482,0.692242,0.113208,0,0.311586,NBA,1,Omicron,2,Second dose,0,G_NBA,G_0
2021_1,-6.70633,2.39329,-3.78313,-4.18128,1.01825,2.38288,7.58121,1.38107,97,0.171848,-6.73319,2.45529,-3.78868,-4.19991,1.09968,2.70774,6.94961,1.40717,97,0.0962512,-6.75191,2.34791,-3.8094,-4.28295,0.979113,2.78047,5.51214,1.40015,97,0.0920651,0.155504,0.261106,0.351046,0.742736,0.501315,1.54908,3.26855,0.0959621,0,0.117363,NBA,1,Omicron,2,Second dose,0,G_NBA,G_0
3022_1,-6.69043,2.38104,-3.75349,-5.03098,1.03322,2.77182,7.77798,1.41824,97,0.144953,-6.70341,2.40093,-3.81391,-4.97484,1.06501,2.19758,7.67225,1.42335,97,0.149389,-6.69675,2.39748,-3.79066,-4.76433,0.958659,2.02531,5.91831,1.4253,97,0.0801647,0.195312,0.279443,0.334927,1.21458,0.47166,1.0472,3.65101,0.0999339,0,0.176747,NBA,1,Omicron,2,Second dose,0,G_NBA,G_0
2437_1,-6.71385,2.52681,-3.83169,-3.70009,0.835899,2.46176,7.12568,1.4202,97,0.160932,-6.66259,2.4617,-3.74928,-3.87058,0.955351,2.68259,7.48195,1.42911,97,0.120918,-6.73714,2.40272,-3.77197,-3.90027,0.868225,2.25117,6.22429,1.41084,97,0.079613,0.166779,0.282807,0.321173,0.899038,0.409187,1.90607,3.24862,0.117388,0,0.117431,NBA,1,Omicron,3,Boosted,0,G_NBA,G_0
363_1,-6.63455,2.39827,-3.65206,-3.1147,0.491927,2.46039,11.6152,1.37802,97,0.23,-6.71991,2.4306,-3.72349,-3.17505,0.538783,2.31984,11.5984,1.40014,97,0.197264,-6.71266,2.4191,-3.67918,-3.24743,0.568944,1.98318,10.0472,1.39329,97,0.085354,0.151321,0.205518,0.334856,0.490161,0.243468,1.61354,6.69261,0.0948073,0,0.266263,NBA,1,Omicron,2,Second dose,0,G_NBA,G_0
2688_1,-6.74764,2.03116,-3.65272,-6.3771,0.543744,2.1114,12.6088,1.35823,97,0.174943,-6.74864,2.01407,-3.63113,-6.344,0.535045,2.21073,12.416,1.409,97,0.266771,-6.76451,2.00816,-3.70115,-6.26326,0.504324,1.75071,8.57372,1.38491,97,0.0889129,0.150905,0.164103,0.368801,0.694332,0.168025,1.81173,5.27584,0.129452,0,0.498057,NBA,1,Omicron,2,Second dose,0,G_NBA,G_0
2321_1,-6.69495,2.37257,-3.70464,-4.60933,0.729016,2.31321,12.6906,1.40205,97,0.194497,-6.62725,2.30222,-3.67711,-5.05714,0.898805,2.32741,12.5549,1.38528,97,0.269765,-6.70498,2.38575,-3.68552,-4.67454,0.867065,1.90555,10.1288,1.39399,97,0.0883479,0.169839,0.231582,0.334308,0.909402,0.282282,1.95737,5.57438,0.0929994,0,0.368727,NBA,1,Omicron,2,Second dose,0,G_NBA,G_0
300_1,-6.77811,1.94902,-3.63754,-6.29668,0.766808,2.24417,14.3173,1.41536,97,0.11866,-6.80032,1.97358,-3.62181,-6.31761,0.769581,2.04637,14.2407,1.37796,97,0.249066,-6.80853,1.96356,-3.68167,-6.14311,0.80118,2.48629,10.8963,1.40626,97,0.0924013,0.121185,0.136134,0.319145,0.833874,0.261948,1.4277,6.33554,0.0966676,0,0.365853,NBA,1,Omicron,3,Boosted,0,G_NBA,G_0
45_1,-6.60654,2.62617,-3.64459,-3.9259,0.813662,2.29356,11.2258,1.44198,97,0.168066,-6.62097,2.62528,-3.69007,-3.73907,0.737339,2.43409,12.0793,1.42898,97,0.235385,-6.65116,2.5714,-3.67803,-3.85039,0.765676,1.98164,10.0329,1.42729,97,0.0851289,0.149177,0.224917,0.316812,0.662107,0.297996,1.82684,4.84602,0.115013,0,0.361762,NBA,1,Omicron,3,Boosted,0,G_NBA,G_0
3051_1,-6.74054,2.15955,-3.46676,-5.13724,0.507411,1.99372,23.7937,1.38882,97,0.141906,-6.72313,2.16095,-3.51831,-5.26569,0.499189,1.65932,21.7811,1.37891,97,0.180661,-6.73139,2.15828,-3.50608,-5.3445,0.586573,1.18271,21.9388,1.38829,97,0.100192,0.149588,0.223557,0.359712,0.659107,0.125346,1.5018,9.42079,0.102207,0,0.232735,NBA,3,Delta,-1,No record,0,G_NBA,G_0
2628_1,-6.84076,1.93573,-3.62134,-6.51737,0.68843,2.07175,12.7742,1.42097,97,0.36652,-6.79493,1.86625,-3.68331,-6.44311,0.57281,2.1871,11.6972,1.43693,97,0.23489,-6.81427,1.87648,-3.68531,-6.40418,0.651352,1.88944,10.0145,1.42684,97,0.0869156,0.150914,0.154343,0.326509,0.702664,0.27333,1.72165,4.15003,0.115823,0,0.397135,NBA,3,Delta,2,Second dose,0,G_NBA,G_0
2457_1,-6.65733,2.4224,-3.79791,-4.47636,0.797092,2.36125,10.7881,1.43341,97,0.18042,-6.65764,2.4597,-3.68372,-4.71919,0.892745,2.66048,10.0819,1.41903,97,0.218447,-6.6889,2.44408,-3.68769,-4.69707,0.98909,1.86767,10.1272,1.41309,97,0.0905459,0.162508,0.208601,0.282332,1.13275,0.428193,2.89135,5.02683,0.120838,0,0.37476,NBA,2,Delta,2,Second dose,0,G_NBA,G_0
304_1,-6.60623,2.67528,-3.66607,-3.42823,0.855885,2.36034,11.7276,1.45853,97,0.142029,-6.60124,2.65963,-3.61999,-3.38558,0.818666,2.30238,10.6594,1.42741,97,0.158086,-6.65097,2.62852,-3.68916,-3.42477,0.804597,2.00564,9.813,1.42773,97,0.0948907,0.158589,0.246496,0.285721,0.58852,0.342975,1.35953,4.09226,0.136655,0,0.202648,NBA,3,Delta,-1,No record,0,G_NBA,G_0
2616_1,-6.77068,2.20375,-3.72109,-6.73322,1.10208,1.96646,11.2603,1.34679,97,0.116519,-6.75448,2.18427,-3.62125,-6.55166,1.06114,1.9074,11.5947,1.36152,97,0.116943,-6.78703,2.19991,-3.70751,-6.36233,1.02817,1.67268,8.27981,1.37961,97,0.0879253,0.108249,0.125174,0.276317,0.62011,0.254062,1.22206,5.15884,0.106162,0,0.13414,NBA,2,Delta,-1,No record,0,G_NBA,G_0
541_1,-6.76176,2.2471,-3.67043,-3.28304,0.490492,2.73428,12.151,1.40302,97,0.28894,-6.731,2.14133,-3.70331,-3.95923,0.596527,2.5381,11.5181,1.40835,97,0.190369,-6.78369,2.15256,-3.67966,-3.63001,0.475306,1.99618,10.0591,1.40337,97,0.0848973,0.153526,0.230604,0.336906,0.803565,0.302251,1.64009,4.92721,0.113363,0,0.297608,NBA,2,Delta,-1,No record,0,G_NBA,G_0
2943_1,-6.76046,2.20854,-3.60841,-4.49758,0.59241,2.12741,14.2317,1.39496,97,0.150687,-6.75223,2.23734,-3.53331,-4.47646,0.659126,2.28023,14.7763,1.38562,97,0.15761,-6.75104,2.18979,-3.64082,-4.51352,0.63727,1.79265,12.0095,1.39412,97,0.0872394,0.140062,0.205029,0.294575,0.521331,0.163001,1.81243,4.69425,0.102077,0,0.206648,NBA,1,Delta,-1,No record,0,G_NBA,G_0
1896_1,-6.61433,2.50853,-3.77315,-4.55393,0.836465,2.14059,9.26528,1.44237,97,0.179606,-6.66668,2.57566,-3.68029,-4.27019,0.789287,2.61595,9.83793,1.40823,97,0.160157,-6.66571,2.48963,-3.68915,-4.26559,0.746503,2.19705,9.63737,1.42096,97,0.0794285,0.156397,0.210552,0.294812,0.778327,0.247453,1.61229,3.29548,0.10247,0,0.264138,NBA,2,Delta,2,Second dose,0,G_NBA,G_0
1746_1,-6.82919,1.74694,-3.67124,-6.94255,0.826688,2.19567,10.5093,1.4067,97,0.148344,-6.88145,1.78801,-3.79404,-6.87747,0.800055,2.32724,10.1204,1.43273,97,0.13772,-6.8858,1.7798,-3.67504,-6.76368,0.695496,2.04007,10.0895,1.41505,97,0.0795743,0.18549,0.217428,0.376846,0.783546,0.439917,1.44655,5.61491,0.115503,0,0.176734,NBA,1,Delta,-1,No record,0,G_NBA,G_0
1746_2,-6.66027,2.48668,-3.65662,-3.83996,0.794967,2.39768,11.1298,1.44919,97,0.0945424,-6.64143,2.53679,-3.72042,-3.51618,0.679647,2.63781,10.3471,1.42871,97,0.186269,-6.68591,2.47282,-3.69102,-3.54104,0.625687,2.07426,9.24778,1.42385,97,0.0827744,0.155944,0.223542,0.307171,0.505863,0.205594,2.68267,3.29776,0.099607,0,0.828023,NBA,1,Omicron,-1,No record,0,G_NBA,G_0
2665_1,-6.77044,1.91838,-3.62544,-6.51484,0.49487,2.28968,16.0682,1.39991,97,0.188583,-6.79852,1.9529,-3.6589,-6.62826,0.545411,1.89483,14.02,1.38853,97,0.216751,-6.81059,1.96847,-3.64806,-6.4472,0.534726,1.59974,11.3253,1.39602,97,0.0778151,0.129188,0.162225,0.422895,0.583932,0.20665,1.18757,5.42066,0.0930257,0,0.408825,NBA,2,Delta,-1,No record,0,G_NBA,G_0
188_1,-6.7028,2.36194,-3.65395,-6.03019,0.871155,2.39955,12.2937,1.40264,97,0.258584,-6.69177,2.35246,-3.73046,-5.81745,0.806036,1.95367,10.7795,1.40261,97,0.228413,-6.69189,2.34089,-3.72199,-5.85493,0.921123,1.99533,8.60907,1.39314,97,0.06162,0.130286,0.157287,0.347271,0.720267,0.232335,1.40061,4.68795,0.0937483,0,0.371516,NBA,2,Delta,2,Second dose,0,G_NBA,G_0
706_1,-6.64309,2.45355,-3.6772,-5.27391,0.858953,2.05293,10.0297,1.39678,97,0.175045,-6.64354,2.45314,-3.6584,-5.40254,0.905027,2.09736,12.4105,1.44583,97,0.24628,-6.66762,2.43941,-3.68594,-5.39687,1.02355,2.37456,10.1715,1.4175,97,0.0810239,0.159607,0.206409,0.327821,0.868496,0.270685,1.47723,5.71307,0.118663,0,0.829948,NBA,1,Delta,-1,No record,0,G_NBA,G_0
426_1,-6.7287,2.21907,-3.7153,-5.19948,0.963177,2.22061,11.0362,1.38601,97,0.195775,-6.71325,2.20415,-3.69871,-5.12251,0.905996,2.33485,11.1798,1.39882,97,0.183634,-6.74566,2.18056,-3.68401,-5.02772,0.878309,2.00124,9.97158,1.40235,97,0.0828422,0.143556,0.170513,0.302364,0.805252,0.420915,1.58441,5.41718,0.101205,0,0.312386,NBA,2,Delta,-1,No record,0,G_NBA,G_0
199_1,-6.68973,2.47056,-3.60114,-5.84622,1.02223,2.37114,12.2229,1.42429,97,0.226987,-6.69545,2.47602,-3.63828,-5.98364,0.970655,2.3106,11.3775,1.42035,97,0.137091,-6.70142,2.4495,-3.74693,-5.84321,0.970047,2.30514,7.9836,1.40928,97,0.0887615,0.160918,0.180614,0.345655,0.708103,0.280421,1.29637,5.83026,0.0819208,0,0.157324,NBA,1,Delta,-1,No record,0,G_NBA,G_0
804_1,-6.71053,2.47962,-3.64779,-3.53149,0.751421,2.45952,12.0585,1.41872,97,0.105524,-6.70057,2.4464,-3.68122,-3.56341,0.75816,1.87497,10.869,1.4249,97,0.195015,-6.73744,2.40379,-3.66572,-3.92661,0.938217,1.88332,10.0454,1.41006,97,0.0832261,0.155205,0.265115,0.362412,0.787323,0.294418,1.09831,5.288,0.117972,0,0.244892,NBA,2,Delta,-1,No record,0,G_NBA,G_0
697_1,-6.83503,2.03727,-3.6599,-6.61349,0.592483,1.9114,12.7524,1.41096,97,0.129066,-6.83043,2.01517,-3.61488,-6.64673,0.680079,2.0503,11.7036,1.43568,97,0.235688,-6.81337,2.00149,-3.69132,-6.52903,0.668168,1.8636,9.46609,1.40979,97,0.0953789,0.135757,0.148381,0.321265,0.622853,0.182279,1.35332,3.85833,0.123521,0,0.292679,NBA,1,Omicron,3,Boosted,0,G_NBA,G_0
738_1,-6.75706,2.14527,-3.67423,-4.68897,0.831757,2.41272,11.6882,1.42748,97,0.129721,-6.73535,2.1866,-3.6476,-4.05877,0.612629,2.03821,12.0995,1.43947,97,0.175986,-6.7524,2.26027,-3.68111,-3.68167,0.543727,1.8111,9.97724,1.40453,97,0.0819867,0.153512,0.255182,0.344221,1.0671,0.361776,1.38942,5.82843,0.113018,0,0.24476,NBA,1,Delta,-1,No record,0,G_NBA,G_0
1796_1,-6.7542,2.15467,-3.68435,-4.86257,1.0474,2.29906,8.53648,1.39092,97,0.189317,-6.77357,2.12287,-3.7531,-5.07934,1.09404,2.37222,8.45011,1.42138,97,0.158903,-6.80979,2.13185,-3.72378,-4.37327,0.86577,2.02484,7.85113,1.40808,97,0.0851994,0.16097,0.193762,0.34989,1.25958,0.656642,1.72577,4.01798,0.0918417,0,0.155965,NBA,2,Delta,-1,No record,0,G_NBA,G_0
204_1,-6.66074,2.62326,-3.84815,-3.37583,1.14221,2.78189,8.37584,1.41513,97,0.164098,-6.6661,2.58944,-3.78568,-3.24369,0.92357,2.8479,6.7491,1.42938,97,0.140458,-6.69758,2.54361,-3.80208,-3.1563,0.78791,2.62057,5.43771,1.4243,97,0.0804647,0.151616,0.263066,0.326935,0.621325,0.451135,1.72188,3.65076,0.0857383,0,0.192771,NBA,2,Omicron,-1,No record,0,G_NBA,G_0
963_1,-6.67846,2.29583,-3.8308,-4.32922,0.8297,2.19969,7.75055,1.40806,97,0.166498,-6.71088,2.27265,-3.7594,-4.81614,1.04135,2.49454,7.86664,1.39803,97,0.157359,-6.75156,2.32673,-3.73374,-4.30004,0.919354,2.22173,6.98423,1.40591,97,0.0784372,0.152991,0.188524,0.309075,1.10064,0.488579,1.73174,3.13016,0.0924561,0,0.224301,NBA,1,Delta,-1,No record,0,G_NBA,G_0
3066_1,-6.62171,2.51309,-3.74535,-4.37132,0.753418,1.51205,7.55154,1.40545,97,0.202541,-6.63199,2.38469,-3.66228,-4.727,0.820463,1.90359,8.16148,1.41756,97,0.178855,-6.68151,2.41638,-3.73868,-4.48677,0.750393,1.65591,7.32562,1.41835,97,0.0875667,0.147862,0.197311,0.352444,0.679978,0.325411,1.34758,2.85656,0.100189,0,0.216964,NBA,3,Omicron,3,Boosted,0,G_NBA,G_0
834_1,-6.71988,2.31112,-3.63722,-4.40684,1.17946,2.59786,10.7557,1.38196,97,0.242702,-6.73498,2.30472,-3.7362,-4.44925,1.11794,2.5589,10.4248,1.3983,97,0.181649,-6.7489,2.29255,-3.67525,-4.21776,0.904586,2.14255,9.79232,1.38579,97,0.0921297,0.145843,0.168091,0.317343,0.73752,0.755033,1.50108,5.45391,0.100868,0,0.221291,NBA,1,Delta,-1,No record,0,G_NBA,G_0
2869_1,-6.76483,2.01749,-3.80074,-6.55677,1.36853,1.89441,8.43904,1.39908,97,0.172218,-6.88492,2.15362,-3.6921,-6.426,1.62368,1.993,10.8496,1.40069,97,0.192808,-6.84762,2.08729,-3.78637,-6.52768,1.4196,1.81386,6.34028,1.41995,97,0.077752,0.130151,0.164319,0.306507,0.73936,0.832023,0.911262,7.1992,0.10673,0,0.607009,NBA,2,Delta,2,Second dose,0,G_NBA,G_0
287_1,-6.71186,2.20935,-3.68612,-5.95081,1.00489,3.18188,6.50468,1.41002,97,0.207031,-6.73791,2.26154,-3.76059,-5.81424,1.03107,2.88179,6.86688,1.41994,97,0.215013,-6.72263,2.22482,-3.7743,-5.43704,0.928332,2.5714,6.4185,1.40284,97,0.0883521,0.163567,0.207091,0.29874,0.960875,0.440732,1.87241,3.69775,0.099376,0,0.340363,NBA,1,Omicron,2,Second dose,0,G_NBA,G_0
1657_1,-6.67465,2.45581,-3.68292,-5.27435,0.953595,2.33688,11.2375,1.41741,97,0.168324,-6.64974,2.44107,-3.71105,-5.24882,0.907051,2.2,10.7753,1.42302,97,0.159601,-6.6655,2.4176,-3.67768,-5.02337,0.804013,1.94333,10.0565,1.41755,97,0.0870317,0.164741,0.194065,0.323162,0.828354,0.437363,1.25911,5.42962,0.101525,0,0.254129,NBA,1,Delta,2,Second dose,0,G_NBA,G_0
683_1,-6.81356,2.05006,-3.67724,-6.27314,1.01871,2.41875,10.8433,1.40044,97,0.214441,-6.79865,2.01184,-3.71845,-6.13426,0.835668,2.60485,11.6226,1.40254,97,0.159642,-6.79051,1.9858,-3.68244,-6.07644,0.781086,2.09956,10.2315,1.40966,97,0.0764872,0.168491,0.19978,0.307367,0.745281,0.491135,2.1365,6.10122,0.105505,0,0.222382,NBA,1,Omicron,2,Second dose,0,G_NBA,G_0
2001_1,-6.67919,2.27039,-3.6318,-5.27684,0.674079,2.43797,13.6367,1.41589,97,0.149083,-6.66181,2.3143,-3.59341,-4.89033,0.594285,2.47888,14.4265,1.41578,97,0.192526,-6.69032,2.30552,-3.68378,-5.19887,0.709364,2.02507,10.0104,1.41197,97,0.0856256,0.185339,0.318866,0.297656,0.95301,0.222221,1.76271,5.24188,0.105698,0,0.282875,NBA,2,Omicron,3,Boosted,0,G_NBA,G_0
2469_1,-6.82766,2.12509,-3.77729,-5.71797,0.980673,1.78813,6.76574,1.40198,97,0.17599,-6.80141,2.1318,-3.6922,-6.03286,1.24557,2.1467,8.5301,1.38037,97,0.215908,-6.78628,2.09004,-3.7823,-5.64789,1.09459,1.9169,6.80944,1.3933,97,0.0922768,0.145087,0.156805,0.273852,0.987325,0.540898,1.36412,3.79942,0.0875869,0,0.37891,NBA,1,Omicron,3,Boosted,0,G_NBA,G_0
121_1,-6.71456,2.17079,-3.7245,-5.66671,0.63054,2.39104,10.0575,1.41542,97,0.195091,-6.68179,2.1454,-3.7066,-6.08214,0.701268,1.87526,10.3258,1.4164,97,0.333419,-6.71516,2.18749,-3.68924,-5.49716,0.631035,1.60296,9.51655,1.39775,97,0.0875862,0.165099,0.187799,0.308969,0.996086,0.204422,1.08751,3.13494,0.110118,0,1.23682,NBA,2,Omicron,3,Boosted,0,G_NBA,G_0
480_1,-6.62698,2.49538,-3.64635,-5.68976,1.09491,2.25504,8.50756,1.41102,97,0.261491,-6.60911,2.51082,-3.78761,-5.11812,0.847052,2.01749,7.253,1.41029,97,0.184013,-6.64058,2.48183,-3.76566,-5.03337,0.791845,1.81097,6.47763,1.42912,97,0.0755643,0.163376,0.232683,0.328586,0.79205,0.330346,1.20152,2.97617,0.111057,0,0.266898,NBA,2,Omicron,3,Boosted,0,G_NBA,G_0
1068_1,-6.6979,2.22137,-3.68357,-5.85255,0.817164,3.95806,8.5754,1.40223,97,0.167366,-6.73243,2.25908,-3.64169,-5.9725,0.958523,3.64397,9.70464,1.39179,97,0.231026,-6.72585,2.23412,-3.71583,-5.71681,0.933657,3.1848,8.78947,1.38402,97,0.101142,0.119312,0.143459,0.291473,0.709941,0.217431,2.82277,3.85706,0.0986574,0,0.323258,NBA,3,Omicron,3,Boosted,0,G_NBA,G_0
1698_1,-6.71453,2.22793,-3.76004,-6.18839,1.48839,2.76493,7.59479,1.40849,97,0.15554,-6.68865,2.18949,-3.80768,-6.09483,1.0148,3.05899,5.10802,1.40921,97,0.171057,-6.73223,2.21156,-3.86402,-5.6938,0.898707,2.41464,4.43231,1.41327,97,0.0859437,0.161918,0.178968,0.350558,0.949496,0.475095,2.03376,1.61897,0.101735,0,0.256466,NBA,1,Omicron,3,Boosted,0,G_NBA,G_0
1874_1,-6.72478,2.32518,-3.68789,-4.0409,0.557065,2.6601,8.53637,1.42073,97,0.160013,-6.69738,2.28442,-3.68205,-4.09217,0.540329,2.27132,8.26009,1.40457,97,0.164774,-6.6953,2.35256,-3.70672,-3.73636,0.465115,2.63241,8.82135,1.41736,97,0.0904407,0.180386,0.304206,0.287364,0.843781,0.240033,1.10486,1.35462,0.116761,0,0.232082,NBA,3,Omicron,3,Boosted,0,G_NBA,G_0
1159_1,-6.76713,2.11367,-3.7801,-5.67185,0.789547,2.35473,8.45486,1.41681,97,0.178394,-6.76841,2.06139,-3.81411,-6.05748,0.915874,2.52917,8.98592,1.4127,97,0.136691,-6.75768,2.01578,-3.68752,-6.0268,0.937194,2.90777,8.77408,1.4346,97,0.0874593,0.16607,0.200184,0.250306,0.86753,0.404807,1.84142,3.94834,0.109297,0,0.149638,NBA,1,Omicron,3,Boosted,0,G_NBA,G_0
2663_1,-6.66096,2.68613,-3.79595,-3.44484,1.04442,2.48285,7.16278,1.43717,97,0.162235,-6.67787,2.69911,-3.82449,-3.57487,1.32056,2.45539,8.754,1.4378,97,0.199465,-6.69833,2.60561,-3.80091,-3.64396,1.23832,2.09759,5.7997,1.42391,97,0.0698487,0.149233,0.242301,0.341148,0.53974,0.452947,1.74328,4.86675,0.11138,0,0.374025,NBA,2,Delta,3,Boosted,0,G_NBA,G_0
673_1,-6.60757,2.78981,-3.66806,-5.05695,2.55677,2.53263,11.0313,1.44443,97,0.125281,-6.60072,2.79274,-3.75204,-4.68456,2.31811,2.5443,8.87261,1.43401,97,0.205996,-6.63794,2.76309,-3.70409,-4.78628,2.55896,1.90168,9.97591,1.43284,97,0.0881372,0.142697,0.208938,0.324236,0.936698,0.712244,1.63374,6.14935,0.109961,0,0.214863,NBA,2,Omicron,3,Boosted,0,G_NBA,G_0
409_1,-6.76411,2.12831,-3.58733,-5.90119,0.748724,1.81734,14.7479,1.40173,97,0.153937,-6.71373,2.0842,-3.59638,-5.89103,0.74388,2.17501,14.0704,1.40308,97,0.152228,-6.75545,2.11535,-3.67966,-5.71883,0.776061,1.93879,10.0321,1.40602,97,0.0836553,0.144048,0.170584,0.314633,0.732216,0.207888,1.4362,4.48067,0.0881115,0,0.225515,NBA,1,Omicron,3,Boosted,0,G_NBA,G_0
1375_1,-6.70894,2.19907,-3.57438,-4.15771,0.464483,2.56971,14.8239,1.39797,97,0.167623,-6.69296,2.19365,-3.65685,-4.14107,0.448772,2.34974,13.7601,1.39369,97,0.125855,-6.72048,2.2497,-3.67827,-4.00801,0.439412,1.9902,10.0818,1.39848,97,0.0842301,0.157933,0.240538,0.292499,0.483527,0.14981,1.58982,4.16972,0.119191,0,0.1461,NBA,2,Omicron,3,Boosted,0,G_NBA,G_0
2554_1,-6.734,1.98417,-3.76261,-6.47094,0.618946,1.97194,10.5228,1.41854,97,0.164382,-6.73772,1.98129,-3.72543,-6.34836,0.569799,1.58037,9.02232,1.43544,97,0.133735,-6.75568,1.9729,-3.72506,-6.10161,0.475963,1.42512,6.96881,1.4207,97,0.0770885,0.167026,0.181984,0.379545,0.719528,0.200799,0.848733,4.81105,0.12079,0,0.268557,NBA,1,Omicron,3,Boosted,0,G_NBA,G_0
2291_1,-6.71814,2.44733,-3.62527,-2.33162,0.646658,1.95807,14.0068,1.41381,97,0.214609,-6.70901,2.58765,-3.53229,-2.01883,0.635926,2.27925,13.6479,1.42798,97,0.175506,-6.72486,2.57247,-3.67257,-2.1381,0.663469,2.03178,10.2653,1.42255,97,0.0795427,0.182444,0.214806,0.354137,0.538182,0.165587,1.55822,4.36032,0.119058,0,0.232871,NBA,1,Omicron,3,Boosted,0,G_NBA,G_0
2824_1,-6.74983,2.20113,-3.72993,-4.88964,0.638959,3.54693,8.32123,1.39864,97,0.214735,-6.70851,2.16218,-3.70048,-5.23748,0.79111,3.70344,8.92271,1.39489,97,0.248444,-6.7504,2.15789,-3.71349,-5.10684,0.788198,3.32343,8.65389,1.40701,97,0.0858904,0.140196,0.198475,0.284902,0.777518,0.269354,1.84458,2.40226,0.111091,0,0.349917,NBA,3,Omicron,3,Boosted,0,G_NBA,G_0
2015_1,-6.71953,2.13785,-3.67353,-5.31869,0.646629,2.70944,13.3238,1.41542,97,0.196234,-6.71131,2.12043,-3.5723,-5.43285,0.653638,2.44646,14.7892,1.41743,97,0.441991,-6.75366,2.11897,-3.69631,-5.24623,0.672154,2.12378,9.79445,1.41926,97,0.0779687,0.150965,0.182298,0.351047,0.91468,0.215766,1.79346,5.5258,0.109538,0,2.35889,NBA,1,Omicron,3,Boosted,0,G_NBA,G_0
2185_1,-6.59047,2.46987,-3.63844,-4.95635,0.743095,2.03796,13.7058,1.43547,97,0.135298,-6.59732,2.42863,-3.69975,-5.12209,0.744446,2.37136,13.4719,1.43785,97,0.244288,-6.64622,2.46687,-3.68025,-4.85553,0.745184,1.90526,9.96064,1.42265,97,0.08658,0.144818,0.204533,0.310643,0.840826,0.193486,1.86097,5.03228,0.116138,0,0.5318,NBA,1,Omicron,3,Boosted,0,G_NBA,G_0
764_1,-6.71746,2.42229,-3.7011,-2.85327,0.528526,2.57751,11.8662,1.44808,97,0.214696,-6.72449,2.37952,-3.76192,-2.97302,0.506872,2.0382,11.2861,1.41833,97,0.217358,-6.74232,2.34748,-3.68487,-3.03551,0.550125,1.84648,9.88153,1.40815,97,0.0922525,0.168063,0.238871,0.28221,0.648854,0.211376,1.38976,5.60276,0.100862,0,0.290845,NBA,1,Omicron,3,Boosted,0,G_NBA,G_0
993_1,-6.64674,2.22737,-3.6262,-5.50395,0.411476,2.6013,15.2699,1.40522,97,0.13296,-6.66854,2.28453,-3.60656,-5.3894,0.409642,2.31145,14.0331,1.40358,97,0.169825,-6.66336,2.26834,-3.67704,-5.16185,0.399501,1.94577,10.0965,1.40612,97,0.0736404,0.16554,0.20448,0.298596,0.740436,0.130992,1.66811,4.35812,0.102339,0,0.258756,NBA,2,Omicron,2,Second dose,0,G_NBA,G_0
1761_2,-6.58807,2.62641,-3.72535,-5.07212,1.02874,2.25023,10.6958,1.37344,97,0.146705,-6.60998,2.63666,-3.6353,-5.38952,1.17717,2.45688,11.5233,1.39505,97,0.163131,-6.61484,2.63592,-3.67853,-4.98938,1.09185,2.13935,9.9138,1.3787,97,0.0823702,0.138332,0.19269,0.348862,0.848256,0.440361,1.4006,5.80593,0.102681,0,0.194535,NBA,1,Omicron,-1,No record,0,G_NBA,G_0
1672_1,-6.77771,2.33366,-3.73748,-6.26015,2.02853,3.21816,7.02912,1.36323,97,0.277673,-6.71609,2.21486,-3.88149,-5.95937,1.19535,4.43326,4.31025,1.3695,97,0.194818,-6.73934,2.23744,-3.88497,-5.81159,1.01032,4.33034,3.75553,1.36121,97,0.0977664,0.133566,0.168442,0.338955,0.754499,0.746951,1.89125,2.01378,0.104904,0,0.230786,NBA,1,Omicron,-1,No record,0,G_NBA,G_0
400_1,-6.63122,2.68441,-3.82907,-3.60687,0.993044,3.79686,5.79593,1.41312,97,0.151615,-6.65263,2.658,-3.88592,-3.71376,0.936229,3.25386,4.96255,1.43756,97,0.239251,-6.66012,2.58008,-3.83734,-3.70092,0.839252,3.049,4.44456,1.42763,97,0.0830791,0.172056,0.228569,0.34867,0.519079,0.411871,1.79499,1.8593,0.125812,0,0.486452,NBA,1,Omicron,2,Second dose,0,G_NBA,G_0
1228_1,-6.87818,2.01243,-3.74444,-5.09523,0.939505,2.56734,7.23157,1.38241,97,0.254162,-6.76371,1.86662,-3.79387,-5.61674,0.975883,3.9214,7.36966,1.40582,97,0.162417,-6.84771,1.95339,-3.72696,-4.95434,0.842354,3.40849,7.78509,1.40217,97,0.0855337,0.141031,0.154341,0.325939,0.885581,0.479791,2.27043,1.56094,0.115629,0,0.213922,NBA,1,Omicron,2,Second dose,0,G_NBA,G_0
1132_1,-6.5616,2.76006,-3.75833,-5.45384,1.30314,2.14358,11.4604,1.44257,97,0.209285,-6.56306,2.78385,-3.77059,-5.33128,1.25392,2.37828,10.1749,1.43037,97,0.22778,-6.5904,2.72672,-3.71496,-5.35367,1.33982,1.8837,8.92495,1.42694,97,0.0875043,0.140636,0.179596,0.319068,0.783713,0.218271,1.72936,4.80624,0.118998,0,0.489011,NBA,1,Delta,2,Second dose,0,G_NBA,G_0
16_1,-6.89373,2.09715,-3.69704,-3.59359,0.686565,1.75975,7.26591,1.37762,97,0.217728,-6.824,1.94384,-3.7938,-4.09444,0.614942,1.94184,6.19787,1.394,97,0.101666,-6.84791,1.92837,-3.83756,-3.97655,0.408463,1.76228,4.70202,1.4023,97,0.0846838,0.137403,0.167885,0.33833,0.580096,0.449086,0.777688,5.30267,0.094358,0,0.145233,NBA,1,Omicron,3,Boosted,0,G_NBA,G_0
928_1,-6.58947,2.79371,-3.63315,-5.58705,1.28434,2.75271,12.2868,1.46712,97,0.153068,-6.54481,2.81103,-3.55511,-5.35264,1.27853,2.40939,12.854,1.42971,97,0.165742,-6.61031,2.759,-3.6872,-5.38283,1.27441,2.07158,9.00308,1.43811,97,0.0825376,0.17185,0.237395,0.293687,0.663059,0.170963,1.50079,5.80975,0.103998,0,0.216929,NBA,2,Delta,2,Second dose,0,G_NBA,G_0
2843_1,-6.69375,2.23111,-3.62513,-5.48009,0.85784,1.93356,14.2864,1.38847,97,0.127396,-6.68999,2.22556,-3.65634,-5.08218,0.709024,2.2863,11.4862,1.40316,97,0.207157,-6.71545,2.26863,-3.64848,-5.1063,0.791167,2.36323,11.714,1.40808,97,0.0864958,0.137487,0.166955,0.283381,0.75284,0.211986,1.33791,3.16495,0.110905,0,0.349546,NBA,2,Omicron,3,Boosted,0,G_NBA,G_0
2591_1,-6.5701,2.72661,-3.62737,-5.65591,0.940175,1.57259,9.81736,1.43348,97,0.25062,-6.5733,2.73448,-3.66208,-5.43428,0.840816,1.47502,9.06513,1.42999,97,0.165252,-6.60485,2.69587,-3.73462,-5.42834,0.792382,1.36163,6.54383,1.42939,97,0.0790048,0.144615,0.220118,0.297294,0.66264,0.254646,0.671923,5.63429,0.0913405,0,0.216021,NBA,1,Omicron,3,Boosted,0,G_NBA,G_0
2714_1,-6.61777,2.63715,-3.69079,-5.50801,1.89486,3.22194,13.7969,1.42094,97,0.210326,-6.6197,2.69886,-3.68462,-4.72273,1.54931,2.37639,9.55878,1.43431,97,0.0976993,-6.65612,2.62925,-3.69619,-4.94513,1.82994,1.89411,9.96859,1.42263,97,0.0865053,0.170359,0.223834,0.383548,0.907615,0.480031,1.5306,5.27351,0.0984236,0,0.110168,NBA,2,Omicron,3,Boosted,0,G_NBA,G_0
3015_1,-6.72404,2.13915,-3.63637,-5.9323,0.907546,1.70001,13.0786,1.40263,97,0.160003,-6.67284,2.09916,-3.6696,-5.59658,0.822395,2.06132,12.4926,1.40722,97,0.194133,-6.75803,2.16739,-3.66343,-5.17469,0.824716,1.77849,9.73828,1.40145,97,0.101842,0.159263,0.196338,0.307104,0.876343,0.259791,1.47036,4.82532,0.0970358,0,0.767956,NBA,1,Omicron,3,Boosted,0,G_NBA,G_0
2737_1,-6.83124,1.84616,-3.70983,-6.08212,0.707586,2.16533,14.3964,1.36856,97,0.162198,-6.71935,1.72556,-3.5679,-6.13541,0.715808,2.5383,15.9214,1.37835,97,0.169556,-6.84134,1.84413,-3.63552,-5.57265,0.654876,2.11563,13.8852,1.38708,97,0.0745434,0.121147,0.139126,0.329422,0.985214,0.315637,2.0306,5.80958,0.0962418,0,0.257055,NBA,1,Omicron,3,Boosted,0,G_NBA,G_0
1854_1,-6.69643,2.2914,-3.75508,-5.2717,0.731139,3.02411,7.97872,1.41109,97,0.14079,-6.68545,2.27662,-3.73395,-5.36701,0.768297,2.77846,8.12748,1.41695,97,0.170087,-6.70422,2.2806,-3.73906,-4.94484,0.595001,1.94852,7.05585,1.40952,97,0.069702,0.169772,0.226457,0.268049,0.963843,0.286515,1.77565,2.11722,0.109126,0,0.215752,NBA,1,Omicron,3,Boosted,0,G_NBA,G_0
641_1,-6.65353,2.69243,-3.74533,-3.94296,1.24939,2.74283,11.2466,1.41581,97,0.238134,-6.64724,2.66369,-3.66429,-3.93572,1.25027,2.25097,11.2752,1.42919,97,0.168431,-6.67382,2.60127,-3.68111,-3.92417,1.17474,1.9026,9.91743,1.41995,97,0.0875081,0.152832,0.248995,0.30169,0.590142,0.427969,1.42975,4.40784,0.112146,0,0.235668,NBA,2,Omicron,-1,No record,0,G_NBA,G_0
475_1,-6.68169,2.62025,-3.73895,-3.50567,0.527604,3.01623,6.68972,1.41703,97,0.131165,-6.64842,2.58813,-3.65623,-3.77101,0.68963,2.90074,7.18812,1.43882,97,0.276167,-6.66407,2.49429,-3.76129,-3.8755,0.644013,2.771,6.94278,1.41918,97,0.0837386,0.167238,0.232751,0.279536,0.554655,0.250229,1.75821,1.49695,0.0971459,0,0.53601,NBA,2,Omicron,3,Boosted,0,G_NBA,G_0
2748_1,-6.78347,2.03492,-3.60213,-5.57438,0.805362,2.78569,14.0264,1.41183,97,0.188569,-6.71639,1.95249,-3.66288,-5.83328,0.793614,2.61298,13.8429,1.4008,97,0.122814,-6.79687,2.02758,-3.67321,-5.30622,0.765389,2.10345,10.6605,1.40382,97,0.0866507,0.154606,0.176768,0.345762,1.08278,0.228978,1.84667,4.73826,0.0935801,0,0.133294,NBA,1,Omicron,3,Boosted,0,G_NBA,G_0
2197_1,-6.68605,2.12746,-3.50964,-5.72557,0.454703,2.13713,16.8629,1.37836,97,0.135994,-6.66736,2.07997,-3.62103,-5.91435,0.460573,2.0568,14.7702,1.40204,97,0.130194,-6.70612,2.15774,-3.66461,-5.73202,0.481823,1.78171,10.3118,1.39594,97,0.0859462,0.164245,0.184649,0.396813,0.705947,0.134429,1.50275,4.67417,0.108147,0,0.195946,NBA,1,Omicron,3,Boosted,0,G_NBA,G_0
201_1,-6.65108,2.31057,-3.68826,-5.22213,0.557001,2.07352,11.4108,1.42393,97,0.171613,-6.6181,2.30494,-3.64943,-5.02462,0.521384,2.30418,11.4818,1.43293,97,0.156575,-6.65497,2.36036,-3.6983,-4.73169,0.462962,1.799,9.02526,1.42266,97,0.0858614,0.153981,0.245581,0.352676,1.0582,0.209777,2.04848,4.26834,0.118957,0,0.182969,NBA,3,Omicron,3,Boosted,0,G_NBA,G_0
2123_1,-6.61374,2.36496,-3.70323,-5.87473,0.671425,2.5852,12.0089,1.39635,97,0.129825,-6.66694,2.38054,-3.76637,-5.82517,0.600875,2.71325,10.047,1.42895,97,0.233648,-6.67339,2.40387,-3.6803,-5.76953,0.719588,1.98327,10.0434,1.41327,97,0.0853342,0.145366,0.179702,0.32697,0.628356,0.174708,1.96866,5.20332,0.109752,0,0.468552,NBA,1,Omicron,3,Boosted,0,G_NBA,G_0
2952_1,-6.57877,2.70947,-3.63403,-5.21814,1.29691,2.38841,9.7273,1.45264,97,0.317875,-6.57239,2.86804,-3.59438,-4.82598,1.34766,2.36271,15.2225,1.42138,97,0.166146,-6.59936,2.72149,-3.70967,-5.02361,1.34703,1.98928,8.65815,1.43509,97,0.0859463,0.169223,0.364838,0.322788,1.13186,0.296237,1.61657,8.49297,0.100048,0,0.233029,NBA,2,Delta,2,Second dose,0,G_NBA,G_0
26_1,-6.60477,2.63542,-3.53304,-4.33448,1.0683,2.26326,13.9333,1.43707,97,0.185979,-6.61546,2.75417,-3.51813,-4.2252,1.18668,2.51417,14.5243,1.42516,97,0.266929,-6.64343,2.63613,-3.65561,-4.40192,1.15832,2.07503,10.1911,1.4292,97,0.0874188,0.165491,0.217765,0.383234,0.661055,0.295234,1.64327,5.21819,0.103394,0,0.460155,NBA,1,Omicron,3,Boosted,0,G_NBA,G_0
1910_1,-6.78164,1.87253,-3.70604,-6.35809,1.30598,1.72333,8.19965,1.42016,97,0.159601,-6.77662,1.8753,-3.77089,-6.35136,1.11217,1.71762,7.14769,1.41423,97,0.154077,-6.80287,1.81838,-3.80626,-6.45135,0.938678,1.5892,4.90782,1.42555,97,0.0766001,0.126308,0.142127,0.336,0.997756,0.693374,0.736788,3.82585,0.106231,0,0.23387,NBA,1,Omicron,3,Boosted,0,G_NBA,G_0
2454_1,-6.60199,2.58065,-3.70427,-3.96706,0.598632,2.19808,13.8907,1.44187,97,0.129468,-6.61081,2.58806,-3.7127,-4.04963,0.617526,2.35624,13.6255,1.4314,97,0.150534,-6.63416,2.55081,-3.67584,-4.0069,0.629762,1.97277,10.1445,1.42588,97,0.0863208,0.132557,0.217799,0.329665,0.617218,0.186866,1.99931,5.9859,0.111124,0,0.303024,NBA,3,Omicron,3,Boosted,0,G_NBA,G_0
56_1,-6.63069,2.68489,-3.6721,-3.24593,1.10529,2.11623,12.3832,1.43603,97,0.15255,-6.65326,2.7837,-3.68477,-2.82961,1.01113,2.07393,11.3305,1.40487,97,0.158878,-6.66713,2.67388,-3.69507,-3.05657,0.976197,1.75042,9.10924,1.43355,97,0.0841703,0.138169,0.288486,0.30373,0.574636,0.259783,1.46394,4.49171,0.123726,0,0.245337,NBA,2,Omicron,3,Boosted,0,G_NBA,G_0
970_1,-6.70812,2.16301,-3.63696,-5.38162,0.454218,2.22581,14.1625,1.39625,97,0.199821,-6.72203,2.1163,-3.65376,-5.62269,0.482225,2.4626,12.6561,1.41522,97,0.203096,-6.69865,2.18518,-3.69317,-5.18131,0.415883,2.03191,9.9931,1.40279,97,0.0917689,0.137157,0.20434,0.347004,0.744159,0.151045,2.2663,4.06986,0.104225,0,0.323067,NBA,3,Omicron,3,Boosted,0,G_NBA,G_0
2762_1,-6.62144,2.58584,-3.62035,-5.24177,0.641654,2.2703,12.9898,1.43298,97,0.204958,-6.58166,2.49398,-3.55976,-5.46008,0.601431,1.955,12.0201,1.43552,97,0.149796,-6.60853,2.4923,-3.71041,-5.31495,0.579506,1.71867,8.41235,1.42615,97,0.0819282,0.122241,0.188498,0.333884,0.70841,0.164597,1.35216,4.99845,0.12357,0,0.198545,NBA,1,Delta,2,Second dose,0,G_NBA,G_0
1284_1,-6.8171,2.14777,-3.8502,-4.46198,0.668102,5.64665,4.79829,1.38746,97,0.118054,-6.76913,2.10347,-3.84295,-4.68449,0.785095,4.83692,4.72332,1.38171,97,0.140222,-6.7942,2.0626,-3.79271,-4.52287,0.686014,4.94344,4.86552,1.40792,97,0.0970383,0.153016,0.190578,0.354968,0.928127,0.461376,2.57078,0.615514,0.115307,0,0.167497,NBA,1,Omicron,2,Second dose,0,G_NBA,G_0
368_1,-6.84299,1.86507,-3.71586,-6.64163,0.402086,2.70664,12.6191,1.46295,97,0.144944,-6.91668,1.91496,-3.66124,-6.73826,0.527785,2.20049,12.7476,1.45378,97,0.204569,-6.8848,1.81744,-3.67001,-6.81296,0.481622,1.81442,10.4341,1.46883,97,0.0870176,0.163539,0.153783,0.314247,0.704096,0.248593,1.67385,4.8462,0.118881,0,0.30729,NBA,2,Omicron,3,Boosted,0,G_NBA,G_0
1584_1,-6.63626,2.2118,-3.63472,-6.08187,1.98912,2.16558,10.8106,1.41444,97,0.111847,-6.73645,2.33835,-3.60033,-5.75749,1.92524,2.07787,10.5822,1.3843,97,0.144348,-6.75054,2.31358,-3.68359,-5.75587,2.17412,1.74003,9.8731,1.40266,97,0.0851368,0.13612,0.175082,0.322252,0.948862,0.455275,1.14708,5.47274,0.0954682,0,0.186709,NBA,1,Omicron,3,Boosted,0,G_NBA,G_0
2393_1,-6.7289,2.06307,-3.62906,-5.76007,0.465757,2.25314,13.9407,1.39044,97,0.187598,-6.7182,2.05766,-3.53969,-5.81186,0.470309,2.25749,14.0665,1.41065,97,0.18508,-6.72898,2.06256,-3.67478,-5.71933,0.446322,2.11262,9.98699,1.40497,97,0.080902,0.131688,0.183088,0.255207,0.536733,0.135815,1.70135,5.2737,0.0924096,0,0.308855,NBA,3,Omicron,3,Boosted,0,G_NBA,G_0
165_1,-6.72799,2.06589,-3.52229,-5.13186,0.493459,2.54705,15.9286,1.42391,97,0.163342,-6.72005,2.07232,-3.7147,-4.66997,0.411266,2.1643,14.2723,1.41851,97,0.180299,-6.75233,2.07911,-3.68095,-4.69427,0.422674,1.84496,9.9453,1.40796,97,0.0863735,0.166349,0.189666,0.327602,0.713288,0.187452,1.39014,4.78836,0.103672,0,0.315576,NBA,2,Omicron,3,Boosted,0,G_NBA,G_0
2636_2,-6.71863,2.36002,-3.70014,-2.02871,0.378977,3.19356,8.85825,1.43545,97,0.202352,-6.7375,2.46767,-3.72168,-1.76578,0.352416,2.51758,7.61358,1.40545,97,0.172142,-6.73039,2.33732,-3.74535,-1.94231,0.285959,2.17822,6.98134,1.43125,97,0.0878931,0.158726,0.329665,0.297412,0.7096,0.150015,1.70653,1.94783,0.111455,0,0.209426,NBA,1,Omicron,3,Boosted,0,G_NBA,G_0
811_1,-6.7877,1.51579,-3.53158,-6.00658,0.607303,2.46169,16.8953,1.4096,97,0.22767,-6.94589,1.68865,-3.6389,-6.44943,0.770963,2.1503,11.4703,1.40189,97,0.191241,-6.90242,1.65153,-3.60846,-5.72389,0.684139,1.97002,13.8313,1.40779,97,0.10448,0.14269,0.171241,0.307329,0.816753,0.44056,1.38524,7.45801,0.0815102,0,0.2924,NBA,1,Omicron,3,Boosted,0,G_NBA,G_0
2455_1,-6.74534,2.0908,-3.61613,-4.95631,0.443246,2.33558,14.8805,1.39166,97,0.173687,-6.69099,2.0328,-3.64658,-5.1276,0.448811,2.33585,14.1984,1.4032,97,0.21736,-6.74178,2.07508,-3.66272,-4.84279,0.415901,1.81643,10.6102,1.39834,97,0.0935366,0.1408,0.160158,0.34259,0.795817,0.184494,1.87958,4.68179,0.107934,0,0.320207,NBA,3,Omicron,3,Boosted,0,G_NBA,G_0
254_1,-6.81182,2.02612,-3.63351,-6.4903,0.473487,1.77689,12.4677,1.41635,97,0.170455,-6.81222,2.02709,-3.57706,-6.78804,0.527501,2.44366,15.8543,1.44051,97,0.194962,-6.81284,2.01401,-3.68216,-6.47182,0.491987,2.15838,9.95152,1.41266,97,0.0838716,0.195261,0.201891,0.389837,0.739805,0.172069,1.79447,5.96551,0.116995,0,0.249762,NBA,1,Omicron,3,Boosted,0,G_NBA,G_0
2903_1,-6.76166,2.1489,-3.70024,-5.1359,0.58391,1.67978,12.7211,1.3691,97,0.145103,-6.7118,2.09717,-3.58132,-5.55333,0.693986,2.75981,13.6134,1.4058,97,0.19386,-6.75514,2.11654,-3.61138,-5.3283,0.71096,2.52103,13.7813,1.40654,97,0.0851485,0.16711,0.187868,0.325412,0.812712,0.181081,2.55123,2.96017,0.101033,0,0.32829,NBA,1,Omicron,2,Second dose,0,G_NBA,G_0
217_1,-6.61703,2.47589,-3.63701,-4.62215,0.488064,1.9162,16.3988,1.43569,97,0.172543,-6.58582,2.46722,-3.64412,-4.45822,0.450616,1.94291,16.1705,1.41564,97,0.212321,-6.6253,2.40844,-3.62714,-4.50762,0.426573,1.56508,12.1482,1.42825,97,0.0814285,0.153322,0.178873,0.291103,0.55245,0.139927,1.46209,5.37229,0.111041,0,0.43204,NBA,2,Omicron,3,Boosted,0,G_NBA,G_0
319_1,-6.71614,2.02933,-3.61174,-5.67801,0.471669,2.2263,14.0351,1.38578,97,0.140079,-6.66288,1.96911,-3.66083,-5.84183,0.497021,2.2807,14.8203,1.37288,97,0.174467,-6.7143,1.99976,-3.66988,-5.60138,0.483488,1.95719,10.3214,1.41366,97,0.0829475,0.140271,0.134595,0.357211,0.643627,0.136442,1.38641,5.39531,0.101307,0,0.278321,NBA,2,Omicron,2,Second dose,0,G_NBA,G_0
2369_1,-6.76332,2.04972,-3.62027,-4.69168,0.364278,1.92055,15.9604,1.38765,97,0.181315,-6.74598,2.05195,-3.69806,-4.59909,0.313892,2.24988,14.5456,1.39083,97,0.251906,-6.7424,2.01966,-3.65984,-4.54886,0.314802,1.95089,10.9626,1.38419,97,0.105623,0.147965,0.169622,0.413333,0.408455,0.110611,1.49859,4.40877,0.114776,0,0.392961,NBA,2,Omicron,3,Boosted,0,G_NBA,G_0
53_1,-6.69087,2.42878,-3.74241,-4.18563,0.805966,2.72099,11.1262,1.42022,97,0.22365,-6.72266,2.37952,-3.70626,-4.43165,0.91851,2.1795,11.0787,1.41665,97,0.190371,-6.71549,2.37857,-3.68007,-4.19655,0.792889,1.98318,10.0434,1.41158,97,0.0853543,0.16007,0.227949,0.331009,0.961073,0.506401,1.36956,5.82203,0.111202,0,0.443763,NBA,1,Omicron,3,Boosted,0,G_NBA,G_0
1036_1,-6.71539,2.69415,-2.97496,-2.52102,0.63655,2.45637,27.8886,1.3329,97,0.246589,-6.66435,2.55988,-2.81938,-2.90555,0.747726,2.78256,27.1552,1.35164,97,0.149094,-6.66528,2.74165,-2.95138,-2.62814,0.751351,2.47608,22.9899,1.34323,97,0.0809224,0.165853,0.198037,0.219796,0.470163,0.213244,1.91991,4.28734,0.0904591,0,0.237715,NBA,1,Omicron,2,Second dose,0,G_NBA,G_0
303_1,-6.70467,2.25267,-3.78413,-4.85655,0.904434,1.82859,7.45033,1.39408,97,0.180025,-6.74471,2.32862,-3.63676,-5.07058,1.23874,2.32704,12.0684,1.41126,97,0.140677,-6.79295,2.17785,-3.70849,-4.93561,1.16849,1.98515,8.97219,1.39222,97,0.0797124,0.171305,0.227781,0.255839,0.991892,0.387725,1.57085,5.96276,0.117313,0,0.145529,NBA,1,Omicron,2,Second dose,0,G_NBA,G_0
2917_1,-6.68864,2.41109,-3.60724,-3.75403,0.566923,2.00381,14.1592,1.41254,97,0.161348,-6.69239,2.389,-3.6045,-4.03914,0.627771,1.86095,13.2594,1.40476,97,0.206491,-6.70974,2.37824,-3.68098,-3.82371,0.593091,1.62821,10.0265,1.41133,97,0.0899479,0.176597,0.243912,0.311556,1.12096,0.306886,1.42686,5.41853,0.113646,0,0.523036,NBA,1,Omicron,3,Boosted,0,G_NBA,G_0
15_1,-6.65072,2.76747,-3.66475,-4.90051,1.29986,2.73911,10.9509,1.42552,97,0.170117,-6.52429,2.58755,-3.6725,-5.21295,1.2354,2.82488,10.9294,1.41545,97,0.197868,-6.62967,2.63039,-3.70806,-4.89118,1.20853,2.46668,7.98006,1.42121,97,0.0988585,0.14999,0.21385,0.300202,0.834154,0.248262,2.20668,5.40347,0.107009,0,0.314753,NBA,1,Omicron,3,Boosted,0,G_NBA,G_0
1089_1,-6.67991,2.45434,-3.6418,-5.40563,1.27971,2.18751,10.4067,1.41144,97,0.168833,-6.67239,2.44898,-3.7084,-5.36889,1.23243,2.27441,10.8038,1.42145,97,0.132406,-6.67459,2.44216,-3.74062,-5.15421,1.15166,1.61845,6.90105,1.41371,97,0.0812563,0.159332,0.187287,0.336496,0.821922,0.362662,1.56344,5.35514,0.119605,0,0.188419,NBA,1,Omicron,2,Second dose,0,G_NBA,G_0
430_1,-6.77539,1.83104,-3.64508,-6.07787,0.722609,2.71907,12.0768,1.41008,97,0.157547,-6.78121,1.86044,-3.68716,-6.2624,0.807615,2.48462,11.9577,1.40937,97,0.154642,-6.8218,1.83832,-3.68193,-5.85581,0.672022,2.03311,9.95197,1.41604,97,0.0894415,0.1499,0.179277,0.276055,0.995872,0.446518,1.7291,7.87937,0.111325,0,0.188513,NBA,1,Omicron,-1,No record,0,G_NBA,G_0
2104_1,-6.75324,2.01643,-3.72124,-4.59992,0.387852,2.44048,11.8022,1.41389,97,0.21258,-6.75442,2.06879,-3.71555,-4.64368,0.427631,2.44847,12.3502,1.3981,97,0.202571,-6.76719,2.03295,-3.67868,-4.49728,0.377954,2.03902,10.1036,1.40752,97,0.0830088,0.144086,0.19425,0.337416,0.73775,0.191326,1.78213,5.08883,0.104405,0,0.513011,NBA,1,Omicron,-1,No record,0,G_NBA,G_0
2769_1,-6.69157,2.37122,-3.69536,-5.23689,0.798741,2.25934,11.5771,1.41081,97,0.144497,-6.66172,2.33051,-3.70413,-5.12249,0.722574,2.58903,12.0644,1.41441,97,0.171642,-6.69267,2.34253,-3.68048,-5.04902,0.786152,1.97722,10.0363,1.4154,97,0.0851618,0.145929,0.18955,0.349449,0.864013,0.304871,2.01828,5.67367,0.0873798,0,0.263621,NBA,2,Omicron,-1,No record,0,G_NBA,G_0
1150_1,-6.75883,2.32495,-3.58277,-5.53729,0.966221,2.50692,14.7054,1.40214,97,0.189013,-6.72378,2.25254,-3.69304,-5.30291,0.841736,2.12089,12.5486,1.39396,97,0.160428,-6.71341,2.29449,-3.67912,-5.55881,1.03086,1.98332,10.047,1.39395,97,0.0853357,0.154461,0.190671,0.378556,0.896703,0.252108,1.80677,5.3801,0.116631,0,0.260975,NBA,2,Omicron,3,Boosted,0,G_NBA,G_0
1866_1,-6.64877,2.53702,-3.80607,-4.07498,1.33108,3.01455,7.54832,1.41469,97,0.121217,-6.68194,2.61002,-3.73792,-4.52608,1.76835,3.00205,9.54109,1.43712,97,0.192682,-6.71947,2.54688,-3.70342,-4.29893,1.80421,1.82087,9.86857,1.40932,97,0.0736427,0.165656,0.238107,0.314693,1.20738,0.66813,2.57628,6.47245,0.108166,0,0.327559,NBA,2,Omicron,3,Boosted,0,G_NBA,G_0
2659_1,-6.75482,2.43944,-3.81573,-3.96416,0.837038,2.94557,8.72889,1.38794,97,0.173678,-6.73054,2.3614,-3.67149,-4.41569,0.918767,3.04473,8.43128,1.39085,97,0.168273,-6.72787,2.35985,-3.73439,-4.12998,0.83299,2.48323,7.76189,1.39806,97,0.0893916,0.151082,0.224187,0.282868,1.08537,0.398745,2.27629,2.37064,0.0887548,0,0.32766,NBA,2,Omicron,2,Second dose,0,G_NBA,G_0
2510_1,-6.78474,2.19912,-3.77023,-4.64327,0.736581,2.29239,7.54645,1.42198,97,0.143295,-6.77589,2.15897,-3.77391,-4.90946,0.782615,1.8958,7.0309,1.41188,97,0.154377,-6.77604,2.09223,-3.7774,-4.8914,0.630957,1.77718,6.00317,1.40222,97,0.0769413,0.152975,0.181139,0.365983,0.899886,0.446112,0.751006,2.74997,0.120255,0,0.214792,NBA,1,Omicron,3,Boosted,0,G_NBA,G_0
2060_1,-6.66975,2.30457,-3.6843,-5.04487,0.744984,2.66257,12.8284,1.45134,97,0.242177,-6.66326,2.30728,-3.6047,-5.01033,0.745312,2.89912,12.5337,1.41444,97,0.136364,-6.68977,2.3305,-3.67296,-4.8136,0.719343,2.33028,11.0128,1.4108,97,0.0809716,0.14455,0.177511,0.279136,0.637929,0.165757,1.79916,3.06997,0.102379,0,0.273736,NBA,2,Omicron,3,Boosted,0,G_NBA,G_0
263_1,-6.73927,2.37558,-3.75814,-3.36589,0.829543,4.56427,4.69608,1.4017,97,0.153211,-6.75804,2.32889,-3.8165,-3.45817,0.661961,4.12927,3.96033,1.41042,97,0.159518,-6.73911,2.24088,-3.87543,-3.54765,0.546159,4.14004,3.70573,1.39935,97,0.0772256,0.15119,0.262177,0.346134,0.651295,0.434371,2.28514,1.25485,0.114403,0,0.252524,NBA,2,Omicron,2,Second dose,0,G_NBA,G_0
881_1,-6.62654,2.67186,-3.68401,-3.91337,0.93927,2.43488,10.915,1.449,97,0.193119,-6.63248,2.68762,-3.742,-3.79966,0.883213,2.3135,10.4006,1.41854,97,0.227283,-6.64379,2.62116,-3.67675,-3.86553,0.850588,1.92933,10.0515,1.43037,97,0.0817954,0.159461,0.238176,0.296839,0.661913,0.430312,1.65358,4.50471,0.107165,0,0.549947,NBA,2,Omicron,3,Boosted,0,G_NBA,G_0
2997_1,-6.63909,2.53174,-3.60677,-3.93529,0.742743,1.93881,14.2368,1.45614,97,0.140588,-6.67303,2.67976,-3.62489,-3.63802,0.704004,2.52824,15.1112,1.42093,97,0.181235,-6.66441,2.53147,-3.65867,-3.70876,0.675774,1.98521,11.0142,1.42759,97,0.0798703,0.149119,0.205191,0.304274,0.651849,0.185699,1.95001,6.78207,0.106066,0,0.231347,NBA,1,Omicron,3,Boosted,0,G_NBA,G_0
985_1,-6.6483,2.213,-3.62521,-5.92893,0.572762,2.12933,15.0675,1.40099,97,0.20345,-6.68998,2.23064,-3.56623,-5.82353,0.554468,2.03691,15.4854,1.39351,97,0.202526,-6.68988,2.2841,-3.62117,-5.44955,0.554583,1.71014,12.6914,1.39861,97,0.0858937,0.146765,0.156655,0.289854,0.650053,0.136009,1.44146,5.55555,0.100518,0,0.37481,NBA,1,Omicron,2,Second dose,0,G_NBA,G_0
695_1,-6.74267,2.2757,-3.73334,-3.47883,0.458048,2.72886,6.66992,1.38691,97,0.122082,-6.74871,2.29607,-3.7068,-3.26788,0.435033,2.52336,7.17945,1.39924,97,0.126976,-6.74944,2.22247,-3.76775,-3.48074,0.452815,2.40154,6.85893,1.39143,97,0.0691804,0.157037,0.283241,0.327227,0.554264,0.218118,1.454,2.7303,0.0918269,0,0.169479,NBA,1,Omicron,3,Boosted,0,G_NBA,G_0
2505_1,-6.60569,2.76547,-3.71941,-3.77457,0.495129,4.06815,10.0217,1.43017,97,0.351343,-6.62545,2.7061,-3.68403,-3.83926,0.464287,3.09681,9.56716,1.41954,97,0.180534,-6.59448,2.57613,-3.68733,-4.07148,0.482155,3.13932,9.94897,1.43989,97,0.095298,0.173572,0.170279,0.322081,0.503678,0.15041,1.57185,0.870004,0.0974782,0,0.211632,NBA,2,Omicron,3,Boosted,0,G_NBA,G_0
482_1,-6.74755,2.40298,-3.82723,-4.17152,1.42368,3.28609,5.94609,1.39551,97,0.12946,-6.73793,2.35261,-3.83279,-4.11601,1.07908,3.58848,5.05203,1.39111,97,0.137469,-6.73862,2.32945,-3.92553,-3.97405,0.82775,4.21728,3.60513,1.40242,97,0.0929265,0.168427,0.216654,0.345548,0.630618,0.746263,1.82707,4.11608,0.102927,0,0.181128,NBA,1,Omicron,2,Second dose,0,G_NBA,G_0
1922_1,-6.63665,2.57843,-3.59706,-3.11874,0.328859,2.201,17.5536,1.41181,97,0.15507,-6.63571,2.5077,-3.52873,-3.23656,0.336018,1.99829,17.3085,1.46895,97,0.159988,-6.6527,2.44938,-3.62535,-3.36434,0.341856,1.59855,14.0082,1.42008,97,0.0770462,0.163688,0.23312,0.3382,0.48708,0.116085,1.59491,4.74404,0.106103,0,0.243171,NBA,1,Omicron,2,Second dose,0,G_NBA,G_0
2460_1,-6.81807,1.86393,-3.71003,-6.45747,0.750367,2.15604,14.3763,1.38778,97,0.236092,-6.79212,1.83574,-3.62707,-6.44698,0.744166,2.22052,15.2594,1.39195,97,0.181694,-6.84589,1.88856,-3.675,-6.18634,0.802882,2.28726,10.8352,1.4185,97,0.0890012,0.179493,0.181353,0.330001,0.997745,0.322896,1.35055,6.08773,0.106373,0,0.28512,NBA,2,Omicron,3,Boosted,0,G_NBA,G_0
2093_1,-6.75103,1.91345,-3.61635,-6.35633,0.665131,2.20014,17.3137,1.39862,97,0.235007,-6.75819,1.9236,-3.54676,-6.11073,0.650622,2.16465,17.583,1.41079,97,0.131878,-6.78798,1.93151,-3.56709,-5.91538,0.671261,1.68178,16.9875,1.40209,97,0.0816497,0.147463,0.165447,0.286635,0.645555,0.13624,1.8801,5.4408,0.0974937,0,0.146035,NBA,2,Omicron,3,Boosted,0,G_NBA,G_0
966_1,-6.74803,2.12417,-3.72769,-4.43029,0.432017,3.60543,7.0379,1.4003,97,0.168986,-6.76628,2.10789,-3.71177,-4.52274,0.482903,3.89731,7.11312,1.38966,97,0.141922,-6.73903,2.1088,-3.73934,-4.32724,0.394059,3.51633,7.26959,1.38996,97,0.0919753,0.14749,0.172269,0.346281,0.732449,0.361099,2.14671,0.678999,0.103594,0,0.140213,NBA,1,Delta,2,Second dose,0,G_NBA,G_0
1863_1,-6.71519,2.1313,-3.7033,-6.1076,0.639817,2.21621,10.1451,1.4133,97,0.237827,-6.76929,2.15981,-3.78027,-6.12246,0.679723,2.38136,10.1972,1.4275,97,0.130077,-6.76611,2.15762,-3.67764,-6.18947,0.773758,2.13915,9.92312,1.42053,97,0.0834254,0.142618,0.162092,0.355993,0.757153,0.268194,1.41386,5.83148,0.105343,0,0.171352,NBA,1,Omicron,2,Second dose,0,G_NBA,G_0
2654_1,-6.6504,2.76304,-3.6292,-4.45466,1.1046,2.33033,11.4189,1.44431,97,0.166825,-6.58048,2.70232,-3.5858,-4.67311,1.20306,2.59115,13.1538,1.44916,97,0.150489,-6.62316,2.65811,-3.68337,-4.59495,1.16831,2.05396,10.038,1.43233,97,0.0857498,0.155387,0.235564,0.334176,0.75098,0.316684,1.95528,6.93422,0.112898,0,0.186196,NBA,3,Omicron,3,Boosted,0,G_NBA,G_0
394_1,-6.74831,2.32005,-3.67711,-3.70746,0.506702,2.29798,13.4893,1.42227,97,0.155156,-6.7329,2.23771,-3.74513,-3.86508,0.47861,2.39661,11.7648,1.40531,97,0.184292,-6.74078,2.25274,-3.67951,-3.86296,0.513039,1.9585,10.0766,1.4087,97,0.0813263,0.142045,0.202052,0.297699,0.463921,0.189639,1.89819,6.02987,0.0922639,0,0.261869,NBA,2,Omicron,3,Boosted,0,G_NBA,G_0
675_1,-6.57967,2.53619,-3.74499,-3.47047,0.513815,2.23703,7.52505,1.43071,97,0.181828,-6.61877,2.56365,-3.70256,-3.41547,0.501215,2.368,7.51518,1.43114,97,0.169618,-6.64918,2.53251,-3.73741,-3.54288,0.52063,2.31872,7.57905,1.42457,97,0.0925492,0.132673,0.263864,0.276444,0.623146,0.176583,1.37752,1.07506,0.109978,0,0.205188,NBA,1,Omicron,3,Boosted,0,G_NBA,G_0
1061_1,-6.67112,2.40013,-3.60487,-4.53161,0.818496,2.50625,14.1607,1.42188,97,0.272008,-6.65125,2.39084,-3.68456,-4.57671,0.847382,2.30103,12.1485,1.41625,97,0.273391,-6.6971,2.40914,-3.67828,-4.47592,0.848492,1.92685,10.0434,1.41368,97,0.0852314,0.164981,0.272865,0.333614,0.775061,0.300504,1.68391,4.87017,0.0995318,0,0.716354,NBA,1,Delta,2,Second dose,0,G_NBA,G_0
417_1,-6.63,2.44949,-3.70333,-5.33473,0.916547,2.15778,9.60217,1.45148,97,0.223186,-6.67247,2.53425,-3.66761,-4.93993,0.872157,2.29561,10.863,1.39979,97,0.165067,-6.6614,2.47862,-3.68094,-5.19554,1.06197,2.00163,10.0057,1.42016,97,0.08582,0.141728,0.201625,0.368875,0.837346,0.348542,1.62871,5.50789,0.100584,0,0.414346,NBA,1,Omicron,3,Boosted,0,G_NBA,G_0
749_1,-6.6385,2.25105,-3.66197,-5.81015,0.620475,2.12699,12.4282,1.41457,97,0.233819,-6.70573,2.3043,-3.66403,-5.9326,0.662078,2.67771,12.7887,1.41987,97,0.13554,-6.70984,2.26357,-3.7014,-5.90611,0.665795,2.078,9.1188,1.416,97,0.0845974,0.141417,0.162637,0.321141,0.687905,0.163237,2.85445,5.03745,0.11176,0,0.17083,NBA,3,Omicron,3,Boosted,0,G_NBA,G_0
325_1,-6.56349,2.71889,-3.58952,-4.99179,0.809378,2.53754,15.3002,1.41235,97,0.179605,-6.56409,2.59269,-3.59491,-5.25204,0.798813,2.65804,14.4108,1.45123,97,0.254086,-6.6043,2.58389,-3.65292,-5.25425,0.833176,2.30402,11.1737,1.43245,97,0.0756676,0.168028,0.222748,0.354199,0.620706,0.175739,1.86129,4.3131,0.120575,0,0.527222,NBA,2,Omicron,3,Boosted,0,G_NBA,G_0
2816_1,-6.65463,2.4556,-3.7509,-5.08,0.692256,2.89614,8.98581,1.44369,97,0.176186,-6.65584,2.39566,-3.7095,-5.17066,0.725086,2.53596,9.09111,1.4262,97,0.190497,-6.66413,2.41271,-3.69738,-5.14418,0.788814,2.67299,9.20411,1.41804,97,0.0856233,0.124169,0.15433,0.335447,0.963953,0.242595,1.43897,1.75078,0.11224,0,0.407737,NBA,3,Omicron,2,Second dose,0,G_NBA,G_0
1718_1,-6.64514,2.60641,-3.80591,-4.39543,1.61926,3.40573,8.58451,1.44164,97,0.151653,-6.59252,2.57283,-3.73695,-4.68385,1.55596,3.47778,8.28143,1.45629,97,0.104425,-6.68227,2.58341,-3.85577,-4.29625,1.41786,3.4551,4.72818,1.42457,97,0.0787877,0.192886,0.259816,0.35498,1.3233,0.627168,2.51514,7.54072,0.0948,0,0.155844,NBA,2,Omicron,2,Second dose,0,G_NBA,G_0
1556_1,-6.77855,2.29288,-3.65829,-5.25596,0.692355,2.14669,14.8254,1.37616,97,0.178811,-6.72521,2.22362,-3.62319,-5.38356,0.672387,2.32564,14.3721,1.38769,97,0.135013,-6.73549,2.17566,-3.661,-5.35107,0.688387,2.06687,10.8509,1.41552,97,0.0878245,0.169109,0.206165,0.322391,0.889683,0.210687,1.82773,5.62427,0.100994,0,0.145343,NBA,3,Omicron,3,Boosted,0,G_NBA,G_0
1898_1,-6.61047,2.57142,-3.68481,-4.71947,0.463359,2.25046,11.5127,1.43693,97,0.174766,-6.57392,2.49924,-3.66783,-5.09474,0.576747,2.47372,12.2856,1.42179,97,0.20618,-6.60839,2.50029,-3.67838,-4.97925,0.571636,2.10135,10.1132,1.42883,97,0.0838988,0.16876,0.216499,0.258922,0.698702,0.145935,1.65146,5.08032,0.116864,0,0.519235,NBA,2,Omicron,3,Boosted,0,G_NBA,G_0
2050_1,-6.60224,2.71694,-3.75181,-4.50029,1.55453,2.20117,9.83903,1.43576,97,0.164987,-6.64209,2.72216,-3.72099,-3.94954,1.26023,2.14095,9.16598,1.42892,97,0.126373,-6.65584,2.68278,-3.76626,-3.68768,1.13917,1.7266,6.63865,1.42601,97,0.0756395,0.161802,0.222156,0.297771,0.889711,0.491537,1.96529,5.14659,0.115824,0,0.157252,NBA,2,Omicron,2,Second dose,0,G_NBA,G_0
2606_1,-6.70855,2.2502,-3.6308,-4.42041,0.489744,2.06598,14.2402,1.43097,97,0.170026,-6.70004,2.29551,-3.63965,-4.21941,0.476482,2.19804,14.6639,1.42271,97,0.16416,-6.6901,2.31324,-3.67851,-4.05261,0.435423,1.876,10.0873,1.41394,97,0.0875698,0.145714,0.234837,0.390013,0.766818,0.186243,1.39846,6.16787,0.105133,0,0.158901,NBA,3,Omicron,3,Boosted,0,G_NBA,G_0
2679_1,-6.62866,2.26318,-3.76461,-4.6458,0.596309,3.21928,7.5549,1.41926,97,0.107289,-6.67763,2.25416,-3.76674,-4.56234,0.557688,3.16926,7.31477,1.44666,97,0.155072,-6.6941,2.27519,-3.75131,-4.39102,0.473439,2.54942,6.94035,1.41531,97,0.0739798,0.180486,0.233137,0.337343,0.64262,0.233867,2.08742,1.87226,0.117238,0,0.204348,NBA,3,Omicron,2,Second dose,0,G_NBA,G_0
661_1,-6.58885,2.66012,-3.71729,-4.43362,0.833114,2.52767,10.9775,1.43551,97,0.305907,-6.60206,2.66624,-3.705,-4.42463,0.781134,2.14549,11.9809,1.44116,97,0.255099,-6.61513,2.60905,-3.68785,-4.56719,0.888331,2.05364,10.0261,1.43133,97,0.0829812,0.160775,0.221064,0.334835,0.871535,0.280912,1.38189,6.17612,0.112537,0,0.479598,NBA,2,Omicron,3,Boosted,0,G_NBA,G_0
2346_1,-6.64131,2.53228,-3.70779,-4.72733,0.726708,1.90854,12.0332,1.43108,97,0.179754,-6.62614,2.49656,-3.78381,-4.39596,0.584785,2.29912,11.8465,1.43557,97,0.158288,-6.65314,2.45554,-3.68243,-4.79195,0.756467,1.9604,10.019,1.42099,97,0.0851015,0.168479,0.255194,0.347399,0.901059,0.212997,1.54313,5.66904,0.108216,0,0.20637,NBA,1,Omicron,-1,No record,0,G_NBA,G_0
2473_1,-6.61576,2.41247,-3.63047,-4.39866,0.577015,1.87034,12.6762,1.43376,97,0.147743,-6.65802,2.52467,-3.61574,-4.0734,0.536314,2.50826,14.1422,1.39794,97,0.194315,-6.65391,2.41052,-3.69644,-4.27675,0.530175,2.02204,9.1214,1.42124,97,0.0846079,0.16229,0.251787,0.294974,0.767028,0.172574,2.20217,6.60621,0.100872,0,0.323112,NBA,3,Omicron,3,Boosted,0,G_NBA,G_0
1778_1,-6.70147,2.32298,-3.65917,-5.23393,0.780165,2.25362,12.0154,1.41443,97,0.17343,-6.68376,2.28153,-3.53722,-5.35799,0.821895,2.35351,13.8079,1.40898,97,0.157605,-6.70161,2.30254,-3.6894,-5.10336,0.825117,2.08711,9.59021,1.41237,97,0.0770683,0.159719,0.195931,0.331866,0.877318,0.221799,2.34409,5.72681,0.101163,0,0.20413,NBA,2,Omicron,2,Second dose,0,G_NBA,G_0
688_1,-6.67891,2.30796,-3.7062,-5.65782,0.762726,2.33509,7.87074,1.4287,97,0.156555,-6.65839,2.29819,-3.76138,-5.77063,0.814857,2.85315,8.18638,1.39532,97,0.179692,-6.68791,2.33193,-3.81477,-5.43146,0.700757,2.27265,6.50917,1.40799,97,0.0877148,0.156582,0.190783,0.277621,0.903423,0.34633,1.76042,3.3757,0.102323,0,0.31928,NBA,1,Omicron,3,Boosted,0,G_NBA,G_0
1706_1,-6.59529,2.55814,-3.77121,-5.06357,0.951838,2.48363,7.01324,1.43282,97,0.195778,-6.58199,2.58567,-3.70229,-4.95214,0.991004,2.83775,8.4433,1.4117,97,0.181171,-6.62847,2.55253,-3.76532,-4.68981,0.898374,2.62745,6.54722,1.43461,97,0.0777429,0.18042,0.24075,0.296419,0.956341,0.388838,1.5631,5.0242,0.101022,0,0.272529,NBA,1,Omicron,-1,No record,0,G_NBA,G_0
2240_1,-6.70293,2.32929,-3.65489,-6.06612,0.828485,2.79474,9.58371,1.41028,97,0.194206,-6.6729,2.32969,-3.64688,-5.92144,0.815628,3.61476,9.80475,1.37961,97,0.115755,-6.69828,2.32845,-3.69435,-5.7962,0.839735,2.1491,8.98272,1.40429,97,0.0710066,0.135878,0.1721,0.381571,0.6951,0.195008,2.8428,2.40467,0.114493,0,0.214085,NBA,3,Delta,-1,No record,0,G_NBA,G_0
324_1,-6.584,2.75523,-3.67466,-4.79761,0.971375,2.04399,11.9224,1.44062,97,0.181122,-6.54761,2.71743,-3.70943,-4.73246,0.892718,2.02915,10.205,1.44514,97,0.28841,-6.59193,2.65629,-3.74171,-4.67175,0.901931,1.89979,8.43661,1.44085,97,0.0674184,0.134912,0.216077,0.333106,0.748378,0.199663,1.07718,4.32695,0.122486,0,0.569661,NBA,1,Delta,-1,No record,0,G_NBA,G_0
113_1,-6.80982,1.61825,-3.72949,-5.76345,0.639997,4.34277,7.87141,1.43406,97,0.13847,-6.77857,1.58649,-3.73717,-5.63944,0.445493,4.14853,7.83581,1.42622,97,0.105871,-6.89667,1.66416,-3.75116,-5.46268,0.4527,4.20716,7.98442,1.42974,97,0.0796946,0.151148,0.176899,0.278537,0.984338,0.206764,2.08902,0.637999,0.0907303,0,0.203122,NBA,2,Omicron,-1,No record,0,G_NBA,G_0
832_1,-6.6784,2.45622,-3.74927,-5.29181,1.03053,2.22213,8.87433,1.41454,97,0.18962,-6.64383,2.45273,-3.77999,-5.4718,1.06036,2.24459,8.89887,1.4109,97,0.177347,-6.67264,2.42701,-3.75549,-5.2256,0.983623,2.0303,7.40427,1.4072,97,0.0823441,0.147009,0.212116,0.313994,0.96122,0.36973,1.58881,3.87177,0.104727,0,0.204919,NBA,3,Omicron,-1,No record,0,G_NBA,G_0
1927_1,-6.61483,2.62783,-3.72961,-4.87982,0.969604,2.41714,9.66995,1.41801,97,0.173768,-6.60894,2.58549,-3.66671,-5.25043,1.06065,2.61365,8.58807,1.44782,97,0.196498,-6.62978,2.56692,-3.74461,-4.93637,1.00424,3.26877,7.78656,1.42684,97,0.0870199,0.144863,0.171617,0.304763,0.7657,0.30006,1.94122,3.44517,0.101482,0,0.281554,NBA,1,Delta,-1,No record,0,G_NBA,G_0
1683_1,-6.57993,2.74622,-3.57917,-4.5226,0.830427,2.61109,15.547,1.44382,97,0.177265,-6.52073,2.61752,-3.58559,-4.72281,0.799022,2.74417,13.9705,1.45691,97,0.184679,-6.59311,2.66372,-3.68015,-4.64992,0.844954,2.44875,10.2782,1.4484,97,0.0632464,0.153762,0.195803,0.334417,0.838261,0.197932,1.95953,6.13253,0.109331,0,0.221263,NBA,1,Delta,-1,No record,0,G_NBA,G_0
1836_1,-6.59945,2.69132,-3.63965,-4.46499,0.859563,2.80597,14.1182,1.41486,97,0.23997,-6.61047,2.67852,-3.58365,-4.46441,0.830088,2.47806,15.172,1.46473,97,0.149634,-6.62706,2.5912,-3.67806,-4.40099,0.801675,2.15721,10.1389,1.42857,97,0.0833381,0.146525,0.202127,0.346043,0.763414,0.198073,1.89426,6.4407,0.115316,0,0.238518,NBA,1,Delta,-1,No record,0,G_NBA,G_0
956_1,-6.76233,1.97563,-3.64612,-6.27408,0.48032,2.4027,13.9669,1.41803,97,0.151886,-6.76286,1.98536,-3.62416,-6.20952,0.476637,2.09356,14.1079,1.4272,97,0.159625,-6.7755,1.97047,-3.67984,-6.15472,0.470368,1.75935,9.99048,1.41257,97,0.0878437,0.176163,0.197776,0.282995,0.743249,0.194232,1.68103,4.70637,0.121574,0,0.239984,NBA,2,Omicron,3,Boosted,0,G_NBA,G_0
243_1,-6.7493,2.12678,-3.63499,-4.56905,0.487897,2.14977,13.474,1.39978,97,0.192157,-6.75511,2.11376,-3.6574,-4.55712,0.466857,2.32677,13.151,1.40744,97,0.167799,-6.75755,2.11093,-3.67952,-4.52952,0.480033,2.07831,10.0192,1.39611,97,0.0800917,0.156025,0.196185,0.348689,0.548488,0.220214,1.52203,5.22619,0.101386,0,0.229319,NBA,3,Omicron,2,Second dose,0,G_NBA,G_0
1748_1,-6.74415,1.7806,-3.50487,-6.18035,0.293546,2.41155,18.3562,1.42996,97,0.147849,-6.79636,1.82528,-3.47379,-6.10657,0.302639,2.24245,17.7866,1.47098,97,0.232668,-6.79756,1.75844,-3.61415,-6.15577,0.297227,1.83781,13.7804,1.45705,97,0.0855826,0.165666,0.176289,0.315801,0.877884,0.105972,1.67927,4.59343,0.105341,0,0.501174,NBA,3,Omicron,3,Boosted,0,G_NBA,G_0
913_1,-6.66783,2.49217,-3.67032,-5.85904,0.858186,2.25615,14.0407,1.42827,97,0.184026,-6.66501,2.57253,-3.61846,-5.82758,0.879094,2.60081,14.5265,1.39297,97,0.134463,-6.66776,2.42963,-3.65841,-5.77573,0.872007,2.16517,10.9667,1.40474,97,0.081552,0.174943,0.236645,0.313397,0.821071,0.148727,1.9576,5.06647,0.0931862,0,0.184044,NBA,1,Delta,-1,No record,0,G_NBA,G_0
2478_1,-6.6914,2.25495,-3.84755,-4.93773,1.11283,3.53698,5.33509,1.40249,97,0.1531,-6.68195,2.31467,-3.85452,-4.02037,0.717375,3.77826,4.78587,1.37702,97,0.182351,-6.72981,2.27977,-3.82347,-3.97644,0.625065,4.24464,4.59718,1.38633,97,0.0926766,0.152749,0.30383,0.332339,0.635453,0.370203,2.40842,2.58329,0.103515,0,0.255268,NBA,1,Omicron,2,Second dose,0,G_NBA,G_0
901_1,-6.73501,2.58526,-3.79015,-2.1324,0.611442,2.7787,9.69504,1.45097,97,0.262058,-6.70659,2.55668,-3.77755,-2.09613,0.58182,2.45477,10.9289,1.43422,97,0.229863,-6.73827,2.45184,-3.72737,-2.28303,0.545034,2.10148,7.79487,1.41394,97,0.095493,0.157803,0.271043,0.306327,0.573831,0.19662,1.76275,5.36742,0.107725,0,0.288845,NBA,2,Delta,2,Second dose,0,G_NBA,G_0
2547_1,-6.70468,2.33746,-3.73417,-5.15401,1.15921,3.0359,8.95117,1.39953,97,0.171655,-6.70661,2.37235,-3.7325,-5.2895,1.42027,2.77641,9.81147,1.40309,97,0.161391,-6.73502,2.32232,-3.72446,-5.12693,1.21009,2.36843,8.28079,1.40685,97,0.0767007,0.189067,0.203573,0.30015,0.875628,0.801126,1.96777,6.11521,0.107607,0,0.210655,NBA,1,Delta,-1,No record,0,G_NBA,G_0
1402_1,-6.62284,2.53049,-3.61686,-5.1001,1.22663,2.59817,13.4204,1.42566,97,0.118252,-6.63512,2.59651,-3.6268,-4.70016,1.17839,2.33005,12.397,1.42499,97,0.177874,-6.67766,2.50804,-3.67537,-4.84845,1.25313,1.99316,10.0772,1.41537,97,0.0848194,0.154843,0.260788,0.381745,0.860373,0.301713,1.82961,4.81103,0.102836,0,0.28729,NBA,2,Delta,2,Second dose,0,G_NBA,G_0
298_1,-6.75799,2.11096,-3.66911,-5.08997,0.879921,2.45001,11.8875,1.3804,97,0.144666,-6.79349,2.16014,-3.64532,-5.30792,0.993746,2.10111,11.5642,1.40836,97,0.234606,-6.7988,2.17709,-3.66953,-4.98893,0.965058,1.83885,10.2336,1.38951,97,0.106084,0.150596,0.183047,0.315071,0.955895,0.421179,1.45574,4.82164,0.10944,0,0.433857,NBA,1,Delta,-1,No record,0,G_NBA,G_0
2139_1,-6.59522,2.76788,-3.7907,-4.85624,1.38669,2.35398,10.9826,1.43966,97,0.10825,-6.58884,2.80351,-3.75542,-4.85503,1.51233,2.48769,11.9656,1.41404,97,0.158885,-6.61101,2.72625,-3.73009,-4.85522,1.52338,2.08977,8.02615,1.4285,97,0.0803673,0.151859,0.226134,0.314821,0.72749,0.273626,1.77296,6.37109,0.0841587,0,0.208953,NBA,2,Delta,-1,No record,0,G_NBA,G_0
359_1,-6.66106,2.67092,-3.74548,-3.26911,0.98004,2.67868,9.59451,1.43724,97,0.229548,-6.67253,2.68757,-3.69602,-3.32977,1.01824,2.07338,10.1389,1.43191,97,0.172043,-6.68113,2.60287,-3.67244,-3.34545,0.942466,1.78547,10.2783,1.42392,97,0.08179,0.165579,0.25627,0.325957,0.719307,0.394866,1.27152,3.74994,0.1045,0,0.261792,NBA,2,Delta,-1,No record,0,G_NBA,G_0
2775_1,-6.65213,2.50894,-3.6311,-3.0788,0.306946,2.25811,12.5283,1.45363,97,0.212855,-6.62065,2.46029,-3.66655,-3.04654,0.295107,1.98092,13.7741,1.45132,97,0.206268,-6.63743,2.44015,-3.69614,-3.14748,0.297131,1.63614,9.08999,1.42899,97,0.0866385,0.1744,0.194798,0.262508,0.396413,0.0978992,1.55669,5.04402,0.0993947,0,0.249332,NBA,2,Omicron,3,Boosted,0,G_NBA,G_0
887_1,-6.67812,2.43619,-3.69499,-5.24246,1.22029,2.43839,11.4341,1.41941,97,0.202834,-6.67394,2.44908,-3.72711,-5.18775,1.13759,2.50171,11.2615,1.42345,97,0.177972,-6.66645,2.45948,-3.67605,-5.38282,1.33237,1.90426,10.7018,1.41427,97,0.0941467,0.144161,0.266698,0.342628,0.906332,0.443787,1.95596,5.34778,0.0940183,0,0.282515,NBA,2,Omicron,-1,No record,0,G_NBA,G_0
2897_1,-6.80082,2.08943,-3.73897,-4.84557,0.783014,1.78737,9.77966,1.43462,97,0.283501,-6.76038,2.10628,-3.70426,-4.23271,0.46289,1.50835,7.76393,1.40336,97,0.147265,-6.7854,2.05229,-3.726,-4.34516,0.468274,1.47309,7.85249,1.41614,97,0.0970789,0.181893,0.229303,0.299338,0.579502,0.233572,0.711458,2.61873,0.113703,0,0.248129,NBA,1,Omicron,3,Boosted,0,G_NBA,G_0
1972_1,-6.67344,2.76083,-3.7902,-3.33651,0.910581,2.46187,7.10026,1.44574,97,0.198311,-6.60757,2.64601,-3.76201,-3.61327,0.976991,2.31428,9.70741,1.43922,97,0.133525,-6.67121,2.63325,-3.76234,-3.48977,0.897187,2.08136,6.85266,1.44374,97,0.0758039,0.165038,0.196921,0.354149,0.50978,0.360263,1.3155,9.85637,0.104311,0,0.124715,NBA,1,Delta,-1,No record,0,G_NBA,G_0
2633_1,-6.69359,2.30944,-3.65429,-5.04337,0.713751,2.2781,13.6933,1.39329,97,0.18375,-6.7145,2.38004,-3.65222,-4.93755,0.703036,2.0659,12.3599,1.38299,97,0.196427,-6.71371,2.29533,-3.6282,-4.97869,0.768229,2.38229,12.8724,1.38831,97,0.0839534,0.18231,0.18948,0.286438,0.85962,0.206512,1.97068,3.98796,0.098489,0,0.30393,NBA,1,Delta,-1,No record,0,G_NBA,G_0
180_1,-6.72956,2.35505,-3.647,-5.86567,1.04766,2.21888,16.1566,1.40966,97,0.197567,-6.68097,2.28233,-3.60342,-6.11603,0.983235,1.46432,13.715,1.37569,97,0.136438,-6.72223,2.30457,-3.62358,-6.01802,1.11883,1.75291,12.9804,1.39912,97,0.0946055,0.133625,0.189543,0.298654,0.704899,0.234427,1.04665,6.57853,0.0909566,0,0.207737,NBA,2,Delta,-1,No record,0,G_NBA,G_0
2152_1,-6.75377,1.96086,-3.88194,-6.30624,1.10313,3.51287,6.32648,1.41203,97,0.157071,-6.73041,1.92321,-3.78266,-6.36822,1.09005,3.22914,7.00445,1.40376,97,0.147765,-6.79417,1.98668,-3.74849,-5.80425,0.951062,2.67925,7.3905,1.40915,97,0.0855976,0.158448,0.169877,0.3161,0.873144,0.530596,1.74947,3.35637,0.090738,0,0.213175,NBA,1,Delta,-1,No record,0,G_NBA,G_0
2564_1,-6.72636,2.42267,-3.63011,-2.34282,0.436439,2.26748,12.7694,1.40641,97,0.153334,-6.68552,2.46161,-3.69162,-2.05955,0.31002,2.627,11.741,1.41605,97,0.225597,-6.72998,2.40297,-3.68089,-2.28018,0.397017,1.98982,10.0441,1.41723,97,0.0850481,0.156915,0.249002,0.341086,0.514265,0.12859,2.56763,4.66792,0.0960403,0,0.429963,NBA,1,Delta,-1,No record,0,G_NBA,G_0
1571_1,-6.56282,2.65978,-3.61656,-3.77333,0.400795,2.40448,15.4831,1.42953,97,0.121518,-6.58694,2.60217,-3.61759,-3.96257,0.40541,2.15731,14.7823,1.44899,97,0.151721,-6.59333,2.54958,-3.63525,-4.06201,0.418321,1.87407,11.5297,1.43673,97,0.0874916,0.160499,0.225827,0.3395,0.459225,0.1033,1.45939,4.39839,0.115198,0,0.164741,NBA,1,Omicron,3,Boosted,0,G_NBA,G_0
1442_1,-6.66672,2.16986,-3.5705,-5.36757,0.665671,3.00794,13.9369,1.38621,97,0.146441,-6.72126,2.25882,-3.5519,-5.04939,0.58818,2.92727,13.4035,1.40971,97,0.208724,-6.72248,2.20911,-3.61562,-5.11946,0.652441,2.75634,13.9,1.40785,97,0.0882621,0.159859,0.215411,0.305529,0.76076,0.147589,2.18567,2.20383,0.109372,0,0.33782,NBA,3,Omicron,3,Boosted,0,G_NBA,G_0
1650_1,-6.77083,2.03978,-3.62699,-6.22692,0.506802,1.7832,11.7204,1.37865,97,0.181106,-6.76165,2.0259,-3.68357,-6.18793,0.483295,1.9368,11.9724,1.41872,97,0.207417,-6.77552,2.05885,-3.68978,-6.2075,0.511575,1.64578,8.99117,1.38942,97,0.0703312,0.157048,0.194547,0.33864,0.615685,0.162169,1.5665,4.59286,0.108491,0,0.513286,NBA,2,Delta,2,Second dose,0,G_NBA,G_0
2068_1,-6.70051,2.25811,-3.69718,-5.99234,0.712165,2.39005,10.4887,1.39368,97,0.132576,-6.7182,2.26135,-3.56859,-6.00737,0.710734,2.81481,11.5304,1.40533,97,0.196837,-6.71476,2.21911,-3.69025,-5.98046,0.653914,2.16895,9.98105,1.40005,97,0.0880956,0.181629,0.184306,0.341311,0.670798,0.291689,1.90579,5.44489,0.104475,0,0.340915,NBA,3,Omicron,3,Boosted,0,G_NBA,G_0
2238_1,-6.64305,2.32726,-3.63525,-3.03576,0.351982,2.40663,14.5278,1.41918,97,0.114205,-6.65776,2.36704,-3.68727,-3.295,0.430969,2.12658,12.8604,1.42285,97,0.20671,-6.71029,2.35189,-3.67514,-3.07375,0.387607,1.90448,10.0468,1.41387,97,0.082352,0.145627,0.283772,0.329643,1.12434,0.230441,1.1982,4.66874,0.100805,0,0.310617,NBA,2,Delta,-1,No record,0,G_NBA,G_0
2032_1,-6.70985,2.26376,-3.70194,-6.11222,0.773074,2.32555,10.6555,1.40479,97,0.169797,-6.71814,2.24111,-3.65395,-6.14823,0.714885,2.58457,10.32,1.41693,97,0.245891,-6.73435,2.26954,-3.69152,-6.03621,0.783934,2.68125,9.80527,1.40756,97,0.0751401,0.129306,0.162416,0.352914,0.672929,0.226444,1.29759,4.71858,0.0962807,0,0.43412,NBA,1,Delta,-1,No record,0,G_NBA,G_0
1213_1,-6.63344,2.55486,-3.68918,-4.3632,0.983758,2.81001,11.0775,1.42024,97,0.160306,-6.62914,2.58494,-3.70734,-4.32401,1.07695,2.4299,11.3834,1.41164,97,0.144356,-6.67317,2.52666,-3.68068,-4.23742,0.954479,1.96472,10.0402,1.42118,97,0.0853502,0.145176,0.23072,0.287372,0.971881,0.515387,1.67318,5.46198,0.104261,0,0.189147,NBA,1,Omicron,3,Boosted,0,G_NBA,G_0
2477_1,-6.60907,2.61031,-3.59387,-5.44359,0.91444,2.30191,13.9008,1.43786,97,0.15478,-6.54869,2.58105,-3.61919,-5.1541,0.840443,2.64545,11.9778,1.48652,97,0.156449,-6.6205,2.59549,-3.68368,-5.25782,0.919053,2.2648,10.194,1.42949,97,0.0637135,0.141753,0.182843,0.298941,0.589276,0.171252,1.98533,3.63488,0.10554,0,0.261246,NBA,2,Omicron,3,Boosted,0,G_NBA,G_0
1221_1,-6.63354,2.6684,-3.8493,-3.2694,0.941707,3.33416,5.61833,1.43148,97,0.207536,-6.62612,2.57931,-3.81433,-3.37787,0.909549,3.63269,5.65133,1.42869,97,0.128188,-6.68267,2.59397,-3.82815,-3.28793,0.794994,3.38366,4.66196,1.4266,97,0.0852562,0.12678,0.260867,0.37331,0.463016,0.430373,2.22002,2.73386,0.113616,0,0.204831,NBA,2,Delta,-1,No record,0,G_NBA,G_0
1739_1,-6.75782,2.08629,-3.6901,-5.60441,0.472615,1.98315,13.2939,1.41744,97,0.13159,-6.73951,2.06704,-3.6154,-5.85301,0.537412,2.3707,14.5804,1.38872,97,0.170117,-6.73127,2.10373,-3.65594,-5.6875,0.551336,2.00448,10.9091,1.39841,97,0.0798884,0.136182,0.198651,0.312219,0.870112,0.152227,1.78715,4.99728,0.106236,0,0.265396,NBA,1,Delta,-1,No record,0,G_NBA,G_0
796_1,-6.74903,2.25453,-3.6467,-6.12109,0.609096,2.2711,13.0307,1.37146,97,0.107925,-6.75454,2.26363,-3.69962,-5.9786,0.54802,2.56516,11.5879,1.38073,97,0.171886,-6.7261,2.23972,-3.69017,-6.09633,0.647261,2.25516,10.41,1.37595,97,0.0683603,0.138367,0.165208,0.351512,0.655733,0.179528,2.18575,5.62618,0.113198,0,0.254164,NBA,3,Delta,-1,No record,0,G_NBA,G_0
1798_1,-6.61297,2.68091,-3.72658,-5.45984,1.17778,1.80934,11.0135,1.43399,97,0.140125,-6.59651,2.66167,-3.60938,-5.49612,1.2894,2.10248,12.9691,1.41961,97,0.151391,-6.63706,2.65448,-3.65812,-5.29407,1.3103,1.8213,10.0033,1.41304,97,0.0990612,0.160483,0.202263,0.31444,0.678814,0.235736,1.80364,5.85877,0.126115,0,0.245507,NBA,1,Delta,-1,No record,0,G_NBA,G_0
1045_1,-6.89875,1.57633,-3.62381,-7.11905,0.496498,1.94541,15.879,1.39255,97,0.10982,-6.91274,1.58138,-3.5375,-7.23321,0.563662,2.30337,16.5135,1.40895,97,0.183035,-6.93145,1.56998,-3.58156,-6.99684,0.508539,2.13323,16.596,1.40967,97,0.0690673,0.171394,0.176881,0.355503,0.752605,0.269829,1.1171,1.2651,0.109565,0,0.323436,NBA,2,Delta,-1,No record,0,G_NBA,G_0
2215_1,-6.652,2.79074,-3.74978,-3.76513,1.55087,3.00448,9.0059,1.43694,97,0.168362,-6.6161,2.6658,-3.79717,-3.93491,1.34896,2.85845,7.20179,1.45488,97,0.199962,-6.65691,2.67779,-3.80509,-3.73303,1.17335,2.52733,5.54803,1.43248,97,0.0739437,0.164017,0.240402,0.313004,1.0111,0.685717,1.6517,3.50641,0.0836124,0,0.37842,NBA,1,Delta,-1,No record,0,G_NBA,G_0
762_1,-6.56864,2.70827,-3.72973,-5.59545,1.31039,2.43629,9.14386,1.43405,97,0.119296,-6.56956,2.67757,-3.79557,-5.3747,1.08201,2.78466,7.25157,1.40685,97,0.162246,-6.58515,2.6526,-3.78836,-5.25324,0.997269,2.47292,5.89252,1.42401,97,0.0861799,0.174273,0.234634,0.281796,0.770735,0.411271,1.60965,4.10096,0.109091,0,0.247642,NBA,1,Delta,-1,No record,0,G_NBA,G_0
1997_1,-7.02882,1.66609,-3.62732,-6.55913,0.657983,1.3303,10.7807,1.40969,97,0.177826,-6.80011,1.44804,-3.69093,-7.58013,0.740034,1.82311,11.85,1.45048,97,0.183004,-6.91755,1.55468,-3.64402,-6.91834,0.653784,1.61186,12.363,1.42734,97,0.0869902,0.128761,0.120525,0.309761,0.961312,0.424738,1.12752,2.38836,0.106781,0,0.244626,NBA,2,Delta,-1,No record,0,G_NBA,G_0
1498_1,-6.63335,2.49616,-3.68825,-5.15286,1.18694,2.32782,12.8258,1.42599,97,0.178264,-6.63323,2.55472,-3.60466,-4.76215,1.00399,1.98092,9.99366,1.42585,97,0.189751,-6.67022,2.4892,-3.71225,-4.56205,0.949608,1.70164,9.06344,1.422,97,0.0935317,0.147506,0.263204,0.273115,1.11524,0.317267,1.27983,4.29556,0.115085,0,0.314869,NBA,2,Omicron,-1,No record,0,G_NBA,G_0
1460_1,-6.72752,2.12423,-3.64768,-5.73372,0.661064,2.56676,11.7334,1.39344,97,0.14528,-6.71768,2.08284,-3.69962,-5.78642,0.660354,2.24395,11.3078,1.38184,97,0.213273,-6.73689,2.13261,-3.68136,-5.50179,0.643623,1.9986,10.0663,1.39671,97,0.0842056,0.159211,0.206854,0.334401,0.871406,0.275656,1.60947,4.982,0.0969613,0,0.654595,NBA,3,Omicron,-1,No record,0,G_NBA,G_0
2434_1,-6.68581,2.35046,-3.76685,-4.4804,0.644196,2.27836,7.59594,1.39571,97,0.172327,-6.67154,2.33993,-3.72483,-4.46,0.629083,2.39371,7.36547,1.41985,97,0.117069,-6.69841,2.34171,-3.74062,-4.42248,0.625304,2.51703,7.50104,1.41069,97,0.0860159,0.140778,0.197211,0.340963,0.745436,0.286459,1.15858,2.07472,0.106707,0,0.115692,NBA,3,Omicron,3,Boosted,0,G_NBA,G_0
1629_1,-6.58569,2.62288,-3.67567,-5.27973,0.801489,2.48304,9.40352,1.44693,97,0.221421,-6.60473,2.60357,-3.71551,-5.52766,0.800359,2.30665,9.1077,1.43347,97,0.145127,-6.61606,2.58737,-3.68933,-5.3729,0.840842,2.39559,9.78188,1.42575,97,0.0887138,0.158205,0.178677,0.33072,0.708611,0.172995,1.35102,1.52778,0.0935116,0,0.157274,NBA,2,Omicron,3,Boosted,0,G_NBA,G_0
552_1,-6.60923,2.34775,-3.68721,-4.88098,0.389996,2.1916,12.5848,1.42428,97,0.13764,-6.62805,2.41315,-3.61976,-4.70389,0.387457,2.1834,14.5795,1.40845,97,0.16278,-6.64336,2.34133,-3.67539,-4.86456,0.422806,1.90681,10.048,1.42089,97,0.0855957,0.153066,0.217326,0.331678,0.624207,0.118782,1.73799,5.70459,0.111199,0,0.336295,NBA,3,Omicron,3,Boosted,0,G_NBA,G_0
1743_1,-6.72338,1.98524,-3.69113,-6.02706,0.449254,4.36624,10.0122,1.4124,97,0.162689,-6.6668,1.90451,-3.71037,-6.08996,0.416307,2.83803,9.20449,1.40701,97,0.160581,-6.74769,1.98745,-3.67565,-5.92897,0.431374,3.7173,9.96559,1.39963,97,0.084216,0.134534,0.145603,0.37345,0.551921,0.127419,1.3937,0.953575,0.101182,0,0.190913,NBA,1,Omicron,3,Boosted,0,G_NBA,G_0
2312_1,-6.66349,2.52243,-3.7237,-4.60696,0.99111,2.10105,10.9217,1.43261,97,0.220375,-6.59504,2.40434,-3.77982,-4.79421,0.88156,1.77206,8.81334,1.41667,97,0.166332,-6.68548,2.45767,-3.72105,-4.39746,0.812583,1.56443,7.75717,1.41816,97,0.0771539,0.176544,0.229746,0.313374,0.980397,0.330104,1.12995,3.617,0.0974276,0,0.23184,NBA,1,Omicron,3,Boosted,0,G_NBA,G_0
1750_1,-6.64349,2.33076,-3.66711,-5.58284,0.560874,2.0046,11.4956,1.39928,97,0.213861,-6.60922,2.3042,-3.66035,-5.76086,0.586155,2.46979,12.7941,1.40921,97,0.201864,-6.66534,2.33512,-3.69309,-5.56317,0.606826,1.85176,9.21901,1.42003,97,0.0819196,0.16191,0.212023,0.337869,0.698291,0.157334,2.54146,5.79131,0.083526,0,0.294418,NBA,3,Omicron,2,Second dose,0,G_NBA,G_0
2735_1,-6.62762,2.49904,-3.67186,-5.59651,0.689952,1.72079,10.9921,1.43695,97,0.154982,-6.60057,2.56204,-3.61872,-5.44487,0.735117,1.74883,12.9323,1.41891,97,0.178605,-6.64981,2.54643,-3.64869,-5.62701,0.862006,1.68552,11.8846,1.42274,97,0.0875388,0.175902,0.191325,0.34748,0.633556,0.197348,1.15699,5.33792,0.0994442,0,0.265184,NBA,1,Delta,-1,No record,0,G_NBA,G_0
1054_1,-6.64221,2.71155,-3.72164,-4.23265,1.65628,2.43548,8.89305,1.44762,97,0.19026,-6.67504,2.7013,-3.71148,-3.83418,1.49503,2.37357,11.1439,1.43449,97,0.133473,-6.69321,2.64679,-3.69155,-3.73977,1.47206,1.99495,9.94733,1.41398,97,0.0837606,0.155349,0.217722,0.310119,0.756894,0.421377,1.64166,6.24896,0.115867,0,0.15666,NBA,1,Omicron,-1,No record,0,G_NBA,G_0
846_1,-6.67646,2.08071,-3.63492,-5.80758,0.519557,2.72787,12.5679,1.40744,97,0.226373,-6.72303,2.14501,-3.69435,-5.73811,0.573849,2.21326,11.8335,1.41273,97,0.119229,-6.73289,2.14127,-3.67892,-5.62159,0.584825,1.99648,10.0805,1.39762,97,0.0858165,0.143213,0.164822,0.343335,0.812063,0.210554,1.56999,4.53208,0.108804,0,0.117942,NBA,1,Omicron,-1,No record,0,G_NBA,G_0
2581_1,-6.75919,1.93167,-3.63804,-6.07274,0.884927,2.83308,8.46505,1.41725,97,0.116702,-6.79314,1.95918,-3.68102,-5.54542,0.720457,2.91183,7.86457,1.39169,97,0.153439,-6.79918,1.96045,-3.74687,-5.36004,0.595839,2.277,7.1974,1.4045,97,0.0838471,0.152972,0.181064,0.33534,0.860373,0.353082,1.48019,1.33415,0.10943,0,0.191679,NBA,2,Omicron,-1,No record,0,G_NBA,G_0
2218_1,-6.70868,2.18478,-3.62794,-6.29547,0.527046,1.87673,13.1963,1.43281,97,0.175428,-6.6742,2.15296,-3.65583,-5.98013,0.470683,2.45522,15.257,1.40164,97,0.133337,-6.71128,2.1646,-3.6879,-5.92191,0.477594,1.82799,9.97958,1.41783,97,0.0824958,0.139579,0.180964,0.380653,0.64219,0.132307,1.64849,6.46884,0.105937,0,0.277909,NBA,3,Omicron,2,Second dose,0,G_NBA,G_0
915_1,-6.65536,2.43835,-3.71825,-4.00384,0.817305,2.19428,9.54838,1.41925,97,0.22674,-6.61437,2.52117,-3.679,-3.29985,0.563737,2.2135,8.02637,1.42071,97,0.175393,-6.69691,2.45351,-3.72421,-3.63331,0.642037,2.14221,7.97837,1.41114,97,0.0846466,0.157917,0.256543,0.29432,0.598817,0.232557,1.5376,1.78095,0.1015,0,0.248558,NBA,2,Omicron,3,Boosted,0,G_NBA,G_0
1590_1,-6.64085,2.61565,-3.45984,-4.50579,0.552308,2.48205,19.4982,1.42473,97,0.12989,-6.59248,2.58079,-3.3791,-4.58433,0.585028,2.64124,21.5257,1.4508,97,0.168036,-6.61888,2.50259,-3.53935,-4.63519,0.563368,2.21186,16.9508,1.42783,97,0.0752449,0.158929,0.215095,0.337769,0.646238,0.17521,1.74602,5.23906,0.109765,0,0.26759,NBA,3,Omicron,-1,No record,0,G_NBA,G_0
2324_1,-6.66739,2.30686,-3.7359,-5.00466,0.620017,2.36584,11.212,1.40106,97,0.133799,-6.65371,2.31526,-3.70156,-4.72922,0.580142,2.49856,12.3631,1.38899,97,0.188255,-6.67935,2.31366,-3.6855,-4.71321,0.572604,2.04181,9.97382,1.40112,97,0.0834142,0.132365,0.200427,0.321489,0.674954,0.264418,1.89168,6.30497,0.109966,0,0.361673,NBA,3,Omicron,2,Second dose,0,G_NBA,G_0
2362_1,-6.68683,2.17736,-3.63712,-5.31207,0.642222,2.30672,13.8184,1.40409,97,0.141669,-6.71013,2.18745,-3.71741,-5.58412,0.710703,2.53664,13.7922,1.42032,97,0.207986,-6.73073,2.19806,-3.67962,-5.15449,0.672631,2.01,10.1887,1.40762,97,0.0833475,0.130087,0.165911,0.321212,0.957003,0.197311,2.14937,5.09419,0.097633,0,0.314021,NBA,1,Delta,-1,No record,0,G_NBA,G_0
2112_1,-6.63616,2.72431,-3.75584,-4.28816,1.30938,2.52102,11.1298,1.44145,97,0.170699,-6.62143,2.73832,-3.75769,-4.12671,1.29348,1.98067,10.836,1.42908,97,0.192592,-6.64847,2.66546,-3.73464,-4.12833,1.26759,1.74795,7.91056,1.43441,97,0.0815177,0.155136,0.190615,0.302185,0.753984,0.307176,1.22468,5.70707,0.10273,0,0.364356,NBA,2,Omicron,-1,No record,0,G_NBA,G_0
1525_1,-6.6642,2.3156,-3.73437,-6.01463,0.636096,2.50591,11.3828,1.42233,97,0.131872,-6.7068,2.34627,-3.69802,-5.98115,0.60874,2.47099,10.9546,1.41307,97,0.164784,-6.6947,2.32605,-3.67917,-5.88128,0.640373,1.98168,10.0499,1.40656,97,0.0853828,0.164232,0.173898,0.313481,0.74363,0.226643,2.70478,5.53386,0.102815,0,0.21446,NBA,1,Omicron,-1,No record,0,G_NBA,G_0
3069_1,-6.66406,2.20171,-3.76099,-4.50733,0.51781,2.53654,7.98915,1.44853,97,0.309153,-6.68575,2.2538,-3.72465,-4.58646,0.57901,1.9373,7.54868,1.41991,97,0.140317,-6.69197,2.29891,-3.73139,-4.3276,0.528453,1.98384,7.83772,1.40706,97,0.0913533,0.161135,0.188161,0.303416,0.776964,0.273764,0.860154,1.68145,0.100034,0,0.231547,NBA,2,Omicron,-1,No record,0,G_NBA,G_0
175_1,-6.77647,1.9103,-3.69432,-6.39263,0.797519,3.80095,5.03365,1.42185,97,0.295901,-6.74367,1.87799,-3.86271,-6.62021,0.776096,4.71658,5.15557,1.40976,97,0.166225,-6.81846,1.8852,-3.82375,-6.37102,0.645763,4.13149,4.97629,1.4309,97,0.0729055,0.133423,0.162893,0.366402,0.910804,0.481223,2.34966,0.664691,0.0953269,0,0.219585,NBA,1,Omicron,-1,No record,0,G_NBA,G_0
1196_1,-6.6074,2.50775,-3.7352,-4.02249,0.68132,2.53251,11.6257,1.41458,97,0.20962,-6.60243,2.54785,-3.67522,-3.91983,0.681521,2.41334,11.6742,1.43239,97,0.172671,-6.66882,2.48333,-3.68058,-4.10313,0.727874,1.99941,10.0433,1.42029,97,0.0859717,0.155154,0.243232,0.347433,0.813743,0.247532,1.90118,4.93098,0.109945,0,0.20759,NBA,1,Omicron,-1,No record,0,G_NBA,G_0
1825_1,-6.73594,2.16904,-3.63491,-5.82767,0.616527,2.5235,11.0675,1.40328,97,0.178703,-6.69817,2.10751,-3.70336,-5.82337,0.606151,1.93418,10.5653,1.43353,97,0.252532,-6.71738,2.15856,-3.67353,-5.36727,0.552766,1.98289,10.1835,1.40807,97,0.0874873,0.134501,0.176903,0.313592,0.941366,0.203008,1.16875,3.20261,0.136248,0,0.42208,NBA,2,Omicron,-1,No record,0,G_NBA,G_0
1522_1,-6.58415,2.44772,-3.86055,-5.52877,1.44332,4.32532,5.20477,1.45259,97,0.145464,-6.59863,2.6036,-3.79656,-5.21362,1.65112,3.42947,5.41298,1.40028,97,0.148043,-6.65672,2.54467,-3.88985,-4.73754,1.0564,4.81278,3.34955,1.41064,97,0.0499867,0.154572,0.218909,0.327406,1.26572,0.776999,2.03013,3.45927,0.113265,0,0.164349,NBA,2,Omicron,-1,No record,0,G_NBA,G_0
1394_1,-6.63768,2.5151,-3.64018,-5.18046,0.638123,1.99713,11.9853,1.43824,97,0.239447,-6.62253,2.50134,-3.62962,-5.08181,0.641407,2.7665,12.8281,1.41445,97,0.150494,-6.64143,2.46692,-3.69885,-5.30199,0.737911,2.00472,10.0362,1.42481,97,0.0853661,0.167642,0.226212,0.304362,0.831674,0.200863,1.91372,6.36901,0.0960798,0,0.231562,NBA,1,Omicron,-1,No record,0,G_NBA,G_0
2138_1,-6.74615,2.28739,-3.57439,-5.00919,0.58784,1.88252,15.1777,1.40797,97,0.199339,-6.65227,2.18081,-3.56013,-5.01685,0.527459,1.69202,13.7287,1.43771,97,0.132273,-6.6856,2.19879,-3.67973,-4.80236,0.379374,0.877823,9.12101,1.41306,97,0.0842868,0.159003,0.205996,0.316958,0.627251,0.185155,1.58503,5.30474,0.121761,0,0.128698,NBA,3,Omicron,-1,No record,0,G_NBA,G_0
831_1,-6.62374,2.75905,-3.81457,-4.16564,1.80183,3.14308,7.21382,1.42969,97,0.148634,-6.57053,2.66733,-3.79935,-4.4088,1.78783,3.68692,6.34522,1.4691,97,0.223354,-6.68379,2.67974,-3.94749,-3.95305,1.3358,3.339,3.6018,1.46103,97,0.0781228,0.162489,0.217122,0.339508,0.858856,0.855256,2.09673,4.46635,0.110045,0,0.34231,NBA,2,Omicron,-1,No record,0,G_NBA,G_0
465_1,-6.7891,1.93197,-3.65673,-6.07723,0.909788,2.76429,10.2237,1.38717,97,0.257395,-6.80059,1.96228,-3.67223,-6.13172,0.981008,2.50872,10.4037,1.37406,97,0.231684,-6.81445,1.94987,-3.6765,-5.68609,0.815395,1.94848,10.0979,1.38586,97,0.0878876,0.145482,0.152249,0.336492,1.01666,0.610541,1.98357,5.25491,0.101269,0,0.341238,NBA,2,Omicron,-1,No record,0,G_NBA,G_0
1388_1,-6.61592,2.65717,-3.63419,-2.93014,0.733577,2.4312,11.0486,1.4302,97,0.284281,-6.59912,2.6704,-3.63501,-3.02485,0.829758,2.7766,11.766,1.43467,97,0.172615,-6.67044,2.6135,-3.67563,-3.04372,0.729182,2.01459,10.2016,1.43064,97,0.085106,0.130547,0.287475,0.321809,0.555569,0.412575,3.64561,5.51562,0.109864,0,0.278737,NBA,1,Omicron,-1,No record,0,G_NBA,G_0
1573_1,-6.60971,2.69018,-3.76907,-4.94432,0.972792,2.64365,8.65824,1.44322,97,0.189138,-6.60214,2.6914,-3.75583,-4.78387,0.913786,2.34347,8.52216,1.42249,97,0.194045,-6.61742,2.6141,-3.71118,-4.60321,0.871068,2.03199,8.25009,1.42845,97,0.0841074,0.144343,0.217273,0.292766,0.860495,0.257742,1.51244,2.28889,0.0864103,0,0.28638,NBA,2,Omicron,-1,No record,0,G_NBA,G_0
2495_1,-6.89645,1.70162,-3.68311,-6.25086,0.744826,2.17209,12.0011,1.39121,97,0.165847,-6.82282,1.62754,-3.63979,-6.77877,0.837509,2.49222,11.1594,1.4073,97,0.208747,-6.8803,1.6508,-3.68023,-6.49645,0.630816,2.02981,10.0081,1.39947,97,0.0864459,0.169886,0.210556,0.358662,0.999521,0.598567,1.74573,4.82116,0.0996301,0,0.311218,NBA,2,Omicron,-1,No record,0,G_NBA,G_0
1579_1,-6.57715,2.70151,-3.61077,-5.20788,0.995112,1.8741,15.1629,1.44311,97,0.200739,-6.56434,2.69925,-3.68731,-5.10251,0.903679,1.76018,12.929,1.41558,97,0.200105,-6.6038,2.66577,-3.65765,-5.25213,1.03588,1.4406,11.0129,1.43162,97,0.0854895,0.145221,0.192574,0.343838,0.776154,0.241862,1.28213,6.11272,0.101324,0,0.392218,NBA,2,Omicron,-1,No record,0,G_NBA,G_0
1551_1,-6.59771,2.3037,-3.67455,-5.92063,0.622579,2.38331,11.148,1.39832,97,0.15562,-6.65659,2.35417,-3.69128,-5.98875,0.669224,2.45732,10.861,1.40723,97,0.235552,-6.67243,2.37563,-3.6783,-5.65396,0.67024,2.05805,10.3521,1.39528,97,0.0949358,0.133694,0.170358,0.308871,0.681332,0.179022,1.50272,4.60612,0.111774,0,0.803894,NBA,2,Omicron,2,Second dose,0,G_NBA,G_0
338_1,-6.69293,2.27695,-3.7547,-6.03036,1.10196,2.52431,11.2202,1.40084,97,0.144956,-6.6816,2.3918,-3.69613,-5.80178,1.08855,2.13287,11.5692,1.39654,97,0.21318,-6.76776,2.21995,-3.68206,-6.30638,1.38849,1.98227,10.0547,1.40511,97,0.0855658,0.158876,0.297418,0.304214,0.875013,0.299821,1.21019,6.61156,0.103561,0,0.329814,NBA,2,Omicron,-1,No record,0,G_NBA,G_0
2202_1,-6.70316,2.42828,-3.65613,-5.72949,0.968173,2.29557,13.4026,1.41371,97,0.246829,-6.65102,2.37085,-3.67913,-5.80152,0.961082,2.03338,13.6732,1.41627,97,0.129271,-6.67255,2.39137,-3.70359,-5.46452,0.939898,1.91344,9.01589,1.40956,97,0.0810946,0.161482,0.208035,0.353786,0.894518,0.22001,1.3579,6.46332,0.120188,0,0.122413,NBA,2,Omicron,-1,No record,0,G_NBA,G_0
2694_1,-6.71223,2.20383,-3.65955,-5.63849,0.727459,3.02794,9.77727,1.41917,97,0.139541,-6.68793,2.139,-3.70696,-5.79464,0.685032,2.3263,8.78749,1.42968,97,0.230877,-6.7418,2.1354,-3.69521,-5.69164,0.705802,2.07642,9.4065,1.43089,97,0.0803391,0.167873,0.239634,0.340166,0.97474,0.255803,2.05137,1.92819,0.107242,0,0.324005,NBA,1,Omicron,-1,No record,0,G_NBA,G_0
2237_1,-6.67304,2.49972,-3.66156,-4.94108,0.804041,2.20556,12.8177,1.41952,97,0.152116,-6.64566,2.43712,-3.60466,-4.9358,0.78833,1.99945,12.5476,1.39984,97,0.149973,-6.66653,2.42481,-3.67651,-4.93436,0.831262,1.91381,10.0508,1.41905,97,0.0856567,0.141595,0.196177,0.346131,0.822165,0.243336,1.19767,5.98127,0.0924435,0,0.210902,NBA,3,Omicron,-1,No record,0,G_NBA,G_0
2116_1,-6.73711,2.18189,-3.69083,-6.05982,0.889624,2.42751,12.1138,1.4001,97,0.207764,-6.74128,2.15194,-3.67912,-6.17494,0.909299,2.23578,11.6016,1.41559,97,0.128313,-6.74174,2.19245,-3.66683,-5.83967,0.882087,1.99583,9.80307,1.40117,97,0.0902279,0.152964,0.182578,0.359713,0.874481,0.289477,1.835,5.06353,0.105819,0,0.129306,NBA,3,Omicron,-1,No record,0,G_NBA,G_0
1829_1,-6.61222,2.42489,-3.66703,-4.36516,0.522572,2.59203,11.8102,1.42497,97,0.236945,-6.61183,2.37403,-3.67262,-4.56762,0.562748,2.55972,12.4116,1.43045,97,0.157935,-6.66064,2.38798,-3.67725,-4.37517,0.495848,2.08809,10.1428,1.42287,97,0.0780731,0.132875,0.217246,0.32988,0.692434,0.258875,1.9419,5.87167,0.0919031,0,0.212417,NBA,2,Omicron,-1,No record,0,G_NBA,G_0
2147_1,-6.74413,2.19286,-3.69229,-5.06734,0.675834,2.65069,11.3319,1.43689,97,0.168905,-6.69537,2.14545,-3.72863,-4.92599,0.552226,2.38496,11.2948,1.40516,97,0.127874,-6.75924,2.14536,-3.6817,-5.06962,0.736388,2.21958,10.1361,1.41942,97,0.0819775,0.153937,0.192899,0.352899,0.825657,0.255714,1.893,6.53166,0.106643,0,0.162848,NBA,2,Omicron,-1,No record,0,G_NBA,G_0
2887_1,-6.77953,2.39296,-3.72031,-5.70559,2.11129,2.44998,9.41292,1.38803,97,0.176616,-6.7199,2.35388,-3.7132,-6.13975,2.29767,2.31868,9.41453,1.39376,97,0.173431,-6.70724,2.33771,-3.67175,-6.15836,2.57685,1.9615,9.79395,1.38213,97,0.0911545,0.133414,0.132821,0.337625,1.08712,0.625443,1.43203,4.4649,0.112535,0,0.293097,NBA,1,Omicron,2,Second dose,0,G_NBA,G_0
2640_1,-6.8129,1.9657,-3.69511,-5.86921,0.554828,2.18369,11.9355,1.40644,97,0.195794,-6.78328,1.94031,-3.67357,-5.88427,0.564646,1.9529,12.3181,1.41734,97,0.192455,-6.78872,1.93886,-3.67928,-5.69734,0.564104,1.98416,10.0445,1.41002,97,0.0854008,0.140565,0.157578,0.324295,0.701723,0.240465,1.27285,4.75355,0.11432,0,0.370042,NBA,2,Omicron,-1,No record,0,G_NBA,G_0
1441_1,-6.73584,2.01854,-3.57584,-5.97513,0.465208,2.04595,14.9639,1.42077,97,0.142924,-6.70425,1.99958,-3.6705,-5.93227,0.456278,2.03498,15.1603,1.41048,97,0.253313,-6.72713,2.02978,-3.65763,-5.74156,0.437651,1.60542,11.0602,1.40049,97,0.100986,0.123085,0.146874,0.313038,0.602485,0.137646,1.68193,5.99471,0.107677,0,0.388108,NBA,3,Omicron,-1,No record,0,G_NBA,G_0
2720_1,-6.64133,2.79686,-3.78378,-3.68528,1.09806,2.84091,7.80073,1.43146,97,0.10673,-6.65128,2.81783,-3.79944,-3.66675,1.03455,2.74793,7.32054,1.45224,97,0.160946,-6.64311,2.68083,-3.77719,-3.69869,0.941292,2.40664,6.15709,1.43257,97,0.0774153,0.173566,0.210995,0.293009,0.68589,0.412837,1.67456,4.23116,0.0902241,0,0.221397,NBA,1,Omicron,-1,No record,0,G_NBA,G_0
2829_1,-6.72645,2.32393,-3.67399,-4.8039,0.753989,2.08388,12.9228,1.42399,97,0.120287,-6.7224,2.28857,-3.65188,-4.94795,0.744241,2.27685,12.2399,1.41276,97,0.197871,-6.72342,2.27939,-3.67979,-4.87497,0.836802,2.12193,10.0617,1.40703,97,0.0826333,0.149509,0.180308,0.301501,1.09904,0.369393,1.35548,6.58235,0.112222,0,0.302507,NBA,1,Omicron,-1,No record,0,G_NBA,G_0
1725_1,-6.62758,2.62974,-3.64752,-4.18386,0.818439,2.30125,13.9761,1.44681,97,0.216158,-6.67198,2.63211,-3.63185,-4.20119,0.819508,2.55114,13.7902,1.44811,97,0.125246,-6.6527,2.53992,-3.68527,-4.3313,0.83015,1.89591,10.1434,1.42522,97,0.083375,0.164046,0.216139,0.352868,1.01076,0.289528,1.67721,5.97897,0.123645,0,0.153056,NBA,1,Omicron,-1,No record,0,G_NBA,G_0
2296_1,-6.66919,2.61186,-3.72902,-3.72843,0.823711,2.64953,11.3632,1.4302,97,0.204823,-6.68981,2.63018,-3.69355,-3.50903,0.695075,2.28604,11.6783,1.4123,97,0.176633,-6.67123,2.48494,-3.67982,-3.70731,0.69003,1.87996,9.76441,1.42994,97,0.0711129,0.166032,0.231487,0.360301,0.617951,0.308582,1.69033,5.85287,0.0996262,0,0.304737,NBA,1,Omicron,-1,No record,0,G_NBA,G_0
1059_1,-6.67024,2.12526,-3.63345,-5.00755,0.508591,2.13877,15.3886,1.40009,97,0.20724,-6.71722,2.17054,-3.70438,-5.15471,0.553059,1.96862,13.3133,1.40558,97,0.189338,-6.71565,2.13532,-3.68992,-5.21666,0.607613,1.74401,9.7891,1.39611,97,0.0697081,0.153308,0.204186,0.305645,0.845552,0.209346,1.186,5.14019,0.112538,0,0.284778,NBA,2,Omicron,-1,No record,0,G_NBA,G_0
80_1,-6.64366,2.82502,-3.70588,-4.11729,2.12789,2.59465,10.9771,1.43662,97,0.211084,-6.59879,2.7797,-3.71083,-3.94239,1.85892,2.62017,8.91519,1.42436,97,0.188858,-6.65896,2.78131,-3.68287,-3.83135,1.90963,1.96068,10.3533,1.43923,97,0.0798313,0.162898,0.237973,0.308696,1.06807,0.622988,1.55377,4.80836,0.0994483,0,0.297766,NBA,2,Omicron,-1,No record,0,G_NBA,G_0
3005_1,-6.66075,2.69163,-3.68122,-2.76154,0.455313,2.18922,11.6718,1.4319,97,0.153363,-6.65714,2.66713,-3.64041,-2.87191,0.488388,2.42351,13.2877,1.41546,97,0.154636,-6.65763,2.56009,-3.68058,-3.10045,0.50892,2.03584,10.0939,1.43201,97,0.0853304,0.137757,0.197133,0.355729,0.532994,0.187607,1.79415,5.05645,0.112365,0,0.231434,NBA,1,Omicron,-1,No record,0,G_NBA,G_0
1032_1,-6.70352,2.29959,-3.664,-4.865,0.754095,2.77894,13.9266,1.40635,97,0.179122,-6.68312,2.28782,-3.64645,-4.55034,0.664777,2.11152,11.7114,1.40528,97,0.157146,-6.70818,2.31615,-3.68761,-4.53997,0.718588,1.94215,9.77099,1.39009,97,0.0929153,0.152506,0.207807,0.291242,0.941897,0.318312,1.50394,5.23694,0.095767,0,0.228202,NBA,1,Omicron,-1,No record,0,G_NBA,G_0
1365_1,-6.69941,2.08606,-3.57707,-4.9303,0.351442,2.49497,15.088,1.4224,97,0.215769,-6.69861,2.0843,-3.66851,-5.04323,0.36599,2.32059,15.1764,1.39279,97,0.152563,-6.72926,2.03487,-3.68005,-5.03638,0.330157,1.94943,10.1988,1.4194,97,0.0765083,0.166237,0.202525,0.387644,0.720734,0.139859,1.7773,6.36685,0.106509,0,0.328625,NBA,1,Omicron,-1,No record,0,G_NBA,G_0
1998_1,-6.69341,2.11702,-3.64389,-5.45147,0.52962,3.06461,12.0209,1.40691,97,0.239429,-6.74557,2.14388,-3.59639,-5.86741,0.638917,3.17417,12.1041,1.39753,97,0.148128,-6.7196,2.15519,-3.6584,-5.25659,0.535033,2.09521,11.0047,1.39685,97,0.090652,0.150972,0.203023,0.284305,0.891726,0.193982,3.1386,1.22866,0.104281,0,0.18629,NBA,2,Omicron,-1,No record,0,G_NBA,G_0
1990_1,-6.65331,2.30834,-3.59537,-3.92218,0.285823,2.2729,16.248,1.40833,97,0.20594,-6.65561,2.30145,-3.56206,-4.06874,0.30229,2.3778,14.5734,1.39695,97,0.211034,-6.6629,2.29592,-3.66147,-3.95911,0.275571,1.93946,11.0102,1.40145,97,0.0806234,0.146697,0.213587,0.369978,0.681371,0.108113,1.83456,4.39609,0.108758,0,0.605417,NBA,1,Omicron,-1,No record,0,G_NBA,G_0
1340_1,-6.97584,1.51789,-3.5537,-6.90013,0.812723,2.94694,14.8036,1.42576,97,0.185846,-6.93906,1.46027,-3.57626,-6.79455,0.778646,3.30003,14.945,1.42186,97,0.107929,-6.95095,1.45772,-3.61148,-7.08104,0.678875,2.74953,14.1121,1.42934,97,0.0699207,0.127776,0.139544,0.383446,0.797952,0.415367,1.67692,0.960109,0.0994359,0,0.107547,NBA,2,Omicron,-1,No record,0,G_NBA,G_0
1890_1,-6.6996,2.37072,-3.77422,-3.92305,0.840158,2.99745,7.71803,1.44345,97,0.160885,-6.71129,2.41613,-3.72007,-3.87482,0.804369,3.06701,7.50406,1.43607,97,0.148662,-6.73481,2.35443,-3.7691,-3.86986,0.738026,2.73325,6.63372,1.41162,97,0.0670195,0.150972,0.217272,0.326505,0.608803,0.296757,1.94257,3.3256,0.104764,0,0.223963,NBA,1,Omicron,-1,No record,0,G_NBA,G_0
2492_1,-6.77937,1.80614,-3.68579,-5.06989,0.473044,2.55221,11.6536,1.40274,97,0.199206,-6.81082,1.81008,-3.68496,-5.23766,0.577393,2.41585,11.6075,1.40707,97,0.153394,-6.86859,1.74694,-3.67592,-5.42921,0.525417,2.05139,10.0456,1.41984,97,0.0894277,0.175402,0.210149,0.323478,1.30427,0.461158,1.54547,5.59251,0.116151,0,0.194473,NBA,1,Omicron,-1,No record,0,G_NBA,G_0
2279_1,-6.6797,2.32382,-3.67397,-5.72143,0.914224,2.42816,11.7741,1.42036,97,0.156649,-6.64477,2.31336,-3.70359,-5.79391,0.941089,2.69745,11.7404,1.39746,97,0.156358,-6.69252,2.35771,-3.68001,-5.67176,1.02966,1.99172,9.9792,1.41283,97,0.0843753,0.145354,0.190618,0.399952,0.788741,0.295555,2.10457,4.91709,0.0967216,0,0.225255,NBA,1,Omicron,-1,No record,0,G_NBA,G_0
2539_1,-6.69082,2.13221,-3.65773,-5.52298,0.532016,1.8169,14.4905,1.41685,97,0.204111,-6.73501,2.14636,-3.64233,-5.49063,0.514428,2.23557,13.5088,1.42339,97,0.19644,-6.7159,2.15454,-3.67555,-5.29618,0.495849,1.90635,10.2098,1.40688,97,0.0849759,0.166986,0.225856,0.332223,0.822014,0.165863,1.59758,5.01571,0.0991061,0,0.312784,NBA,2,Omicron,-1,No record,0,G_NBA,G_0
2124_1,-6.64643,2.41589,-3.63065,-5.92204,0.482175,2.32684,14.1498,1.38759,97,0.208181,-6.60553,2.37846,-3.54078,-5.96084,0.482037,2.3353,16.449,1.40802,97,0.269259,-6.65949,2.40233,-3.66144,-5.79172,0.470425,1.94118,11.1097,1.41135,97,0.0853062,0.145483,0.180474,0.307081,0.604782,0.126405,1.43438,8.01253,0.0969715,0,0.460209,NBA,1,Omicron,-1,No record,0,G_NBA,G_0
2399_1,-6.62177,2.41137,-3.71446,-5.59542,0.768039,2.51796,10.6344,1.42207,97,0.176231,-6.65123,2.45597,-3.65183,-5.39183,0.796347,2.1989,12.2209,1.41983,97,0.216307,-6.65412,2.44118,-3.75704,-5.45196,0.811905,1.7804,7.62231,1.42103,97,0.0926964,0.155778,0.171713,0.354775,0.871413,0.249322,1.81497,7.42779,0.110901,0,0.513028,NBA,1,Omicron,-1,No record,0,G_NBA,G_0
1745_1,-6.6439,2.49276,-3.70651,-5.08306,1.01244,2.71566,11.686,1.42274,97,0.264932,-6.65096,2.50966,-3.61724,-5.18007,0.995763,2.30521,11.043,1.4083,97,0.121408,-6.66741,2.46575,-3.67925,-4.88527,0.924243,1.97368,10.0352,1.41785,97,0.0845374,0.175944,0.254812,0.311908,1.09632,0.369545,1.82789,4.73066,0.097342,0,0.133116,NBA,1,Omicron,-1,No record,0,G_NBA,G_0
1057_1,-6.77814,2.00724,-3.67679,-5.64904,0.863368,2.24092,12.0193,1.40988,97,0.184482,-6.72178,1.94629,-3.68958,-5.66751,0.825879,2.40087,11.4044,1.42003,97,0.126489,-6.81789,1.97254,-3.67159,-5.20618,0.664925,1.99079,10.2198,1.41549,97,0.0772081,0.158142,0.197456,0.343262,1.00796,0.61693,1.62024,6.21769,0.107356,0,0.153941,NBA,1,Omicron,3,Boosted,0,G_NBA,G_0
3014_1,-6.57282,2.62848,-3.71139,-4.79455,0.662502,2.69393,12.328,1.43122,97,0.177274,-6.54214,2.56348,-3.70399,-5.02093,0.694633,2.06827,10.6043,1.44769,97,0.199349,-6.60796,2.57988,-3.68225,-5.11675,0.836032,1.98231,10.0333,1.42942,97,0.0854596,0.16108,0.212215,0.33241,0.801499,0.207073,1.7572,4.04669,0.106806,0,0.307576,NBA,3,Omicron,-1,No record,0,G_NBA,G_0
1510_1,-6.60364,2.63958,-3.5886,-4.13756,0.811425,2.38948,12.7481,1.44876,97,0.223728,-6.56859,2.64714,-3.69163,-3.86722,0.715108,2.22947,12.2877,1.44769,97,0.148042,-6.62985,2.63226,-3.68308,-3.99814,0.790043,2.10538,10.1224,1.4378,97,0.0820122,0.134719,0.191666,0.312641,0.524886,0.200191,1.42634,5.62738,0.092141,0,0.172749,NBA,2,Omicron,-1,No record,0,G_NBA,G_0
2367_1,-6.71014,2.54983,-3.65309,-3.35585,0.663937,2.77746,11.9213,1.42358,97,0.247676,-6.69534,2.57177,-3.68496,-3.3265,0.758869,2.33851,12.0122,1.41482,97,0.170808,-6.70152,2.43157,-3.67698,-3.5437,0.620263,1.94147,10.0274,1.41494,97,0.0870538,0.151898,0.284176,0.336493,0.624359,0.369584,1.45292,5.91383,0.103282,0,0.213753,NBA,2,Omicron,-1,No record,0,G_NBA,G_0
591_1,-6.6414,2.68447,-3.83665,-3.82675,1.29608,2.7648,9.10659,1.44017,97,0.173903,-6.65042,2.66013,-3.76055,-3.47176,1.02869,3.03067,7.78855,1.43237,97,0.204381,-6.6777,2.59792,-3.7876,-3.43347,0.906305,2.68474,5.69461,1.43603,97,0.0927732,0.139581,0.225255,0.307733,0.759399,0.469262,2.06935,4.83896,0.102678,0,0.270643,NBA,1,Omicron,-1,No record,0,G_NBA,G_0
1860_1,-6.78753,2.10194,-3.57349,-6.19355,0.472327,2.16107,14.6129,1.37372,97,0.213283,-6.76306,2.05457,-3.60151,-6.15665,0.458323,2.20574,15.0915,1.39052,97,0.23292,-6.74191,2.03355,-3.64647,-6.00813,0.419135,1.82819,11.2272,1.39325,97,0.094308,0.116449,0.131498,0.315908,0.733001,0.133867,1.52171,5.46619,0.0811074,0,0.410122,NBA,1,Omicron,-1,No record,0,G_NBA,G_0
237_1,-6.73027,2.3729,-3.73368,-3.77606,0.727629,2.65921,7.95693,1.43179,97,0.202759,-6.70181,2.45734,-3.71745,-3.43102,0.63453,3.42999,8.46072,1.40903,97,0.184228,-6.73682,2.3542,-3.73312,-3.92142,0.803417,2.83553,7.94322,1.40872,97,0.0759216,0.192922,0.290256,0.317904,0.694222,0.265838,2.19076,2.9232,0.102992,0,0.30692,NBA,1,Omicron,-1,No record,0,G_NBA,G_0
2344_1,-6.64791,2.73781,-3.7295,-4.32482,1.34945,2.811,11.5937,1.42192,97,0.176174,-6.57095,2.6352,-3.71471,-4.27737,1.21221,2.44662,9.97119,1.40746,97,0.139123,-6.64987,2.64119,-3.71668,-4.19354,1.18576,2.05794,7.99039,1.42686,97,0.0883029,0.158643,0.223618,0.301809,0.752529,0.283112,1.78856,4.05625,0.0988767,0,0.198726,NBA,1,Omicron,-1,No record,0,G_NBA,G_0
1714_1,-6.61207,2.50702,-3.75762,-5.36506,0.68736,3.34644,7.93892,1.4303,97,0.148218,-6.60689,2.48995,-3.71219,-5.14586,0.671043,3.74617,8.19781,1.44882,97,0.195693,-6.63271,2.48716,-3.7177,-5.30561,0.740119,3.86296,8.53157,1.42279,97,0.0859668,0.150109,0.192398,0.324785,0.763133,0.171819,2.53359,1.14865,0.112113,0,0.253855,NBA,2,Omicron,-1,No record,0,G_NBA,G_0
497_1,-6.61957,2.71515,-3.78952,-4.33141,1.04152,2.43968,10.0572,1.46434,97,0.360313,-6.57262,2.64563,-3.66572,-4.70068,1.2036,1.96824,10.3921,1.39656,97,0.161583,-6.64302,2.65999,-3.73075,-4.42176,1.16571,1.71055,8.26609,1.4304,97,0.0800133,0.163435,0.224932,0.336028,0.941804,0.295863,1.22172,5.0579,0.103916,0,0.263839,NBA,1,Omicron,-1,No record,0,G_NBA,G_0
2044_1,-6.5946,2.62988,-3.73946,-4.30098,0.868753,2.5587,8.08647,1.43266,97,0.211083,-6.60766,2.64868,-3.68685,-4.25255,0.895843,3.22677,8.61695,1.43387,97,0.11989,-6.63939,2.6037,-3.72862,-4.17271,0.85495,2.58079,8,1.43616,97,0.0729397,0.12982,0.184479,0.317286,0.806379,0.245803,2.80595,2.03783,0.0972265,0,0.131126,NBA,1,Omicron,-1,No record,0,G_NBA,G_0
2348_1,-6.60373,2.6765,-3.66201,-5.48922,0.638972,2.31845,8.5996,1.45803,97,0.171585,-6.56762,2.7417,-3.71525,-5.48924,0.697273,2.34175,8.75675,1.4394,97,0.135703,-6.58811,2.63396,-3.70731,-5.40213,0.662318,2.17383,8.64775,1.42361,97,0.083709,0.161003,0.236618,0.288762,0.753404,0.158064,1.15692,1.25807,0.0962002,0,0.160573,NBA,1,Omicron,-1,No record,0,G_NBA,G_0
421_1,-6.61472,2.62233,-3.76836,-3.58632,0.61666,3.15269,7.31737,1.46248,97,0.157979,-6.61099,2.6645,-3.76612,-3.72873,0.733343,3.17881,8.20661,1.41738,97,0.148654,-6.63378,2.59626,-3.73833,-3.71721,0.69141,2.9022,7.63458,1.433,97,0.0866394,0.169728,0.215017,0.323328,0.47651,0.204936,1.92274,3.19408,0.102972,0,0.333002,NBA,3,Omicron,-1,No record,0,G_NBA,G_0
2280_1,-6.73533,2.19266,-3.66324,-4.75492,0.561408,1.96477,15.3217,1.43796,97,0.145421,-6.71192,2.19926,-3.51545,-4.67295,0.5486,1.92867,15.0342,1.44648,97,0.233478,-6.74423,2.13311,-3.69993,-4.73458,0.531548,1.55563,11.4989,1.43918,97,0.0997816,0.170769,0.272964,0.360674,0.814117,0.184078,1.41547,5.36666,0.113728,0,0.323996,NBA,2,Omicron,-1,No record,0,G_NBA,G_0
2644_1,-6.724,2.06211,-3.67507,-6.12689,0.932588,2.17421,10.9062,1.43816,97,0.107239,-6.73628,2.0878,-3.61098,-6.0593,0.903943,2.3746,11.2288,1.41188,97,0.194636,-6.76488,2.09778,-3.67706,-5.51961,0.806114,2.12025,10.0962,1.41866,97,0.0770431,0.17678,0.201033,0.318088,0.952245,0.414314,1.55474,5.53759,0.109645,0,0.55445,NBA,1,Omicron,-1,No record,0,G_NBA,G_0
2444_1,-6.65834,2.65052,-3.64595,-3.41447,0.637806,2.768,10.802,1.45497,97,0.184621,-6.6539,2.7264,-3.58598,-3.15065,0.604723,2.10265,10.6923,1.41594,97,0.151265,-6.66135,2.52953,-3.67182,-3.52202,0.598974,1.73197,10.0644,1.42257,97,0.0858136,0.185558,0.261862,0.339344,0.652692,0.182787,1.56454,2.69309,0.0980502,0,0.198211,NBA,2,Omicron,-1,No record,0,G_NBA,G_0
947_1,-6.69154,2.32345,-3.58811,-6.00747,0.363184,2.20949,13.0631,1.37694,97,0.181305,-6.67999,2.2879,-3.65546,-6.09386,0.350417,2.90741,11.4909,1.38815,97,0.239803,-6.69139,2.32774,-3.67544,-5.96772,0.37234,2.17217,10.0765,1.38755,97,0.0804273,0.125413,0.158167,0.287765,0.460282,0.106204,2.51743,3.92095,0.102039,0,0.538662,NBA,1,Omicron,-1,No record,0,G_NBA,G_0
522_1,-6.67005,2.37743,-3.69915,-5.6058,0.570866,2.08101,11.0894,1.41519,97,0.164012,-6.68261,2.32063,-3.62663,-5.55816,0.573865,2.13558,11.9336,1.44195,97,0.256058,-6.66048,2.33847,-3.69582,-5.63132,0.58382,1.87858,8.80301,1.41301,97,0.0973414,0.153992,0.207287,0.309528,0.83155,0.175753,1.3344,4.69116,0.099341,0,0.328604,NBA,2,Omicron,-1,No record,0,G_NBA,G_0
1805_1,-6.69613,2.16298,-3.70335,-6.17749,0.784087,2.63276,11.7108,1.39845,97,0.161466,-6.68929,2.14503,-3.68913,-6.21878,0.826411,2.58439,12.2696,1.40048,97,0.131068,-6.73691,2.18377,-3.67594,-5.86532,0.795963,1.97935,10.3661,1.40971,97,0.0683124,0.144352,0.189455,0.317561,0.719,0.2492,1.83712,6.02979,0.114145,0,0.155003,NBA,2,Omicron,-1,No record,0,G_NBA,G_0
553_1,-6.65696,2.49671,-3.68826,-4.57907,0.787378,2.44069,13.3698,1.41006,97,0.315072,-6.6282,2.35454,-3.69054,-5.05536,0.80446,2.07929,11.8656,1.43891,97,0.175356,-6.67214,2.41501,-3.66997,-4.56202,0.732853,1.67472,10.8567,1.4178,97,0.0837779,0.155869,0.196528,0.342131,1.12058,0.270483,1.62847,5.70364,0.0983407,0,0.282831,NBA,2,Omicron,-1,No record,0,G_NBA,G_0
1358_1,-6.66202,2.52214,-3.80542,-4.64864,1.41586,3.31325,7.35181,1.42037,97,0.130258,-6.66526,2.5401,-3.78635,-5.05314,1.59624,3.02698,8.55988,1.43001,97,0.206803,-6.67084,2.55662,-3.68752,-5.67231,2.34249,1.99446,10.0674,1.41779,97,0.0856346,0.197561,0.252785,0.344535,0.969259,0.695888,1.88558,5.75521,0.101706,0,0.358873,NBA,1,Omicron,-1,No record,0,G_NBA,G_0
2586_1,-6.56284,2.76407,-3.66708,-4.65691,1.63298,2.23033,11.3513,1.44351,97,0.235353,-6.54875,2.73094,-3.62876,-4.81779,1.71586,2.20822,13.7874,1.42451,97,0.170064,-6.61761,2.74797,-3.6693,-4.71208,1.74889,1.96339,10.1287,1.43241,97,0.0868584,0.176377,0.198225,0.342179,0.805125,0.168808,1.34349,7.40688,0.0987775,0,0.191816,NBA,1,Omicron,-1,No record,0,G_NBA,G_0
1885_1,-6.69097,1.83866,-3.6273,-6.21856,0.32569,2.59432,13.9543,1.40798,97,0.183278,-6.7835,1.94761,-3.62758,-6.11918,0.345475,2.47615,13.6698,1.41229,97,0.147428,-6.75298,1.91656,-3.67158,-5.90489,0.30524,2.21153,9.92768,1.40638,97,0.0742815,0.135498,0.17923,0.367508,0.825442,0.137522,1.36262,4.94003,0.113843,0,0.175342,NBA,3,Omicron,-1,No record,0,G_NBA,G_0
2323_1,-6.52217,2.62911,-3.58455,-4.69358,0.94859,2.21161,15.9551,1.46726,97,0.118963,-6.56892,2.70624,-3.62601,-4.40916,0.950223,2.33822,15.1289,1.43197,97,0.121955,-6.60213,2.66113,-3.62956,-4.39394,0.929073,1.89511,10.9944,1.4393,97,0.0764475,0.132448,0.188286,0.323215,0.758001,0.205701,1.87259,5.13187,0.107552,0,0.141141,NBA,2,Omicron,-1,No record,0,G_NBA,G_0
2315_1,-6.6249,2.4573,-3.66887,-4.89016,0.915995,2.26038,10.2241,1.42459,97,0.157247,-6.65461,2.52759,-3.68996,-4.59058,0.819534,1.77625,8.96216,1.43911,97,0.194024,-6.67304,2.43101,-3.72877,-4.53247,0.770465,1.53775,8.17947,1.41148,97,0.0955876,0.178007,0.26923,0.315057,1.00564,0.289226,1.21544,4.4001,0.103801,0,0.365131,NBA,1,Omicron,-1,No record,0,G_NBA,G_0
2091_1,-6.61589,2.50795,-3.53401,-5.28449,0.810341,2.5318,14.8016,1.4332,97,0.133914,-6.61543,2.57992,-3.63586,-4.96111,0.783694,2.96493,14.0479,1.44949,97,0.209125,-6.64182,2.51527,-3.60819,-4.94516,0.77107,2.12006,11.9792,1.43089,97,0.0709733,0.154822,0.230901,0.332337,0.644072,0.142076,2.15764,2.72489,0.110852,0,0.285209,NBA,3,Omicron,-1,No record,0,G_NBA,G_0
145_1,-6.64857,2.51111,-3.70738,-4.65364,1.08087,2.25542,11.3486,1.41964,97,0.171549,-6.63523,2.51775,-3.60677,-4.90257,1.22596,2.36964,12.6873,1.40678,97,0.140708,-6.68142,2.49228,-3.6734,-4.6784,1.2031,1.92254,9.98629,1.41848,97,0.0694731,0.168148,0.240855,0.28171,0.842516,0.234971,1.79324,5.02219,0.113345,0,0.173165,NBA,1,Omicron,-1,No record,0,G_NBA,G_0
483_1,-6.79325,2.06868,-3.66831,-6.02225,0.722413,2.18534,12.8775,1.41869,97,0.178402,-6.7376,2.02342,-3.64355,-6.28804,0.704354,2.32522,11.9239,1.38925,97,0.169772,-6.76477,2.03732,-3.67494,-5.79357,0.644727,1.95563,10.0402,1.40552,97,0.079548,0.176798,0.194438,0.335543,0.858979,0.316203,1.57526,5.63886,0.106379,0,0.229248,NBA,2,Omicron,-1,No record,0,G_NBA,G_0
64_1,-6.78255,2.26037,-3.63816,-6.39183,0.898997,2.15876,13.1656,1.38553,97,0.371415,-6.73249,2.19317,-3.65854,-6.29175,0.872566,2.18129,13.1724,1.39411,97,0.203066,-6.75652,2.20955,-3.67499,-6.1999,0.963158,1.92905,10.1058,1.39951,97,0.084607,0.146364,0.166635,0.340773,0.73659,0.193395,1.46029,5.70634,0.103796,0,0.286182,NBA,1,Omicron,-1,No record,0,G_NBA,G_0
3029_1,-6.68178,2.53814,-3.59716,-2.79582,0.610875,2.23101,11.5901,1.44415,97,0.205253,-6.70583,2.51417,-3.62082,-2.89346,0.605153,3.05627,11.7451,1.42308,97,0.206053,-6.71374,2.41315,-3.69677,-3.01296,0.519528,2.02355,9.89801,1.41603,97,0.0769643,0.166993,0.262035,0.340272,0.621137,0.344413,1.94935,5.89103,0.108493,0,0.480954,NBA,2,Omicron,-1,No record,0,G_NBA,G_0
179_1,-6.70811,2.45505,-3.78998,-3.7187,0.874285,2.22136,8.43493,1.43194,97,0.17511,-6.73014,2.51684,-3.73878,-3.67161,0.88564,2.3085,10.5245,1.42927,97,0.131123,-6.71699,2.46279,-3.727,-3.61992,0.795064,2.13821,7.70407,1.40843,97,0.0766827,0.168575,0.26609,0.338129,0.557596,0.338558,1.55433,6.83573,0.0964703,0,0.14683,NBA,1,Omicron,-1,No record,0,G_NBA,G_0
2784_1,-6.6202,2.54558,-3.69807,-4.4202,0.692974,2.67616,12.2924,1.45602,97,0.174261,-6.60515,2.53078,-3.64295,-4.45672,0.711559,2.09119,11.3848,1.44749,97,0.171353,-6.64451,2.49702,-3.67735,-4.38598,0.672691,1.9709,10.0458,1.42392,97,0.0856855,0.146062,0.237144,0.36952,0.789679,0.255426,1.26032,4.52007,0.114426,0,0.311197,NBA,2,Omicron,-1,No record,0,G_NBA,G_0
601_1,-6.72567,2.16303,-3.63962,-5.38722,0.571763,2.2572,14.1306,1.3982,97,0.20909,-6.72256,2.14851,-3.66249,-5.32435,0.55988,2.34157,13.4903,1.39474,97,0.131326,-6.71267,2.18302,-3.67991,-5.10901,0.548981,1.9063,10.2393,1.39493,97,0.0862968,0.156511,0.212989,0.350088,0.779103,0.218138,1.80753,5.24569,0.100846,0,0.18743,NBA,2,Omicron,-1,No record,0,G_NBA,G_0
1946_1,-6.58226,2.45543,-3.59503,-4.44228,0.759172,2.59446,20.522,1.43357,97,0.192781,-6.66115,2.66492,-3.45536,-4.01548,0.799075,2.27883,20.5812,1.42373,97,0.216918,-6.65131,2.54725,-3.5111,-4.17578,0.742276,1.91029,15.9945,1.42076,97,0.0968492,0.172695,0.214269,0.302483,0.441529,0.189822,1.48199,6.41708,0.105883,0,0.437368,NBA,1,Omicron,-1,No record,0,G_NBA,G_0
1882_1,-6.71271,2.19576,-3.60088,-6.00302,0.508332,2.54346,13.4311,1.4214,97,0.183827,-6.74204,2.18384,-3.67706,-6.11351,0.533415,2.28519,12.3689,1.42358,97,0.20108,-6.71065,2.23067,-3.67535,-5.91474,0.556618,2.03562,9.9701,1.41221,97,0.0810828,0.159136,0.201888,0.339538,0.714183,0.175295,1.39343,4.5224,0.116227,0,0.273431,NBA,3,Omicron,-1,No record,0,G_NBA,G_0
900_1,-6.621,2.54908,-3.66186,-4.90495,0.737102,2.29717,12.8766,1.45588,97,0.209855,-6.5995,2.51391,-3.6221,-4.84484,0.714105,2.43191,12.1731,1.45912,97,0.180912,-6.64315,2.50537,-3.68868,-4.8557,0.768465,2.37711,8.54165,1.42986,97,0.0689738,0.175099,0.226991,0.313513,0.867566,0.218049,1.98559,5.66787,0.117611,0,0.288335,NBA,1,Omicron,-1,No record,0,G_NBA,G_0
2485_1,-6.66383,2.45327,-3.70644,-5.04036,0.834757,2.44673,9.6349,1.44365,97,0.204064,-6.65435,2.48075,-3.68889,-5.01927,0.925925,2.68785,10.4497,1.42114,97,0.149669,-6.67012,2.44021,-3.7121,-4.89574,0.874002,2.16114,8.72446,1.41335,97,0.0793505,0.157976,0.193273,0.296897,0.876139,0.276561,2.33924,4.68257,0.104669,0,0.175954,NBA,1,Omicron,-1,No record,0,G_NBA,G_0
1249_1,-6.60089,2.737,-3.60797,-5.42807,0.767947,1.6886,14.1696,1.44975,97,0.167254,-6.57033,2.66408,-3.57216,-5.43315,0.721575,2.06426,13.7002,1.43503,97,0.178091,-6.59262,2.63636,-3.62219,-5.3279,0.727018,1.64538,12.5604,1.43368,97,0.0735767,0.136224,0.195079,0.332378,0.793073,0.126939,1.61632,4.39991,0.0981558,0,0.224765,NBA,1,Omicron,-1,No record,0,G_NBA,G_0
722_1,-6.5353,2.72253,-3.70788,-4.78234,1.07295,2.09741,11.0869,1.46558,97,0.201115,-6.57198,2.76648,-3.65009,-4.91713,1.14236,2.43887,11.6415,1.454,97,0.148719,-6.59809,2.70467,-3.67499,-4.67396,1.10105,1.99615,10.0854,1.4367,97,0.0896502,0.169876,0.211886,0.302685,0.774871,0.329278,1.80076,5.17674,0.10024,0,0.16832,NBA,1,Omicron,-1,No record,0,G_NBA,G_0
2037_1,-6.62706,2.24402,-3.65489,-5.74737,0.562711,2.25736,12.4411,1.41488,97,0.178115,-6.6509,2.24873,-3.69117,-5.75997,0.559446,2.11008,12.514,1.41655,97,0.161638,-6.68322,2.27619,-3.67789,-5.59451,0.594812,1.96789,10.0538,1.41182,97,0.0855027,0.139266,0.195173,0.305269,0.759771,0.203025,1.4376,3.9662,0.122017,0,0.196047,NBA,1,Omicron,-1,No record,0,G_NBA,G_0
2134_1,-6.63701,2.66455,-3.63089,-3.5835,0.859415,2.43776,10.9135,1.41149,97,0.222363,-6.60594,2.6335,-3.71368,-3.79591,0.916498,2.56561,10.4477,1.42917,97,0.117442,-6.66742,2.55987,-3.68295,-3.77868,0.813387,2.15371,10.0314,1.42855,97,0.081222,0.143503,0.233484,0.31868,0.677311,0.425874,1.70963,4.89762,0.106493,0,0.178126,NBA,1,Omicron,-1,No record,0,G_NBA,G_0
2377_1,-6.5741,2.64945,-3.6753,-5.12584,0.6871,2.34939,11.9685,1.44337,97,0.151874,-6.56013,2.59556,-3.59121,-5.19864,0.681711,2.13338,12.2806,1.44329,97,0.166383,-6.58993,2.59797,-3.67863,-5.05604,0.705263,1.98349,10.0337,1.43277,97,0.0859041,0.151476,0.213816,0.339573,0.811912,0.197531,1.65008,5.63457,0.110371,0,0.21319,NBA,3,Omicron,-1,No record,0,G_NBA,G_0
659_1,-6.5535,2.72109,-3.56391,-4.43765,0.814651,2.7163,13.7194,1.43839,97,0.162451,-6.57904,2.72501,-3.66758,-4.55988,0.871186,2.36158,13.6873,1.48233,97,0.2039,-6.59489,2.67347,-3.67487,-4.46447,0.840216,2.02305,10.2121,1.43819,97,0.0848815,0.134987,0.212243,0.410907,0.675246,0.235562,1.88697,6.28368,0.121722,0,0.318966,NBA,1,Omicron,-1,No record,0,G_NBA,G_0
2463_1,-6.68532,2.40166,-3.78464,-5.63725,1.557,2.64058,10.4394,1.41464,97,0.196164,-6.68732,2.4168,-3.71403,-5.60441,1.53345,2.57211,8.5631,1.39496,97,0.175281,-6.70886,2.40617,-3.76294,-5.36981,1.62857,1.84916,6.49739,1.39894,97,0.0964073,0.134636,0.199119,0.313693,0.881554,0.507028,1.70961,4.29831,0.112046,0,0.329017,NBA,2,Omicron,-1,No record,0,G_NBA,G_0
648_1,-6.61141,2.65298,-3.56627,-3.90202,0.617584,2.62036,13.3852,1.45231,97,0.164585,-6.60097,2.66859,-3.58626,-4.04202,0.669736,2.30921,12.8828,1.44651,97,0.173866,-6.61995,2.57523,-3.68973,-4.07456,0.620505,1.88244,9.41835,1.43223,97,0.0708397,0.148986,0.216333,0.342712,0.698945,0.187563,1.53748,4.01603,0.115551,0,0.274537,NBA,1,Omicron,2,Second dose,0,G_NBA,G_0
2681_1,-6.57039,2.61503,-3.69018,-5.14967,0.849213,3.13239,9.74283,1.41297,97,0.129016,-6.54751,2.57357,-3.73747,-5.27228,0.818344,2.99817,9.15191,1.42982,97,0.210529,-6.60893,2.57984,-3.70419,-5.04707,0.806174,2.63634,9.00173,1.43025,97,0.0873313,0.157547,0.184593,0.336272,0.835213,0.210333,1.82794,1.38065,0.10637,0,0.250118,NBA,1,Omicron,-1,No record,0,G_NBA,G_0
518_1,-6.58857,2.70809,-3.52214,-4.84163,0.772162,2.3134,16.0981,1.46356,97,0.144082,-6.56807,2.66747,-3.61305,-4.96862,0.769746,2.55294,14.9867,1.46282,97,0.248355,-6.58756,2.62317,-3.66222,-4.91507,0.779194,2.17685,10.9644,1.44013,97,0.0682448,0.142538,0.201867,0.309695,0.752587,0.159659,2.07623,5.04506,0.109541,0,0.621996,NBA,2,Omicron,-1,No record,0,G_NBA,G_0
3052_1,-6.59936,2.70803,-3.69225,-3.96467,1.03316,2.46863,11.0226,1.44721,97,0.164443,-6.60571,2.69343,-3.63218,-4.18014,1.12869,2.38285,12.8395,1.44045,97,0.178686,-6.63952,2.66006,-3.68455,-4.13333,1.09165,2.01854,9.87931,1.42393,97,0.082622,0.170327,0.267968,0.359716,0.771508,0.304243,1.46736,5.5742,0.10251,0,0.466956,NBA,1,Omicron,-1,No record,0,G_NBA,G_0
2136_1,-6.65468,2.40907,-3.65972,-4.31501,0.492119,2.43307,9.92114,1.39809,97,0.168442,-6.65376,2.42663,-3.6411,-4.32445,0.532958,2.88419,10.4777,1.42976,97,0.225868,-6.68792,2.32154,-3.67768,-4.40798,0.517465,1.99239,10.0837,1.41284,97,0.0812756,0.174458,0.255712,0.282542,0.46348,0.144149,2.18833,1.48195,0.0935943,0,0.352021,NBA,1,Omicron,-1,No record,0,G_NBA,G_0
664_1,-6.61368,2.68957,-3.60864,-4.15277,0.712245,2.13499,14.1556,1.44413,97,0.15405,-6.56106,2.61799,-3.52439,-4.03183,0.649897,2.74558,14.5048,1.42236,97,0.281206,-6.62734,2.57376,-3.66964,-4.05343,0.62452,2.10339,10.1688,1.43466,97,0.0836832,0.156876,0.224763,0.295763,0.597001,0.179066,2.66395,4.45917,0.10047,0,0.668161,NBA,1,Omicron,-1,No record,0,G_NBA,G_0
1762_1,-6.65127,2.37953,-3.67383,-4.00305,0.681972,2.45929,9.42928,1.42144,97,0.18073,-6.71834,2.4634,-3.68925,-3.83571,0.656644,2.0545,9.29203,1.40525,97,0.139252,-6.71112,2.34235,-3.7268,-3.94227,0.590248,1.8797,8.57978,1.42313,97,0.0945542,0.203811,0.270203,0.307569,0.906802,0.304167,1.30335,3.04582,0.108247,0,0.180886,NBA,2,Omicron,-1,No record,0,G_NBA,G_0
2783_1,-6.72741,2.48919,-3.811,-5.0246,1.34503,2.73914,6.94125,1.39831,97,0.150123,-6.66546,2.33584,-3.89743,-4.70411,0.923204,3.50841,5.36462,1.43861,97,0.209673,-6.69791,2.34887,-3.82287,-4.50259,0.788022,3.21017,4.72648,1.40971,97,0.0839209,0.146126,0.194129,0.320109,1.03678,0.562526,2.44988,2.32033,0.106706,0,0.347972,NBA,3,Omicron,-1,No record,0,G_NBA,G_0
2391_1,-6.67903,2.28832,-3.68576,-5.372,1.10175,2.38654,12.5198,1.42507,97,0.16232,-6.70923,2.35334,-3.70289,-4.95583,0.9504,2.40547,10.8531,1.39813,97,0.164439,-6.71735,2.35016,-3.68087,-5.18103,1.22553,1.96919,10.2049,1.40868,97,0.0859622,0.151535,0.178931,0.354767,0.84068,0.311289,1.76692,5.08519,0.0965704,0,0.209083,NBA,2,Omicron,-1,No record,0,G_NBA,G_0
579_1,-6.57367,2.67196,-3.69698,-5.20436,0.968381,2.03415,10.098,1.43308,97,0.23448,-6.55776,2.62086,-3.62865,-5.27015,1.02372,2.46171,13.7142,1.45205,97,0.209508,-6.61326,2.60931,-3.68322,-4.95907,0.998712,2.04831,10.0839,1.42919,97,0.0797396,0.152548,0.248947,0.326106,0.965353,0.224557,1.81929,8.2543,0.112434,0,0.357135,NBA,1,Delta,-1,No record,0,G_NBA,G_0
595_1,-6.72903,2.12142,-3.70807,-5.83464,0.726303,1.94799,13.5523,1.40889,97,0.156068,-6.67894,2.07462,-3.6968,-6.12893,0.714544,1.90079,12.8674,1.39461,97,0.157856,-6.74082,2.15832,-3.66845,-5.78374,0.772253,1.8879,9.89751,1.40118,97,0.0616942,0.147569,0.196321,0.317206,0.781698,0.225385,1.39272,6.04438,0.100717,0,0.229472,NBA,1,Omicron,-1,No record,0,G_NBA,G_0
2266_1,-6.8735,1.80089,-3.57242,-6.53768,0.454428,2.04801,12.439,1.38551,97,0.175314,-6.80462,1.73199,-3.71573,-7.04045,0.554331,1.79809,12.4693,1.40602,97,0.218707,-6.88229,1.79629,-3.61081,-6.80048,0.638263,1.73802,13.5587,1.3982,97,0.0966768,0.144141,0.153342,0.364211,0.718369,0.16982,1.28618,1.98692,0.0960556,0,0.469678,NBA,1,Omicron,-1,No record,0,G_NBA,G_0
406_1,-6.63511,2.66056,-3.72901,-3.68073,0.879603,2.80006,10.749,1.43308,97,0.345584,-6.61781,2.66434,-3.70762,-3.72616,0.907704,2.50206,11.5782,1.44808,97,0.134212,-6.65816,2.63276,-3.68063,-3.83065,1.03439,1.89371,10.2272,1.42898,97,0.0846701,0.197786,0.22699,0.32557,0.581768,0.334132,1.63844,5.48375,0.104988,0,0.216188,NBA,2,Omicron,-1,No record,0,G_NBA,G_0
1818_1,-6.97434,1.6168,-3.67895,-6.56454,0.672847,2.18865,14.6899,1.38652,97,0.152557,-6.83836,1.48489,-3.62965,-7.24203,0.698438,2.20821,14.939,1.42956,97,0.148984,-6.90398,1.53974,-3.66314,-6.75293,0.629845,1.88556,10.054,1.40094,97,0.0876746,0.156703,0.170793,0.355245,1.05977,0.340488,1.85812,5.79846,0.105192,0,0.227679,NBA,1,Omicron,-1,No record,0,G_NBA,G_0
2893_1,-6.68913,2.37618,-3.65222,-5.83534,0.728045,2.22466,11.9121,1.43537,97,0.162823,-6.66295,2.34718,-3.66874,-5.64307,0.697189,2.49891,10.6993,1.41391,97,0.197993,-6.66919,2.37443,-3.67961,-5.61161,0.738715,1.98445,10.048,1.41525,97,0.085192,0.128682,0.152206,0.389125,0.779666,0.295715,1.96536,5.07243,0.110814,0,0.398094,NBA,2,Omicron,-1,No record,0,G_NBA,G_0
959_1,-6.63299,2.50483,-3.59408,-4.17453,0.648681,2.23323,13.412,1.37399,97,0.139255,-6.65051,2.45292,-3.65949,-4.15813,0.63338,2.6265,13.5211,1.38667,97,0.226558,-6.66832,2.44928,-3.67734,-4.08961,0.615473,1.98341,10.0545,1.39204,97,0.0853347,0.153076,0.211512,0.317212,0.75741,0.261102,1.95269,5.34011,0.103217,0,0.376916,NBA,1,Omicron,-1,No record,0,G_NBA,G_0
2354_1,-6.64678,2.29188,-3.69723,-5.87135,0.437069,2.23645,10.9832,1.41753,97,0.19714,-6.68907,2.327,-3.65667,-5.82587,0.429351,2.66377,11.958,1.41943,97,0.165808,-6.67095,2.32463,-3.67851,-5.75236,0.446135,2.00852,10.039,1.41116,97,0.0845866,0.15339,0.16157,0.34378,0.782894,0.147971,1.9136,5.10339,0.102971,0,0.213513,NBA,1,Omicron,-1,No record,0,G_NBA,G_0
124_1,-6.56533,2.64007,-3.59823,-5.20136,0.652428,2.13471,14.1987,1.43827,97,0.193158,-6.60618,2.67616,-3.58539,-4.89151,0.645719,2.55034,13.158,1.44219,97,0.143207,-6.63043,2.65011,-3.6751,-5.0232,0.62069,2.24968,8.98126,1.44286,97,0.0606513,0.176119,0.21218,0.296015,0.687369,0.184415,1.5051,5.0682,0.107565,0,0.235608,NBA,1,Omicron,-1,No record,0,G_NBA,G_0
2905_1,-6.58106,2.62035,-3.72395,-4.73873,0.791024,2.01641,9.86436,1.42596,97,0.147235,-6.60027,2.63672,-3.6135,-4.69107,0.835732,2.19695,12.2583,1.434,97,0.187988,-6.61862,2.60263,-3.69043,-4.70055,0.90028,2.0691,10.0409,1.43142,97,0.0837147,0.155537,0.257906,0.283606,0.88447,0.294996,1.63162,5.2899,0.119896,0,0.282276,NBA,3,Omicron,-1,No record,0,G_NBA,G_0
1574_1,-6.60054,2.46154,-3.66357,-4.70299,0.550639,2.1277,15.4106,1.44017,97,0.323312,-6.62088,2.4778,-3.63727,-4.51272,0.497195,2.28806,14.0023,1.40313,97,0.185295,-6.6286,2.43609,-3.64578,-4.67077,0.536336,1.98885,11.0118,1.42868,97,0.0880979,0.167014,0.21503,0.289727,0.768634,0.170279,1.60689,3.55579,0.0990848,0,0.242788,NBA,3,Omicron,-1,No record,0,G_NBA,G_0
1034_1,-6.74418,2.01953,-3.71463,-4.89206,0.496696,2.61105,10.9925,1.40859,97,0.201387,-6.79315,2.05334,-3.63751,-5.1614,0.638244,2.84119,12.7069,1.41221,97,0.230884,-6.7814,2.01868,-3.67882,-4.81381,0.4845,1.99151,10.0577,1.40765,97,0.0846475,0.161073,0.19366,0.297833,0.910422,0.44553,2.60273,6.53682,0.107318,0,0.449181,NBA,1,Omicron,-1,No record,0,G_NBA,G_0
2695_1,-6.57272,2.67463,-3.61966,-5.38608,0.524606,2.0898,9.74865,1.45502,97,0.242076,-6.56259,2.60617,-3.63099,-5.48324,0.57814,2.61797,11.106,1.46455,97,0.207066,-6.58766,2.61326,-3.67559,-5.38262,0.569383,2.03744,10.0811,1.43059,97,0.0880042,0.152269,0.191702,0.287171,0.557949,0.173692,1.84609,2.77416,0.112106,0,0.297786,NBA,3,Omicron,-1,No record,0,G_NBA,G_0
2122_1,-6.66516,2.31193,-3.66386,-5.19095,0.6486,2.24091,12.0674,1.4398,97,0.189293,-6.62641,2.36954,-3.72179,-4.84768,0.592832,2.1346,12.1117,1.42986,97,0.166532,-6.67963,2.34651,-3.67799,-5.08512,0.714829,2.00316,10.0956,1.41459,97,0.0846143,0.140469,0.202808,0.373102,0.897267,0.200201,1.57695,5.48205,0.114723,0,0.199957,NBA,1,Omicron,-1,No record,0,G_NBA,G_0
2277_1,-6.57708,2.46552,-3.72904,-4.60231,0.62593,2.67309,6.56,1.44755,97,0.18869,-6.61199,2.55459,-3.72362,-4.58642,0.694103,3.5275,7.10684,1.44646,97,0.187217,-6.63691,2.48745,-3.78358,-4.54513,0.61978,2.26635,6.33153,1.42705,97,0.0917483,0.154644,0.229075,0.289591,0.893035,0.235731,2.42341,1.36988,0.0951645,0,0.241485,NBA,1,Omicron,-1,No record,0,G_NBA,G_0
2305_1,-6.57395,2.5523,-3.58836,-4.49166,0.691724,2.5729,14.5569,1.4465,97,0.158673,-6.56938,2.52599,-3.63006,-4.47478,0.673906,2.21499,13.6878,1.44798,97,0.195122,-6.63109,2.53249,-3.68137,-4.25234,0.629758,1.91698,10.1892,1.42677,97,0.077378,0.145992,0.182854,0.326908,0.867993,0.250091,1.61385,5.99096,0.117672,0,0.354935,NBA,1,Omicron,-1,No record,0,G_NBA,G_0
1163_1,-6.71585,2.32187,-3.6765,-4.55571,1.02704,2.07155,11.0146,1.39154,97,0.218158,-6.75495,2.44515,-3.75232,-3.87424,0.750681,1.71612,9.12324,1.4243,97,0.176747,-6.73099,2.38106,-3.73562,-3.68519,0.691655,1.57582,7.85546,1.40018,97,0.0937827,0.182919,0.232613,0.295365,0.888145,0.381105,1.07427,5.45093,0.113352,0,0.373193,NBA,2,Omicron,-1,No record,0,G_NBA,G_0
2645_1,-6.62332,2.44396,-3.58953,-4.59849,0.480474,2.41275,12.8694,1.43094,97,0.212145,-6.63735,2.44595,-3.6774,-4.64829,0.462104,2.38292,13.0262,1.42599,97,0.165173,-6.64193,2.38969,-3.68096,-4.69257,0.471328,2.00752,9.99264,1.42158,97,0.0810304,0.135069,0.194721,0.326579,0.762459,0.181561,1.71426,4.54018,0.0892089,0,0.211079,NBA,1,Omicron,-1,No record,0,G_NBA,G_0
2993_1,-6.86464,1.62394,-3.61408,-7.08948,0.996705,2.19168,13.7663,1.41523,97,0.206519,-6.8449,1.55251,-3.61565,-6.7883,0.646057,1.93929,12.7495,1.41857,97,0.151,-6.90978,1.59164,-3.66934,-6.74536,0.620649,1.79676,10.9351,1.41913,97,0.0736643,0.182547,0.194844,0.321678,0.754665,0.319772,1.03541,4.80014,0.0986719,0,0.219427,NBA,1,Omicron,-1,No record,0,G_NBA,G_0
459_1,-6.77216,2.01692,-3.6807,-6.29094,0.499776,2.52995,13.6073,1.38357,97,0.176558,-6.75983,2.00502,-3.64264,-6.19597,0.462995,2.3499,13.3928,1.41277,97,0.219485,-6.76212,1.99833,-3.67827,-6.07024,0.49415,1.98384,10.0535,1.38867,97,0.0852874,0.154914,0.169729,0.314216,0.836892,0.172589,1.45256,6.08913,0.0942276,0,0.308826,NBA,3,Omicron,-1,No record,0,G_NBA,G_0
2989_1,-6.81607,1.8424,-3.69529,-7.00801,1.06963,2.20555,9.47614,1.38881,97,0.124046,-6.87239,1.87539,-3.72353,-6.724,0.869799,2.13539,9.67519,1.40626,97,0.157189,-6.85184,1.89361,-3.68875,-6.86982,1.16818,2.14805,10.3211,1.38343,97,0.09404,0.138169,0.158148,0.341783,0.707479,0.486107,1.19144,4.5862,0.101854,0,0.233452,NBA,1,Omicron,-1,No record,0,G_NBA,G_0
1035_1,-6.65785,2.5715,-3.73674,-5.06389,0.833767,2.2911,9.89192,1.4458,97,0.316384,-6.60487,2.55648,-3.73091,-5.1439,0.916756,2.41241,10.7592,1.45456,97,0.186221,-6.62812,2.52313,-3.68997,-4.92571,0.857218,1.93782,10.1834,1.42426,97,0.0856043,0.162428,0.217489,0.402489,0.892862,0.317479,1.95009,4.94818,0.0988368,0,0.340386,NBA,1,Omicron,-1,No record,0,G_NBA,G_0
383_1,-6.61546,2.52209,-3.71336,-5.1075,0.630443,1.94135,12.0253,1.4327,97,0.141299,-6.59354,2.49649,-3.6677,-5.38203,0.696902,2.07394,13.9277,1.45486,97,0.154664,-6.61769,2.48519,-3.66085,-5.20312,0.649227,1.72454,10.4791,1.42642,97,0.0799633,0.154123,0.223347,0.30176,0.892475,0.186733,1.64095,6.4307,0.106398,0,0.298631,NBA,1,Omicron,-1,No record,0,G_NBA,G_0
2611_1,-6.63314,2.44783,-3.65319,-5.53153,1.06496,2.7972,11.1863,1.40939,97,0.143065,-6.62299,2.42417,-3.71131,-5.59867,1.08067,2.0368,11.4867,1.42621,97,0.135626,-6.66858,2.43379,-3.67401,-5.2726,1.06246,1.92454,9.91127,1.41564,97,0.093843,0.14607,0.184654,0.401349,0.744389,0.236728,1.4356,5.59191,0.113809,0,0.158832,NBA,1,Omicron,-1,No record,0,G_NBA,G_0
1063_1,-6.77237,2.19917,-3.68764,-4.96461,0.85648,2.09576,10.537,1.3974,97,0.340963,-6.74085,2.17003,-3.70017,-4.88798,0.757395,2.43008,10.8127,1.38802,97,0.194051,-6.76064,2.19539,-3.66859,-4.50198,0.644419,2.03581,10.2961,1.40113,97,0.0862568,0.15734,0.180021,0.329159,1.19204,0.401364,1.68344,3.62063,0.119794,0,0.311701,NBA,2,Omicron,-1,No record,0,G_NBA,G_0
891_1,-6.69758,2.04219,-3.627,-5.1267,0.476858,2.37269,12.0128,1.38591,97,0.175601,-6.73899,2.10137,-3.64133,-4.74165,0.433342,2.70808,13.4616,1.39497,97,0.17167,-6.73627,2.0559,-3.6337,-4.89111,0.495403,2.70619,13.4766,1.40375,97,0.0920332,0.177096,0.222205,0.353993,0.811456,0.198448,2.50267,3.70888,0.108796,0,0.29887,NBA,3,Omicron,-1,No record,0,G_NBA,G_0
3011_1,-6.61744,2.62503,-3.71534,-5.62053,1.52565,2.19832,10.7891,1.43357,97,0.157704,-6.60469,2.63835,-3.80634,-5.38032,1.49261,2.62136,8.62387,1.41862,97,0.17529,-6.6445,2.61576,-3.76773,-5.25818,1.51298,2.0381,6.29123,1.4113,97,0.0821265,0.17795,0.232441,0.28004,0.911109,0.421334,1.61551,4.13591,0.110909,0,0.19121,NBA,2,Omicron,-1,No record,0,G_NBA,G_0
2396_1,-6.78317,2.0059,-3.71369,-5.21881,0.668091,2.38205,11.0693,1.40049,97,0.142903,-6.79224,1.97375,-3.65711,-5.17398,0.596677,2.63173,12.7578,1.39293,97,0.118723,-6.80318,1.99522,-3.67803,-5.02303,0.589209,2.1614,10.1497,1.41541,97,0.0767518,0.165183,0.190508,0.33582,0.702555,0.325222,2.43129,6.05582,0.12224,0,0.112175,NBA,2,Omicron,-1,No record,0,G_NBA,G_0
2271_1,-6.63273,2.57283,-3.68524,-3.76755,0.606637,2.22103,11.6641,1.44885,97,0.18005,-6.61737,2.51554,-3.68047,-3.77794,0.548714,1.92292,11.9146,1.44774,97,0.165574,-6.65595,2.51744,-3.67461,-3.80744,0.577717,1.70178,10.0277,1.4259,97,0.0807807,0.171367,0.257262,0.353107,0.691123,0.225443,1.2879,4.6542,0.115695,0,0.26248,NBA,2,Omicron,-1,No record,0,G_NBA,G_0
2857_1,-6.61377,2.49097,-3.65822,-5.23559,0.569805,2.25426,12.3821,1.43856,97,0.20247,-6.59401,2.48454,-3.66244,-5.26818,0.536731,2.3726,12.6152,1.44229,97,0.206023,-6.61885,2.46778,-3.67973,-5.3185,0.608078,2.11504,10.0998,1.42667,97,0.0783064,0.148355,0.200448,0.33078,0.844525,0.171694,1.77933,4.90564,0.103306,0,0.477357,NBA,1,Omicron,-1,No record,0,G_NBA,G_0
470_1,-6.816,2.26055,-3.72937,-5.55304,1.22333,2.63638,8.06496,1.40168,97,0.200637,-6.69592,2.12095,-3.76253,-6.25444,1.21926,2.3502,7.11465,1.36933,97,0.169389,-6.78459,2.18866,-3.84923,-5.93274,1.0538,1.83456,4.84108,1.39358,97,0.0716119,0.180009,0.197421,0.376672,0.897672,0.601642,2.1072,3.96975,0.101013,0,0.208393,NBA,2,Omicron,-1,No record,0,G_NBA,G_0
1978_1,-6.75721,2.25021,-3.78983,-5.84393,0.967258,2.78556,9.12583,1.40616,97,0.213311,-6.73533,2.26394,-3.86363,-6.02777,1.11844,2.57491,11.1121,1.40444,97,0.174419,-6.72947,2.24937,-3.67957,-5.65974,1.04033,1.98687,10.0029,1.40435,97,0.0863709,0.145461,0.180123,0.323032,0.877747,0.448664,1.98121,6.3812,0.107153,0,0.314925,NBA,2,Omicron,-1,No record,0,G_NBA,G_0
1507_1,-6.61665,2.52543,-3.64363,-4.20704,0.813207,2.32595,11.5702,1.42651,97,0.150837,-6.60066,2.57587,-3.66302,-3.99007,0.789013,2.2208,11.7404,1.42748,97,0.168029,-6.66283,2.54606,-3.68576,-4.07993,0.836274,2.06042,10.2004,1.42871,97,0.0749583,0.162779,0.256178,0.276524,0.721118,0.248777,1.56883,5.79635,0.121197,0,0.314999,NBA,2,Omicron,-1,No record,0,G_NBA,G_0
756_1,-6.58403,2.62988,-3.4949,-4.51356,0.786931,2.63868,15.583,1.41179,97,0.208435,-6.6256,2.65282,-3.66914,-4.17606,0.622262,1.92484,14.2211,1.43367,97,0.242977,-6.62163,2.53819,-3.62501,-4.42422,0.68426,1.55973,11.9969,1.42763,97,0.0568507,0.151727,0.229056,0.285625,0.723064,0.19574,1.52913,4.6306,0.115961,0,0.514097,NBA,1,Omicron,-1,No record,0,G_NBA,G_0
2246_1,-6.79276,2.15796,-3.62812,-4.96921,0.746619,2.53435,10.4279,1.39467,97,0.198085,-6.77179,2.17816,-3.64192,-5.04124,0.74569,2.46626,11.9698,1.40182,97,0.191543,-6.77141,2.11749,-3.67641,-4.73044,0.635827,1.91815,10.0521,1.40394,97,0.0875909,0.166512,0.211735,0.340501,1.17854,0.420559,2.58836,6.51094,0.109782,0,0.338042,NBA,2,Omicron,-1,No record,0,G_NBA,G_0
2707_1,-6.59542,2.71345,-3.70671,-4.11048,0.836336,2.16105,11.6082,1.44517,97,0.222869,-6.56947,2.65153,-3.65801,-4.11595,0.767785,2.46191,14.6202,1.44817,97,0.219427,-6.62689,2.60701,-3.67457,-4.01477,0.731062,2.05202,10.1876,1.43537,97,0.0875543,0.155977,0.23103,0.308799,0.850409,0.238598,1.66552,7.53686,0.110306,0,0.289312,NBA,2,Omicron,-1,No record,0,G_NBA,G_0
822_1,-6.63018,2.60783,-3.67192,-5.2838,0.834746,2.00835,13.7955,1.43731,97,0.152759,-6.59971,2.56017,-3.66407,-5.31484,0.803818,2.63486,12.3574,1.43362,97,0.291197,-6.63321,2.54584,-3.67189,-5.40008,0.91287,2.07522,10.1239,1.4216,97,0.088081,0.14251,0.197467,0.256504,0.775627,0.180957,1.95171,5.34648,0.106465,0,0.410119,NBA,2,Omicron,-1,No record,0,G_NBA,G_0
842_1,-6.55742,2.58282,-3.69768,-5.14572,0.780699,2.23274,12.0386,1.45311,97,0.193159,-6.57897,2.655,-3.58629,-4.703,0.778809,2.19063,14.0637,1.44725,97,0.16904,-6.60694,2.59586,-3.67973,-4.82969,0.822602,1.98545,10.0863,1.43177,97,0.0858241,0.14697,0.177796,0.263292,0.742086,0.218098,1.56394,6.53287,0.107681,0,0.280749,NBA,1,Omicron,-1,No record,0,G_NBA,G_0
2900_1,-6.66437,2.48307,-3.648,-4.62005,0.937184,2.53051,12.0985,1.42524,97,0.186911,-6.63027,2.4654,-3.76924,-4.81415,0.998967,2.40847,11.1903,1.42749,97,0.193662,-6.68639,2.45583,-3.67887,-4.48068,0.919723,2.02146,10.0695,1.41519,97,0.0846107,0.161352,0.243341,0.36787,0.984593,0.378218,1.86015,5.66489,0.12536,0,0.326994,NBA,1,Omicron,-1,No record,0,G_NBA,G_0
2874_1,-6.80743,1.95473,-3.72417,-4.76324,0.624848,2.2174,11.1181,1.40631,97,0.172881,-6.81924,1.93087,-3.71991,-4.6107,0.462166,2.37302,10.3441,1.39307,97,0.156664,-6.78629,2.03602,-3.67936,-4.12208,0.391577,1.95246,10.0409,1.39476,97,0.0856937,0.162266,0.251178,0.372575,0.889505,0.300385,1.81117,4.52736,0.105312,0,0.208543,NBA,1,Omicron,-1,No record,0,G_NBA,G_0
1792_1,-6.69654,2.56362,-3.70876,-4.72031,1.18228,2.89259,10.8816,1.4174,97,0.24767,-6.68024,2.58785,-3.62936,-4.62683,1.10428,2.69653,10.8684,1.42191,97,0.194498,-6.6776,2.49339,-3.72617,-4.49323,1.03026,2.07942,8.38755,1.41696,97,0.0906356,0.185187,0.235188,0.338385,1.0187,0.373966,2.62046,5.22617,0.125956,0,0.293733,NBA,3,Omicron,-1,No record,0,G_NBA,G_0
2988_1,-6.69899,2.21648,-3.68201,-4.4541,0.471792,2.49369,12.9487,1.4248,97,0.180786,-6.65559,2.16751,-3.60574,-4.54785,0.475868,2.18122,12.7759,1.41864,97,0.118411,-6.71538,2.21089,-3.68095,-4.44053,0.447553,2.05858,10.1137,1.40964,97,0.082762,0.18118,0.217437,0.352709,0.786726,0.229247,1.35799,6.51877,0.102402,0,0.135539,NBA,1,Omicron,-1,No record,0,G_NBA,G_0
411_1,-6.68642,2.23203,-3.67218,-4.87976,0.537787,2.93625,12.7358,1.42343,97,0.160237,-6.7123,2.26803,-3.69968,-4.80536,0.530467,2.28978,12.7079,1.40893,97,0.131822,-6.7072,2.24027,-3.678,-4.75215,0.536143,1.98637,10.0516,1.40935,97,0.0853672,0.159082,0.238918,0.340317,0.887756,0.239845,1.49894,5.3428,0.114347,0,0.178113,NBA,1,Omicron,-1,No record,0,G_NBA,G_0
3068_1,-6.74391,2.2967,-3.73622,-4.25184,0.571626,2.79332,8.92097,1.39124,97,0.21207,-6.70964,2.24977,-3.72825,-4.51788,0.576937,2.59692,8.58288,1.37422,97,0.218515,-6.72352,2.23065,-3.71445,-4.35228,0.505708,2.31422,8.01852,1.3979,97,0.0931278,0.186582,0.225464,0.325063,0.885308,0.25063,1.67481,1.20341,0.0858054,0,0.345878,NBA,2,Omicron,-1,No record,0,G_NBA,G_0
580_1,-6.56761,2.57846,-3.73884,-5.11343,0.716592,2.28456,12.6919,1.4619,97,0.126677,-6.56886,2.63929,-3.61889,-4.98933,0.740522,2.33786,11.9292,1.44617,97,0.151722,-6.5999,2.60655,-3.69309,-4.7835,0.727635,2.00493,9.84941,1.43237,97,0.0765851,0.157941,0.205394,0.336044,0.807602,0.193089,1.73381,4.53018,0.10788,0,0.160131,NBA,1,Omicron,-1,No record,0,G_NBA,G_0
2878_1,-6.68006,2.42969,-3.70768,-5.24331,1.22924,2.42124,9.91181,1.37446,97,0.177844,-6.66185,2.39974,-3.71307,-5.35086,1.24622,2.52093,11.5675,1.36571,97,0.214643,-6.6956,2.40901,-3.67746,-4.99477,1.11915,2.02196,10.0878,1.3859,97,0.0839932,0.165058,0.213188,0.366267,0.965608,0.54334,1.60017,5.49179,0.103336,0,0.371393,NBA,2,Omicron,-1,No record,0,G_NBA,G_0
2572_1,-6.72734,2.17422,-3.69906,-5.75024,0.889661,2.63284,11.8123,1.4142,97,0.14536,-6.74113,2.16202,-3.63473,-5.86696,0.911308,2.24878,10.9065,1.40881,97,0.126698,-6.75312,2.17685,-3.68233,-6.02576,1.13322,1.98232,10.0151,1.41324,97,0.0856225,0.162571,0.176967,0.356232,0.818689,0.371985,1.49989,6.16912,0.104999,0,0.158356,NBA,1,Omicron,-1,No record,0,G_NBA,G_0
2423_1,-6.78921,1.89602,-3.53167,-5.61795,0.458268,2.30812,16.1393,1.41818,97,0.132539,-6.81153,1.93066,-3.61442,-5.47576,0.421077,2.14883,16.6775,1.39774,97,0.16023,-6.78986,1.88508,-3.65031,-5.28202,0.353809,1.59771,11.4712,1.41374,97,0.0789485,0.148223,0.195376,0.298975,0.895172,0.170499,2.28494,6.69994,0.116964,0,0.248962,NBA,3,Omicron,-1,No record,0,G_NBA,G_0
3062_1,-6.53844,2.58992,-3.64671,-4.50194,0.496343,2.43386,15.7119,1.45912,97,0.205774,-6.52325,2.60434,-3.6323,-4.46082,0.500262,2.97219,14.0127,1.44858,97,0.170812,-6.57837,2.58461,-3.66402,-4.40411,0.480761,2.24905,10.6902,1.45106,97,0.0823594,0.152208,0.219283,0.296232,0.522456,0.136574,3.51908,4.17941,0.121867,0,0.197224,NBA,2,Omicron,-1,No record,0,G_NBA,G_0
473_1,-6.78185,1.91194,-3.66337,-5.70188,0.648355,2.38388,11.8649,1.40955,97,0.142777,-6.77041,1.88272,-3.69141,-6.11775,0.764007,2.69703,11.2416,1.42672,97,0.178922,-6.8109,1.89388,-3.67968,-5.85465,0.636756,2.18085,10.0904,1.41113,97,0.0802914,0.12374,0.160456,0.326062,1.09359,0.547647,1.91047,5.65572,0.112151,0,0.277232,NBA,1,Omicron,-1,No record,0,G_NBA,G_0
519_1,-6.68909,2.4514,-3.74594,-5.65971,1.14952,2.49598,6.32706,1.43017,97,0.145559,-6.66752,2.4488,-3.79926,-5.28743,1.00804,3.47108,6.46092,1.4156,97,0.135907,-6.70267,2.26269,-3.81944,-5.40235,0.920249,3.03641,5.63469,1.41459,97,0.0830016,0.158264,0.221428,0.290765,0.791695,0.403725,1.84996,2.9001,0.125274,0,0.186629,NBA,2,Omicron,3,Boosted,0,G_NBA,G_0
669_1,-6.61929,2.6143,-3.62782,-4.31629,0.932449,2.65951,10.5023,1.44677,97,0.157538,-6.63321,2.63007,-3.69741,-4.26269,0.820772,2.31142,10.8407,1.44143,97,0.170357,-6.63677,2.56349,-3.68566,-4.12712,0.763245,1.97379,10.2383,1.43355,97,0.0760993,0.149993,0.225923,0.319958,0.880276,0.31609,1.55079,5.1528,0.120913,0,0.234863,NBA,1,Omicron,-1,No record,0,G_NBA,G_0
485_1,-6.83812,1.57623,-3.6328,-6.83826,0.756376,2.22916,12.3548,1.42054,97,0.172165,-6.85796,1.71947,-3.64096,-6.94863,1.89522,2.38405,13.2397,1.43339,97,0.130655,-6.88548,1.69465,-3.65578,-6.81131,1.22371,1.95584,11.5989,1.42047,97,0.0743391,0.139987,0.241355,0.330956,1.00775,1.76471,1.5987,5.35204,0.1214,0,0.180461,NBA,1,Omicron,-1,No record,0,G_NBA,G_0
434_1,-6.63212,2.47751,-3.62749,-4.79961,0.836076,2.15874,11.7019,1.43481,97,0.214725,-6.64779,2.4457,-3.65192,-4.97126,0.857978,2.74501,14.3436,1.41116,97,0.168132,-6.67698,2.43364,-3.68175,-5.02014,0.96205,1.98083,10.089,1.41528,97,0.0857032,0.140277,0.202574,0.263109,0.867543,0.217498,2.03109,8.8791,0.105517,0,0.246911,NBA,2,Omicron,-1,No record,0,G_NBA,G_0
1261_1,-6.62136,2.60391,-3.76039,-4.40097,0.795924,1.96147,7.69824,1.43942,97,0.178642,-6.60553,2.60108,-3.70836,-5.25904,1.27845,2.82529,11.4622,1.41505,97,0.281148,-6.6355,2.59224,-3.6874,-5.06147,1.30804,1.98759,10.0599,1.42263,97,0.092002,0.17869,0.230697,0.364001,0.885839,0.295608,2.35174,4.93029,0.0850907,0,0.479206,NBA,1,Omicron,-1,No record,0,G_NBA,G_0
1560_1,-6.66225,2.34707,-3.60963,-5.10628,0.539133,2.21643,13.7384,1.41541,97,0.248491,-6.67015,2.31362,-3.67493,-5.3917,0.580934,2.42693,13.7693,1.42733,97,0.194006,-6.66542,2.32538,-3.68815,-5.26596,0.590083,1.9232,9.35876,1.4179,97,0.091309,0.156029,0.217188,0.324811,0.838776,0.171507,2.08898,6.50911,0.0958525,0,0.293526,NBA,1,Omicron,-1,No record,0,G_NBA,G_0
3071_1,-6.80065,1.72177,-3.67459,-6.26033,0.629731,4.11027,10.0748,1.41441,97,0.210923,-6.74718,1.64529,-3.64797,-6.34735,0.593598,3.93299,9.93052,1.43172,97,0.16564,-6.8528,1.75368,-3.67422,-5.68133,0.53995,3.93402,10.4398,1.40494,97,0.0844665,0.117787,0.13169,0.336497,1.03869,0.286748,2.379,1.02773,0.0948731,0,0.279998,NBA,2,Omicron,-1,No record,0,G_NBA,G_0
1407_1,-6.59508,2.61459,-3.81183,-3.71133,0.856944,2.74977,5.93887,1.4572,97,0.186863,-6.6089,2.66641,-3.79554,-3.90266,1.06388,2.72814,7.13719,1.42302,97,0.1712,-6.6442,2.64979,-3.81018,-3.75073,0.978083,2.40489,5.74119,1.42983,97,0.0848907,0.171507,0.201186,0.266641,0.753105,0.427873,1.52547,4.62143,0.109241,0,0.387964,NBA,1,Omicron,-1,No record,0,G_NBA,G_0
2078_1,-6.69167,2.13691,-3.73576,-5.89563,0.56856,2.28989,11.6925,1.40965,97,0.219229,-6.72848,2.18475,-3.66906,-5.88514,0.579668,2.55098,11.6985,1.39993,97,0.17735,-6.71318,2.18104,-3.67861,-5.77171,0.589626,1.98221,10.0485,1.4073,97,0.0853443,0.151165,0.176632,0.324916,0.761264,0.208426,2.19811,5.30738,0.105042,0,0.330639,NBA,1,Omicron,-1,No record,0,G_NBA,G_0
413_1,-6.56033,2.67351,-3.73131,-5.08345,0.81668,2.49506,9.42259,1.43201,97,0.129316,-6.6454,2.76977,-3.67984,-5.02579,0.867584,2.7741,10.1789,1.46004,97,0.179543,-6.59231,2.63699,-3.68685,-5.03788,0.846472,2.40311,9.93545,1.43687,97,0.085812,0.147511,0.173004,0.320237,0.681008,0.176205,1.791,1.77056,0.121981,0,0.267306,NBA,2,Omicron,-1,No record,0,G_NBA,G_0
2959_1,-6.6331,2.20897,-3.63371,-5.80502,0.479122,2.50563,12.3292,1.43749,97,0.138919,-6.66541,2.26607,-3.65596,-5.64695,0.492161,2.21571,13.4053,1.41629,97,0.178088,-6.67043,2.27256,-3.6796,-5.51989,0.502387,1.94757,10.0376,1.41355,97,0.0858795,0.138175,0.189537,0.350621,0.750556,0.139936,1.51768,5.37331,0.0978949,0,0.27073,NBA,1,Omicron,-1,No record,0,G_NBA,G_0
2440_1,-6.72802,2.02065,-3.69256,-6.41815,0.65184,1.95573,11.6036,1.40841,97,0.104877,-6.7247,2.00943,-3.64213,-6.23083,0.570892,2.14127,11.5017,1.44016,97,0.17688,-6.77271,2.04432,-3.72483,-6.02834,0.581495,1.88088,8.433,1.42351,97,0.0732926,0.173199,0.185542,0.321434,0.847182,0.198566,1.30775,5.26951,0.120209,0,0.249254,NBA,1,Omicron,-1,No record,0,G_NBA,G_0
2409_1,-6.66495,2.39275,-3.61901,-4.52655,0.487238,2.09435,12.8158,1.38802,97,0.155024,-6.66595,2.40809,-3.63484,-4.63909,0.510681,2.42844,13.1527,1.38517,97,0.171274,-6.65718,2.37606,-3.68017,-4.60669,0.515636,1.98829,10.0276,1.39515,97,0.0848489,0.142684,0.184039,0.325692,0.681951,0.184155,1.67393,5.57432,0.0972095,0,0.205663,NBA,1,Omicron,-1,No record,0,G_NBA,G_0
2166_1,-6.58931,2.65611,-3.64095,-5.12989,0.936021,2.26915,11.6893,1.42989,97,0.160903,-6.57722,2.64817,-3.68191,-5.04981,0.90004,2.55064,12.8148,1.46022,97,0.154342,-6.61185,2.61552,-3.67838,-5.1422,0.980573,2.26368,10.1354,1.43214,97,0.0929088,0.153243,0.202578,0.329614,0.711466,0.211431,1.97031,6.11689,0.100674,0,0.218402,NBA,1,Omicron,-1,No record,0,G_NBA,G_0
2456_1,-6.57627,2.66341,-3.6904,-5.05044,1.24218,2.52254,11.8375,1.41249,97,0.18705,-6.58533,2.72993,-3.70693,-5.03745,1.23481,2.67492,10.7321,1.43851,97,0.193655,-6.62439,2.62777,-3.67825,-4.87639,1.1716,1.92687,9.98887,1.42746,97,0.0887166,0.164208,0.239458,0.304639,0.827784,0.46735,1.87975,5.03832,0.107951,0,0.252387,NBA,3,Omicron,-1,No record,0,G_NBA,G_0
2994_1,-6.56433,2.45699,-3.54466,-5.42958,0.488817,2.21587,14.5685,1.4291,97,0.163623,-6.60112,2.50989,-3.64268,-5.51128,0.525668,2.3053,14.0498,1.45046,97,0.22897,-6.60926,2.47726,-3.67875,-5.38855,0.502868,2.00749,9.99847,1.42402,97,0.0831001,0.171678,0.216109,0.294646,0.74369,0.129628,1.41897,4.70852,0.115999,0,0.395389,NBA,1,Omicron,-1,No record,0,G_NBA,G_0
2018_1,-6.57608,2.52219,-3.65545,-4.28407,0.517026,2.46442,12.7244,1.43293,97,0.261505,-6.58407,2.51053,-3.62646,-4.41252,0.564419,2.2711,12.4574,1.42271,97,0.180102,-6.63113,2.48678,-3.67765,-4.41041,0.558939,1.99138,10.0684,1.42612,97,0.0853204,0.140876,0.206294,0.321609,0.57806,0.212943,1.66197,5.69483,0.114492,0,0.305653,NBA,1,Omicron,-1,No record,0,G_NBA,G_0
663_1,-6.66977,2.61179,-3.73625,-3.00562,0.779119,2.25698,10.3049,1.44663,97,0.18947,-6.68226,2.61057,-3.68374,-2.85266,0.647219,2.44957,11.5218,1.45062,97,0.252039,-6.6955,2.55204,-3.67319,-3.04346,0.710842,2.16264,10.2432,1.43332,97,0.0713207,0.163811,0.232451,0.329109,0.532977,0.309306,1.37105,5.81866,0.101262,0,0.431569,NBA,2,Omicron,-1,No record,0,G_NBA,G_0
2779_1,-6.66278,2.45976,-3.68287,-5.1909,0.580123,1.95946,11.2234,1.44605,97,0.156085,-6.66072,2.43954,-3.66057,-5.23275,0.563726,2.25721,11.1491,1.4204,97,0.202648,-6.63979,2.37221,-3.72001,-5.20577,0.527647,1.97378,8.0882,1.43143,97,0.0925499,0.166541,0.203608,0.328241,0.834779,0.178267,1.44124,4.72719,0.0962244,0,0.356685,NBA,1,Omicron,-1,No record,0,G_NBA,G_0
1428_1,-6.5575,2.76792,-3.73861,-5.09605,2.07183,2.72435,10.5921,1.44836,97,0.169089,-6.63054,2.84551,-3.77707,-4.58929,1.89226,2.64887,9.2385,1.45468,97,0.197246,-6.6248,2.77531,-3.69592,-4.53452,1.95343,1.95808,9.92808,1.43297,97,0.0878839,0.14698,0.217296,0.325163,0.786203,0.439249,1.57147,5.41817,0.108897,0,0.279647,NBA,2,Omicron,-1,No record,0,G_NBA,G_0
2388_1,-6.69933,2.14404,-3.5755,-5.35122,0.719101,2.7687,14.4206,1.41084,97,0.141017,-6.7214,2.13907,-3.64944,-5.19836,0.681997,2.15266,13.4086,1.40039,97,0.263641,-6.75601,2.14775,-3.67087,-5.18761,0.7324,1.79871,9.96888,1.40111,97,0.0817546,0.163161,0.203551,0.380579,0.748093,0.212931,1.4017,4.92597,0.0951819,0,0.414821,NBA,2,Omicron,-1,No record,0,G_NBA,G_0
2285_1,-6.70913,2.27364,-3.68362,-5.34456,0.746061,1.97707,12.2218,1.41136,97,0.217496,-6.67203,2.26607,-3.6301,-5.30671,0.7705,2.39813,12.6301,1.42654,97,0.142689,-6.70258,2.30286,-3.68067,-5.29276,0.842846,1.98292,10.0164,1.40948,97,0.0857443,0.146753,0.204475,0.298381,0.879069,0.283257,1.89514,5.9092,0.107028,0,0.139765,NBA,2,Omicron,-1,No record,0,G_NBA,G_0
2333_1,-6.71167,2.18994,-3.6331,-5.61875,0.545944,2.57236,13.0011,1.41158,97,0.190112,-6.7108,2.18964,-3.65361,-5.77453,0.598762,2.01776,11.906,1.38234,97,0.141214,-6.73103,2.1858,-3.68496,-5.61927,0.623978,1.90719,10.0685,1.40657,97,0.0913469,0.135634,0.153499,0.336976,0.710971,0.178027,1.426,4.04568,0.105017,0,0.177274,NBA,1,Omicron,-1,No record,0,G_NBA,G_0
2255_1,-6.65329,2.2508,-3.62995,-4.52717,0.529122,2.533,11.8539,1.38244,97,0.181766,-6.64702,2.2453,-3.67195,-4.45888,0.534192,2.60578,12.5395,1.41074,97,0.167129,-6.7075,2.28049,-3.67484,-4.44692,0.531464,2.18952,10.0937,1.39932,97,0.0707777,0.168504,0.213534,0.339673,0.678378,0.245972,1.44078,5.45334,0.108825,0,0.205844,NBA,1,Omicron,-1,No record,0,G_NBA,G_0
59_1,-6.70674,2.33624,-3.65732,-5.81784,0.496614,2.59151,12.8067,1.3815,97,0.153467,-6.71563,2.32046,-3.65556,-6.19724,0.583124,2.56951,12.1102,1.39651,97,0.187625,-6.69469,2.29554,-3.67715,-5.87872,0.524927,1.98025,10.0737,1.38686,97,0.0862274,0.120046,0.149747,0.314386,0.645126,0.175044,3.03191,5.27296,0.108454,0,0.253391,NBA,1,Omicron,-1,No record,0,G_NBA,G_0
1352_1,-6.75536,2.16835,-3.61995,-3.87985,0.440015,2.57335,12.6994,1.42473,97,0.182794,-6.73134,2.14022,-3.61469,-4.13235,0.501147,2.12963,12.4775,1.42646,97,0.180032,-6.78915,2.08509,-3.68266,-4.21775,0.516576,1.92552,9.92556,1.41182,97,0.0854531,0.17189,0.226906,0.368989,1.08243,0.275763,1.59198,5.73129,0.107982,0,0.354772,NBA,2,Omicron,-1,No record,0,G_NBA,G_0
2847_1,-6.62418,2.61105,-3.59288,-4.46993,0.696093,2.65709,14.0802,1.40921,97,0.141478,-6.61162,2.68734,-3.65305,-4.10221,0.628961,2.26944,13.1635,1.45039,97,0.16377,-6.62733,2.54087,-3.67832,-4.5003,0.708269,1.98721,10.0532,1.42772,97,0.0851994,0.159267,0.236883,0.343343,0.644702,0.208562,1.97642,6.00432,0.104905,0,0.213391,NBA,1,Omicron,-1,No record,0,G_NBA,G_0
2356_1,-6.69387,2.37535,-3.66792,-5.21921,0.707671,1.89781,10.935,1.4321,97,0.154145,-6.658,2.34858,-3.70299,-5.52138,0.801321,2.15393,11.5606,1.39885,97,0.131406,-6.68005,2.37791,-3.68291,-5.5039,0.940169,1.98261,10.037,1.41405,97,0.0855255,0.164661,0.221375,0.354102,0.896557,0.257448,1.42463,5.8112,0.102514,0,0.187498,NBA,1,Omicron,-1,No record,0,G_NBA,G_0
2143_1,-6.71494,2.20204,-3.69628,-5.91017,0.767482,2.41726,11.767,1.38832,97,0.197942,-6.68066,2.15721,-3.68958,-5.95882,0.747577,2.29249,12.3434,1.39555,97,0.16292,-6.73099,2.21335,-3.67472,-5.63295,0.779367,1.93873,10.0336,1.39729,97,0.0869641,0.146634,0.188576,0.322215,0.753558,0.243004,1.40835,6.16622,0.103315,0,0.213931,NBA,2,Omicron,-1,No record,0,G_NBA,G_0
1436_1,-6.65739,2.63968,-3.68197,-2.92445,0.84117,2.92492,11.4292,1.4296,97,0.164446,-6.63963,2.58279,-3.73592,-3.06922,0.826869,2.26421,9.90091,1.44653,97,0.188054,-6.69122,2.56611,-3.68022,-2.99827,0.724748,1.83222,10.0561,1.42314,97,0.0894027,0.166921,0.253261,0.32315,0.509129,0.447998,3.21996,4.75812,0.105699,0,0.267978,NBA,2,Omicron,-1,No record,0,G_NBA,G_0
827_1,-6.6545,2.56273,-3.71445,-3.81942,0.80213,2.42987,12.4695,1.41471,97,0.163203,-6.61421,2.53425,-3.69138,-3.90694,0.812006,2.56772,11.6564,1.44191,97,0.173752,-6.68562,2.47935,-3.67629,-3.81417,0.716309,2.09913,10.177,1.42151,97,0.0791685,0.183446,0.24632,0.330059,0.952019,0.400017,1.76203,5.46384,0.120189,0,0.265254,NBA,2,Omicron,-1,No record,0,G_NBA,G_0
946_1,-6.68273,2.12323,-3.62592,-5.73968,0.456709,2.48349,12.6736,1.39855,97,0.210216,-6.70444,2.12554,-3.63145,-5.78016,0.452676,2.39272,12.714,1.41489,97,0.235988,-6.70317,2.14858,-3.6824,-5.59367,0.459721,2.12272,10.0829,1.40939,97,0.0835893,0.157339,0.189898,0.283859,0.707057,0.16567,1.58048,5.21709,0.114447,0,0.547422,NBA,1,Omicron,-1,No record,0,G_NBA,G_0
424_1,-6.70476,2.1991,-3.64898,-4.31342,0.58296,2.61434,13.1066,1.40711,97,0.250522,-6.7496,2.19771,-3.67631,-4.65358,0.727235,2.20276,12.3266,1.41779,97,0.166804,-6.75379,2.2304,-3.6784,-4.26119,0.648666,1.89863,10.0067,1.4058,97,0.0869963,0.14781,0.176782,0.340532,1.09357,0.324606,1.64586,6.49957,0.121678,0,0.208349,NBA,1,Omicron,-1,No record,0,G_NBA,G_0
636_1,-6.70863,2.08697,-3.65994,-5.63458,0.718042,2.02659,13.5195,1.41848,97,0.13702,-6.71179,2.10472,-3.66186,-5.26425,0.639508,2.21947,11.4229,1.40204,97,0.238696,-6.7627,2.1215,-3.68039,-5.24606,0.766132,1.9347,10.032,1.40549,97,0.0860498,0.169889,0.212235,0.339278,0.891577,0.277071,1.67592,4.95031,0.0918619,0,0.443122,NBA,1,Omicron,-1,No record,0,G_NBA,G_0
2380_1,-6.57066,2.51659,-3.67579,-4.93585,0.581575,1.49512,8.12762,1.43423,97,0.189391,-6.5994,2.53575,-3.82111,-4.95247,0.567399,1.56134,8.18437,1.42876,97,0.244551,-6.61041,2.48152,-3.72314,-4.98893,0.56838,1.53503,8.06613,1.42358,97,0.0885664,0.167465,0.213392,0.324003,0.682606,0.195801,0.520287,1.49287,0.108021,0,0.710536,NBA,2,Omicron,-1,No record,0,G_NBA,G_0
2972_1,-6.5355,2.74323,-3.73428,-5.0239,0.843507,1.93578,11.2379,1.43472,97,0.15105,-6.56189,2.73981,-3.73689,-5.3442,0.925507,2.19451,10.6861,1.44584,97,0.15799,-6.58275,2.71564,-3.67784,-5.22606,0.94628,1.9454,9.96616,1.43032,97,0.0901043,0.125047,0.209821,0.29963,0.716531,0.207037,1.56875,5.23745,0.11483,0,0.191794,NBA,2,Omicron,-1,No record,0,G_NBA,G_0
2602_1,-6.70954,2.3607,-3.67449,-4.36942,0.948538,2.29377,10.5926,1.40411,97,0.175389,-6.73024,2.40061,-3.75875,-4.27941,0.873386,2.02504,8.54252,1.41147,97,0.131857,-6.74753,2.33117,-3.68997,-4.29311,0.889195,1.88381,10.1091,1.41184,97,0.0642666,0.16268,0.239053,0.356524,1.09911,0.404658,1.27696,4.14238,0.11033,0,0.151822,NBA,3,Omicron,-1,No record,0,G_NBA,G_0
2651_1,-6.59097,2.5121,-3.6218,-4.90184,0.721708,2.41616,15.9926,1.4556,97,0.215981,-6.54937,2.51323,-3.53351,-4.92333,0.746922,2.54485,15.9897,1.40951,97,0.219386,-6.62681,2.51673,-3.6603,-4.79595,0.726914,2.05376,10.9914,1.42859,97,0.0849189,0.145817,0.206529,0.29195,0.870515,0.175115,1.49591,5.6235,0.0933266,0,0.322221,NBA,2,Omicron,-1,No record,0,G_NBA,G_0
1060_1,-6.65709,2.52509,-3.67007,-2.90146,0.724051,2.69992,11.4679,1.41687,97,0.171831,-6.65314,2.53084,-3.63639,-2.98611,0.782938,2.74603,11.1079,1.42461,97,0.200286,-6.72628,2.45366,-3.68151,-3.01918,0.679378,2.01153,10.1049,1.41545,97,0.0787155,0.172223,0.260067,0.32838,0.650537,0.404025,2.21986,5.63176,0.0935411,0,0.480917,NBA,1,Omicron,-1,No record,0,G_NBA,G_0
581_1,-6.78498,2.31326,-3.76173,-3.30334,0.508075,2.84448,6.05478,1.41197,97,0.203506,-6.77734,2.24573,-3.80421,-3.49855,0.559478,3.69586,5.80504,1.40204,97,0.214567,-6.77622,2.22595,-3.7745,-3.43567,0.518994,3.71049,5.95128,1.39556,97,0.0951497,0.18811,0.260868,0.279539,0.77147,0.262112,2.67432,1.21766,0.107699,0,0.413121,NBA,2,Omicron,-1,No record,0,G_NBA,G_0
2242_1,-6.77637,1.83106,-3.68455,-5.6402,0.627471,2.77934,12.5086,1.42532,97,0.166398,-6.79674,1.87918,-3.65379,-5.50835,0.753857,2.21792,13.0843,1.42082,97,0.159877,-6.82747,1.8721,-3.69085,-5.07307,0.48837,1.87096,9.77865,1.41096,97,0.0868213,0.154209,0.174284,0.334569,1.16162,0.709534,1.49979,7.32832,0.106167,0,0.230167,NBA,1,Omicron,-1,No record,0,G_NBA,G_0
2914_1,-6.7511,2.05031,-3.60548,-5.75516,0.765222,2.37554,13.7738,1.41294,97,0.223895,-6.75194,2.04384,-3.62838,-5.62469,0.657372,2.3232,11.8781,1.41614,97,0.164968,-6.77531,2.0532,-3.68629,-5.46896,0.69455,2.03636,9.99809,1.40767,97,0.0837337,0.158842,0.195853,0.339295,0.967224,0.301432,1.71766,4.98921,0.0946423,0,0.199995,NBA,1,Omicron,-1,No record,0,G_NBA,G_0
1299_1,-6.6842,2.31956,-3.76238,-5.63756,1.12249,2.41456,8.87799,1.42108,97,0.19254,-6.70074,2.35182,-3.81972,-5.47419,1.07581,3.00006,8.08804,1.43615,97,0.16991,-6.71172,2.36288,-3.73527,-4.86809,0.992272,2.79777,7.9509,1.40978,97,0.0908706,0.146698,0.225869,0.325756,1.21466,0.398623,2.49373,2.81961,0.101636,0,0.459124,NBA,1,Omicron,-1,No record,0,G_NBA,G_0
2597_1,-6.65663,2.67959,-3.62174,-4.733,1.62531,2.37084,11.0828,1.43635,97,0.160039,-6.6225,2.737,-3.74382,-4.53124,1.45805,2.69915,11.741,1.4255,97,0.169579,-6.68746,2.64508,-3.7469,-4.43398,1.55007,2.02429,8.6737,1.41253,97,0.132824,0.15495,0.205908,0.31844,1.21374,0.466857,1.88877,7.41724,0.104702,0,0.366302,NBA,2,Omicron,-1,No record,0,G_NBA,G_0
2113_1,-6.62862,2.43856,-3.63569,-4.7946,0.620564,2.61685,13.689,1.4328,97,0.199295,-6.60931,2.40392,-3.70606,-4.98399,0.615392,2.2914,12.8435,1.4665,97,0.199262,-6.65342,2.42696,-3.67984,-4.79601,0.668238,1.98208,10.032,1.42034,97,0.0852984,0.153858,0.217451,0.324881,0.835354,0.214675,1.8397,6.59691,0.105846,0,0.296508,NBA,1,Omicron,-1,No record,0,G_NBA,G_0
2332_1,-6.68114,2.06317,-3.65955,-6.16793,0.568336,2.37846,11.0241,1.40686,97,0.178569,-6.74385,2.09558,-3.63425,-5.81216,0.548591,2.05022,11.4165,1.42386,97,0.191973,-6.73026,2.10054,-3.68241,-5.7936,0.551409,1.86571,9.94563,1.40501,97,0.0863628,0.15406,0.183874,0.328448,0.634036,0.233634,1.34949,4.58543,0.108829,0,0.303975,NBA,1,Omicron,-1,No record,0,G_NBA,G_0
2435_1,-6.71478,2.27304,-3.64834,-5.46893,1.08318,2.09942,12.5997,1.39498,97,0.198113,-6.67069,2.2207,-3.70805,-5.68294,1.0987,2.55399,11.9818,1.39381,97,0.150591,-6.73813,2.26279,-3.68234,-5.13855,0.996702,2.02227,9.98109,1.38699,97,0.0868594,0.14089,0.174399,0.32495,1.01074,0.441174,1.6786,5.64458,0.0990793,0,0.218294,NBA,1,Omicron,-1,No record,0,G_NBA,G_0
1543_1,-6.61212,2.33924,-3.61779,-5.69661,0.684217,2.66323,11.9985,1.41924,97,0.144941,-6.67718,2.40219,-3.66071,-5.57208,0.686732,2.33591,11.7544,1.44501,97,0.143265,-6.66203,2.37096,-3.67679,-5.42158,0.673404,2.06172,10.017,1.41831,97,0.0833958,0.159945,0.215573,0.375482,0.672955,0.235165,1.56089,4.93394,0.103761,0,0.183394,NBA,2,Omicron,-1,No record,0,G_NBA,G_0
1665_1,-6.81838,1.9515,-3.78349,-5.60059,0.58039,2.40549,11.5176,1.40061,97,0.214735,-6.79504,1.93053,-3.7139,-5.66446,0.671747,2.36697,11.2675,1.40992,97,0.156561,-6.81546,1.90421,-3.67538,-5.46913,0.590328,1.92718,9.93398,1.40634,97,0.0847011,0.154845,0.213653,0.327964,0.844938,0.371921,1.96578,5.79115,0.12028,0,0.176444,NBA,1,Omicron,-1,No record,0,G_NBA,G_0
1384_1,-6.58251,2.7383,-3.69576,-5.12226,1.03707,2.69975,11.6909,1.45775,97,0.176124,-6.62544,2.77688,-3.72241,-5.19999,1.09901,2.59132,11.6933,1.46132,97,0.180978,-6.58992,2.68388,-3.67915,-5.1286,1.02237,1.97848,10.0447,1.43495,97,0.0854786,0.183071,0.219731,0.314953,0.640059,0.407694,2.25468,5.44924,0.106949,0,0.250026,NBA,3,Omicron,-1,No record,0,G_NBA,G_0
3035_1,-6.75817,2.06706,-3.7025,-5.28543,0.68397,2.18897,12.0433,1.4154,97,0.157095,-6.7778,2.0566,-3.68387,-5.26913,0.682887,2.43907,12.7992,1.3881,97,0.189304,-6.79764,2.03873,-3.68219,-4.9355,0.568965,2.00693,10.1011,1.41027,97,0.0829089,0.15926,0.19541,0.323578,1.16894,0.425593,1.62453,6.15896,0.110313,0,0.28016,NBA,2,Omicron,-1,No record,0,G_NBA,G_0
PLT-TH1-004,-6.68991,2.17437,-3.61564,-3.79749,0.389112,2.39166,10.38,3.89055,97,0.163528,-6.72652,2.23803,-3.6712,-3.57047,0.359236,2.23957,9.9809,3.89642,97,0.162752,-6.70534,2.27376,-3.71351,-3.55836,0.327933,2.09881,8.34658,3.85585,97,0.0825924,0.186842,0.287393,0.298991,0.655421,0.16824,1.2855,3.39685,0.318258,0,0.288996,Platcov,3,Delta,2,NA,0,G_Platcov,G_0
PLT-TH1-007,-6.70115,2.37453,-3.56455,-4.28277,0.561874,2.23371,18.4835,3.83346,97,0.17048,-6.72132,2.40758,-3.60753,-4.10837,0.547674,2.1639,16.4258,3.81714,97,0.159245,-6.67952,2.30681,-3.60039,-4.38235,0.569946,1.79297,14.465,3.84459,97,0.102267,0.174143,0.297354,0.327949,0.580141,0.168398,1.79249,4.86316,0.317929,0,0.226761,Platcov,3,Delta,2,NA,0,G_Platcov,G_0
PLT-TH1-017,-6.69609,2.47098,-3.73277,-3.65648,0.882488,2.66008,10.7259,3.92656,97,0.152637,-6.7138,2.58149,-3.74018,-3.32527,0.828407,2.42401,11.9219,3.88272,97,0.125065,-6.706,2.5032,-3.6933,-3.37524,0.789965,2.11463,10.1989,3.90049,97,0.0669915,0.129047,0.334125,0.32171,0.751519,0.242553,1.48035,5.44369,0.29983,0,0.200258,Platcov,3,Delta,2,NA,0,G_Platcov,G_0
PLT-TH1-018,-6.69029,2.15022,-3.62951,-5.90973,0.46089,2.81562,10.2167,3.82308,97,0.116937,-6.68493,2.03776,-3.69443,-6.20134,0.491178,2.75217,10.4022,3.85069,97,0.120721,-6.69459,2.17477,-3.67991,-5.69725,0.45677,1.98692,10.0054,3.81765,97,0.0848454,0.156073,0.293887,0.294495,0.929407,0.176755,1.77244,1.96137,0.273092,0,0.13464,Platcov,3,Delta,1,NA,0,G_Platcov,G_0
PLT-TH1-020,-6.67688,2.34849,-3.48381,-4.58179,0.535208,2.23058,19.5254,3.84882,97,0.181992,-6.65724,2.39652,-3.44363,-4.73607,0.611384,2.33622,19.6772,3.82853,97,0.128472,-6.67637,2.34886,-3.55295,-4.80121,0.597736,1.92919,14.93,3.84444,97,0.0797841,0.137174,0.31307,0.350736,0.721147,0.127694,1.54185,5.59043,0.310521,0,0.139222,Platcov,3,Delta,2,NA,0,G_Platcov,G_0
PLT-TH1-028,-6.69003,2.31718,-3.79611,-5.3283,0.840511,2.28755,7.25763,3.85805,97,0.227878,-6.67861,2.35744,-3.81028,-5.18509,0.833861,2.78958,7.88808,3.83457,97,0.136957,-6.69339,2.33647,-3.74495,-5.23981,0.891091,3.25378,7.34552,3.83633,97,0.0934382,0.166026,0.271217,0.345214,1.10444,0.298488,1.96601,3.14598,0.305977,0,0.190731,Platcov,3,Delta,2,NA,0,G_Platcov,G_0
PLT-TH1-035,-6.69334,2.43639,-3.84182,-4.38569,0.83629,2.91472,8.24011,3.83021,97,0.14663,-6.65075,2.46707,-3.68639,-4.69943,0.975604,3.56891,8.94802,3.85301,97,0.122087,-6.70145,2.50236,-3.7572,-4.49381,0.930643,3.0481,7.52602,3.86687,97,0.0592726,0.19915,0.282003,0.308013,0.969408,0.28245,2.65491,3.81421,0.296212,0,0.200529,Platcov,3,Delta,2,NA,0,G_Platcov,G_0
PLT-TH1-036,-6.73484,2.18348,-3.69073,-4.89555,0.546137,2.70532,10.5514,3.84142,97,0.175572,-6.72104,2.12318,-3.66095,-4.87668,0.503476,3.04633,10.1066,3.83077,97,0.145867,-6.69187,2.26728,-3.68687,-4.5145,0.432551,2.05549,10.108,3.84514,97,0.0791753,0.170628,0.321642,0.250844,0.778513,0.259967,2.91912,1.93141,0.303661,0,0.176512,Platcov,3,Delta,2,NA,0,G_Platcov,G_0
PLT-TH1-041,-6.67244,2.25834,-3.70496,-5.23412,0.491488,1.91623,14.9234,3.85771,97,0.272582,-6.6414,2.1831,-3.55878,-5.62367,0.549057,2.27496,20.0029,3.86494,97,0.168799,-6.69287,2.2232,-3.5938,-5.40509,0.53804,1.95246,16.1308,3.81773,97,0.084895,0.186053,0.311973,0.312965,0.950171,0.141253,1.47417,6.95439,0.319764,0,0.184775,Platcov,3,Delta,2,NA,0,G_Platcov,G_0
PLT-TH1-049,-6.67705,2.27014,-3.62649,-4.77792,0.590524,2.36097,12.2668,3.8626,97,0.136668,-6.65743,2.31033,-3.65817,-4.62041,0.549901,2.37209,11.0084,3.83552,97,0.159917,-6.6915,2.28866,-3.64247,-4.52349,0.505799,1.83429,12.1099,3.8549,97,0.0766733,0.165281,0.320724,0.377382,0.796015,0.206275,2.00744,4.10152,0.279603,0,0.330725,Platcov,3,Delta,2,NA,0,G_Platcov,G_0
PLT-TH57-002,-6.70756,2.43703,-3.80805,-2.89646,0.468071,3.48146,5.59615,3.87951,97,0.200755,-6.72042,2.39044,-3.74218,-2.8959,0.445827,3.20668,5.58244,3.85293,97,0.158752,-6.71641,2.37208,-3.80835,-2.90274,0.396153,2.776,5.26761,3.86581,97,0.0806923,0.167154,0.327639,0.315815,0.482019,0.198573,1.09189,0.432038,0.295214,0,0.256753,Platcov,3,Delta,2,NA,0,G_Platcov,G_0
PLT-TH1-053,-6.6874,2.39634,-3.76346,-4.6223,0.758375,1.9777,9.52065,3.79899,97,0.153762,-6.71633,2.34098,-3.71048,-4.60272,0.682619,1.92766,8.4589,3.87937,97,0.165058,-6.68547,2.3656,-3.78942,-4.37547,0.576296,1.74269,5.83949,3.84737,97,0.0937409,0.167653,0.286909,0.335293,0.782193,0.277688,1.00911,4.54257,0.289551,0,0.336425,Platcov,3,Delta,2,NA,0,G_Platcov,G_0
PLT-TH1-068,-6.65568,2.33569,-3.74536,-4.72138,0.812884,2.63422,8.69888,3.83643,97,0.177037,-6.65096,2.45093,-3.78449,-4.51353,0.82877,2.30998,8.96738,3.77711,97,0.158499,-6.68755,2.36591,-3.76635,-4.44729,0.714256,1.84322,5.9062,3.84496,97,0.10799,0.167921,0.310098,0.28709,0.922001,0.33135,1.74145,5.31505,0.259673,0,0.199706,Platcov,3,BA.1,3,NA,0,G_Platcov,G_0
PLT-TH1-069,-6.70882,2.23711,-3.75269,-5.60548,0.626087,2.45686,7.31928,3.76673,97,0.186745,-6.71477,2.16406,-3.8302,-5.91391,0.637024,2.63734,7.35141,3.78324,97,0.173204,-6.69666,2.20539,-3.74501,-5.59477,0.562133,2.5161,7.20005,3.81639,97,0.0834839,0.148592,0.291343,0.350504,0.770029,0.215838,1.47475,1.43295,0.292575,0,0.22552,Platcov,3,BA.1,2,NA,0,G_Platcov,G_0
PLT-TH58-004,-6.67488,2.45666,-3.72441,-3.64493,0.894754,2.53766,9.92267,3.88189,97,0.20623,-6.69152,2.52698,-3.71474,-3.29485,0.794868,2.7257,9.55176,3.91767,97,0.169013,-6.71896,2.47603,-3.74353,-3.20392,0.689171,2.44678,6.66353,3.88596,97,0.0796638,0.164162,0.320947,0.323378,1.08524,0.356299,1.66593,5.28372,0.296122,0,0.229906,Platcov,3,BA.1,2,NA,0,G_Platcov,G_0
PLT-TH58-002,-6.70644,2.42164,-3.77598,-5.79755,1.50058,2.18911,8.41406,3.87603,97,0.513373,-6.70491,2.47617,-3.74424,-5.05397,1.21404,3.01197,7.13298,3.83275,97,0.137397,-6.69529,2.48694,-3.79771,-4.6736,1.14572,2.61366,6.08043,3.86308,97,0.0701621,0.197551,0.266092,0.306833,1.20937,0.400091,1.91748,4.05183,0.254993,0,0.239653,Platcov,3,BA.1,2,NA,0,G_Platcov,G_0
PLT-TH1-072,-6.69571,2.24509,-3.44475,-3.49341,0.467147,2.39939,20.8019,3.82856,97,0.157721,-6.7026,2.4158,-3.54907,-3.1338,0.456473,2.36232,19.0336,3.91424,97,0.1239,-6.6972,2.40671,-3.52364,-3.13501,0.446282,1.73702,16.8562,3.85815,97,0.0777911,0.154089,0.268871,0.306168,0.749761,0.139777,2.34641,4.6889,0.281046,0,0.2058,Platcov,3,BA.1,2,NA,0,G_Platcov,G_0
PLT-TH1-077,-6.67178,2.59092,-3.75946,-3.74585,1.21624,2.92249,8.40283,3.94024,97,0.170178,-6.7095,2.80272,-3.79438,-2.64669,0.870948,3.67153,7.21747,3.82809,97,0.13498,-6.71395,2.69019,-3.78812,-2.72076,0.789604,2.83983,5.81251,3.89667,97,0.087181,0.162612,0.2625,0.336001,0.659194,0.318581,2.89722,3.23961,0.279609,0,0.242563,Platcov,3,BA.1,2,NA,0,G_Platcov,G_0
PLT-TH1-081,-6.61844,2.87588,-3.00381,-3.49462,1.06986,2.51579,20.7458,3.83091,97,0.233554,-6.54274,2.93986,-2.97051,-3.80154,1.29357,2.25398,21.3078,3.80759,97,0.131607,-6.5357,2.96294,-3.09016,-3.73619,1.23596,1.75712,15.9503,3.87275,97,0.0627738,0.163217,0.241483,0.233742,0.746184,0.369752,1.80708,9.20276,0.328769,0,0.208665,Platcov,3,BA.1,2,NA,0,G_Platcov,G_0
PLT-TH1-086,-6.70233,2.33501,-3.62001,-4.26558,0.597565,2.23555,15.6619,3.88678,97,0.163079,-6.71514,2.44478,-3.57305,-3.9253,0.568632,2.24408,14.6455,3.93188,97,0.193918,-6.70943,2.41056,-3.60073,-3.89068,0.534454,1.70626,15.7218,3.86574,97,0.114185,0.176319,0.3014,0.331866,0.792028,0.1914,1.9221,5.39053,0.257345,0,0.236088,Platcov,3,BA.1,2,NA,0,G_Platcov,G_0
PLT-TH1-098,-6.67598,2.30934,-3.84475,-5.64266,1.44163,2.20732,7.42376,3.8195,97,0.129599,-6.68114,2.34313,-3.69521,-6.18649,1.62154,2.55531,11.9214,3.88141,97,0.1923,-6.72459,2.53651,-3.74501,-5.68787,1.66267,1.8214,9.07387,3.798,97,0.0964935,0.152201,0.257461,0.299617,0.940141,0.448974,2.1715,8.75315,0.303021,0,0.281856,Platcov,3,BA.2,3,NA,0,G_Platcov,G_0
PLT-TH1-099,-6.6605,2.37109,-3.62656,-5.11694,0.913458,2.4489,11.8221,3.84212,97,0.197734,-6.6841,2.2876,-3.70793,-5.41101,0.95556,2.00416,10.6287,3.82407,97,0.181105,-6.68583,2.36675,-3.71881,-5.0181,0.896805,1.74384,7.67588,3.83706,97,0.0825255,0.143838,0.279023,0.308912,1.13218,0.289384,1.27455,5.34721,0.317325,0,0.202505,Platcov,3,BA.1,2,NA,0,G_Platcov,G_0
PLT-TH1-107,-6.64278,2.19876,-3.5174,-5.24703,0.45494,2.44217,19.8484,3.87968,97,0.174087,-6.62942,2.33264,-3.51838,-5.17065,0.482141,2.44734,20.8771,3.82285,97,0.195596,-6.66979,2.2534,-3.54466,-5.11475,0.459503,1.94209,15.8597,3.83104,97,0.0938188,0.162426,0.353542,0.322194,0.792257,0.106555,1.94345,4.60146,0.291229,0,0.283731,Platcov,3,BA.2,3,NA,0,G_Platcov,G_0
PLT-BR3-002,-6.66836,2.33628,-3.71559,-5.49961,0.945091,2.61016,13.2145,3.86076,97,0.184077,-6.67044,2.33237,-3.62452,-5.41941,0.917586,2.56511,13.1216,3.83786,97,0.213898,-6.69322,2.34939,-3.67551,-5.39185,0.956686,1.98797,10.0357,3.83286,97,0.0853842,0.173985,0.258551,0.297009,0.80847,0.190821,1.67993,5.14114,0.303508,0,0.279852,Platcov,3,BA.1,2,NA,0,G_Platcov,G_0
PLT-BR3-004,-6.70891,2.40245,-3.55429,-3.87428,0.61537,2.60549,14.3917,3.88308,97,0.167586,-6.70579,2.36277,-3.70877,-3.88334,0.577663,2.26746,12.6537,3.89661,97,0.183989,-6.68872,2.41306,-3.66977,-3.84597,0.604488,2.11464,10.1419,3.86268,97,0.08579,0.163111,0.298789,0.294828,0.755019,0.200361,1.24689,6.12942,0.282615,0,0.272175,Platcov,3,BA.1,0,NA,0,G_Platcov,G_0
PLT-TH1-115,-6.6936,2.53683,-3.58542,-3.75523,0.687738,2.34795,13.614,3.87487,97,0.197381,-6.66982,2.46068,-3.64081,-4.24176,0.767233,2.39222,13.7531,3.90566,97,0.196751,-6.68995,2.4404,-3.66836,-4.01188,0.724556,2.03123,10.0915,3.86389,97,0.0829507,0.157144,0.297908,0.317089,0.82659,0.234031,1.58313,6.48533,0.301321,0,0.27303,Platcov,3,BA.2,3,NA,0,G_Platcov,G_0
PLT-TH1-120,-6.76741,2.23902,-3.81895,-5.78313,0.839112,1.61327,9.50095,3.79435,97,0.134559,-6.74145,2.1137,-3.69694,-6.42842,1.12057,2.24349,13.0035,3.77831,97,0.168382,-6.78496,2.1545,-3.69076,-6.26916,1.05266,1.8671,9.46926,3.78605,97,0.0862902,0.176424,0.271823,0.390228,0.857972,0.36258,1.81523,5.46835,0.245177,0,0.214443,Platcov,3,BA.1,3,NA,0,G_Platcov,G_0
PLT-TH1-128,-6.62198,2.9123,-3.56734,-4.26247,3.58702,2.8046,13.7901,4.04753,97,0.116445,-6.56791,2.89023,-3.78865,-4.85188,4.05136,2.38539,11.1135,3.98162,97,0.129459,-6.64867,2.89758,-3.74536,-4.85976,3.75444,1.97171,9.96065,4.03743,97,0.0711102,0.169255,0.256416,0.305206,1.53258,1.15819,1.6767,5.84529,0.271493,0,0.211244,Platcov,3,BA.2,3,NA,0,G_Platcov,G_0
PLT-TH1-129,-6.6604,2.04262,-3.53661,-5.02769,0.395289,1.54992,14.2553,3.89683,97,0.280301,-6.68285,2.2132,-3.5347,-4.61062,0.382512,1.64221,15.2433,3.79692,97,0.167998,-6.69029,2.22529,-3.63984,-4.43665,0.328296,1.50455,14.0228,3.82841,97,0.0895972,0.163814,0.356343,0.320366,0.65186,0.153531,1.13941,4.98992,0.281786,0,0.267738,Platcov,3,BA.2,3,NA,0,G_Platcov,G_0
PLT-TH1-137,-6.71682,2.20844,-3.74138,-5.90346,0.734222,2.03095,8.19875,3.83838,97,0.140416,-6.72338,2.14011,-3.77306,-6.13378,0.876411,1.76942,8.47041,3.7654,97,0.197442,-6.72571,2.23766,-3.75503,-5.89671,0.756108,1.63803,6.25009,3.80131,97,0.0861002,0.141254,0.313927,0.392457,1.02062,0.529671,0.985321,5.25249,0.261735,0,0.3768,Platcov,3,BA.2,3,NA,0,G_Platcov,G_0
PLT-TH1-141,-6.68243,2.29635,-3.76878,-5.10472,0.52155,2.47806,6.16443,3.83245,97,0.198127,-6.72853,2.26037,-3.72655,-5.38707,0.58284,2.70668,6.2675,3.84287,97,0.17032,-6.68959,2.24196,-3.76695,-5.23188,0.527303,2.44481,6.22315,3.82079,97,0.0830603,0.161314,0.273166,0.279326,0.923878,0.265832,1.82549,0.726569,0.292607,0,0.277475,Platcov,3,BA.2,2,NA,0,G_Platcov,G_0
PLT-TH1-142,-6.67638,2.31753,-3.57961,-5.05392,0.774799,2.0469,11.8273,3.90754,97,0.166736,-6.71151,2.41096,-3.71299,-4.65196,0.731746,2.48865,10.8273,3.8361,97,0.226909,-6.68925,2.35893,-3.68703,-4.97462,0.825098,1.90147,10.0302,3.8454,97,0.0861324,0.160022,0.292537,0.321387,0.791826,0.262644,2.15362,3.64484,0.268675,0,0.328509,Platcov,3,BA.2,3,NA,0,G_Platcov,G_0
PLT-BR3-008,-6.66906,2.54186,-3.53916,-2.51524,0.440407,2.27043,18.7917,3.80698,97,0.138055,-6.68085,2.44001,-3.42984,-2.9767,0.500048,2.06349,17.426,3.86792,97,0.187194,-6.70519,2.39287,-3.52632,-2.95398,0.457267,1.68094,17.8232,3.86897,97,0.0957813,0.154348,0.232683,0.319822,0.701598,0.21865,1.35824,6.14404,0.279458,0,0.235523,Platcov,3,BA.2,2,NA,0,G_Platcov,G_0
PLT-TH57-009,-6.66926,2.47069,-3.74866,-3.61682,1.11302,2.12221,12.792,3.8748,97,0.222937,-6.71553,2.59168,-3.63247,-2.96943,0.959691,2.27748,13.6897,3.88176,97,0.178114,-6.7066,2.60349,-3.67533,-2.93077,0.931037,1.95596,10.1767,3.88389,97,0.085048,0.150267,0.318937,0.355207,0.855349,0.232206,1.81872,6.51614,0.281236,0,0.432293,Platcov,3,BA.1,3,NA,0,G_Platcov,G_0
PLT-TH1-144,-6.69147,2.16994,-3.56635,-5.887,0.608307,1.75733,17.6691,3.85119,97,0.316894,-6.72018,2.21414,-3.55334,-5.83946,0.642973,2.10076,21.1365,3.81911,97,0.157106,-6.72681,2.19943,-3.55934,-5.89165,0.658221,1.65062,16.7422,3.8012,97,0.0775337,0.184971,0.297898,0.334083,0.849502,0.11861,1.75239,7.89946,0.257151,0,0.232952,Platcov,3,BA.2,3,NA,0,G_Platcov,G_0
PLT-TH57-010,-6.67881,2.27329,-3.72844,-5.71826,0.725035,2.27622,9.08424,3.83259,97,0.180429,-6.65562,2.20411,-3.70436,-5.89803,0.784875,2.22807,9.10758,3.81003,97,0.136951,-6.69701,2.28976,-3.68379,-5.49499,0.795745,1.98289,10.0283,3.82797,97,0.0853653,0.17239,0.276286,0.359151,0.971005,0.19208,1.15732,3.82312,0.308678,0,0.182644,Platcov,3,BA.2,3,NA,0,G_Platcov,G_0
PLT-TH1-156,-6.70164,2.46841,-3.52134,-4.05427,0.521356,2.37548,19.1959,3.80905,97,0.181348,-6.66205,2.26483,-3.46796,-4.39865,0.541315,1.6207,19.5024,3.85596,97,0.148426,-6.68013,2.38915,-3.56869,-4.19155,0.540576,1.39009,15.9151,3.82616,97,0.0967251,0.177975,0.276742,0.358663,0.522932,0.176283,1.03202,7.16842,0.282643,0,0.185287,Platcov,3,BA.2,4,NA,0,G_Platcov,G_0
PLT-TH1-158,-6.67474,2.32711,-3.46279,-4.02595,0.427721,1.93992,20.3555,3.79125,97,0.143473,-6.67497,2.43036,-3.48711,-3.72739,0.405085,2.45774,20.1112,3.83841,97,0.172852,-6.68655,2.33341,-3.57158,-3.99215,0.415351,2.05472,15.9837,3.84877,97,0.090917,0.157551,0.351082,0.325737,0.635155,0.140727,1.83481,6.01889,0.295148,0,0.24699,Platcov,3,BA.2,2,NA,0,G_Platcov,G_0
PLT-TH1-162,-6.68175,2.16669,-3.64697,-5.5944,0.576894,1.99716,12.8992,3.78422,97,0.237441,-6.68077,2.19328,-3.58877,-5.81295,0.617975,2.10491,14.1633,3.83331,97,0.194952,-6.69999,2.22513,-3.61843,-5.54028,0.579819,1.82203,13.7991,3.82223,97,0.0859655,0.148869,0.334866,0.314908,0.859418,0.131162,1.3836,4.70901,0.276198,0,0.433599,Platcov,3,BA.2,2,NA,0,G_Platcov,G_0
PLT-TH1-168,-6.6802,2.32102,-3.70049,-4.80335,0.500613,2.03571,8.93944,3.82449,97,0.224689,-6.75566,1.99298,-3.66568,-5.43252,0.583503,2.29067,7.73703,3.82447,97,0.204737,-6.68932,2.24976,-3.71554,-4.68144,0.439693,2.51271,8.3289,3.84981,97,0.0852759,0.186927,0.313551,0.296139,0.959841,0.261246,1.16714,1.59221,0.290891,0,0.436705,Platcov,3,BA.2,3,NA,0,G_Platcov,G_0
PLT-TH1-175,-6.67004,2.51563,-3.64153,-4.35959,1.07417,2.37092,13.4418,3.92531,97,0.253728,-6.67456,2.60696,-3.64579,-4.22039,1.05775,2.48707,12.3306,3.9249,97,0.175377,-6.69153,2.49621,-3.68629,-4.2305,1.03218,2.02098,10.024,3.8751,97,0.0846314,0.156183,0.319609,0.328242,1.04896,0.243539,1.9366,5.066,0.315297,0,0.35792,Platcov,3,BA.2,2,NA,0,G_Platcov,G_0
PLT-TH1-179,-6.71521,2.28852,-3.60359,-3.86699,0.34637,2.12044,14.0925,3.82385,97,0.119064,-6.64547,2.23641,-3.61291,-3.92556,0.345264,1.78255,13.7241,3.87614,97,0.212474,-6.69603,2.24287,-3.63391,-3.92686,0.318195,1.44818,11.6783,3.84644,97,0.0884089,0.176831,0.336231,0.31548,0.674143,0.123107,1.35672,4.28237,0.285513,0,0.344086,Platcov,3,BA.2,2,NA,0,G_Platcov,G_0
PLT-TH1-185,-6.67505,2.25244,-3.65062,-5.15439,0.581842,2.09643,9.2874,3.84175,97,0.146422,-6.67507,2.20163,-3.68334,-5.22726,0.556551,2.04586,9.09161,3.83719,97,0.224713,-6.68451,2.25561,-3.73062,-4.98132,0.510881,2.02273,7.83868,3.83646,97,0.0850115,0.183087,0.256103,0.316598,0.84079,0.20016,1.07793,2.6046,0.276329,0,0.404263,Platcov,3,BA.2,4,NA,0,G_Platcov,G_0
PLT-TH1-187,-6.71417,2.15244,-3.68543,-6.19419,0.505306,3.02493,10.2889,3.70834,97,0.183539,-6.71082,2.15148,-3.71965,-6.10661,0.467159,2.79201,10.4455,3.78807,97,0.153127,-6.72691,2.16611,-3.67637,-6.03304,0.464149,1.95498,10.083,3.78429,97,0.0807992,0.157549,0.267523,0.308464,0.668777,0.134485,1.52368,1.38042,0.301531,0,0.211252,Platcov,3,BA.2,2,NA,0,G_Platcov,G_0
PLT-TH1-188,-6.68189,2.25922,-3.63759,-6.26142,0.931837,2.44948,12.0581,3.81154,97,0.159426,-6.69875,2.21553,-3.63855,-6.00239,0.900517,2.10231,12.0982,3.77571,97,0.157014,-6.77005,2.16026,-3.68114,-6.21395,0.971515,2.00422,10.0215,3.78658,97,0.084253,0.143343,0.300256,0.282803,0.851683,0.174069,1.41052,4.98829,0.246859,0,0.216497,Platcov,3,BA.2,3,NA,0,G_Platcov,G_0
PLT-TH1-202,-6.68501,2.2508,-3.61617,-4.74259,0.674023,2.39553,10.6378,3.88,97,0.154263,-6.65966,2.41395,-3.64518,-4.33867,0.633568,2.56356,10.3955,3.8339,97,0.162847,-6.69192,2.36376,-3.68321,-4.55691,0.695985,2.11611,10.0148,3.84784,97,0.0833948,0.15972,0.288652,0.368454,0.928422,0.222333,1.8372,2.81566,0.260578,0,0.292262,Platcov,3,BA.2,4,NA,0,G_Platcov,G_0
PLT-TH1-205,-6.68394,2.31505,-3.71265,-4.83016,0.53497,2.50852,8.85927,3.82017,97,0.160232,-6.67836,2.26666,-3.71011,-5.07073,0.564603,2.67406,8.81001,3.84376,97,0.214344,-6.68738,2.26956,-3.73128,-4.89051,0.534072,2.37678,7.73184,3.83677,97,0.0875044,0.156936,0.279093,0.296859,0.84338,0.196956,1.65188,1.93323,0.291433,0,0.438823,Platcov,3,BA.2,3,NA,0,G_Platcov,G_0
PLT-TH1-215,-6.68602,2.15486,-3.57021,-5.58042,0.69501,2.24048,15.958,3.85349,97,0.174369,-6.66871,2.23372,-3.63413,-5.44425,0.694295,2.02591,14.3802,3.8233,97,0.126499,-6.69252,2.31098,-3.56783,-5.42323,0.760955,2.09858,16.0491,3.85088,97,0.0894092,0.15466,0.308627,0.344317,0.867419,0.177253,1.29962,6.99927,0.314107,0,0.168405,Platcov,3,BA.2,4,NA,0,G_Platcov,G_0
PLT-TH1-220,-6.68828,2.23097,-3.73217,-5.77057,0.846892,2.28008,8.82228,3.83154,97,0.157132,-6.68162,2.14697,-3.71242,-5.89635,0.790345,2.30613,7.25775,3.80943,97,0.2143,-6.68432,2.23928,-3.73389,-5.55438,0.748018,2.10749,6.68628,3.83563,97,0.0819518,0.168416,0.2455,0.354873,0.91428,0.256842,1.2472,2.25794,0.259835,0,0.344423,Platcov,3,BA.2,2,NA,0,G_Platcov,G_0
PLT-TH1-223,-6.65183,2.32466,-3.63768,-5.69322,1.01407,1.80876,13.9582,3.83321,97,0.140094,-6.67694,2.30071,-3.70996,-5.22147,0.894837,1.60997,11.9508,3.87524,97,0.134072,-6.69117,2.3621,-3.67961,-5.41196,1.05034,1.60077,10.1887,3.8404,97,0.0885533,0.15202,0.275541,0.364221,1.08795,0.274137,0.939293,5.83564,0.290347,0,0.182886,Platcov,3,BA.2,3,NA,0,G_Platcov,G_0
PLT-TH1-226,-6.72991,2.24337,-3.64887,-5.797,0.55375,2.01624,17.8092,3.81792,97,0.158161,-6.71202,2.18087,-3.65819,-5.76005,0.499692,1.78103,16.7374,3.7633,97,0.123697,-6.71276,2.17879,-3.58055,-5.83082,0.544929,1.59688,14.7839,3.78488,97,0.0720611,0.168273,0.256754,0.292331,0.650642,0.13001,1.23602,5.67777,0.242051,0,0.142713,Platcov,3,BA.2,3,NA,0,G_Platcov,G_0
PLT-TH1-230,-6.70962,2.18586,-3.71636,-5.85009,0.766261,1.6615,10.5791,3.83024,97,0.183719,-6.71342,2.28018,-3.75658,-5.66706,0.73092,1.47576,9.57743,3.82298,97,0.13785,-6.74101,2.21099,-3.68947,-5.99492,0.892848,1.34967,10.3417,3.79256,97,0.0943446,0.142847,0.315674,0.305591,0.887709,0.23486,0.863852,4.69866,0.305904,0,0.160118,Platcov,3,BA.2,3,NA,0,G_Platcov,G_0
PLT-TH1-241,-6.66091,2.23674,-3.75048,-6.30862,1.39706,2.00702,8.18653,3.77905,97,0.196749,-6.71958,2.27587,-3.76257,-5.88718,1.34701,2.02111,8.7393,3.76522,97,0.236285,-6.69075,2.38117,-3.71317,-5.36751,1.24292,1.6829,7.16171,3.79217,97,0.109137,0.16036,0.229224,0.309722,1.10347,0.549492,1.37509,5.16391,0.311444,0,0.403812,Platcov,3,BA.2,3,NA,0,G_Platcov,G_0
PLT-TH1-243,-6.68252,2.42002,-4.11129,-5.01898,0.919935,8.54742,2.00807,3.84593,97,0.134424,-6.65913,2.41017,-3.97078,-5.21389,1.01006,7.54274,2.64814,3.82594,97,0.166649,-6.70036,2.39983,-4.03391,-5.0083,0.852734,8.20566,2.01464,3.82755,97,0.0708379,0.175364,0.287689,0.310329,1.10171,0.562822,3.26283,3.13218,0.284146,0,0.2486,Platcov,3,BA.2,3,NA,0,G_Platcov,G_0
PLT-TH1-250,-6.68998,2.27269,-3.50411,-4.1247,0.345462,1.84771,23.1221,3.86674,97,0.153354,-6.6562,2.22285,-3.5965,-4.02258,0.293192,2.14701,21.0282,3.90373,97,0.206282,-6.68932,2.23426,-3.56127,-4.08198,0.308855,1.83838,17.5944,3.84415,97,0.0837776,0.155625,0.350568,0.272912,0.66306,0.0872999,1.46452,6.30588,0.327924,0,0.452791,Platcov,3,BA.2,4,NA,0,G_Platcov,G_0
PLT-BR3-017,-6.64548,2.37942,-3.53988,-5.18985,0.864196,2.38537,17.9796,3.82859,97,0.242371,-6.67935,2.35158,-3.57777,-4.95999,0.834069,3.0572,17.0856,3.8238,97,0.146062,-6.68291,2.35607,-3.71859,-4.88844,0.830159,2.4929,10.2045,3.89036,97,0.0707302,0.203334,0.275,0.337846,0.863295,0.182729,2.59052,6.55839,0.281397,0,0.176347,Platcov,3,BA.2,3,NA,0,G_Platcov,G_0
PLT-TH1-253,-6.66156,2.14499,-3.64106,-6.077,0.542867,2.25629,10.5588,3.76735,97,0.171919,-6.71217,2.19965,-3.68628,-6.00834,0.543835,2.30549,9.98997,3.80673,97,0.128557,-6.719,2.18741,-3.67694,-5.9616,0.55887,2.07125,10.0655,3.79215,97,0.0811475,0.151898,0.281827,0.330148,0.768389,0.157885,1.27225,2.78003,0.284547,0,0.15319,Platcov,3,BA.2,4,NA,0,G_Platcov,G_0
PLT-TH1-254,-6.65854,2.28517,-3.45358,-4.77901,0.607991,2.25197,18.0613,3.85386,97,0.18398,-6.66812,2.26005,-3.59436,-4.83686,0.578685,4.041,14.4672,3.90041,97,0.216135,-6.68854,2.38351,-3.56552,-4.58533,0.610955,2.91396,16.0804,3.85849,97,0.0856826,0.161278,0.401278,0.321138,0.832055,0.207809,3.38874,7.54408,0.283849,0,0.420084,Platcov,3,BA.2,3,NA,0,G_Platcov,G_0
PLT-BR3-021,-6.67157,2.51252,-3.60572,-3.99387,1.10988,2.07185,12.4776,3.85673,97,0.191333,-6.69044,2.45843,-3.64091,-3.94083,1.03414,2.08731,12.7898,4.00778,97,0.165973,-6.70054,2.53766,-3.69058,-3.61615,0.982982,1.81029,9.48469,3.87063,97,0.0826895,0.134862,0.220012,0.343775,1.04831,0.287153,1.33008,5.65686,0.328962,0,0.282529,Platcov,3,BA.2,3,NA,0,G_Platcov,G_0
PLT-TH1-259,-6.69349,2.2041,-3.58073,-6.05529,0.430368,1.88483,20.0075,3.76965,97,0.143406,-6.71754,2.2062,-3.62582,-5.95131,0.390858,1.81473,16.9616,3.7957,97,0.320687,-6.71734,2.1333,-3.63379,-6.03908,0.384268,1.45717,13.5664,3.80758,97,0.0888903,0.171701,0.328817,0.33951,0.713601,0.0965494,1.25648,5.38271,0.322344,0,0.7751,Platcov,3,BA.2,3,NA,0,G_Platcov,G_0
PLT-TH1-265,-6.68022,2.48401,-3.74657,-4.35515,1.34609,2.42519,8.39509,3.91431,97,0.215672,-6.67712,2.60905,-3.78947,-3.35037,1.07403,2.32919,7.65193,3.93778,97,0.242559,-6.69471,2.57456,-3.834,-3.32851,0.972713,2.12587,5.00341,3.89668,97,0.0748332,0.15515,0.32259,0.34402,1.41668,0.462531,1.36322,4.70115,0.331713,0,0.490494,Platcov,3,BA.2,3,NA,0,G_Platcov,G_0
PLT-BR3-030,-6.67601,2.19302,-3.69848,-5.82304,0.911055,1.87536,6.9949,3.79382,97,0.154741,-6.67382,2.24456,-3.75662,-5.82448,1.01452,1.99719,7.59108,3.80434,97,0.14909,-6.70831,2.33523,-3.82172,-5.75502,0.924582,1.81257,4.93811,3.81664,97,0.0850039,0.13682,0.322769,0.3229,1.07229,0.413188,1.06529,3.82929,0.278024,0,0.1686,Platcov,3,BA.2,3,NA,0,G_Platcov,G_0
PLT-TH1-269,-6.73538,2.16958,-3.65339,-6.18707,0.754067,2.06211,15.5683,3.83864,97,0.26173,-6.70041,2.17412,-3.63785,-6.18606,0.751651,2.00405,15.0027,3.83101,97,0.1688,-6.7257,2.20618,-3.61874,-5.96046,0.727202,1.53251,14.3985,3.80483,97,0.0858294,0.146914,0.316584,0.351082,0.879894,0.186287,1.66198,6.78175,0.264518,0,0.274691,Platcov,3,BA.2,3,NA,0,G_Platcov,G_0
PLT-TH1-270,-6.65623,2.22594,-3.69992,-4.98552,0.58762,3.08121,7.41199,3.86568,97,0.223954,-6.63637,2.22694,-3.81269,-5.24306,0.711893,2.72875,6.81098,3.83213,97,0.127688,-6.68816,2.29306,-3.7577,-4.91713,0.643986,4.27844,6.58484,3.82981,97,0.100388,0.152323,0.286008,0.3509,0.919154,0.260445,1.75062,2.09253,0.251948,0,0.131793,Platcov,3,BA.2,3,NA,0,G_Platcov,G_0
PLT-BR3-032,-6.71083,2.58582,-3.70447,-3.21473,0.717826,3.15099,8.27355,3.86116,97,0.110225,-6.71275,2.53632,-3.70426,-3.49542,0.821341,2.50027,9.9418,3.90799,97,0.133984,-6.69573,2.50284,-3.70699,-3.79258,0.950715,2.03861,10.3828,3.89888,97,0.0815614,0.164204,0.320034,0.317288,0.696751,0.282802,1.78314,5.28019,0.316138,0,0.18918,Platcov,3,BA.2,2,NA,0,G_Platcov,G_0
PLT-TH1-275,-6.70805,2.4423,-3.58688,-4.23985,0.916032,2.76361,16.5325,3.90857,97,0.101126,-6.68269,2.5109,-3.60249,-4.00086,0.934938,2.78357,14.0061,3.87312,97,0.174033,-6.69205,2.49313,-3.66874,-3.96775,0.88946,2.01037,10.2823,3.87402,97,0.0816073,0.163829,0.332333,0.321609,1.18276,0.278856,2.97331,4.35919,0.264601,0,0.460988,Platcov,3,BA.2,3,NA,0,G_Platcov,G_0
PLT-TH1-280,-6.7068,2.57511,-3.61195,-2.76501,0.860498,2.29138,12.9853,3.91308,97,0.20035,-6.71675,2.49082,-3.52232,-2.99083,0.902091,2.24856,12.9906,3.97794,97,0.15588,-6.70656,2.60806,-3.65811,-2.77067,0.87912,1.9676,10.3064,3.90723,97,0.0773863,0.188253,0.263509,0.30169,0.768921,0.319857,1.53032,5.1871,0.308155,0,0.177088,Platcov,3,BA.5,4,NA,0,G_Platcov,G_0
PLT-TH1-282,-6.64718,2.47504,-3.82185,-4.88879,1.10562,2.96384,6.37454,3.85012,97,0.13912,-6.69009,2.4771,-3.82738,-4.81843,1.04044,2.99976,6.64799,3.8624,97,0.153311,-6.697,2.52177,-3.81717,-4.41362,0.962666,2.56844,6.31657,3.87098,97,0.0809455,0.169983,0.226037,0.28773,1.13332,0.352791,1.88747,2.32138,0.286847,0,0.178512,Platcov,3,BA.5,3,NA,0,G_Platcov,G_0
PLT-TH1-283,-6.68438,2.16521,-3.63321,-5.78442,0.403492,1.61087,12.9923,3.85491,97,0.133826,-6.71615,2.09878,-3.55592,-5.85138,0.402766,1.88978,15.0564,3.86416,97,0.134945,-6.68506,2.15283,-3.62993,-5.53841,0.367125,1.55846,12.8473,3.82622,97,0.0861113,0.167389,0.26384,0.320377,0.587159,0.114056,1.44118,6.02522,0.336484,0,0.189898,Platcov,3,BA.2,4,NA,0,G_Platcov,G_0
PLT-TH1-289,-6.67722,2.37474,-3.75298,-4.88168,1.1373,2.72985,8.1366,3.92505,97,0.341866,-6.64665,2.44057,-3.83842,-4.4247,1.04595,2.30186,8.86228,3.94562,97,0.158835,-6.71665,2.39241,-3.76253,-4.26325,0.989667,1.9142,7.71306,3.9645,97,0.0585251,0.171023,0.249669,0.313205,1.05931,0.341812,1.42723,6.27513,0.309909,0,0.301145,Platcov,3,BA.2,3,NA,0,G_Platcov,G_0
PLT-TH1-291,-6.70517,2.24907,-3.56203,-5.39083,0.696354,2.01407,17.0237,3.84288,97,0.205493,-6.66115,2.24311,-3.57527,-5.81266,0.728443,2.36376,15.1514,3.78144,97,0.166841,-6.69952,2.28227,-3.57581,-5.45858,0.735212,1.91388,16.8264,3.82522,97,0.0850954,0.173843,0.278557,0.35545,0.93209,0.132803,2.17209,5.57351,0.308852,0,0.206196,Platcov,3,BA.2,4,NA,0,G_Platcov,G_0
PLT-TH1-296,-6.66746,2.37804,-3.76424,-5.54904,1.19464,2.9034,7.86489,3.88457,97,0.140523,-6.688,2.38821,-3.72574,-5.12955,1.11852,3.50522,8.17364,3.91712,97,0.161715,-6.67756,2.47137,-3.85321,-4.7799,1.06157,2.95228,6.49032,3.87126,97,0.0733964,0.183881,0.323949,0.324698,1.18521,0.354793,2.55292,3.62828,0.264235,0,0.254181,Platcov,3,BA.5,5,NA,0,G_Platcov,G_0
PLT-TH1-300,-6.67023,2.47921,-3.68635,-4.96809,1.15599,2.40923,9.71353,3.80932,97,0.175689,-6.66316,2.62852,-3.71097,-3.94271,0.886808,2.56127,8.28062,3.95982,97,0.190744,-6.6995,2.50326,-3.74875,-3.88538,0.820006,2.17444,7.27311,3.8573,97,0.078425,0.169763,0.302298,0.309077,1.26176,0.343015,1.78019,4.39601,0.236138,0,0.434179,Platcov,3,BA.2,4,NA,0,G_Platcov,G_0
PLT-TH1-315,-6.70071,2.53484,-3.81652,-4.50404,1.33502,4.10629,8.70696,3.81801,97,0.180786,-6.68578,2.56402,-3.81599,-4.64216,1.34089,3.30656,6.65802,3.89616,97,0.145128,-6.72007,2.64697,-3.89863,-4.18842,1.25458,3.08202,4.69982,3.84049,97,0.0548651,0.167377,0.28705,0.370136,1.24212,0.500583,1.74771,4.43184,0.302279,0,0.274351,Platcov,3,BA.4,4,NA,0,G_Platcov,G_0
PLT-TH1-317,-6.69982,2.37743,-3.73738,-4.23103,0.740511,2.04389,11.7428,3.85322,97,0.161626,-6.70716,2.53757,-3.64172,-3.65033,0.672646,2.32782,11.6428,3.84852,97,0.134609,-6.70352,2.41522,-3.71376,-3.85613,0.639267,1.88731,8.45196,3.87912,97,0.0680846,0.165776,0.280396,0.312569,0.904092,0.243273,2.08374,4.47022,0.312838,0,0.188235,Platcov,3,BA.2,3,NA,0,G_Platcov,G_0
PLT-TH1-322,-6.77878,2.67097,-3.64565,-2.64967,0.901237,2.2438,13.8113,3.88441,97,0.168037,-6.74946,2.62365,-3.58723,-3.06987,1.01969,2.36365,12.8594,3.94234,97,0.123907,-6.70631,2.59661,-3.66874,-3.01845,0.992569,1.96571,10.2369,3.89888,97,0.074609,0.140916,0.257718,0.393341,0.737313,0.22933,1.87232,7.10717,0.263714,0,0.161234,Platcov,3,BA.2,3,NA,0,G_Platcov,G_0
PLT-TH1-324,-6.65457,2.28511,-3.63116,-4.6389,0.546095,2.47778,12.8563,3.83083,97,0.170065,-6.67895,2.24482,-3.67337,-4.68405,0.555479,2.76863,13.3384,3.84842,97,0.255094,-6.69044,2.31328,-3.66652,-4.60563,0.575861,1.92762,10.1374,3.84282,97,0.0869989,0.16646,0.326741,0.321879,0.975119,0.197679,2.40653,3.61268,0.271458,0,0.450041,Platcov,3,BA.5,4,NA,0,G_Platcov,G_0
PLT-TH1-331,-6.6759,2.35433,-3.5919,-4.26516,0.585772,1.8897,15.6055,3.91571,97,0.231373,-6.70925,2.41772,-3.62974,-4.1006,0.543588,1.97771,15.8437,3.88484,97,0.130049,-6.6847,2.34542,-3.59406,-4.10209,0.51534,1.64128,14.7614,3.84353,97,0.0883574,0.18268,0.311583,0.376735,0.537738,0.161006,1.55913,6.85049,0.265096,0,0.22394,Platcov,3,BA.5,5,NA,0,G_Platcov,G_0
PLT-TH1-334,-6.6913,2.43313,-3.6984,-4.4043,0.868886,2.15724,10.9646,3.8935,97,0.152881,-6.70304,2.41452,-3.68272,-4.28032,0.812457,2.17813,11.6203,3.87837,97,0.16326,-6.6876,2.43479,-3.68368,-4.46406,0.892308,2.05101,10.0939,3.87054,97,0.0838551,0.188286,0.275971,0.307109,0.727846,0.25598,1.33639,6.20759,0.283627,0,0.185841,Platcov,3,BA.5,3,NA,0,G_Platcov,G_0
PLT-TH1-338,-6.65787,2.44776,-3.70007,-4.64335,1.10617,2.25128,12.155,3.91631,97,0.194526,-6.66784,2.48674,-3.7026,-4.73753,1.16629,2.05773,12.4814,3.86647,97,0.182475,-6.70089,2.59855,-3.71347,-4.17257,1.13047,1.71512,10.9551,3.84392,97,0.0818409,0.167035,0.235384,0.34315,0.957765,0.281498,1.32131,5.07941,0.287949,0,0.208122,Platcov,3,BA.5,2,NA,0,G_Platcov,G_0
PLT-TH1-344,-6.68941,2.30997,-3.61911,-4.19969,0.474812,2.32576,17.3537,3.8544,97,0.178902,-6.69374,2.2481,-3.48096,-4.37325,0.511072,2.66999,17.0351,3.79298,97,0.229602,-6.69891,2.29994,-3.55327,-4.28343,0.494252,1.88534,18.1733,3.86731,97,0.0949274,0.151826,0.295567,0.320395,0.603971,0.138993,2.71875,4.88577,0.304436,0,0.317681,Platcov,3,BA.5,4,NA,0,G_Platcov,G_0
PLT-TH1-345,-6.66567,2.31166,-3.67623,-5.21539,0.78774,2.38225,12.4409,3.87697,97,0.176941,-6.69215,2.3523,-3.61218,-4.91069,0.74183,2.56476,11.6828,3.8063,97,0.15884,-6.69284,2.34403,-3.68558,-4.98231,0.759858,2.2453,10.0439,3.8534,97,0.0845529,0.179071,0.280847,0.260985,0.89568,0.222737,1.79186,3.59236,0.317039,0,0.231539,Platcov,3,BA.2,3,NA,0,G_Platcov,G_0
PLT-TH1-347,-6.66248,2.25764,-3.69539,-5.09379,0.520438,2.87486,10.5407,3.82472,97,0.178568,-6.68732,2.33464,-3.71435,-5.19975,0.590231,2.48157,10.9436,3.85412,97,0.118887,-6.68667,2.25335,-3.67153,-4.9898,0.502801,2.00016,10.096,3.83694,97,0.0834768,0.155842,0.294997,0.328411,0.831391,0.157113,1.54925,1.91767,0.253735,0,0.136225,Platcov,3,BA.5,3,NA,0,G_Platcov,G_0
PLT-TH1-360,-6.71473,2.13853,-3.7454,-5.95616,0.733853,4.11567,6.50428,3.84927,97,0.114399,-6.70776,2.28763,-3.77133,-5.78596,0.766901,4.37929,6.77913,3.75625,97,0.132219,-6.70384,2.27448,-3.76878,-5.67859,0.711914,3.96951,6.84294,3.81389,97,0.0740845,0.149428,0.357143,0.298633,0.878846,0.273695,1.84432,0.71066,0.259063,0,0.169575,Platcov,3,BA.5,4,NA,0,G_Platcov,G_0
PLT-TH1-363,-6.63914,2.56064,-3.88343,-3.71591,0.697116,3.77752,5.93834,3.90664,97,0.179627,-6.69614,2.48168,-3.77282,-3.83279,0.698596,4.0059,6.42995,3.8836,97,0.209911,-6.69693,2.46012,-3.75958,-3.77894,0.672532,4.40767,5.99902,3.81673,97,0.0947222,0.187167,0.219492,0.331609,1.04002,0.3153,3.45711,2.34353,0.275897,0,0.282629,Platcov,3,BA.5,4,NA,0,G_Platcov,G_0
PLT-TH1-367,-6.72362,2.49975,-3.614,-3.46521,0.788183,2.53286,13.2144,3.85464,97,0.23058,-6.70273,2.43892,-3.6357,-3.51283,0.758268,2.54585,14.0369,3.96517,97,0.173194,-6.68433,2.5067,-3.69791,-3.42675,0.763066,2.22476,10.1094,3.88508,97,0.0775767,0.139965,0.28063,0.317731,0.802359,0.231083,1.79191,5.76967,0.285453,0,0.223503,Platcov,3,BA.5,5,NA,0,G_Platcov,G_0
PLT-TH1-376,-6.69258,2.40885,-3.68806,-4.71666,1.09903,2.5957,11.4063,3.93933,97,0.144558,-6.69212,2.53591,-3.69628,-4.21395,1.00173,1.99497,10.2382,3.81954,97,0.102708,-6.69434,2.5061,-3.75747,-4.07286,0.94586,1.7118,8.76155,3.88939,97,0.050935,0.172645,0.247149,0.320947,1.01714,0.299952,1.29329,4.89914,0.288139,0,0.121578,Platcov,3,BA.5,5,NA,0,G_Platcov,G_0
PLT-TH1-378,-6.71541,2.49876,-3.72218,-3.69564,0.913092,2.36251,12.1239,3.94892,97,0.288096,-6.70837,2.49697,-3.66391,-3.84134,0.972503,2.1483,12.0714,3.88961,97,0.231518,-6.70889,2.50014,-3.69377,-3.74493,0.947768,1.81087,10.0068,3.87169,97,0.0870565,0.197924,0.300735,0.328447,0.851341,0.22696,1.3227,4.44063,0.297107,0,0.340116,Platcov,3,BA.5,5,NA,0,G_Platcov,G_0
PLT-TH1-384,-6.73365,2.53652,-3.54894,-3.88017,1.14488,2.359,13.1809,3.94512,97,0.279151,-6.68566,2.5325,-3.5377,-3.70216,1.0633,2.38258,13.0966,3.87734,97,0.225107,-6.70221,2.53186,-3.70835,-3.62474,1.01815,1.94162,9.88752,3.88742,97,0.0895876,0.170673,0.280608,0.262626,0.706143,0.285885,1.58262,7.11512,0.318126,0,0.386977,Platcov,3,BA.5,4,NA,0,G_Platcov,G_0
PLT-TH1-388,-6.70676,2.38796,-3.65312,-4.39894,0.82823,2.38626,11.2159,3.89513,97,0.173555,-6.67884,2.40642,-3.75122,-4.46332,0.925784,2.18006,10.0602,3.84415,97,0.165365,-6.68776,2.44722,-3.68089,-4.16117,0.80373,1.86412,10.1416,3.85823,97,0.088952,0.185896,0.317299,0.340839,1.26092,0.497688,1.45247,4.80058,0.314714,0,0.226056,Platcov,3,BA.5,0,NA,0,G_Platcov,G_0
PLT-TH1-389,-6.69009,2.36004,-3.79867,-4.48668,0.802283,2.29688,6.35215,3.88909,97,0.200765,-6.71482,2.27909,-3.81276,-4.35771,0.664966,2.93469,5.86808,3.83339,97,0.182547,-6.69299,2.36596,-3.79496,-4.1271,0.592146,2.77411,5.61402,3.85487,97,0.0924434,0.144882,0.311571,0.327706,0.70776,0.315017,1.7403,1.89426,0.269932,0,0.334449,Platcov,3,BA.5,3,NA,0,G_Platcov,G_0
PLT-TH1-398,-6.68976,2.29466,-3.61652,-5.80671,0.755931,2.35746,18.5959,3.83704,97,0.132246,-6.65312,2.16189,-3.58148,-5.89941,0.731657,1.75591,15.6965,3.8251,97,0.164072,-6.69356,2.25612,-3.59525,-5.73207,0.793084,1.36145,14.7478,3.8234,97,0.0798274,0.182904,0.307193,0.303394,0.946097,0.194525,1.49042,7.21731,0.285232,0,0.255301,Platcov,3,BA.5,5,NA,0,G_Platcov,G_0
PLT-TH1-399,-6.69243,2.24496,-3.75599,-5.90646,0.887754,2.11523,11.3868,3.84276,97,0.16534,-6.69869,2.20843,-3.67943,-5.87961,0.861233,2.25033,10.4117,3.8119,97,0.138929,-6.72949,2.25177,-3.68427,-5.92356,0.958028,2.20677,10.0262,3.80596,97,0.0841708,0.17153,0.253686,0.350475,0.86268,0.2455,1.53226,3.9038,0.287898,0,0.214331,Platcov,3,BA.5,2,NA,0,G_Platcov,G_0
PLT-TH1-409,-6.69983,2.3416,-3.74746,-5.46427,0.851184,2.44212,7.62082,3.79913,97,0.160055,-6.70736,2.35834,-3.66297,-5.81009,1.04061,2.03312,10.0772,3.84786,97,0.138111,-6.69872,2.33188,-3.69293,-5.58946,1.00753,1.9954,9.90481,3.82978,97,0.0865668,0.166338,0.241568,0.292934,0.838732,0.251915,1.45491,4.50536,0.283471,0,0.153158,Platcov,3,BA.5,2,NA,0,G_Platcov,G_0
PLT-TH1-411,-6.67569,2.39566,-3.64719,-3.42734,0.992816,2.48275,13.3229,3.88893,97,0.197177,-6.63924,2.52269,-3.65098,-4.03928,1.25007,2.31024,11.8857,3.92024,97,0.216967,-6.66544,2.43115,-3.61057,-4.07512,1.17947,1.88409,10.609,3.91283,97,0.0903095,0.160747,0.267852,0.33691,1.30986,0.391779,1.65325,5.2632,0.369026,0,0.384148,Platcov,3,BA.2,4,NA,0,G_Platcov,G_0
PLT-TH1-003,-6.68325,2.27562,-3.57488,-4.80911,0.543087,2.12064,15.8838,3.90874,97,0.181978,-6.65852,2.26147,-3.60251,-4.76364,0.549861,2.2681,17.8855,3.8266,97,0.209899,-6.68721,2.3109,-3.61227,-4.61965,0.532709,1.89803,14.4985,3.85234,97,0.0891362,0.173449,0.353362,0.288446,0.698131,0.180465,1.51511,6.2124,0.278897,0,0.340109,Platcov,3,Delta,2,NA,1,G_Platcov,G_1
PLT-TH1-012,-6.65171,2.17932,-3.55062,-5.10196,0.392499,1.87309,17.5125,3.81837,97,0.316989,-6.70328,2.23843,-3.56695,-5.14745,0.432719,2.38871,17.3071,3.78039,97,0.171677,-6.68602,2.18664,-3.62463,-5.14073,0.410944,1.9565,14.0494,3.83918,97,0.116457,0.185816,0.259398,0.329674,0.707017,0.119904,1.83393,4.92655,0.275828,0,0.18777,Platcov,3,Delta,2,NA,1,G_Platcov,G_1
PLT-TH1-016,-6.69188,2.28792,-3.67134,-5.40425,0.67517,2.91211,12.2735,3.877,97,0.177789,-6.6642,2.25228,-3.63033,-5.36764,0.635637,2.49643,12.0739,3.88642,97,0.152745,-6.68748,2.28571,-3.6784,-5.07013,0.612269,2.14178,10.0564,3.84113,97,0.0922055,0.168654,0.269724,0.315194,0.910403,0.171249,1.67112,2.55538,0.300478,0,0.162723,Platcov,3,Delta,2,NA,1,G_Platcov,G_1
PLT-TH1-019,-6.8206,1.78255,-3.80805,-7.0727,0.777703,2.09971,6.64905,3.86073,97,0.0405095,-6.75494,2.13754,-3.6014,-6.09858,1.5029,1.97063,14.8867,3.88193,97,0.0651454,-6.86425,1.88767,-3.59961,-5.96059,1.3157,1.76635,14.1489,3.89519,97,0.0428947,0.136857,0.348541,0.389045,1.53117,0.720362,0.993221,5.7829,0.266104,0,0.0686058,Platcov,3,Delta,2,NA,1,G_Platcov,G_1
PLT-TH1-022,-6.68335,2.47736,-3.75963,-4.72928,1.06828,2.1751,7.82721,3.79216,97,0.249649,-6.63182,2.43012,-3.71661,-5.52615,1.3215,2.8612,8.80843,3.84481,97,0.264721,-6.68486,2.45379,-3.75502,-5.20063,1.29808,2.39331,6.63102,3.84442,97,0.150968,0.166147,0.283671,0.287977,1.00309,0.27494,1.67745,3.90086,0.344124,0,0.275506,Platcov,3,Delta,2,NA,1,G_Platcov,G_1
PLT-TH1-030,-6.676,2.4443,-3.69807,-4.5535,0.816543,2.91558,11.1806,3.86478,97,0.233188,-6.62804,2.31492,-3.69497,-4.78948,0.880843,2.32583,9.59105,3.8124,97,0.240049,-6.71158,2.33099,-3.72778,-4.47376,0.812925,2.06278,7.71526,3.87244,97,0.126879,0.162813,0.250003,0.33824,1.2135,0.330293,1.38548,4.19092,0.259688,0,0.289767,Platcov,3,Delta,0,NA,1,G_Platcov,G_1
PLT-TH1-031,-6.69521,2.33163,-3.67099,-4.55908,0.637281,2.32662,11.3875,3.90328,97,0.208262,-6.68239,2.33953,-3.69294,-4.22971,0.614962,2.04876,12.0456,3.81544,97,0.262289,-6.68097,2.34017,-3.69503,-4.23577,0.569487,1.59939,12.4631,3.80076,97,0.166556,0.156008,0.298886,0.297782,0.572737,0.222652,1.54843,5.77573,0.254312,0,0.293663,Platcov,3,Delta,2,NA,1,G_Platcov,G_1
PLT-TH1-039,-6.71433,2.40837,-3.74546,-4.92685,1.01874,2.25168,7.44407,3.79659,97,0.96633,-6.66794,2.33146,-3.80508,-5.23238,0.968689,2.21453,10.1616,3.84948,97,0.389811,-6.70833,2.41031,-3.71246,-5.28568,1.1439,3.13882,10.5434,3.8856,97,0.144867,0.169825,0.320091,0.35528,0.87174,0.349741,1.25793,6.88256,0.333695,0,0.483015,Platcov,3,Delta,1,NA,1,G_Platcov,G_1
PLT-TH1-044,-6.6821,2.38878,-3.68802,-4.25438,0.505397,1.96834,12.5102,3.8759,97,0.352852,-6.66139,2.41494,-3.59425,-4.2586,0.53685,1.5532,13.0764,3.87307,97,0.368585,-6.69582,2.32288,-3.60289,-4.31409,0.526289,1.25698,14.3628,3.85275,97,0.251909,0.161502,0.310294,0.309445,0.664377,0.149893,1.12402,5.94253,0.358491,0,0.283097,Platcov,3,Delta,2,NA,1,G_Platcov,G_1
PLT-TH1-046,-6.69836,2.27828,-3.52296,-4.18384,0.400242,1.8883,17.5661,3.80737,97,0.107705,-6.71567,2.09645,-3.63445,-4.68159,0.417746,1.69983,16.1796,3.82951,97,0.118953,-6.68189,2.25919,-3.57545,-4.25729,0.386673,1.44239,14.9952,3.85635,97,0.0601241,0.175638,0.243141,0.259389,0.603984,0.144829,1.14516,5.19603,0.320511,0,0.149485,Platcov,3,Delta,0,NA,1,G_Platcov,G_1
PLT-TH1-059,-6.69331,2.34366,-3.70639,-5.44684,0.981959,2.56849,13.0191,3.85261,97,0.189685,-6.71468,2.36034,-3.74542,-5.3028,0.996911,2.02081,11.7469,3.78782,97,0.23048,-6.69231,2.40031,-3.70427,-5.05694,0.943994,1.69278,8.59781,3.8481,97,0.100074,0.174326,0.378459,0.350772,1.07949,0.29971,1.4608,5.3809,0.280881,0,0.3533,Platcov,3,BA.1,2,NA,1,G_Platcov,G_1
PLT-TH1-060,-6.6729,2.54252,-3.52188,-2.35511,0.407865,2.01461,19.2041,3.9005,97,0.0313995,-6.71594,2.42639,-3.5303,-2.47487,0.394799,2.67748,19.7329,3.8498,97,0.0292737,-6.71327,2.45511,-3.57752,-2.50444,0.397054,1.97442,15.8447,3.8618,97,0.0192159,0.193344,0.28273,0.342146,0.661124,0.129214,2.26818,6.56334,0.310827,0,0.0251961,Platcov,3,BA.1,0,NA,1,G_Platcov,G_1
PLT-TH1-062,-6.66876,2.40003,-3.65644,-5.70132,1.11301,2.68926,12.6563,3.78022,97,0.159288,-6.7144,2.26707,-3.66095,-5.78169,1.05654,2.25096,11.717,3.80648,97,0.164441,-6.69171,2.36907,-3.69627,-5.25187,0.994147,1.94785,9.84739,3.84343,97,0.0612554,0.153382,0.343602,0.340247,1.2074,0.332651,1.37764,5.55313,0.289641,0,0.290247,Platcov,3,BA.1,3,NA,1,G_Platcov,G_1
PLT-TH1-064,-6.73253,2.18207,-3.81617,-5.95076,1.0065,2.26508,5.37792,3.808,97,0.145559,-6.72288,2.17031,-3.70606,-6.50162,1.35755,2.43049,7.89027,3.82564,97,0.2426,-6.75226,2.24305,-3.78508,-6.16272,1.24673,2.01791,5.8817,3.79418,97,0.111654,0.146635,0.288856,0.311982,1.15686,0.520421,1.66208,5.10718,0.265682,0,0.41233,Platcov,3,BA.1,2,NA,1,G_Platcov,G_1
PLT-TH1-071,-6.6263,2.23335,-3.64882,-5.60399,0.901925,1.98998,13.3681,3.79818,97,0.180749,-6.69479,2.34797,-3.59736,-5.13353,0.840921,2.30645,15.2623,3.84539,97,0.181735,-6.68754,2.3494,-3.58754,-4.99882,0.809897,1.89514,14.797,3.85143,97,0.0817499,0.167806,0.287043,0.319354,0.920076,0.237678,1.61529,5.52933,0.354382,0,0.28192,Platcov,3,BA.1,3,NA,1,G_Platcov,G_1
PLT-TH1-073,-6.65714,2.43607,-3.64418,-4.68447,1.02547,2.64834,13.0313,3.80249,97,0.0710682,-6.68943,2.43966,-3.68937,-4.84727,1.06189,2.71214,11.6038,3.85375,97,0.0812022,-6.7069,2.5275,-3.71299,-4.56512,1.02257,2.0553,8.84607,3.89057,97,0.0397949,0.187331,0.229649,0.285921,1.0146,0.26879,2.398,4.33639,0.326461,0,0.0928884,Platcov,3,BA.1,3,NA,1,G_Platcov,G_1
PLT-TH58-005,-6.67177,2.51929,-3.69183,-2.22533,0.766,2.56231,9.94561,3.9025,97,0.120717,-6.71056,2.59058,-3.68959,-2.12126,0.730565,2.60529,10.4661,3.83979,97,0.110417,-6.7466,2.61602,-3.67517,-1.98104,0.698009,2.13552,10.0637,3.90812,97,0.0504222,0.161959,0.336739,0.29663,0.753257,0.261275,1.87169,5.40844,0.334528,0,0.186124,Platcov,3,BA.1,2,NA,1,G_Platcov,G_1
PLT-TH1-078,-6.99037,1.63113,-3.66479,-6.00221,0.714847,4.99004,9.12342,3.74014,97,0.736341,-6.94102,1.53663,-3.64004,-5.86234,0.436549,5.45212,9.42859,3.77287,97,0.516814,-6.91744,1.50516,-3.73094,-5.65053,0.401991,3.34845,9.97286,3.73434,97,0.298965,0.176398,0.183381,0.325049,0.915897,0.236596,3.46296,1.49008,0.309108,0,0.627008,Platcov,3,BA.1,2,NA,1,G_Platcov,G_1
PLT-TH1-087,-6.66177,2.38029,-3.6081,-4.73949,0.625187,1.9792,18.712,3.86878,97,0.521431,-6.65206,2.35913,-3.52387,-4.78453,0.612537,2.87857,19.9882,3.90074,97,0.232271,-6.68974,2.33778,-3.58669,-4.70459,0.601412,2.13467,16.7312,3.83982,97,0.140978,0.19398,0.269833,0.32401,0.883101,0.131634,2.66251,5.09164,0.269689,0,0.234551,Platcov,3,BA.1,2,NA,1,G_Platcov,G_1
PLT-TH1-090,-6.68329,2.43886,-3.70021,-4.3022,0.929938,2.63748,9.07148,3.89998,97,0.151918,-6.69285,2.48476,-3.75652,-4.19604,0.963326,2.84276,10.3106,3.87314,97,0.246376,-6.71104,2.52389,-3.7748,-3.69054,0.813239,2.30776,7.64112,3.85778,97,0.109737,0.190456,0.282916,0.267746,1.34556,0.43137,2.1431,4.80058,0.383866,0,0.342879,Platcov,3,BA.1,3,NA,1,G_Platcov,G_1
PLT-TH1-091,-6.65718,2.4254,-3.77283,-3.69706,0.644197,2.73349,6.77877,3.91901,97,0.0490517,-6.66827,2.41172,-3.68306,-4.24662,0.881309,2.85645,8.87326,3.84665,97,0.0896041,-6.68625,2.48156,-3.75903,-4.02071,0.831239,2.38323,6.90231,3.86842,97,0.0356371,0.162192,0.259776,0.31838,0.881266,0.279263,1.72542,4.10718,0.258937,0,0.138267,Platcov,3,BA.1,3,NA,1,G_Platcov,G_1
PLT-TH1-100,-6.62733,2.49768,-3.53305,-4.67749,0.942025,2.14506,14.416,3.84827,97,0.312464,-6.70663,2.42769,-3.50197,-4.6241,0.867305,2.2264,13.2232,3.83999,97,0.473185,-6.68024,2.39991,-3.73445,-4.44202,0.811352,1.81203,8.32199,3.85271,97,0.179045,0.171586,0.325742,0.369047,0.874718,0.329532,1.75102,6.72357,0.28088,0,0.695595,Platcov,3,BA.1,2,NA,1,G_Platcov,G_1
PLT-TH1-108,-6.65685,2.29307,-3.67343,-5.67933,0.961147,2.30538,11.5532,3.81029,97,0.173339,-6.65252,2.28788,-3.68071,-5.51845,0.86223,1.8252,10.2621,3.87025,97,0.170722,-6.69735,2.37655,-3.65703,-5.36303,0.931332,1.71082,10.6061,3.83867,97,0.0690992,0.167437,0.290876,0.347294,1.00831,0.2647,1.41608,4.57523,0.320832,0,0.212882,Platcov,3,BA.1,2,NA,1,G_Platcov,G_1
PLT-TH1-110,-6.70069,2.11753,-3.64669,-6.14899,0.766806,2.08095,15.6936,3.86265,97,0.205115,-6.68967,2.16259,-3.66,-6.11846,0.76463,1.84044,15.1304,3.86738,97,0.362201,-6.70194,2.26071,-3.58299,-5.60608,0.740508,1.51712,15.2529,3.83277,97,0.198557,0.180648,0.281856,0.326858,1.02487,0.21286,1.36054,6.39039,0.271314,0,0.350689,Platcov,3,BA.1,2,NA,1,G_Platcov,G_1
PLT-BR3-003,-6.708,2.25045,-3.77179,-5.72173,0.814914,2.63325,6.46228,3.83999,97,0.139903,-6.66795,2.22176,-3.78412,-5.76321,0.749766,3.08306,5.7188,3.79489,97,0.173337,-6.6996,2.27437,-3.77286,-5.63948,0.791811,3.09156,6.34398,3.81499,97,0.0665412,0.184605,0.300207,0.257724,0.959374,0.330818,2.30043,1.18628,0.279698,0,0.248364,Platcov,3,BA.1,2,NA,1,G_Platcov,G_1
PLT-TH57-007,-6.69843,2.51146,-3.65456,-4.63547,1.27548,3.17324,10.7551,3.87171,97,0.0303751,-6.69297,2.50017,-3.69072,-4.72354,1.38298,2.79535,10.837,3.84453,97,0.0671721,-6.68986,2.52364,-3.70373,-4.54035,1.30344,2.15321,9.95854,3.87599,97,0.0198717,0.197902,0.288769,0.322157,1.35044,0.452863,1.86937,4.43602,0.273069,0,0.140668,Platcov,3,BA.1,3,NA,1,G_Platcov,G_1
PLT-TH58-009,-6.68146,2.33386,-3.72184,-5.52226,1.05556,2.12201,9.9453,3.82436,97,0.16242,-6.6919,2.274,-3.77027,-5.36306,0.985566,2.49709,10.1412,3.91178,97,0.155851,-6.68088,2.41415,-3.65908,-5.14674,1.09898,1.76258,10.5612,3.8514,97,0.0583006,0.169568,0.292462,0.357968,1.24367,0.406604,1.55795,7.74427,0.305499,0,0.195984,Platcov,3,BA.2,3,NA,1,G_Platcov,G_1
PLT-TH1-117,-6.6039,2.47409,-3.76513,-4.91649,1.40518,2.29149,8.91798,3.90401,97,0.171638,-6.62789,2.55865,-3.69754,-5.19849,1.67757,2.50783,9.27589,3.89292,97,0.0914704,-6.69147,2.55092,-3.66636,-4.60273,1.50714,2.20586,10.6317,3.89669,97,0.0630782,0.144981,0.274078,0.304619,1.30024,0.483684,1.60342,5.33892,0.25213,0,0.11263,Platcov,3,BA.1,2,NA,1,G_Platcov,G_1
PLT-TH1-119,-6.67036,2.28019,-3.72589,-4.77809,0.48974,2.48517,10.2807,3.86973,97,0.412449,-6.71206,2.15536,-3.77085,-4.80562,0.429992,2.1858,9.69587,3.85795,97,0.280591,-6.69677,2.2515,-3.74228,-4.56755,0.362871,1.92884,7.30753,3.84403,97,0.171616,0.163044,0.349668,0.281812,0.892458,0.172601,1.63115,3.21484,0.337794,0,0.311433,Platcov,3,BA.2,2,NA,1,G_Platcov,G_1
PLT-TH1-125,-6.70516,2.17102,-3.69678,-5.88421,0.818709,1.79791,11.0301,3.81871,97,0.160763,-6.6837,2.25555,-3.7041,-5.26718,0.504221,1.37975,6.42008,3.83791,97,0.144689,-6.68682,2.25055,-3.74114,-5.37654,0.619123,1.37213,6.94848,3.82249,97,0.0881985,0.184428,0.433647,0.305592,0.878801,0.230099,0.561998,1.97707,0.272942,0,0.382986,Platcov,3,BA.2,2,NA,1,G_Platcov,G_1
PLT-TH1-126,-6.68002,2.25968,-3.62903,-5.07583,0.696859,2.15322,15.3361,3.87514,97,0.0694163,-6.68802,2.34022,-3.608,-4.9831,0.717779,2.17587,16.008,3.82991,97,0.0634409,-6.67769,2.36524,-3.67606,-5.00235,0.7406,1.87063,11.0767,3.86976,97,0.0319082,0.150292,0.260855,0.352657,1.01285,0.180388,1.50334,5.64194,0.27944,0,0.0705229,Platcov,3,BA.2,4,NA,1,G_Platcov,G_1
PLT-TH1-127,-6.71128,2.20332,-3.65708,-5.5019,0.495341,1.86591,13.2342,3.86512,97,0.216589,-6.701,2.16417,-3.67723,-5.77583,0.530897,1.67511,13.5577,3.82562,97,0.232924,-6.69379,2.2087,-3.61784,-5.54481,0.523003,1.34064,13.9257,3.82037,97,0.122812,0.172423,0.264739,0.339047,0.728948,0.140795,1.23202,4.52211,0.274257,0,0.329893,Platcov,3,BA.1,3,NA,1,G_Platcov,G_1
PLT-TH1-131,-6.69071,2.22255,-3.63546,-3.83002,0.363147,2.19917,12.2876,3.80179,97,0.173914,-6.67969,2.26584,-3.64384,-3.79835,0.402305,2.19806,12.1503,3.79421,97,0.25551,-6.70322,2.34767,-3.6995,-3.68442,0.385144,1.72493,8.81805,3.83678,97,0.128463,0.176789,0.337085,0.278685,0.733526,0.160603,1.8498,5.0495,0.305539,0,0.256693,Platcov,3,BA.2,2,NA,1,G_Platcov,G_1
PLT-TH57-008,-6.73065,2.61133,-3.65171,-3.47448,0.990703,2.38534,9.47648,3.88055,97,0.0834178,-6.71579,2.57128,-3.64683,-3.47815,0.993917,2.80416,11.1729,3.87797,97,0.091118,-6.70755,2.50947,-3.65443,-3.41456,0.917076,1.97126,10.2104,3.87092,97,0.0365016,0.16688,0.271185,0.327108,1.16677,0.337492,2.21515,5.41629,0.308181,0,0.131861,Platcov,3,BA.1,4,NA,1,G_Platcov,G_1
PLT-TH1-136,-6.67859,2.38331,-3.66528,-3.66463,0.48845,3.0016,11.721,3.89657,97,0.0416353,-6.70095,2.22509,-3.66566,-3.83164,0.444728,2.5366,10.4944,3.90151,97,0.0369862,-6.68322,2.30802,-3.64539,-3.77397,0.458151,2.13149,10.3064,3.85112,97,0.0218214,0.197462,0.307161,0.278419,0.547779,0.171268,1.90248,1.86633,0.263035,0,0.0586343,Platcov,3,BA.2,4,NA,1,G_Platcov,G_1
PLT-TH1-143,-6.66404,2.33578,-3.75943,-5.14747,0.711769,4.62743,7.91288,3.82853,97,0.218401,-6.73044,2.16692,-3.75202,-4.89151,0.539429,4.81026,7.60077,3.87956,97,0.148264,-6.68588,2.30294,-3.75278,-4.58953,0.52086,3.06631,7.68491,3.86449,97,0.0667313,0.154433,0.301761,0.292141,0.840921,0.236784,3.55041,0.910359,0.278407,0,0.1672,Platcov,3,BA.2,2,NA,1,G_Platcov,G_1
PLT-TH1-150,-6.71749,2.13392,-3.58102,-5.94514,0.521302,2.12146,20.0317,3.78091,97,0.110936,-6.72536,2.17538,-3.48977,-5.86815,0.524721,2.32177,20.2235,3.83884,97,0.12864,-6.6977,2.1775,-3.57257,-5.74123,0.509495,1.90369,16.6847,3.81136,97,0.0747252,0.17975,0.317097,0.320026,0.721315,0.126558,1.87421,5.12123,0.336409,0,0.150657,Platcov,3,BA.2,3,NA,1,G_Platcov,G_1
PLT-TH1-153,-6.63424,2.29826,-3.53915,-5.24388,0.758759,2.27402,15.2041,3.88137,97,0.0872671,-6.65581,2.29313,-3.55232,-5.14489,0.728231,2.36346,15.0913,3.91903,97,0.135564,-6.68666,2.32607,-3.59453,-4.84661,0.699716,1.90978,15.1938,3.84016,97,0.0764368,0.177334,0.285546,0.333798,0.862352,0.184715,1.78634,4.93427,0.282035,0,0.212389,Platcov,3,BA.1,3,NA,1,G_Platcov,G_1
PLT-TH1-154,-6.67107,2.58224,-3.61436,-3.89949,1.51608,2.82729,12.1312,3.92386,97,0.114041,-6.67782,2.58772,-3.68174,-3.58195,1.35663,2.6842,11.0263,3.92398,97,0.0983711,-6.69815,2.63214,-3.6902,-3.49939,1.26371,2.15092,9.98949,3.91473,97,0.0547791,0.186286,0.280019,0.334133,1.34402,0.608498,2.17561,5.30848,0.302456,0,0.208483,Platcov,3,BA.2,3,NA,1,G_Platcov,G_1
PLT-TH1-170,-6.63898,2.31236,-3.68373,-5.61738,1.20248,2.51969,9.51674,3.8613,97,0.156127,-6.68293,2.29793,-3.79178,-5.24123,0.9987,3.20637,6.71892,3.90024,97,0.263511,-6.68785,2.39572,-3.82412,-4.75083,0.845139,2.11812,4.55779,3.85103,97,0.0770433,0.15421,0.271624,0.384008,1.18569,0.503829,2.72159,3.67022,0.259965,0,0.643814,Platcov,3,BA.2,2,NA,1,G_Platcov,G_1
PLT-TH1-177,-6.69054,2.40392,-3.66563,-5.06119,1.05542,2.63056,10.2803,3.84589,97,0.0949757,-6.61876,2.35524,-3.67474,-5.15141,1.05142,1.86633,9.16636,3.79899,97,0.137105,-6.6903,2.4163,-3.72505,-4.87096,1.00973,1.59685,7.78253,3.84808,97,0.0629502,0.188091,0.304943,0.317071,1.01395,0.281511,1.16653,4.21485,0.287809,0,0.186873,Platcov,3,BA.2,4,NA,1,G_Platcov,G_1
PLT-TH1-178,-6.69789,2.10006,-3.71072,-6.02162,0.626124,3.97318,5.5556,3.84199,97,0.164751,-6.68858,2.25414,-3.77747,-5.83717,0.725165,4.9612,5.88219,3.78308,97,0.338738,-6.70204,2.25175,-3.7891,-5.58964,0.671839,4.34387,5.89104,3.81102,97,0.133605,0.165779,0.397188,0.318294,1.04881,0.257217,1.81521,0.441436,0.318746,0,0.644476,Platcov,3,BA.2,3,NA,1,G_Platcov,G_1
PLT-TH1-192,-6.68522,2.2854,-3.69675,-5.24304,0.582041,3.02181,8.2892,3.77373,97,0.246663,-6.67436,2.23428,-3.77351,-5.23427,0.534901,3.05428,7.44421,3.79161,97,0.281852,-6.68497,2.27323,-3.73747,-5.2594,0.606434,3.28223,7.58885,3.84193,97,0.186472,0.168253,0.294859,0.269566,0.7879,0.155166,1.98148,1.37422,0.314445,0,0.290786,Platcov,3,BA.2,3,NA,1,G_Platcov,G_1
PLT-TH1-194,-6.72477,2.27779,-3.85687,-5.91888,0.969535,2.36654,5.49284,3.84959,97,0.140203,-6.72473,2.2865,-3.87025,-5.55737,0.816747,2.53008,4.78897,3.71731,97,0.106712,-6.70182,2.29746,-3.82791,-5.40803,0.746873,2.09328,4.68781,3.81696,97,0.0430194,0.146391,0.308168,0.323447,0.779947,0.300083,1.46599,1.73429,0.294873,0,0.325379,Platcov,3,BA.2,3,NA,1,G_Platcov,G_1
PLT-TH1-199,-6.70754,2.17482,-3.84456,-5.86541,0.59157,1.22031,4.20912,3.81711,97,0.0889843,-6.72595,2.11134,-3.73044,-6.15972,0.889308,1.86294,7.88644,3.78895,97,0.059665,-6.71775,2.14689,-3.8636,-6.051,0.572469,1.35051,3.9116,3.82631,97,0.0594013,0.173722,0.302968,0.322192,0.961541,0.55835,1.56133,5.39557,0.319444,0,0.0719786,Platcov,3,BA.2,4,NA,1,G_Platcov,G_1
PLT-TH1-200,-6.73486,1.96639,-3.85627,-6.52704,0.654821,1.57086,5.26943,3.83985,97,0.209878,-6.74353,2.13572,-3.66775,-6.42423,0.805852,1.74838,6.25388,3.76328,97,0.201637,-6.73533,2.12214,-3.81467,-6.12959,0.611811,1.54696,5.41977,3.77523,97,0.0987463,0.166736,0.32994,0.329639,0.983308,0.401373,0.973005,2.35125,0.268177,0,0.267125,Platcov,3,BA.2,4,NA,1,G_Platcov,G_1
PLT-TH1-207,-6.75669,2.2225,-3.73793,-6.42459,1.51052,1.80779,10.2155,3.73982,97,0.200152,-6.76166,2.24143,-3.69119,-6.50352,1.53768,1.91045,10.3141,3.71614,97,0.283982,-6.82217,2.14427,-3.6761,-6.60248,1.7723,1.72203,10.1814,3.77261,97,0.150153,0.160941,0.28139,0.320301,1.01501,0.358788,1.27209,5.05896,0.311693,0,0.387865,Platcov,3,BA.2,4,NA,1,G_Platcov,G_1
PLT-TH1-208,-6.68167,2.20641,-3.64762,-5.56908,0.709064,2.0647,15.4231,3.80339,97,0.285514,-6.69716,2.22447,-3.55958,-5.26854,0.592425,2.30508,15.0523,3.8302,97,0.139588,-6.68486,2.29865,-3.55856,-5.4066,0.733519,1.87825,16.8664,3.83066,97,0.0755082,0.178003,0.334772,0.313816,0.980267,0.187828,1.85577,8.03838,0.266938,0,0.148694,Platcov,3,BA.2,3,NA,1,G_Platcov,G_1
PLT-TH1-214,-6.71901,2.22139,-3.64012,-6.09727,0.79976,2.61407,11.6811,3.83356,97,0.158221,-6.69722,2.29802,-3.66824,-5.61175,0.730843,2.16006,10.686,3.82442,97,0.179889,-6.71404,2.23817,-3.69379,-5.89201,0.801839,2.17676,10.1763,3.8169,97,0.105629,0.160818,0.302089,0.328931,0.84134,0.21746,1.11966,3.04116,0.278687,0,0.311989,Platcov,3,BA.2,3,NA,1,G_Platcov,G_1
PLT-TH1-216,-6.80482,2.25416,-3.49275,-5.78847,0.975823,2.26662,18.2667,3.87198,97,0.0495619,-6.6382,2.25094,-3.40893,-5.52147,0.678739,2.30345,21.6118,3.87247,97,0.0406948,-6.69596,2.25397,-3.55596,-5.44413,0.666891,2.02824,15.9998,3.82516,97,0.0132568,0.145418,0.327174,0.340505,0.800036,0.108631,1.21283,8.15345,0.286679,0,0.0967141,Platcov,3,BA.2,3,NA,1,G_Platcov,G_1
PLT-TH1-231,-6.71182,2.23445,-3.78372,-5.71375,0.56452,2.67254,5.51369,3.80233,97,0.195401,-6.73578,2.16457,-3.79962,-6.15754,0.697473,2.33947,5.62364,3.81087,97,0.273731,-6.72137,2.20226,-3.80146,-5.83078,0.655016,2.24107,5.58918,3.77516,97,0.143507,0.15967,0.289017,0.318065,0.764919,0.238602,1.20993,1.15019,0.334333,0,0.380328,Platcov,3,BA.2,4,NA,1,G_Platcov,G_1
PLT-TH1-232,-6.68217,2.36551,-3.80191,-5.45016,1.30204,2.77205,6.88728,3.81188,97,0.222514,-6.62741,2.50744,-3.82545,-5.06443,1.20426,2.35153,5.58602,3.85265,97,0.213179,-6.68062,2.43567,-3.82866,-4.9963,1.14207,2.15806,4.68884,3.85607,97,0.1113,0.157873,0.340175,0.301295,1.20996,0.376039,1.17038,3.08208,0.292911,0,0.281708,Platcov,3,BA.2,3,NA,1,G_Platcov,G_1
PLT-TH1-240,-6.7347,2.19534,-3.68018,-6.47762,1.17954,1.92121,11.3958,3.81406,97,0.0621121,-6.77059,2.23691,-3.59407,-6.34593,1.28016,2.30753,12.5928,3.7685,97,0.0770554,-6.81293,2.04895,-3.66625,-6.63331,1.4114,1.59618,10.28,3.77655,97,0.0306951,0.181483,0.26801,0.320689,0.746653,0.317406,2.16675,5.41027,0.232998,0,0.0959699,Platcov,3,BA.2,3,NA,1,G_Platcov,G_1
PLT-BR3-012,-6.65552,2.50267,-3.62217,-4.50734,0.861232,2.30558,12.9348,3.83925,97,0.092782,-6.64783,2.43702,-3.65644,-4.51299,0.857314,2.17622,12.5411,3.86117,97,0.0937499,-6.68886,2.41695,-3.689,-4.80596,0.956797,2.09843,10.0209,3.85841,97,0.0567305,0.173316,0.329693,0.365919,0.978713,0.217472,1.47293,4.36392,0.318954,0,0.125659,Platcov,3,BA.2,2,NA,1,G_Platcov,G_1
PLT-BR3-013,-6.69344,2.34502,-3.84139,-5.51915,0.923064,2.81212,4.93759,3.85144,97,0.18571,-6.69612,2.23059,-3.91452,-5.41511,0.847532,2.85094,4.72304,3.90227,97,0.225601,-6.69371,2.30759,-3.85189,-5.16376,0.741255,2.72637,4.16505,3.83668,97,0.112953,0.169805,0.276931,0.29829,0.887483,0.440086,1.25286,1.86149,0.326705,0,0.29401,Platcov,3,BA.2,3,NA,1,G_Platcov,G_1
PLT-BR3-016,-6.6423,2.42762,-3.67364,-4.8569,1.1148,2.27033,10.4611,3.83959,97,0.301128,-6.75838,2.16267,-3.65546,-5.51011,1.00714,2.1126,10.2946,3.94168,97,0.127485,-6.69383,2.46292,-3.70932,-4.38578,0.904792,1.71163,7.17853,3.8577,97,0.0589129,0.169899,0.42377,0.441198,1.2574,0.415566,1.62502,7.08462,0.340916,0,0.183731,Platcov,3,BA.2,3,NA,1,G_Platcov,G_1
PLT-TH1-247,-6.6902,2.29846,-3.65931,-5.45033,0.8204,2.13958,12.3748,3.82075,97,0.0998593,-6.71318,2.25489,-3.66188,-5.59205,0.822284,2.59231,11.5975,3.86031,97,0.0792855,-6.6975,2.3111,-3.66531,-5.51544,0.81636,2.06072,10.1912,3.83279,97,0.0408918,0.159923,0.305422,0.279107,0.812553,0.23343,2.04525,3.36478,0.315112,0,0.10556,Platcov,3,BA.2,3,NA,1,G_Platcov,G_1
PLT-TH1-249,-6.64576,2.36326,-3.54748,-4.9956,0.578286,1.99427,18.5229,3.84713,97,0.0496738,-6.67551,2.35051,-3.49567,-5.13097,0.580999,2.7604,19.9469,3.78509,97,0.0590076,-6.68932,2.30905,-3.56629,-5.13172,0.576419,2.13436,16.03,3.81917,97,0.0207054,0.154388,0.313339,0.343886,0.827013,0.124489,2.16802,5.00991,0.256031,0,0.209763,Platcov,3,BA.2,3,NA,1,G_Platcov,G_1
PLT-BR3-019,-6.6915,2.34688,-3.71641,-5.03078,0.765598,2.33559,11.9549,3.87788,97,0.188123,-6.66043,2.34574,-3.75379,-4.89015,0.742564,2.2662,10.9622,3.90826,97,0.210861,-6.68904,2.36227,-3.67484,-4.8018,0.767715,1.91073,9.97486,3.85405,97,0.104103,0.170253,0.353352,0.332084,1.07333,0.220428,1.86202,5.20422,0.30309,0,0.225539,Platcov,3,BA.2,3,NA,1,G_Platcov,G_1
PLT-TH1-258,-6.67745,2.18677,-3.56023,-5.63322,0.681062,2.65867,20.0531,3.84004,97,0.0215732,-6.67212,2.36925,-3.44777,-5.36715,0.706943,2.26747,19.0413,3.85082,97,0.0346794,-6.67632,2.35811,-3.53245,-5.23059,0.684589,1.81399,16.0546,3.83077,97,0.0219646,0.179435,0.333092,0.359225,0.857441,0.119456,1.91084,5.30747,0.29875,0,0.0335194,Platcov,3,BA.2,4,NA,1,G_Platcov,G_1
PLT-BR3-022,-6.75958,2.54146,-3.62561,-2.85231,0.519881,2.13244,13.4759,3.84799,97,0.0318962,-6.71238,2.4214,-3.62869,-3.22374,0.589127,2.41386,13.2618,3.87538,97,0.0349519,-6.71582,2.43219,-3.67885,-3.18044,0.54699,2.01351,10.2761,3.85552,97,0.0177235,0.15022,0.319089,0.311328,0.809093,0.226029,1.62441,3.53264,0.309258,0,0.0353365,Platcov,3,BA.2,3,NA,1,G_Platcov,G_1
PLT-TH1-261,-6.73186,2.26378,-3.80391,-6.21668,0.867087,5.10744,4.54756,3.76534,97,0.217198,-6.68484,2.15535,-3.83917,-6.10669,0.721603,4.14422,4.32045,3.85162,97,0.218559,-6.70591,2.22277,-3.88737,-5.74407,0.554956,3.66737,3.95963,3.79533,97,0.0954727,0.188,0.34897,0.335775,0.930376,0.691463,1.21332,1.35453,0.293026,0,0.416871,Platcov,3,BA.2,3,NA,1,G_Platcov,G_1
PLT-TH1-262,-6.7146,2.28249,-3.83736,-4.5632,0.670103,4.35924,5.43537,3.87452,97,0.201304,-6.64973,2.3919,-3.80287,-5.17564,0.96425,3.25894,5.72871,3.85917,97,0.325162,-6.68038,2.40729,-3.75237,-4.72321,0.870502,3.20936,5.26465,3.8339,97,0.0975507,0.183457,0.311745,0.302864,1.21195,0.390887,1.83689,2.12635,0.327479,0,0.459755,Platcov,3,BA.2,3,NA,1,G_Platcov,G_1
PLT-BR3-026,-6.68171,2.53931,-3.77995,-4.55975,1.47744,2.44388,8.15284,3.9219,97,0.145576,-6.69409,2.66976,-3.75891,-4.39544,1.61087,2.60903,10.2373,3.87471,97,0.192692,-6.68819,2.60137,-3.6867,-4.32241,1.55805,2.0388,10.0773,3.89544,97,0.0948808,0.159116,0.263736,0.317357,1.15587,0.459449,1.79567,6.14371,0.315376,0,0.287858,Platcov,3,BA.2,3,NA,1,G_Platcov,G_1
PLT-BR3-027,-6.66115,2.37319,-3.69224,-5.42428,1.26857,2.71898,10.5798,3.83447,97,0.0794393,-6.67127,2.47619,-3.70749,-4.6725,1.0567,2.20423,10.4026,3.81714,97,0.0356856,-6.69605,2.47568,-3.70972,-4.2961,0.972339,1.90926,9.06992,3.86524,97,0.0212439,0.170068,0.357195,0.320339,1.15376,0.368318,1.3645,5.36814,0.248766,0,0.0298537,Platcov,3,BA.2,3,NA,1,G_Platcov,G_1
PLT-TH1-268,-6.6798,2.47969,-3.64009,-3.5797,0.781915,1.88471,12.123,3.86619,97,0.203593,-6.69939,2.46782,-3.67623,-3.71484,0.785088,2.37863,12.3685,3.9332,97,0.318436,-6.70006,2.50135,-3.69742,-3.79824,0.876364,1.69366,9.6216,3.8714,97,0.187119,0.15873,0.318346,0.32351,0.946825,0.271851,1.63774,6.13236,0.318788,0,0.376542,Platcov,3,BA.2,3,NA,1,G_Platcov,G_1
PLT-BR3-035,-6.70953,2.43453,-3.36421,-3.46679,0.623198,2.06063,20.4663,3.8859,97,0.0560919,-6.69871,2.32663,-3.56054,-2.58777,0.434882,2.15676,18.6784,3.85028,97,0.048106,-6.72069,2.44904,-3.56292,-2.40708,0.412261,1.84335,16.3002,3.86911,97,0.0290601,0.182704,0.229787,0.308133,0.628189,0.222792,1.99556,5.64893,0.263185,0,0.0505617,Platcov,3,BA.2,2,NA,1,G_Platcov,G_1
